{"english-450k": {"oneh-out": 0.014241645184093326, "alternate": 0.33066109415827977, "unknown": 0.00015377410175167997, "roll-in": 0.19709834701611004, "sft": 0.0, "oneh-in": 0.014690396602703267, "sfR": 0.11369548401129392, "dsfb-red": 0.020822065823501244, "roll-out": 0.200726948063528, "sfT": 1.403261765034342e-05, "bad-redirect": 0.0007624388923353258, "sfb": 0.020022791309833764, "redirect": 0.0358872502559491, "dsfb-alt": 0.05122373196297026, "dsfb": 0.0}, "shai": {"oneh-out": 0.02184779199370331, "alternate": 0.3156701396102901, "unknown": 0.023621906111313578, "roll-in": 0.20383009075644198, "sft": 0.0, "oneh-in": 0.014790577598135764, "sfR": 0.09823378925716947, "dsfb-red": 0.016077782676855234, "roll-out": 0.21371686039868926, "sfT": 3.878149622573215e-05, "bad-redirect": 0.002233818053010977, "sfb": 0.013279957041558592, "redirect": 0.030767810924646855, "dsfb-alt": 0.04589069408195916, "dsfb": 0.0}, "tr-quotes": {"oneh-out": 0.028878204387323456, "alternate": 0.32031275282587085, "unknown": 0.01476965396084233, "roll-in": 0.20776912230415387, "sft": 0.0, "oneh-in": 0.012280113728300316, "sfR": 0.09677191928064538, "dsfb-red": 0.01600286632301611, "roll-out": 0.2041307413143478, "sfT": 5.778877048611914e-06, "bad-redirect": 0.002862855689882342, "sfb": 0.011555442546404383, "redirect": 0.03376597859503941, "dsfb-alt": 0.050894570167125126, "dsfb": 0.0}, "gutenberg": {"oneh-out": 0.018552490847362074, "alternate": 0.3050854681911023, "unknown": 0.03802431837805746, "roll-in": 0.21900842728450334, "sft": 0.0, "oneh-in": 0.01288435301467794, "sfR": 0.09863878308844841, "dsfb-red": 0.012747390224228737, "roll-out": 0.1989427154549722, "sfT": 1.6859873236485673e-05, "bad-redirect": 0.002629193041002075, "sfb": 0.01260682813499871, "redirect": 0.03085508351699229, "dsfb-alt": 0.05000808895041795, "dsfb": 0.0}, "english-200": {"oneh-out": 0.0200445434298441, "alternate": 0.32516703786191536, "unknown": 0.0, "roll-in": 0.24498886414253898, "sft": 0.0, "oneh-in": 0.011135857461024499, "sfR": 0.10690423162583519, "dsfb-red": 0.015590200445434299, "roll-out": 0.17371937639198218, "sfT": 0.0, "bad-redirect": 0.004454342984409799, "sfb": 0.004454342984409799, "redirect": 0.031180400890868598, "dsfb-alt": 0.062360801781737196, "dsfb": 0.0}, "monkeyracer": {"oneh-out": 0.029277843815005394, "alternate": 0.32031922048266265, "unknown": 0.014352018393105714, "roll-in": 0.20718930353316545, "sft": 0.0, "oneh-in": 0.012255227802367956, "sfR": 0.09690789370786869, "dsfb-red": 0.016081259677495033, "roll-out": 0.2041472465082816, "sfT": 7.820198007413547e-06, "bad-redirect": 0.002841664450943898, "sfb": 0.011585623347983172, "redirect": 0.03392401895615997, "dsfb-alt": 0.051110859126953095, "dsfb": 0.0}, "chained-bigrams": {"oneh-out": 0.01592419757302892, "alternate": 0.31182403323401137, "unknown": 0.02365222201805197, "roll-in": 0.18230268117386497, "sft": 0.0, "oneh-in": 0.017406560185025864, "sfR": 0.11914286586209158, "dsfb-red": 0.02364183314297884, "roll-out": 0.19658218996187932, "sfT": 6.493046920704963e-05, "bad-redirect": 0.004008157864151173, "sfb": 0.01458792851674784, "redirect": 0.03253925533842085, "dsfb-alt": 0.05832314466054026, "dsfb": 0.0}, "english-5k": {"oneh-out": 0.014062305554403286, "alternate": 0.3258804496619239, "unknown": 0.002157049819554486, "roll-in": 0.19280706848633178, "sft": 0.0, "oneh-in": 0.016966026465342017, "sfR": 0.10644211224955408, "dsfb-red": 0.018708259011905256, "roll-out": 0.22798357323598956, "sfT": 0.0, "bad-redirect": 0.0003733355456921226, "sfb": 0.014974903554984029, "redirect": 0.030530551292155806, "dsfb-alt": 0.04911436512216369, "dsfb": 0.0}, "mt-quotes": {"oneh-out": 0.03047118729156955, "alternate": 0.3234900371738325, "unknown": 0.008869126594231481, "roll-in": 0.2091476315128913, "sft": 0.0, "oneh-in": 0.011999318678954351, "sfR": 0.0964592223377679, "dsfb-red": 0.01582427893522669, "roll-out": 0.20308895423195994, "sfT": 5.9765004004255265e-06, "bad-redirect": 0.0029434264472095717, "sfb": 0.011453963017415521, "redirect": 0.034191558790834436, "dsfb-alt": 0.05205531848770634, "dsfb": 0.0}, "wordle": {"oneh-out": 0.016223493773140356, "alternate": 0.29386289689218, "unknown": 0.0, "roll-in": 0.19450241220688883, "sft": 0.0, "oneh-in": 0.0190059463704701, "sfR": 0.13138112868843263, "dsfb-red": 0.026747447548524626, "roll-out": 0.2075171098395602, "sfT": 0.0, "bad-redirect": 0.0018400089756535397, "sfb": 0.022910355660271515, "redirect": 0.037338718725457194, "dsfb-alt": 0.04867048131942107, "dsfb": 0.0}, "english-1k": {"oneh-out": 0.010938602681721948, "alternate": 0.30875088214537755, "unknown": 0.0, "roll-in": 0.23500352858151025, "sft": 0.0, "oneh-in": 0.02328863796753705, "sfR": 0.10832745236414962, "dsfb-red": 0.015172900494001412, "roll-out": 0.20606916019760058, "sfT": 0.0, "bad-redirect": 0.0007057163020465773, "sfb": 0.008468595624558928, "redirect": 0.03493295695130558, "dsfb-alt": 0.048341566690190546, "dsfb": 0.0}, "english-10k": {"oneh-out": 0.016672777445437176, "alternate": 0.3238841396345111, "unknown": 0.0, "roll-in": 0.1906177032477181, "sft": 0.0, "oneh-in": 0.01541845969780591, "sfR": 0.10567144593890508, "dsfb-red": 0.01860249705717759, "roll-out": 0.23411358329634704, "sfT": 0.0, "bad-redirect": 0.00030875513787846626, "sfb": 0.016441211092028327, "redirect": 0.03118426892572509, "dsfb-alt": 0.0470851585264661, "dsfb": 0.0}, "reddit": {"oneh-out": 0.025449690292742796, "alternate": 0.3107678264043674, "unknown": 0.041217688064775854, "roll-in": 0.1970428121377751, "sft": 0.0, "oneh-in": 0.012284645625713915, "sfR": 0.10397777127267367, "dsfb-red": 0.016476879318020367, "roll-out": 0.19739813315998042, "sfT": 6.427692115795098e-05, "bad-redirect": 0.0025958361964843594, "sfb": 0.014039974926007563, "redirect": 0.03215913707109623, "dsfb-alt": 0.04652532860920437, "dsfb": 0.0}, "akl": {"oneh-out": 0.019882355740402462, "alternate": 0.26548130792064206, "unknown": 0.13295000147380848, "roll-in": 0.16926600113116344, "sft": 0.0, "oneh-in": 0.01176578487787514, "sfR": 0.13064861186637447, "dsfb-red": 0.016360385876413117, "roll-out": 0.16356146051874648, "sfT": 0.00021885994033657636, "bad-redirect": 0.0031136273223385654, "sfb": 0.01766131525534084, "redirect": 0.025902684216608286, "dsfb-alt": 0.043187603859950095, "dsfb": 0.0}, "french": {"oneh-out": 0.014743836857488694, "alternate": 0.23757259880496168, "unknown": 0.15822382396052298, "roll-in": 0.1733597055637289, "sft": 0.0, "oneh-in": 0.011472672310355134, "sfR": 0.10898279115633469, "dsfb-red": 0.008667383008285122, "roll-out": 0.20264154380173408, "sfT": 5.071352278557081e-05, "bad-redirect": 0.002837665054725734, "sfb": 0.01790257768970854, "redirect": 0.025917276910651446, "dsfb-alt": 0.03762741135871745, "dsfb": 0.0}, "keymash": {"oneh-out": 0.027917229376100618, "alternate": 0.31637063703496937, "unknown": 0.013394194891077241, "roll-in": 0.20947157992389567, "sft": 0.0, "oneh-in": 0.013373670534823676, "sfR": 0.099723742164827, "dsfb-red": 0.016058256332790122, "roll-out": 0.205559637621966, "sfT": 8.209742501426442e-06, "bad-redirect": 0.0027666832229807114, "sfb": 0.011928755854572622, "redirect": 0.03327408635828137, "dsfb-alt": 0.05015331694121414, "dsfb": 0.0}, "movie": {"oneh-out": 0.039015469194327766, "alternate": 0.30421932938004653, "unknown": 0.030451476652766863, "roll-in": 0.18863260502264206, "sft": 0.0, "oneh-in": 0.010179487608023731, "sfR": 0.11567713207251198, "dsfb-red": 0.017037577368014277, "roll-out": 0.19463096610316033, "sfT": 2.763554610273659e-06, "bad-redirect": 0.004677776770323214, "sfb": 0.011184237105616083, "redirect": 0.032957099499414985, "dsfb-alt": 0.05133407966854189, "dsfb": 0.0}, "dutch": {"oneh-out": 0.007921107661186455, "alternate": 0.2534005302996533, "unknown": 0.07325981014373002, "roll-in": 0.1982895169870786, "sft": 0.0, "oneh-in": 0.012405097237083364, "sfR": 0.18880787437283908, "dsfb-red": 0.014102193119029023, "roll-out": 0.14838894144803141,