{"english-450k": {"dsfb": 0.0, "redirect": 0.05878351237589173, "dsfb-red": 0.04405189495884058, "alternate": 0.16162973652006285, "sfR": 0.11369548401129392, "oneh-out": 0.014249538531521645, "bad-redirect": 0.0036212923923917488, "sfb": 0.14069833321736935, "dsfb-alt": 0.05278719944617936, "sfT": 0.002614744422180657, "oneh-in": 0.011183119228720558, "unknown": 0.00015377410175167997, "sft": 0.0, "roll-in": 0.2166446140182342, "roll-out": 0.17988675677556173}, "shai": {"dsfb": 0.0, "redirect": 0.05887664712987513, "dsfb-red": 0.05284118195472984, "alternate": 0.1916167680662168, "sfR": 0.09823378925716947, "oneh-out": 0.015849513706356108, "bad-redirect": 0.0034677624361653474, "sfb": 0.11484609087162535, "dsfb-alt": 0.05669296635252365, "sfT": 0.0013954139680886343, "oneh-in": 0.011453054418257431, "unknown": 0.023260762136131256, "sft": 0.0, "roll-in": 0.19768891697601554, "roll-out": 0.17377713272684545}, "tr-quotes": {"dsfb": 0.0, "redirect": 0.057749474122188574, "dsfb-red": 0.06692055199833569, "alternate": 0.19206097871061695, "sfR": 0.09677191928064538, "oneh-out": 0.013531818497029658, "bad-redirect": 0.0030928549964170963, "sfb": 0.10256582140958369, "dsfb-alt": 0.05994198007443194, "sfT": 0.0014354730588751995, "oneh-in": 0.009557106862994384, "unknown": 0.013085689188876818, "sft": 0.0, "roll-in": 0.20268833360301428, "roll-out": 0.18059799819699035}, "gutenberg": {"dsfb": 0.0, "redirect": 0.050169678521999106, "dsfb-red": 0.057395176106111875, "alternate": 0.21172401486245185, "sfR": 0.09863878308844841, "oneh-out": 0.012769933200803364, "bad-redirect": 0.0030294729527851564, "sfb": 0.10256410256410256, "dsfb-alt": 0.05987338803509733, "sfT": 0.0009763571534926648, "oneh-in": 0.010845444973730802, "unknown": 0.03293907751108868, "sft": 0.0, "roll-in": 0.1865603699018301, "roll-out": 0.17251420112805813}, "english-200": {"dsfb": 0.0, "redirect": 0.053452115812917596, "dsfb-red": 0.0757238307349666, "alternate": 0.15367483296213807, "sfR": 0.10690423162583519, "oneh-out": 0.017817371937639197, "bad-redirect": 0.0022271714922048997, "sfb": 0.08908685968819599, "dsfb-alt": 0.07349665924276169, "sfT": 0.0022271714922048997, "oneh-in": 0.015590200445434299, "unknown": 0.0, "sft": 0.0, "roll-in": 0.22048997772828507, "roll-out": 0.18930957683741648}, "monkeyracer": {"dsfb": 0.0, "redirect": 0.05757620782958225, "dsfb-red": 0.06777765613025322, "alternate": 0.19160560395389212, "sfR": 0.09690789370786869, "oneh-out": 0.013571953641866212, "bad-redirect": 0.003084090589173718, "sfb": 0.1023028528082331, "dsfb-alt": 0.05993106495456465, "sfT": 0.0014418490076168729, "oneh-in": 0.009518158499773215, "unknown": 0.012941450177518495, "sft": 0.0, "roll-in": 0.20259982482756464, "roll-out": 0.18074139387209284}, "chained-bigrams": {"dsfb": 0.0, "redirect": 0.04948221197330838, "dsfb-red": 0.03890503853948, "alternate": 0.18626473840487914, "sfR": 0.11914286586209158, "oneh-out": 0.015428778092979134, "bad-redirect": 0.0033121032342516015, "sfb": 0.10949614605200021, "dsfb-alt": 0.058336780059073744, "sfT": 0.002325809406996518, "oneh-in": 0.01241470571238789, "unknown": 0.022782803035369576, "sft": 0.0, "roll-in": 0.2068912005578826, "roll-out": 0.17521681906929965}, "english-5k": {"dsfb": 0.0, "redirect": 0.06869374040735056, "dsfb-red": 0.04923881030406106, "alternate": 0.16376985937694447, "sfR": 0.10644211224955408, "oneh-out": 0.014560086281992781, "bad-redirect": 0.0036918737296221015, "sfb": 0.1338200522669764, "dsfb-alt": 0.05770108267308251, "sfT": 0.0019496411830588626, "oneh-in": 0.0119052557348488, "unknown": 0.002157049819554486, "sft": 0.0, "roll-in": 0.2094412411332808, "roll-out": 0.17662919483967313}, "mt-quotes": {"dsfb": 0.0, "redirect": 0.056994896068658034, "dsfb-red": 0.07052270472502122, "alternate": 0.19274213791372324, "sfR": 0.0964592223377679, "oneh-out": 0.013665268165572966, "bad-redirect": 0.0030629564552180823, "sfb": 0.0999240984449146, "dsfb-alt": 0.06022818278528825, "sfT": 0.001389536343098935, "oneh-in": 0.009257599120259141, "unknown": 0.007917368905463717, "sft": 0.0, "roll-in": 0.2056767789053442, "roll-out": 0.18215924982966974}, "wordle": {"dsfb": 0.0, "redirect": 0.05311342982160889, "dsfb-red": 0.04090654100751711, "alternate": 0.16571300347806575, "sfR": 0.13138112868843263, "oneh-out": 0.016604959048580725, "bad-redirect": 0.005946370470099854, "sfb": 0.15067878379894536, "dsfb-alt": 0.05183439919219118, "sfT": 0.0026478177942331426, "oneh-in": 0.015079097946819253, "unknown": 0.0, "sft": 0.0, "roll-in": 0.18296869740828003, "roll-out": 0.18312577134522606}, "english-1k": {"dsfb": 0.0, "redirect": 0.06104446012702894, "dsfb-red": 0.05575158786167961, "alternate": 0.16584333098094567, "sfR": 0.10832745236414962, "oneh-out": 0.020465772759350742, "bad-redirect": 0.0056457304163726185, "sfb": 0.1277346506704305, "dsfb-alt": 0.06316160903316867, "sfT": 0.003175723359209598, "oneh-in": 0.014114326040931546, "unknown": 0.0, "sft": 0.0, "roll-in": 0.20289343683839098, "roll-out": 0.17184191954834158}, "english-10k": {"dsfb": 0.0, "redirect": 0.06719283688080122, "dsfb-red": 0.04623608189730032, "alternate": 0.16203855579784257, "sfR": 0.10567144593890508, "oneh-out": 0.017695528839659597, "bad-redirect": 0.003840142027363424, "sfb": 0.14058007371528916, "dsfb-alt": 0.05455317342390151, "sfT": 0.0017367476505663728, "oneh-in": 0.01248528588796048, "unknown": 0.0, "sft": 0.0, "roll-in": 0.212481426448737, "roll-out": 0.17548870149167325}, "reddit": {"dsfb": 0.0, "redirect": 0.05487065299695827, "dsfb-red": 0.061336701503933874, "alternate": 0.18119364415120284, "sfR": 0.10397777127267367, "oneh-out": 0.01329269953142649, "bad-redirect": 0.0032065793197246805, "sfb": 0.10410336597934186, "dsfb-alt": 0.057438433590909235, "sfT": 0.001261266019365108, "oneh-in": 0.010821484148865499, "unknown": 0.038515360442387035, "sft": 0.0, "roll-in": 0.19557084816881007, "roll-out": 0.17441119287440135}, "akl": {"dsfb": 0.0, "redirect": 0.04509167051631699, "dsfb-red": 0.056156574842427885, "alternate": 0.14835123823260296, "sfR": 0.13064861186637447, "oneh-out": 0.010886144824153895, "bad-redirect": 0.002754699985098845, "sfb": 0.09564932974575655, "dsfb-alt": 0.04888418862445688, "sfT": 0.001973470310962222, "oneh-in": 0.010147436933412987, "unknown": 0.13237676039503798, "sft": 0.0, "roll-in": 0.16275142178043822, "roll-out": 0.15432845194296013}, "french": {"dsfb": 0.0, "redirect": 0.044342930504210926, "dsfb-red": 0.030808652365213532, "alternate": 0.17165385846834105, "sfR": 0.10898279115633469, "oneh-out": 0.012371897229443094, "bad-redirect": 0.0022921014115243866, "sfb": 0.09400008386833103, "dsfb-alt": 0.03858680334058439, "sfT": 0.0010488485386033208, "oneh-in": 0.012936682571236431, "unknown": 0.15797034623762518, "sft": 0.0, "roll-in": 0.16374882630405704, "roll-out": 0.16125617800449493}, "keymash": {"dsfb": 0.0, "redirect": 0.05729168804620443, "dsfb-red": 0.06700381342539191, "alternate": 0.19043318706308776, "sfR": 0.099723742164827, "oneh-out": 0.013993506093681371, "bad-redirect": 0.003099177794288482, "sfb": 0.1049410335244835, "dsfb-alt": 0.059307179830304625, "sfT": 0.001428495195248201, "oneh-in": 0.01014313686051237, "unknown": 0.012306404009638238, "sft": 0.0, "roll-in": 0.20109353770119, "roll-out": 0.1792350982911421}, "movie": {"dsfb": 0.0, "redirect": 0.05609226271824021, "dsfb-red": 0.07571836957121081, "alternate": 0.1755783626307408, "sfR": 0.11567713207251198, "oneh-out": 0.009993803057781058, "bad-redirect": 0.003170455127176809, "sfb": 0.09289425626757736, "dsfb-alt": 0.05762471954855625, "sfT": 0.0012463631292334203, "oneh-in": 0.008960102035700124, "unknown": 0.030157750277046348, "sft": 0.0, "roll-in": 0.19142813790769175, "roll-out": 0.18145828565653307}, "dutch": {"dsfb": 0.0, "redirect": 0.04616743797173454, "dsfb-red": 0.04889153802427536, "alternate": 0.13437444784360503, "sfR": 0.18880787437283908, "oneh-out": 0.010369270721247192, "bad-redirect": 0.001216855419953725,