{"english-450k": {"roll-in": 0.2784957150817312, "sfT": 0.00023650807664849638, "dsfb": 0.0, "roll-out": 0.18027908537736925, "sfR": 0.11369548401129392, "sft": 0.0, "unknown": 0.00015377410175167997, "alternate": 0.24820543284486182, "dsfb-red": 0.030267479233187608, "oneh-in": 0.015048520698988073, "dsfb-alt": 0.0373507353383995, "oneh-out": 0.006737702895572183, "bad-redirect": 0.0018718927253156023, "sfb": 0.03228115986601189, "redirect": 0.05537650974886876}, "shai": {"roll-in": 0.3238404293924418, "sfT": 4.546182182309879e-05, "dsfb": 0.0, "roll-out": 0.17347229545895773, "sfR": 0.09823378925716947, "sft": 0.0, "unknown": 0.024007584607910557, "alternate": 0.2367501469981264, "dsfb-red": 0.021880086684771923, "oneh-in": 0.01662750458024178, "dsfb-alt": 0.03242274354392589, "oneh-out": 0.010160206283500324, "bad-redirect": 0.0010386938701703878, "sfb": 0.016884902247407057, "redirect": 0.04463615525355358}, "tr-quotes": {"roll-in": 0.3352419037932549, "sfT": 2.8894385243059568e-05, "dsfb": 0.0, "roll-out": 0.17662559811377454, "sfR": 0.09677191928064538, "sft": 0.0, "unknown": 0.013890108874043596, "alternate": 0.2339670835163311, "dsfb-red": 0.021423452994614088, "oneh-in": 0.014273826310071427, "dsfb-alt": 0.030969002103511247, "oneh-out": 0.013704029033078293, "bad-redirect": 0.0015210004391946557, "sfb": 0.013447446892119923, "redirect": 0.0481357342641178}, "gutenberg": {"roll-in": 0.34042035263277337, "sfT": 0.00027960868423654897, "dsfb": 0.0, "roll-out": 0.16867734862770103, "sfR": 0.09863878308844841, "sft": 0.0, "unknown": 0.03296332541866475, "alternate": 0.2179778912125204, "dsfb-red": 0.018386733666666287, "oneh-in": 0.012953876312181202, "dsfb-alt": 0.03594221875174045, "oneh-out": 0.012053104433085816, "bad-redirect": 0.0015567914410948233, "sfb": 0.016790539375760354, "redirect": 0.04335942635512652}, "english-200": {"roll-in": 0.34743875278396436, "sfT": 0.0, "dsfb": 0.0, "roll-out": 0.1915367483296214, "sfR": 0.10690423162583519, "sft": 0.0, "unknown": 0.0, "alternate": 0.2383073496659243, "dsfb-red": 0.017817371937639197, "oneh-in": 0.0066815144766146995, "dsfb-alt": 0.035634743875278395, "oneh-out": 0.011135857461024499, "bad-redirect": 0.0, "sfb": 0.004454342984409799, "redirect": 0.0400890868596882}, "monkeyracer": {"roll-in": 0.33601240283403977, "sfT": 2.7370693025947417e-05, "dsfb": 0.0, "roll-out": 0.1767374524922971, "sfR": 0.09690789370786869, "sft": 0.0, "unknown": 0.013484953939033737, "alternate": 0.23368999953078812, "dsfb-red": 0.021344252936484353, "oneh-in": 0.014162378591425934, "dsfb-alt": 0.030922040446064093, "oneh-out": 0.013796784334579352, "bad-redirect": 0.0015855451460030968, "sfb": 0.013299224236357664, "redirect": 0.048029701112032155}, "chained-bigrams": {"roll-in": 0.3022961361825689, "sfT": 7.402073489603658e-05, "dsfb": 0.0, "roll-out": 0.13919858919076508, "sfR": 0.11914286586209158, "sft": 0.0, "unknown": 0.023120441475246233, "alternate": 0.24109916895492461, "dsfb-red": 0.02987840471031596, "oneh-in": 0.015684604141654908, "dsfb-alt": 0.04435725003879595, "oneh-out": 0.007063785745034929, "bad-redirect": 0.002975114099067014, "sfb": 0.018219489659498128, "redirect": 0.05689012920514067}, "english-5k": {"roll-in": 0.3112373999253329, "sfT": 0.0, "dsfb": 0.0, "roll-out": 0.1708632347450948, "sfR": 0.10644211224955408, "sft": 0.0, "unknown": 0.002157049819554486, "alternate": 0.253411872070353, "dsfb-red": 0.0270046044717302, "oneh-in": 0.025096445015970466, "dsfb-alt": 0.033102418384701536, "oneh-out": 0.008130418550628448, "bad-redirect": 0.0010370431824781184, "sfb": 0.01953789355788775, "redirect": 0.041979508026714234}, "mt-quotes": {"roll-in": 0.34219498930206427, "sfT": 1.3447125900957435e-05, "dsfb": 0.0, "roll-out": 0.17703589486140495, "sfR": 0.0964592223377679, "sft": 0.0, "unknown": 0.00799058103536893, "alternate": 0.23491830123952617, "dsfb-red": 0.021083599287601153, "oneh-in": 0.01387892805488818, "dsfb-alt": 0.030665423554583376, "oneh-out": 0.014109023320304562, "bad-redirect": 0.00157331373041202, "sfb": 0.012230908069470841, "redirect": 0.047846368080706664}, "wordle": {"roll-in": 0.2415797150230001, "sfT": 0.00026926960619320093, "dsfb": 0.0, "roll-out": 0.20435319196679008, "sfR": 0.13138112868843263, "sft": 0.0, "unknown": 0.0, "alternate": 0.2306967351060249, "dsfb-red": 0.03395040951419275, "oneh-in": 0.008437114327386962, "dsfb-alt": 0.0462694939975317, "oneh-out": 0.01216201054639291, "bad-redirect": 0.0024458655895882417, "sfb": 0.03991921911814204, "redirect": 0.04853584651632447}, "english-1k": {"roll-in": 0.31439661256175017, "sfT": 0.0, "dsfb": 0.0, "roll-out": 0.20148200423429782, "sfR": 0.10832745236414962, "sft": 0.0, "unknown": 0.0, "alternate": 0.21947776993648554, "dsfb-red": 0.025758645024700072, "oneh-in": 0.013761467889908258, "dsfb-alt": 0.03493295695130558, "oneh-out": 0.015172900494001412, "bad-redirect": 0.0017642907551164433, "sfb": 0.01834862385321101, "redirect": 0.0465772759350741}, "english-10k": {"roll-in": 0.31163042009995945, "sfT": 7.718878446961657e-05, "dsfb": 0.0, "roll-out": 0.18056386407055056, "sfR": 0.10567144593890508, "sft": 0.0, "unknown": 0.0, "alternate": 0.24445688041527566, "dsfb-red": 0.026302078308021844, "oneh-in": 0.02161285965149264, "dsfb-alt": 0.034078848343335716, "oneh-out": 0.008818818625653693, "bad-redirect": 0.0013893981204530983, "sfb": 0.02186372320101889, "redirect": 0.043534474440863745}, "reddit": {"roll-in": 0.3119763898432726, "sfT": 4.2102132506723134e-05, "dsfb": 0.0, "roll-out": 0.17219124182000328, "sfR": 0.10397777127267367, "sft": 0.0, "unknown": 0.044126031460106824, "alternate": 0.2309636088120063, "dsfb-red": 0.021409608613107436, "oneh-in": 0.01297753285623826, "dsfb-alt": 0.031099878881454216, "oneh-out": 0.011396717644333245, "bad-redirect": 0.0009388700634172736, "sfb": 0.014149575317212787, "redirect": 0.04475067128366743}, "akl": {"roll-in": 0.26817784621014906, "sfT": 0.00013015964841872705, "dsfb": 0.0, "roll-out": 0.14477678942152905, "sfR": 0.13064861186637447, "sft": 0.0, "unknown": 0.13859971591693135, "alternate": 0.19694904103989555, "dsfb-red": 0.0189467776752879, "oneh-in": 0.008850287817622713, "dsfb-alt": 0.02723476988191718, "oneh-out": 0.009015285185151236, "bad-redirect": 0.0008951564279063176, "sfb": 0.02199068014420246, "redirect": 0.03378487876461396}, "french": {"roll-in": 0.22758413227357202, "sfT": 5.751527739255726e-05, "dsfb": 0.0, "roll-out": 0.13561336837225757, "sfR": 0.10898279115633469, "sft": 0.0, "unknown": 0.15838430941283585, "alternate": 0.18084551592754441, "dsfb-red": 0.02508379229820546, "oneh-in": 0.025256368094059817, "dsfb-alt": 0.027962118062189702, "oneh-out": 0.007748996317958536, "bad-redirect": 0.004063913541129334, "sfb": 0.05774241704365092, "redirect": 0.040674762222869136}, "keymash": {"roll-in": 0.33703866378231045, "sfT": 3.694384125641899e-05, "dsfb": 0.0, "roll-out": 0.17630422021813286, "sfR": 0.099723742164827, "sft": 0.0, "unknown": 0.012376186820900362, "alternate": 0.22979069261492613, "dsfb-red": 0.020733704687352483, "oneh-in": 0.01428495195248201, "dsfb-alt": 0.03221502957559736, "oneh-out": 0.013669221264875027, "bad-redirect": 0.0017322556678009795, "sfb": 0.014469671158764106, "redirect": 0.047624716250774794}, "movie": {"roll-in": 0.30461214892822114, "sfT": 2.2503230397942652e-05, "dsfb": 0.0, "roll-out": 0.17522923356497624, "sfR": 0.11567713207251198, "sft": 0.0, "unknown": 0.030144722091026487, "alternate": 0.22660463495483366, "dsfb-red": 0.02547115645153798, "oneh-in": 0.01126174823254233, "dsfb-alt": 0.03321450487168619, "oneh-out": 0.015285615342939362, "bad-redirect": 0.0024770661156752896, "sfb": 0.01172470942868246, "redirect": 0.04827482471496895}, "dutch": {"roll-in": 0.27401647890196407, "sfT": 8.678504409666434e-05, "dsfb": 0.0, "roll-out": 0.14251379120142382, "sfR": 0.18880787437283908, "sft": 0.0, "unknown": 0.07349626352730496, "alternate": 0.17708075839656956, "dsfb-red": 0.020861170144266507,