{"english-450k": {"sfT": 8.185693629366994e-06, "oneh-in": 0.040836671439705645, "sfR": 0.11369548401129392, "redirect": 0.053455502861776964, "roll-out": 0.235571691766537, "sft": 0.0, "dsfb": 0.0, "sfb": 0.0192331642208009, "bad-redirect": 0.028878542432004658, "oneh-out": 0.03658011075243481, "alternate": 0.20597836287296797, "dsfb-red": 0.023282743797729172, "dsfb-alt": 0.03078785547105451, "unknown": 0.00015377410175167997, "roll-in": 0.21153791057831342}, "shai": {"sfT": 2.644650336431415e-05, "oneh-in": 0.04311189150593891, "sfR": 0.09823378925716947, "redirect": 0.044862063274681674, "roll-out": 0.2586454792231811, "sft": 0.0, "dsfb": 0.0, "sfb": 0.01292223450775986, "bad-redirect": 0.027803395153566984, "oneh-out": 0.03376590699314752, "alternate": 0.20581777403191012, "dsfb-red": 0.018007634303959612, "dsfb-alt": 0.026973633691506124, "unknown": 0.023260762136131256, "roll-in": 0.20656898941768306}, "tr-quotes": {"sfT": 9.246203277779062e-06, "oneh-in": 0.04881070710339567, "sfR": 0.09677191928064538, "redirect": 0.04037932548947089, "roll-out": 0.25571762095189665, "sft": 0.0, "dsfb": 0.0, "sfb": 0.01097177596449458, "bad-redirect": 0.029720764661011072, "oneh-out": 0.0330528651672407, "alternate": 0.2146436744411826, "dsfb-red": 0.015116386583759044, "dsfb-alt": 0.022713298351864267, "unknown": 0.013835787429786644, "roll-in": 0.21825662837197476}, "gutenberg": {"sfT": 7.766907895459694e-06, "oneh-in": 0.043283462207173364, "sfR": 0.09863878308844841, "redirect": 0.0368966012389923, "roll-out": 0.25355241317828314, "sft": 0.0, "dsfb": 0.0, "sfb": 0.01312721096399451, "bad-redirect": 0.03297090288978227, "oneh-out": 0.03181969559025279, "alternate": 0.20190626440903492, "dsfb-red": 0.018909958047331157, "dsfb-alt": 0.025231273890345657, "unknown": 0.032975828246008664, "roll-in": 0.21067983934245738}, "english-200": {"sfT": 0.0, "oneh-in": 0.0334075723830735, "sfR": 0.10690423162583519, "redirect": 0.0334075723830735, "roll-out": 0.24944320712694878, "sft": 0.0, "dsfb": 0.0, "sfb": 0.004454342984409799, "bad-redirect": 0.031180400890868598, "oneh-out": 0.0400890868596882, "alternate": 0.20489977728285078, "dsfb-red": 0.0334075723830735, "dsfb-alt": 0.0200445434298441, "unknown": 0.0, "roll-in": 0.24276169265033407}, "monkeyracer": {"sfT": 8.797722758340242e-06, "oneh-in": 0.04904730437774685, "sfR": 0.09690789370786869, "redirect": 0.04033658132223908, "roll-out": 0.2553431502885653, "sft": 0.0, "dsfb": 0.0, "sfb": 0.010930681764862286, "bad-redirect": 0.02974119054694465, "oneh-out": 0.033111695888139885, "alternate": 0.2148589627289363, "dsfb-red": 0.015095914728560927, "dsfb-alt": 0.022646315904718706, "unknown": 0.013436077701487402, "roll-in": 0.2185354333171716}, "chained-bigrams": {"sfT": 4.999646128942822e-05, "oneh-in": 0.025398851639721606, "sfR": 0.11914286586209158, "redirect": 0.05017437077505553, "roll-out": 0.25600395816140287, "sft": 0.0, "dsfb": 0.0, "sfb": 0.015408649647524949, "bad-redirect": 0.035418272343061434, "oneh-out": 0.031247139001200564, "alternate": 0.1758563841909891, "dsfb-red": 0.03022123758772918, "dsfb-alt": 0.031507510182720834, "unknown": 0.022916559801936097, "roll-in": 0.20665420434527687}, "english-5k": {"sfT": 0.0, "oneh-in": 0.03368316256688929, "sfR": 0.10644211224955408, "redirect": 0.05637366739951052, "roll-out": 0.2471896129754843, "sft": 0.0, "dsfb": 0.0, "sfb": 0.01261044509893392, "bad-redirect": 0.02505496328867134, "oneh-out": 0.04135728211722736, "alternate": 0.21574646368274775, "dsfb-red": 0.01970382046708425, "dsfb-alt": 0.03144314929273655, "unknown": 0.002157049819554486, "roll-in": 0.20823827104160617}, "mt-quotes": {"sfT": 1.4941251001063816e-06, "oneh-in": 0.05114539630174155, "sfR": 0.0964592223377679, "redirect": 0.03929100775749752, "roll-out": 0.2579831104098684, "sft": 0.0, "dsfb": 0.0, "sfb": 0.010412557822641375, "bad-redirect": 0.030638529302781464, "oneh-out": 0.03280949307323604, "alternate": 0.21721142467816545, "dsfb-red": 0.014672308483044669, "dsfb-alt": 0.02186502671495679, "unknown": 0.007977133909467972, "roll-in": 0.21953329508373076}, "wordle": {"sfT": 6.731740154830023e-05, "oneh-in": 0.039223605968809604, "sfR": 0.13138112868843263, "redirect": 0.057825647929989905, "roll-out": 0.21797374621339616, "sft": 0.0, "dsfb": 0.0, "sfb": 0.02623134746998766, "bad-redirect": 0.024503534163581284, "oneh-out": 0.03610456636373836, "alternate": 0.19313362504207338, "dsfb-red": 0.028565017390328733, "dsfb-alt": 0.03262650061707618, "unknown": 0.0, "roll-in": 0.2123639627510378}, "english-1k": {"sfT": 0.0, "oneh-in": 0.032815808045165845, "sfR": 0.10832745236414962, "redirect": 0.06033874382498236, "roll-out": 0.2392378263937897, "sft": 0.0, "dsfb": 0.0, "sfb": 0.011291460832745237, "bad-redirect": 0.021877205363443897, "oneh-out": 0.04446012702893437, "alternate": 0.20748059280169373, "dsfb-red": 0.019054340155257588, "dsfb-alt": 0.030345800988002825, "unknown": 0.0, "roll-in": 0.22477064220183487}, "english-10k": {"sfT": 0.0, "oneh-in": 0.04554138283707377, "sfR": 0.10567144593890508, "redirect": 0.0559232743482372, "roll-out": 0.2390922598946373, "sft": 0.0, "dsfb": 0.0, "sfb": 0.015071110167692634, "bad-redirect": 0.0265529418575481, "oneh-out": 0.03795758476293395, "alternate": 0.2083904208718473, "dsfb-red": 0.020107678354335114, "dsfb-alt": 0.030508867061615947, "unknown": 0.0, "roll-in": 0.21518303390517357}, "reddit": {"sfT": 4.198976026693651e-05, "oneh-in": 0.04856297443325529, "sfR": 0.10397777127267367, "redirect": 0.04061297558507075, "roll-out": 0.2484157667991348, "sft": 0.0, "dsfb": 0.0, "sfb": 0.013910821765079465, "bad-redirect": 0.029320052432887083, "oneh-out": 0.031629826364287954, "alternate": 0.1976484235953985, "dsfb-red": 0.016790023292892437, "dsfb-alt": 0.02381583538365849, "unknown": 0.039285409944231534, "roll-in": 0.20598812937116306}, "akl": {"sfT": 8.87002919178493e-05, "oneh-in": 0.042241302695478336, "sfR": 0.13064861186637447, "redirect": 0.042123916877399865, "roll-out": 0.20416862711195333, "sft": 0.0, "dsfb": 0.0, "sfb": 0.016837539090206296, "bad-redirect": 0.023556647971988892, "oneh-out": 0.027174186841309223, "alternate": 0.16302058639886524, "dsfb-red": 0.01493653617651289, "dsfb-alt": 0.02146873204761066, "unknown": 0.13277008071454782, "roll-in": 0.18096453191583514}, "french": {"sfT": 3.144687867855631e-05, "oneh-in": 0.0201020913402832, "sfR": 0.10898279115633469, "redirect": 0.03814749089490011, "roll-out": 0.1792783557096827, "sft": 0.0, "dsfb": 0.0, "sfb": 0.03650653014136877, "bad-redirect": 0.025304399867782282, "oneh-out": 0.026299958007405314, "alternate": 0.18620267673614, "dsfb-red": 0.02008710950194182, "dsfb-alt": 0.023943704364103136, "unknown": 0.15807953387545715, "roll-in": 0.17703391152592227}, "keymash": {"sfT": 0.0, "oneh-in": 0.04854831228218527, "sfR": 0.099723742164827, "redirect": 0.04155361167096994, "roll-out": 0.2546580026517468, "sft": 0.0, "dsfb": 0.0, "sfb": 0.011678358708279114, "bad-redirect": 0.028344135986174794, "oneh-out": 0.032613202086916544, "alternate": 0.21235319954189638, "dsfb-red": 0.01590227122526302, "dsfb-alt": 0.02316789333902542, "unknown": 0.01232282349464109, "roll-in": 0.21913444684807462}, "movie": {"sfT": 8.553859507989896e-06, "oneh-in": 0.05275902106473442, "sfR": 0.11567713207251198, "redirect": 0.0372833784428791, "roll-out": 0.23927658562564705, "sft": 0.0, "dsfb": 0.0, "sfb": 0.010023807364978314, "bad-redirect": 0.026079138465798183, "oneh-out": 0.028447109973286956, "alternate": 0.2117592143819593, "dsfb-red": 0.013686964799815342, "dsfb-alt": 0.021729566704904613, "unknown": 0.030236445784519856, "roll-in": 0.21303308145945687}, "dutch": {"sfT": 3.353058521916577e-05, "oneh-in": 0.02382315804392105, "sfR": 0.18880787437283908, "redirect": 0.055417719547961805, "roll-out": 0.18746993229941744, "sft": 0.0, "dsfb": 0.0, "sfb": 0.045970217165945446, "bad-redirect": 0.027606573558268215, "oneh-out": 0.04674810881223586, "alternate": 0.15866158311914702,