{"english-450k": {"dsfb": 0.0, "bad-redirect": 0.0038048858066504084, "sfR": 0.11369548401129392, "oneh-in": 0.01553527712373436, "sft": 0.0, "sfb": 0.04260098076303528, "oneh-out": 0.004863763746849239, "dsfb-alt": 0.03371687205936265, "redirect": 0.05689378653231215, "dsfb-red": 0.0382435606364026, "unknown": 0.00015377410175167997, "sfT": 5.9638625013959534e-05, "roll-out": 0.16750794158455148, "roll-in": 0.2715337826499546, "alternate": 0.2513902523590877}, "shai": {"dsfb": 0.0, "bad-redirect": 0.003057410083436725, "sfR": 0.09823378925716947, "oneh-in": 0.016073219464874184, "sft": 0.0, "sfb": 0.022886923220068658, "oneh-out": 0.006252722832594292, "dsfb-alt": 0.03365969523472172, "redirect": 0.042227774022621144, "dsfb-red": 0.03366416942730025, "unknown": 0.023260762136131256, "sfT": 9.902053886618077e-05, "roll-out": 0.1546615939024651, "roll-in": 0.31844896153835434, "alternate": 0.24747395834139668}, "tr-quotes": {"dsfb": 0.0, "bad-redirect": 0.004151545271722799, "sfR": 0.09677191928064538, "oneh-in": 0.012812926192182335, "sft": 0.0, "sfb": 0.023012644182982364, "oneh-out": 0.00889600332863318, "dsfb-alt": 0.032730403827928155, "redirect": 0.04713830008552738, "dsfb-red": 0.036372252143963384, "unknown": 0.013835787429786644, "sfT": 1.733663114583574e-05, "roll-out": 0.1606585608284598, "roll-in": 0.3269087630891565, "alternate": 0.2366935577078662}, "gutenberg": {"dsfb": 0.0, "bad-redirect": 0.0025524711459371683, "sfR": 0.09863878308844841, "oneh-in": 0.012720300764983596, "sft": 0.0, "sfb": 0.021297240322906353, "oneh-out": 0.007168098240397544, "dsfb-alt": 0.031116316833768847, "redirect": 0.04028808787441705, "dsfb-red": 0.035228420972469913, "unknown": 0.032975828246008664, "sfT": 3.4666930362661555e-05, "roll-out": 0.15752728931504587, "roll-in": 0.33385845208177756, "alternate": 0.22659404418347634}, "english-200": {"dsfb": 0.0, "bad-redirect": 0.0, "sfR": 0.10690423162583519, "oneh-in": 0.013363028953229399, "sft": 0.0, "sfb": 0.011135857461024499, "oneh-out": 0.0066815144766146995, "dsfb-alt": 0.0200445434298441, "redirect": 0.0400890868596882, "dsfb-red": 0.042316258351893093, "unknown": 0.0, "sfT": 0.0, "roll-out": 0.1603563474387528, "roll-in": 0.34521158129175944, "alternate": 0.25389755011135856}, "monkeyracer": {"dsfb": 0.0, "bad-redirect": 0.004220951874501462, "sfR": 0.09690789370786869, "oneh-in": 0.01276842829660447, "sft": 0.0, "sfb": 0.02303243818133475, "oneh-out": 0.00890720553044403, "dsfb-alt": 0.03258383252263947, "redirect": 0.047320018142859376, "dsfb-red": 0.03598561865586437, "unknown": 0.013436077701487402, "sfT": 1.955049501853387e-05, "roll-out": 0.1608223720224596, "roll-in": 0.32762915057009245, "alternate": 0.2363664622988254}, "chained-bigrams": {"dsfb": 0.0, "bad-redirect": 0.0032861310465687817, "sfR": 0.11914286586209158, "oneh-in": 0.01693126915043026, "sft": 0.0, "sfb": 0.023870388394587657, "oneh-out": 0.005789200634500545, "dsfb-alt": 0.04282034583266509, "redirect": 0.056000581777004094, "dsfb-red": 0.03588252519789184, "unknown": 0.022916559801936097, "sfT": 0.0001214199774171828, "roll-out": 0.12897268959534683, "roll-in": 0.300639110608405, "alternate": 0.24362691212115506}, "english-5k": {"dsfb": 0.0, "bad-redirect": 0.0041896544572115986, "sfR": 0.10644211224955408, "oneh-in": 0.024432737379184468, "sft": 0.0, "sfb": 0.025635707470859085, "oneh-out": 0.0048118803666984695, "dsfb-alt": 0.036877255568921886, "redirect": 0.04380470402787572, "dsfb-red": 0.03434687020367528, "unknown": 0.002157049819554486, "sfT": 4.148172729912474e-05, "roll-out": 0.15198904882399303, "roll-in": 0.29622101464304973, "alternate": 0.26905048326212305}, "mt-quotes": {"dsfb": 0.0, "bad-redirect": 0.004341927540909145, "sfR": 0.0964592223377679, "oneh-in": 0.012432614957985201, "sft": 0.0, "sfb": 0.021948697720562748, "oneh-out": 0.009048421606244248, "dsfb-alt": 0.03240607929620731, "redirect": 0.04777614420100166, "dsfb-red": 0.036072662291868375, "unknown": 0.007977133909467972, "sfT": 1.3447125900957435e-05, "roll-out": 0.16190787822282784, "roll-in": 0.33345136921624174, "alternate": 0.2361644015730149}, "wordle": {"dsfb": 0.0, "bad-redirect": 0.003096600471221811, "sfR": 0.13138112868843263, "oneh-in": 0.007674183776506227, "sft": 0.0, "sfb": 0.04110849321216201, "oneh-out": 0.00756198810725906, "dsfb-alt": 0.04236508470773028, "redirect": 0.057623695725345, "dsfb-red": 0.03976214518119601, "unknown": 0.0, "sfT": 2.2439133849433412e-05, "roll-out": 0.19607315157634916, "roll-in": 0.2468753506114664, "alternate": 0.226455738808482}, "english-1k": {"dsfb": 0.0, "bad-redirect": 0.0056457304163726185, "sfR": 0.10832745236414962, "oneh-in": 0.015172900494001412, "sft": 0.0, "sfb": 0.019054340155257588, "oneh-out": 0.0077628793225123505, "dsfb-alt": 0.02928722653493296, "redirect": 0.04410726887791108, "dsfb-red": 0.04551870148200424, "unknown": 0.0, "sfT": 0.0, "roll-out": 0.17642907551164433, "roll-in": 0.305575158786168, "alternate": 0.24311926605504589}, "english-10k": {"dsfb": 0.0, "bad-redirect": 0.0044769494992377605, "sfR": 0.10567144593890508, "oneh-in": 0.022172478338897357, "sft": 0.0, "sfb": 0.026224889523552227, "oneh-out": 0.004920785009938056, "dsfb-alt": 0.03564192122884545, "redirect": 0.04343798846027672, "dsfb-red": 0.03508230254144073, "unknown": 0.0, "sfT": 0.00011578317670442484, "roll-out": 0.15817911657436173, "roll-in": 0.30333262576947567, "alternate": 0.26074371393836476}, "reddit": {"dsfb": 0.0, "bad-redirect": 0.002728959843218251, "sfR": 0.10397777127267367, "oneh-in": 0.013299029834267803, "sft": 0.0, "sfb": 0.024371141535270743, "oneh-out": 0.007300599674457621, "dsfb-alt": 0.03563188876946217, "redirect": 0.046173416211605915, "dsfb-red": 0.029672077202725328, "unknown": 0.039285409944231534, "sfT": 0.00015608504106362573, "roll-out": 0.15201563022940606, "roll-in": 0.31184656244890574, "alternate": 0.23354142799271155}, "akl": {"dsfb": 0.0, "bad-redirect": 0.002413216215016228, "sfR": 0.13064861186637447, "oneh-in": 0.010903143654471299, "sft": 0.0, "sfb": 0.02728695233777526, "oneh-out": 0.005341660058824353, "dsfb-alt": 0.0326272287708761, "redirect": 0.03843408356402615, "dsfb-red": 0.02726239298118296, "unknown": 0.13277008071454782, "sfT": 0.00022422149001517615, "roll-out": 0.13644276695199087, "roll-in": 0.2631189152433626, "alternate": 0.1925267261515367}, "french": {"dsfb": 0.0, "bad-redirect": 0.005041897984377928, "sfR": 0.10898279115633469, "oneh-in": 0.02147591093434939, "sft": 0.0, "sfb": 0.046559283741081293, "oneh-out": 0.008413335975530343, "dsfb-alt": 0.025191661534263398, "redirect": 0.040886006143482596, "dsfb-red": 0.034771138860771725, "unknown": 0.15807953387545715, "sfT": 3.0308258964611445e-05, "roll-out": 0.13490872756954744, "roll-in": 0.24058606075078517, "alternate": 0.17507334321505427}, "keymash": {"dsfb": 0.0, "bad-redirect": 0.0045276729895366834, "sfR": 0.099723742164827, "oneh-in": 0.012975498023504492, "sft": 0.0, "sfb": 0.02308990078526187, "oneh-out": 0.008681802695258463, "dsfb-alt": 0.03239153903937803, "redirect": 0.04628242335179157, "dsfb-red": 0.03712856046270109, "unknown": 0.01232282349464109, "sfT": 1.2314613752139664e-05, "roll-out": 0.15950298218896364, "roll-in": 0.32813519803951346, "alternate": 0.23522554215087044}, "movie": {"dsfb": 0.0, "bad-redirect": 0.005369455009923135, "sfR": 0.11567713207251198, "oneh-in": 0.010313059414186958, "sft": 0.0, "sfb": 0.022819854797576863, "oneh-out": 0.010999605338082086, "dsfb-alt": 0.03691490449484262, "redirect": 0.047221647212777516, "dsfb-red": 0.03697583429410722, "unknown": 0.030236445784519856, "sfT": 6.4088147390632e-05, "roll-out": 0.15289155324797282, "roll-in": 0.30229510578426455, "alternate": 0.22822131440184373}, "dutch": {"dsfb": 0.0, "bad-redirect": 0.002584580542599461, "sfR": 0.18880787437283908, "oneh-in": 0.008758493682748092, "sft": 0.0, "sfb": 0.030287765220205036, "oneh-out": 0.0038228094692811247, "dsfb-alt": 0.02207128358558793, "redirect": 0.04964581481455847,