{"english-450k": {"alternate": 0.3107458862504319, "sfb": 0.025199950184207343, "redirect": 0.06377795487460979, "sfT": 0.00014792717773070354, "roll-out": 0.2198727007702153, "unknown": 0.00015377410175167997, "dsfb-alt": 0.03694963635056051, "sfR": 0.11369548401129392, "bad-redirect": 0.0010313973973002414, "dsfb": 0.0, "dsfb-red": 0.027432598121617188, "roll-in": 0.18975636452296993, "sft": 0.0, "oneh-out": 0.004642457672655281, "oneh-in": 0.006593868564656163}, "shai": {"alternate": 0.34288602992971645, "sfb": 0.014061082946576283, "redirect": 0.05303511652872014, "sfT": 3.999680459049062e-05, "roll-out": 0.21453013391924097, "unknown": 0.023621906111313578, "dsfb-alt": 0.033709991197142214, "sfR": 0.09823378925716947, "bad-redirect": 0.0006044843175679713, "dsfb": 0.0, "dsfb-red": 0.021443547146068918, "roll-in": 0.18653543219926227, "sft": 0.0, "oneh-out": 0.00597142152064956, "oneh-in": 0.005327068121981662}, "tr-quotes": {"alternate": 0.3439102193661728, "sfb": 0.011155544254640439, "redirect": 0.049645176949215226, "sfT": 2.3115508194447656e-05, "roll-out": 0.21107463997595988, "unknown": 0.01476965396084233, "dsfb-alt": 0.03619310695545642, "sfR": 0.09677191928064538, "bad-redirect": 0.0012517047687293406, "dsfb": 0.0, "dsfb-red": 0.0213621968978988, "roll-in": 0.20007512540163194, "sft": 0.0, "oneh-out": 0.007161184438639883, "oneh-in": 0.00660641224197314}, "gutenberg": {"alternate": 0.3526748283608073, "sfb": 0.010873481616865632, "redirect": 0.043851961977765426, "sfT": 0.00015249660624012325, "roll-out": 0.19891202669694624, "unknown": 0.03802431837805746, "dsfb-alt": 0.031147952775684502, "sfR": 0.09863878308844841, "bad-redirect": 0.001068991737904367, "dsfb": 0.0, "dsfb-red": 0.017588825957991258, "roll-in": 0.19531784270912778, "sft": 0.0, "oneh-out": 0.006326998946352641, "oneh-in": 0.005421491147808804}, "english-200": {"alternate": 0.3585746102449889, "sfb": 0.008908685968819599, "redirect": 0.0467706013363029, "sfT": 0.0, "roll-out": 0.25389755011135856, "unknown": 0.0, "dsfb-alt": 0.042316258351893093, "sfR": 0.10690423162583519, "bad-redirect": 0.0, "dsfb": 0.0, "dsfb-red": 0.008908685968819599, "roll-in": 0.16481069042316257, "sft": 0.0, "oneh-out": 0.0022271714922048997, "oneh-in": 0.0066815144766146995}, "monkeyracer": {"alternate": 0.34352565806966234, "sfb": 0.011071445328995731, "redirect": 0.049628931604548225, "sfT": 2.1505544520387257e-05, "roll-out": 0.21089118976492485, "unknown": 0.014352018393105714, "dsfb-alt": 0.03628083113064423, "sfR": 0.09690789370786869, "bad-redirect": 0.0013128157404945493, "dsfb": 0.0, "dsfb-red": 0.021310039570201916, "roll-in": 0.2008549431471605, "sft": 0.0, "oneh-out": 0.007203379889578804, "oneh-in": 0.006639348108294102}, "chained-bigrams": {"alternate": 0.33443282261190604, "sfb": 0.015893030947809538, "redirect": 0.0451331691458202, "sfT": 3.830897683215928e-05, "roll-out": 0.19295517395197354, "unknown": 0.02365222201805197, "dsfb-alt": 0.056316793162042425, "sfR": 0.11914286586209158, "bad-redirect": 0.0021069937257687603, "dsfb": 0.0, "dsfb-red": 0.02421581849076916, "roll-in": 0.17233650345527493, "sft": 0.0, "oneh-out": 0.007207931386674579, "oneh-in": 0.0065683662649851406}, "english-5k": {"alternate": 0.321566350022815, "sfb": 0.016758617828846394, "redirect": 0.0667440992242917, "sfT": 0.0, "roll-out": 0.2262413406894263, "unknown": 0.002157049819554486, "dsfb-alt": 0.03683577384162277, "sfR": 0.10644211224955408, "bad-redirect": 0.0004977807275894969, "dsfb": 0.0, "dsfb-red": 0.02173642510474136, "roll-in": 0.19123076284896504, "sft": 0.0, "oneh-out": 0.004521508275604596, "oneh-in": 0.005268179366988842}, "mt-quotes": {"alternate": 0.34666242335138236, "sfb": 0.010185450807425203, "redirect": 0.049551164819928044, "sfT": 8.96475060063829e-06, "roll-out": 0.2104295908487826, "unknown": 0.008869126594231481, "dsfb-alt": 0.03686156034472454, "sfR": 0.0964592223377679, "bad-redirect": 0.0013477008402959564, "dsfb": 0.0, "dsfb-red": 0.021442189311626683, "roll-in": 0.20422000693274048, "sft": 0.0, "oneh-out": 0.007294318738719356, "oneh-in": 0.006668280321774782}, "wordle": {"alternate": 0.3045214854706608, "sfb": 0.030068439358240773, "redirect": 0.0488275552563671, "sfT": 0.0002019522046449007, "roll-out": 0.2173230113317626, "unknown": 0.0, "dsfb-alt": 0.04557388084819926, "sfR": 0.13138112868843263, "bad-redirect": 0.0018175698418041065, "dsfb": 0.0, "dsfb-red": 0.02775720857174913, "roll-in": 0.17866038370918882, "sft": 0.0, "oneh-out": 0.007404914170313026, "oneh-in": 0.006462470548636822}, "english-1k": {"alternate": 0.3595624558927311, "sfb": 0.011644318983768526, "redirect": 0.048341566690190546, "sfT": 0.0, "roll-out": 0.2367678193366267, "unknown": 0.0, "dsfb-alt": 0.03493295695130558, "sfR": 0.10832745236414962, "bad-redirect": 0.0, "dsfb": 0.0, "dsfb-red": 0.016231474947071278, "roll-in": 0.17290049400141144, "sft": 0.0, "oneh-out": 0.007410021171489062, "oneh-in": 0.0038814396612561752}, "english-10k": {"alternate": 0.3156056425001447, "sfb": 0.016421913895910925, "redirect": 0.06514733409235637, "sfT": 7.718878446961657e-05, "roll-out": 0.23328380386329867, "unknown": 0.0, "dsfb-alt": 0.03579629879778468, "sfR": 0.10567144593890508, "bad-redirect": 0.000675401864109145, "dsfb": 0.0, "dsfb-red": 0.024835491403099128, "roll-in": 0.19318423033133286, "sft": 0.0, "oneh-out": 0.004361166322533336, "oneh-in": 0.00494008220605546}, "reddit": {"alternate": 0.31974962715827276, "sfb": 0.013135303480898686, "redirect": 0.05003272841483786, "sfT": 7.558905996313816e-05, "roll-out": 0.2056508253647369, "unknown": 0.041217688064775854, "dsfb-alt": 0.03739366074483692, "sfR": 0.10397777127267367, "bad-redirect": 0.0006236659308157831, "dsfb": 0.0, "dsfb-red": 0.021586070486985704, "roll-in": 0.19293496999754842, "sft": 0.0, "oneh-out": 0.007025512431459957, "oneh-in": 0.0065965875921943995}, "akl": {"alternate": 0.2604936830938207, "sfb": 0.01917660779100373, "redirect": 0.042838831347216846, "sfT": 0.00018604824460763375, "roll-out": 0.1777920263774408, "unknown": 0.13295000147380848, "dsfb-alt": 0.03546670053914212, "sfR": 0.13064861186637447, "bad-redirect": 0.0005674842074565912, "dsfb": 0.0, "dsfb-red": 0.01823813893643112, "roll-in": 0.16841059923520582, "sft": 0.0, "oneh-out": 0.0057983059627869414, "oneh-in": 0.007432960924704744}, "french": {"alternate": 0.24583478301346584, "sfb": 0.04562354808195539, "redirect": 0.04586129487459475, "sfT": 5.7050840403974484e-05, "roll-out": 0.19480246168982882, "unknown": 0.15822382396052298, "dsfb-alt": 0.029203752896569898, "sfR": 0.10898279115633469, "bad-redirect": 0.0012498149181145901, "dsfb": 0.0, "dsfb-red": 0.015119476490222111, "roll-in": 0.14014330697683386, "sft": 0.0, "oneh-out": 0.009583477477345476, "oneh-in": 0.005314417623807627}, "keymash": {"alternate": 0.34150886857433715, "sfb": 0.011752246390791954, "redirect": 0.049369286532327916, "sfT": 2.873409875499255e-05, "roll-out": 0.21239835312565422, "unknown": 0.013394194891077241, "dsfb-alt": 0.03521979533111944, "sfR": 0.099723742164827, "bad-redirect": 0.0012889295727239515, "dsfb": 0.0, "dsfb-red": 0.02139458895871731, "roll-in": 0.20032592677730662, "sft": 0.0, "oneh-out": 0.007015224967468895, "oneh-in": 0.006580108614893294}, "movie": {"alternate": 0.3150953643476978, "sfb": 0.010990656685058341, "redirect": 0.04486578270643852, "sfT": 1.6318131984473035e-05, "roll-out": 0.20016741877024716, "unknown": 0.030451476652766863, "dsfb-alt": 0.036990704849867266, "sfR": 0.11567713207251198, "bad-redirect": 0.002352311364697222, "dsfb": 0.0, "dsfb-red": 0.025425360403710587, "roll-in": 0.1998290807272465, "sft": 0.0, "oneh-out": 0.008600971534203134, "oneh-in": 0.009537421753570152}, "dutch": {"alternate": 0.24858548446979842, "sfb": 0.03748265778408591, "redirect": 0.05184759083103816, "sfT": 0.00026958949132093975, "roll-out": 0.19270134910219974, "unknown": 0.07325981014373002, "dsfb-alt": 0.021043974591490783, "sfR": 0.18880787437283908,