{"english-450k": {"unknown": 0.0, "redirect": 0.03418257955763342, "sft": 0.0, "alternate": 0.307674204716012, "dsfb-red": 0.017646601387708946, "roll-out": 0.2457807134533629, "bad-redirect": 0.002456292781212196, "sfR": 0.11369548401129392, "dsfb": 0.0, "oneh-out": 0.008842010850721598, "roll-in": 0.196463371067432, "dsfb-alt": 0.03775885063506365, "oneh-in": 0.00659474560325931, "sfT": 0.00011167624880064971, "sfb": 0.028793469687499452}, "shai": {"unknown": 0.015933861525442673, "redirect": 0.02741316892662417, "sft": 0.0, "alternate": 0.2813811507375606, "dsfb-red": 0.016312631342322796, "roll-out": 0.3002690979129827, "bad-redirect": 0.0028560868990377543, "sfR": 0.09823378925716947, "dsfb": 0.0, "oneh-out": 0.01238765364361833, "roll-in": 0.18944868503634932, "dsfb-alt": 0.03542234520145168, "oneh-in": 0.004701524910105885, "sfT": 3.1102605156684984e-05, "sfb": 0.015608902002177957}, "tr-quotes": {"unknown": 0.010677053235015372, "redirect": 0.028767249947990108, "sft": 0.0, "alternate": 0.2727710871223504, "dsfb-red": 0.019488684958738817, "roll-out": 0.31764060007859274, "bad-redirect": 0.002645569912854534, "sfR": 0.09677191928064538, "dsfb": 0.0, "oneh-out": 0.014511916044474238, "roll-in": 0.1797219204364208, "dsfb-alt": 0.035590947966991054, "oneh-in": 0.0035459189570282703, "sfT": 1.5025080326390976e-05, "sfb": 0.017852106978571924}, "gutenberg": {"unknown": 0.03071490030131814, "redirect": 0.025652960158035736, "sft": 0.0, "alternate": 0.2516688432952452, "dsfb-red": 0.02489729685084089, "roll-out": 0.3189694790829593, "bad-redirect": 0.0023889872065766386, "sfR": 0.09863878308844841, "dsfb": 0.0, "oneh-out": 0.017170170678748188, "roll-in": 0.17528414569506817, "dsfb-alt": 0.03274698861825951, "oneh-in": 0.004947141455851949, "sfT": 9.850712452778147e-06, "sfb": 0.01691045285619513}, "english-200": {"unknown": 0.0, "redirect": 0.0200445434298441, "sft": 0.0, "alternate": 0.267260579064588, "dsfb-red": 0.0334075723830735, "roll-out": 0.33853006681514475, "bad-redirect": 0.004454342984409799, "sfR": 0.10690423162583519, "dsfb": 0.0, "oneh-out": 0.015590200445434299, "roll-in": 0.16926503340757237, "dsfb-alt": 0.0378619153674833, "oneh-in": 0.0022271714922048997, "sfT": 0.0, "sfb": 0.004454342984409799}, "monkeyracer": {"unknown": 0.010282582854997889, "redirect": 0.028906384409653253, "sft": 0.0, "alternate": 0.2721282277867276, "dsfb-red": 0.019536809672020896, "roll-out": 0.31799368910020803, "bad-redirect": 0.0026676650452789464, "sfR": 0.09690789370786869, "dsfb": 0.0, "oneh-out": 0.014615950075855921, "roll-in": 0.17979026228944117, "dsfb-alt": 0.03565423776530022, "oneh-in": 0.0035581900933731644, "sfT": 1.661792076575379e-05, "sfb": 0.01794148927850853}, "chained-bigrams": {"unknown": 0.016831276227851404, "redirect": 0.03923813184651216, "sft": 0.0, "alternate": 0.2840649590386135, "dsfb-red": 0.022563338049449745, "roll-out": 0.26603961148204447, "bad-redirect": 0.004916535128357798, "sfR": 0.11914286586209158, "dsfb": 0.0, "oneh-out": 0.01149983540126056, "roll-in": 0.16864520628085414, "dsfb-alt": 0.04406376431798009, "oneh-in": 0.007112483596940216, "sfT": 7.791656304845956e-05, "sfb": 0.01580407620499588}, "english-5k": {"unknown": 0.0, "redirect": 0.02899572738208819, "sft": 0.0, "alternate": 0.30372920728419134, "dsfb-red": 0.015431202555274401, "roll-out": 0.25569336707180484, "bad-redirect": 0.003277056456630854, "sfR": 0.10644211224955408, "dsfb": 0.0, "oneh-out": 0.006595594640560833, "roll-in": 0.2196872277761646, "dsfb-alt": 0.03662836520512714, "oneh-in": 0.007383747459244203, "sfT": 0.0, "sfb": 0.016136391919359522}, "mt-quotes": {"unknown": 0.006119936410035739, "redirect": 0.029035333070367316, "sft": 0.0, "alternate": 0.270435148994155, "dsfb-red": 0.02004817059322743, "roll-out": 0.3244567361136013, "bad-redirect": 0.0026655191785897848, "sfR": 0.0964592223377679, "dsfb": 0.0, "oneh-out": 0.014968145252865732, "roll-in": 0.17923076463346124, "dsfb-alt": 0.03582463752525072, "oneh-in": 0.0033841933517409547, "sfT": 1.3447125900957435e-05, "sfb": 0.017358745413035944}, "wordle": {"unknown": 0.0, "redirect": 0.0374060361270055, "sft": 0.0, "alternate": 0.2832716257152474, "dsfb-red": 0.022394255581734544, "roll-out": 0.24319533266015933, "bad-redirect": 0.001032200157073937, "sfR": 0.13138112868843263, "dsfb": 0.0, "oneh-out": 0.01815325928419163, "roll-in": 0.1815325928419163, "dsfb-alt": 0.045618759115898126, "oneh-in": 0.006866374957926624, "sfT": 0.0005834174800852687, "sfb": 0.028565017390328733}, "english-1k": {"unknown": 0.0, "redirect": 0.027170077628793227, "sft": 0.0, "alternate": 0.28687367678193365, "dsfb-red": 0.02081863091037403, "roll-out": 0.2865208186309104, "bad-redirect": 0.003175723359209598, "sfR": 0.10832745236414962, "dsfb": 0.0, "oneh-out": 0.012702893436838392, "roll-in": 0.19795342272406494, "dsfb-alt": 0.034227240649259, "oneh-in": 0.007057163020465773, "sfT": 0.0, "sfb": 0.015172900494001412}, "english-10k": {"unknown": 0.0, "redirect": 0.028907199783871403, "sft": 0.0, "alternate": 0.3024256575519577, "dsfb-red": 0.013604523262769919, "roll-out": 0.2605121475849559, "bad-redirect": 0.0025472298874973467, "sfR": 0.10567144593890508, "dsfb": 0.0, "oneh-out": 0.010960807394685553, "roll-in": 0.21688118716350513, "dsfb-alt": 0.035526138052141026, "oneh-in": 0.006908396210030683, "sfT": 0.0, "sfb": 0.016055267169680247}, "reddit": {"unknown": 0.035133705173074785, "redirect": 0.02884984952420657, "sft": 0.0, "alternate": 0.2680716193233056, "dsfb-red": 0.016057843235856035, "roll-out": 0.30139867853991753, "bad-redirect": 0.0029859551556102684, "sfR": 0.10397777127267367, "dsfb": 0.0, "oneh-out": 0.01237375681186471, "roll-in": 0.17420532693111226, "dsfb-alt": 0.034592932497808274, "oneh-in": 0.003458592796152824, "sfT": 5.547442904133182e-05, "sfb": 0.018838494309376133}, "akl": {"unknown": 0.1250039130664993, "redirect": 0.027225529238692314, "sft": 0.0, "alternate": 0.2267005272824679, "dsfb-red": 0.014333423606675924, "roll-out": 0.2605810985904239, "bad-redirect": 0.0032278505673347265, "sfR": 0.13064861186637447, "dsfb": 0.0, "oneh-out": 0.00938518269777021, "roll-in": 0.15199415180938836, "dsfb-alt": 0.028648983616957252, "oneh-in": 0.002658908611348009, "sfT": 0.0002595286535668772, "sfb": 0.01933229039250077}, "french": {"unknown": 0.15002475823695105, "redirect": 0.028737832705991326, "sft": 0.0, "alternate": 0.21139093739309991, "dsfb-red": 0.014379718258439797, "roll-out": 0.2412424001066827, "bad-redirect": 0.004856198098136525, "sfR": 0.10898279115633469, "dsfb": 0.0, "oneh-out": 0.011735139136257768, "roll-in": 0.17786442973437666, "dsfb-alt": 0.023177038750659705, "oneh-in": 0.006631830596518524, "sfT": 0.0004440467066001575, "sfb": 0.020532879119951233}, "keymash": {"unknown": 0.009638237696674644, "redirect": 0.028762832853747543, "sft": 0.0, "alternate": 0.2715495478484317, "dsfb-red": 0.019658228419665618, "roll-out": 0.31635832242121725, "bad-redirect": 0.002627117600456462, "sfR": 0.099723742164827, "dsfb": 0.0, "oneh-out": 0.014646180622544774, "roll-in": 0.1804460353101025, "dsfb-alt": 0.035917623443740686, "oneh-in": 0.0038626838469211413, "sfT": 3.694384125641899e-05, "sfb": 0.016772503930414222}, "movie": {"unknown": 0.024698413943370027, "redirect": 0.027947827773697514, "sft": 0.0, "alternate": 0.2704723796534476, "dsfb-red": 0.02030515170006642, "roll-out": 0.31280411438010375, "bad-redirect": 0.0021717591301593426, "sfR": 0.11567713207251198, "dsfb": 0.0, "oneh-out": 0.014638943564135325, "roll-in": 0.15503712440825387, "dsfb-alt": 0.03350020377925305, "oneh-in": 0.0027517108048010575, "sfT": 3.4478633709128505e-05, "sfb": 0.019960760156490887}, "dutch": {"unknown": 0.06793857799262536, "redirect": 0.023065958534177654, "sft": 0.0, "alternate": 0.24063882542682732, "dsfb-red": 0.01656319462776191, "roll-out": 0.18285892097716086, "bad-redirect": 0.004377157903845685, "sfR": 0.18880787437283908, "dsfb": 0.0, "oneh-out": 0.006704861888236714,