{"english-450k": {"oneh-in": 0.01477137650039379, "sfT": 1.695607966083163e-05, "dsfb-alt": 0.04514994728997995, "oneh-out": 0.005241767384805364, "alternate": 0.28500392620948006, "roll-in": 0.2786290249494095, "unknown": 0.00015377410175167997, "roll-out": 0.15241790772501448, "dsfb-red": 0.01873705271762105, "sft": 0.0, "redirect": 0.0476790342752533, "sfb": 0.035381783674335684, "bad-redirect": 0.0031219650810003618, "dsfb": 0.0, "sfR": 0.11369548401129392}, "shai": {"oneh-in": 0.021891543094834615, "sfT": 8.13366410363035e-05, "dsfb-alt": 0.0463076919266059, "oneh-out": 0.005328732397767796, "alternate": 0.2730387593574874, "roll-in": 0.3202908116804603, "unknown": 0.023621906111313578, "roll-out": 0.13660956213910372, "dsfb-red": 0.013976599663181544, "sft": 0.0, "redirect": 0.03451745523407768, "sfb": 0.02184347261747697, "bad-redirect": 0.004258339879484759, "dsfb": 0.0, "sfR": 0.09823378925716947}, "tr-quotes": {"oneh-in": 0.027220822449781558, "sfT": 8.552738031945632e-05, "dsfb-alt": 0.043749566584221355, "oneh-out": 0.004425464043827003, "alternate": 0.2666732160606551, "roll-in": 0.32472203601396177, "unknown": 0.01476965396084233, "roll-out": 0.1431162016596935, "dsfb-red": 0.014741915351008992, "sft": 0.0, "redirect": 0.036115670003005015, "sfb": 0.023387115415732414, "bad-redirect": 0.004220891796306142, "dsfb": 0.0, "sfR": 0.09677191928064538}, "gutenberg": {"oneh-in": 0.018034002386145654, "sfT": 3.7319045253794133e-05, "dsfb-alt": 0.03945115618948679, "oneh-out": 0.00499241684577914, "alternate": 0.2556951325735403, "roll-in": 0.3375990706989421, "unknown": 0.03802431837805746, "roll-out": 0.13863854818684376, "dsfb-red": 0.011178664266123817, "sft": 0.0, "redirect": 0.03170394971893265, "sfb": 0.022273029166065206, "bad-redirect": 0.003733609456380856, "dsfb": 0.0, "sfR": 0.09863878308844841}, "english-200": {"oneh-in": 0.015590200445434299, "sfT": 0.0, "dsfb-alt": 0.031180400890868598, "oneh-out": 0.0066815144766146995, "alternate": 0.29175946547884185, "roll-in": 0.3429844097995546, "unknown": 0.0, "roll-out": 0.15367483296213807, "dsfb-red": 0.008908685968819599, "sft": 0.0, "redirect": 0.031180400890868598, "sfb": 0.008908685968819599, "bad-redirect": 0.0022271714922048997, "dsfb": 0.0, "sfR": 0.10690423162583519}, "monkeyracer": {"oneh-in": 0.027600411342415188, "sfT": 9.677495034174266e-05, "dsfb-alt": 0.04381168181178347, "oneh-out": 0.004391041181162707, "alternate": 0.2663109779939628, "roll-in": 0.32489403631699953, "unknown": 0.014352018393105714, "roll-out": 0.14312037630792812, "dsfb-red": 0.014733253045967124, "sft": 0.0, "redirect": 0.03612051707149225, "sfb": 0.023456683923236937, "bad-redirect": 0.004204333953735709, "dsfb": 0.0, "sfR": 0.09690789370786869}, "chained-bigrams": {"oneh-in": 0.016946852463039952, "sfT": 7.726725835638906e-05, "dsfb-alt": 0.049156261017888996, "oneh-out": 0.004153602115174965, "alternate": 0.2735721952147543, "roll-in": 0.3086976311416919, "unknown": 0.02365222201805197, "roll-out": 0.11005000295433635, "dsfb-red": 0.02078878832602108, "sft": 0.0, "redirect": 0.04649411178039996, "sfb": 0.023295753742105265, "bad-redirect": 0.003972446106087296, "dsfb": 0.0, "sfR": 0.11914286586209158}, "english-5k": {"oneh-in": 0.024681627742979217, "sfT": 0.0, "dsfb-alt": 0.04533952793794334, "oneh-out": 0.005890405276475713, "alternate": 0.2970091674617331, "roll-in": 0.3011988219189447, "unknown": 0.002157049819554486, "roll-out": 0.14132824490811796, "dsfb-red": 0.013896378645206786, "sft": 0.0, "redirect": 0.038578006388186, "sfb": 0.01953789355788775, "bad-redirect": 0.00394076409341685, "dsfb": 0.0, "sfR": 0.10644211224955408}, "mt-quotes": {"oneh-in": 0.028684213671842314, "sfT": 8.068275540574461e-05, "dsfb-alt": 0.04362098229760581, "oneh-out": 0.004273197786304252, "alternate": 0.2669060255077037, "roll-in": 0.32900933529362547, "unknown": 0.008869126594231481, "roll-out": 0.14407101277775786, "dsfb-red": 0.01470069685994669, "sft": 0.0, "redirect": 0.03587244952845412, "sfb": 0.02316640967714945, "bad-redirect": 0.004286644912205209, "dsfb": 0.0, "sfR": 0.0964592223377679}, "wordle": {"oneh-in": 0.007853696847301694, "sfT": 0.0, "dsfb-alt": 0.04880511612251767, "oneh-out": 0.008706383933580164, "alternate": 0.2757545158756872, "roll-in": 0.2503534163581286, "unknown": 0.0, "roll-out": 0.17821160103220016, "dsfb-red": 0.01741276786716033, "sft": 0.0, "redirect": 0.04557388084819926, "sfb": 0.03125771345226074, "bad-redirect": 0.004689778974531583, "dsfb": 0.0, "sfR": 0.13138112868843263}, "english-1k": {"oneh-in": 0.016231474947071278, "sfT": 0.0, "dsfb-alt": 0.04022582921665491, "oneh-out": 0.010232886379675371, "alternate": 0.2699364855328158, "roll-in": 0.3158080451658433, "unknown": 0.0, "roll-out": 0.17219477769936486, "dsfb-red": 0.009880028228652082, "sft": 0.0, "redirect": 0.03916725476358504, "sfb": 0.014114326040931546, "bad-redirect": 0.0038814396612561752, "dsfb": 0.0, "sfR": 0.10832745236414962}, "english-10k": {"oneh-in": 0.021825128808784084, "sfT": 0.0, "dsfb-alt": 0.04554138283707377, "oneh-out": 0.0061172111692171125, "alternate": 0.28664055112792114, "roll-in": 0.30898670423187513, "unknown": 0.0, "roll-out": 0.14511491480287914, "dsfb-red": 0.015379865305571101, "sft": 0.0, "redirect": 0.037320777291059606, "sfb": 0.022674205437949867, "bad-redirect": 0.0047278130487640145, "dsfb": 0.0, "sfR": 0.10567144593890508}, "reddit": {"oneh-in": 0.02273612544637531, "sfT": 0.00015529843538511932, "dsfb-alt": 0.04415865686705821, "oneh-out": 0.004964380809293634, "alternate": 0.2642046283503549, "roll-in": 0.30543366601134925, "unknown": 0.041217688064775854, "roll-out": 0.13734520958078225, "dsfb-red": 0.0125200654680669, "sft": 0.0, "redirect": 0.035887048668604336, "sfb": 0.023298061560134975, "bad-redirect": 0.004101399465145596, "dsfb": 0.0, "sfR": 0.10397777127267367}, "akl": {"oneh-in": 0.018852468757669393, "sfT": 0.00010377192926322201, "dsfb-alt": 0.035763191765608465, "oneh-out": 0.006062825551999335, "alternate": 0.22662534204895649, "roll-in": 0.26082533323822554, "unknown": 0.13295000147380848, "roll-out": 0.12000554043271856, "dsfb-red": 0.012065562215434825, "sft": 0.0, "redirect": 0.02967222425469703, "sfb": 0.0219846020740599, "bad-redirect": 0.004440524391184298, "dsfb": 0.0, "sfR": 0.13064861186637447}, "french": {"oneh-in": 0.018645092579745667, "sfT": 0.00038653142920760025, "dsfb-alt": 0.029708565939482692, "oneh-out": 0.01024832651742089, "alternate": 0.1891505032481899, "roll-in": 0.24877030943623746, "unknown": 0.15822382396052298, "roll-out": 0.12680568044790544, "dsfb-red": 0.01639932999421117, "sft": 0.0, "redirect": 0.037708792704587824, "sfb": 0.05166421031936141, "bad-redirect": 0.003306042266792292, "dsfb": 0.0, "sfR": 0.10898279115633469}, "keymash": {"oneh-in": 0.026636509545878092, "sfT": 8.209742501426443e-05, "dsfb-alt": 0.043027260449975985, "oneh-out": 0.004962789342112284, "alternate": 0.26544149942737044, "roll-in": 0.32673543694302026, "unknown": 0.013394194891077241, "roll-out": 0.14183151145464323, "dsfb-red": 0.014736487790060464, "sft": 0.0, "redirect": 0.036057189066264934, "sfb": 0.02332798331780324, "bad-redirect": 0.004043298181952523, "dsfb": 0.0, "sfR": 0.099723742164827}, "movie": {"oneh-in": 0.034971204418950144, "sfT": 0.00011277934766688218, "dsfb-alt": 0.0428021969995956, "oneh-out": 0.004282983254569834, "alternate": 0.2507170437229871, "roll-in": 0.2955179486950035, "unknown": 0.030451476652766863, "roll-out": 0.13994232593126196, "dsfb-red": 0.017222472331225442, "sft": 0.0, "redirect": 0.03837906204693332, "sfb": 0.025003457733208806, "bad-redirect": 0.00491991679331862, "dsfb": 0.0, "sfR": 0.11567713207251198}, "dutch": {"oneh-in": 0.007477141195931618, "sfT": 0.00025097732690516753, "dsfb-alt": 0.03528956027201589, "oneh-out": 0.0033475179064980085, "alternate": 0.18559989390707668, "roll-in": 0.2968624983140571, "unknown": 0.07325981014373002, "roll-out": 0.10693362654724375, "dsfb-red": 0.02719083016313903,