{"mt-quotes": {"dsfb": 0.0, "oneh-out": 0.02056812612806445, "sfT": 8.96475060063829e-06, "sft": 0.0, "dsfb-alt": 0.05127538518545081, "oneh-in": 0.009519071012777758, "sfb": 0.017067391018515198, "sfR": 0.0964592223377679, "alternate": 0.27708549981472846, "roll-out": 0.14603429315929764, "redirect": 0.035513859504428584, "unknown": 0.008869126594231481, "roll-in": 0.3215984747970978, "dsfb-red": 0.013314148767047968, "bad-redirect": 0.0026864369299912745}, "monkeyracer": {"dsfb": 0.0, "oneh-out": 0.019179035613181725, "sfT": 1.0752772260193629e-05, "sft": 0.0, "dsfb-alt": 0.05064457982076106, "oneh-in": 0.009760584638003035, "sfb": 0.017789972942114894, "sfR": 0.09690789370786869, "alternate": 0.2787597556970142, "roll-out": 0.14504707759200464, "redirect": 0.03533067707274348, "unknown": 0.014352018393105714, "roll-in": 0.3162087289050159, "dsfb-red": 0.01328260631559191, "bad-redirect": 0.002726316530334548}}