{"english-450k": {"redirect": 0.028489137292207627, "alternate": 0.35820273741288816, "oneh-out": 0.00448400603168682, "sfb": 0.03531162058608397, "dsfb": 0.0, "oneh-in": 0.00287434784871201, "sfR": 0.11369548401129392, "sft": 0.0, "sfT": 0.00015640521756111935, "dsfb-red": 0.013383609084015036, "roll-in": 0.20676565119239246, "dsfb-alt": 0.05575480573302594, "bad-redirect": 0.004061858117372323, "roll-out": 0.17666656337100897, "unknown": 0.00015377410175167997}, "shai": {"redirect": 0.023980193724797833, "alternate": 0.3302873654684603, "oneh-out": 0.013555042476962553, "sfb": 0.022318143423726473, "dsfb": 0.0, "oneh-in": 0.0021753710096472263, "sfR": 0.09823378925716947, "sft": 0.0, "sfT": 3.721785106852698e-05, "dsfb-red": 0.011793453002245147, "roll-in": 0.24123836980858196, "dsfb-alt": 0.04756226945909953, "bad-redirect": 0.005148905463871592, "roll-out": 0.18040911691823808, "unknown": 0.023260762136131256}, "tr-quotes": {"redirect": 0.023363999907537968, "alternate": 0.3260789163449758, "oneh-out": 0.023359376805899078, "sfb": 0.02138646818150297, "dsfb": 0.0, "oneh-in": 0.0022895910866600404, "sfR": 0.09677191928064538, "sft": 0.0, "sfT": 2.195973278472527e-05, "dsfb-red": 0.011347402972654354, "roll-in": 0.23685189893899816, "dsfb-alt": 0.05299230253577125, "bad-redirect": 0.004326067358590879, "roll-out": 0.1873743094241927, "unknown": 0.013835787429786644}, "gutenberg": {"redirect": 0.02161947228217896, "alternate": 0.30488352858582035, "oneh-out": 0.012682981719729803, "sfb": 0.023095753092650117, "dsfb": 0.0, "oneh-in": 0.0025238661924685242, "sfR": 0.09863878308844841, "sft": 0.0, "sfT": 0.00015836914635620252, "dsfb-red": 0.00911929705315937, "roll-in": 0.2607947706356324, "dsfb-alt": 0.052337593008722046, "bad-redirect": 0.004090508346016126, "roll-out": 0.17707924860280905, "unknown": 0.032975828246008664}, "english-200": {"redirect": 0.024498886414253896, "alternate": 0.3207126948775056, "oneh-out": 0.013363028953229399, "sfb": 0.015590200445434299, "dsfb": 0.0, "oneh-in": 0.0022271714922048997, "sfR": 0.10690423162583519, "sft": 0.0, "sfT": 0.0, "dsfb-red": 0.008908685968819599, "roll-in": 0.2650334075723831, "dsfb-alt": 0.0556792873051225, "bad-redirect": 0.004454342984409799, "roll-out": 0.18262806236080179, "unknown": 0.0}, "monkeyracer": {"redirect": 0.023421493032203575, "alternate": 0.325808021959116, "oneh-out": 0.023840851150351127, "sfb": 0.02140974709479644, "dsfb": 0.0, "oneh-in": 0.0023255313824546036, "sfR": 0.09690789370786869, "sft": 0.0, "sfT": 1.955049501853387e-05, "dsfb-red": 0.011327556813738524, "roll-in": 0.23612696873484837, "dsfb-alt": 0.05310891971784726, "bad-redirect": 0.004343142468367299, "roll-out": 0.1879242457419022, "unknown": 0.013436077701487402}, "chained-bigrams": {"redirect": 0.029678418865158245, "alternate": 0.33283877959287295, "oneh-out": 0.007037164252660039, "sfb": 0.02235880707144754, "dsfb": 0.0, "oneh-in": 0.01199655349069449, "sfR": 0.11914286586209158, "sft": 0.0, "sfT": 6.168394574669716e-05, "dsfb-red": 0.015231389466589702, "roll-in": 0.2120583672973796, "dsfb-alt": 0.061214498454330184, "bad-redirect": 0.00364974167412826, "roll-out": 0.16181517022496458, "unknown": 0.022916559801936097}, "english-5k": {"redirect": 0.02522089019786784, "alternate": 0.35217986476956903, "oneh-out": 0.00622225909486871, "sfb": 0.026672750653337206, "dsfb": 0.0, "oneh-in": 0.002032604637657112, "sfR": 0.10644211224955408, "sft": 0.0, "sfT": 0.0, "dsfb-red": 0.01348156137221554, "roll-in": 0.23341767951217487, "dsfb-alt": 0.05122993321441905, "bad-redirect": 0.004977807275894968, "roll-out": 0.17596548720288713, "unknown": 0.002157049819554486}, "mt-quotes": {"redirect": 0.02318135092815051, "alternate": 0.3270101959096831, "oneh-out": 0.025389667826107746, "sfb": 0.020656279508970726, "dsfb": 0.0, "oneh-in": 0.002333823406366168, "sfR": 0.0964592223377679, "sft": 0.0, "sfT": 7.470625500531909e-06, "dsfb-red": 0.01120295000059765, "roll-in": 0.23890014463130968, "dsfb-alt": 0.054302482638266335, "bad-redirect": 0.004398704294713188, "roll-out": 0.18818057398309845, "unknown": 0.007977133909467972}, "wordle": {"redirect": 0.03397284864804218, "alternate": 0.32119376192078986, "oneh-out": 0.005991248737798721, "sfb": 0.03738359699315606, "dsfb": 0.0, "oneh-in": 0.0027600134634803096, "sfR": 0.13138112868843263, "sft": 0.0, "sfT": 0.0002019522046449007, "dsfb-red": 0.015595198025356222, "roll-in": 0.1975765735442612, "dsfb-alt": 0.05923931336250421, "bad-redirect": 0.004016604959048581, "roll-out": 0.19068775945248514, "unknown": 0.0}, "english-1k": {"redirect": 0.024347212420606917, "alternate": 0.31510232886379674, "oneh-out": 0.009174311926605505, "sfb": 0.02328863796753705, "dsfb": 0.0, "oneh-in": 0.003175723359209598, "sfR": 0.10832745236414962, "sft": 0.0, "sfT": 0.0, "dsfb-red": 0.013761467889908258, "roll-in": 0.2519407198306281, "dsfb-alt": 0.04763585038814397, "bad-redirect": 0.004940014114326041, "roll-out": 0.19830628087508823, "unknown": 0.0}, "english-10k": {"redirect": 0.026224889523552227, "alternate": 0.3559946739738716, "oneh-out": 0.005847050423573454, "sfb": 0.026166997935200016, "dsfb": 0.0, "oneh-in": 0.002084097180679647, "sfR": 0.10567144593890508, "sft": 0.0, "sfT": 9.64859805870207e-05, "dsfb-red": 0.012330908319021247, "roll-in": 0.2259894637309199, "dsfb-alt": 0.04945871364890681, "bad-redirect": 0.006811910229443662, "roll-out": 0.18332336311533934, "unknown": 0.0}, "reddit": {"redirect": 0.023971845509895593, "alternate": 0.3211889657202864, "oneh-out": 0.01802915198101958, "sfb": 0.02327798438662643, "dsfb": 0.0, "oneh-in": 0.0017336789154280905, "sfR": 0.10397777127267367, "sft": 0.0, "sfT": 0.0001038694069761061, "dsfb-red": 0.011056941448631747, "roll-in": 0.22606522796488068, "dsfb-alt": 0.049709058906839104, "bad-redirect": 0.003759600569127937, "roll-out": 0.17784049397338314, "unknown": 0.039285409944231534}, "akl": {"redirect": 0.02215426917840527, "alternate": 0.27642368724741573, "oneh-out": 0.016168605468093802, "sfb": 0.027026460087722366, "dsfb": 0.0, "oneh-in": 0.0027182068566412787, "sfR": 0.13064861186637447, "sft": 0.0, "sfT": 0.00021426432632634795, "dsfb-red": 0.009875430940732318, "roll-in": 0.18880615658101932, "dsfb-alt": 0.04122221293490908, "bad-redirect": 0.003235287555598591, "roll-out": 0.14873672624221362, "unknown": 0.13277008071454782}, "french": {"redirect": 0.01793069860027531, "alternate": 0.25386230668802895, "oneh-out": 0.010825546785037572, "sfb": 0.03053556341592686, "dsfb": 0.0, "oneh-in": 0.002074640027999258, "sfR": 0.10898279115633469, "sft": 0.0, "sfT": 8.153116425378916e-05, "dsfb-red": 0.011591433342887252, "roll-in": 0.20020142182739684, "dsfb-alt": 0.03556361818167735, "bad-redirect": 0.006300731969174029, "roll-out": 0.16397018296555094, "unknown": 0.15807953387545715}, "keymash": {"redirect": 0.023869826322897383, "alternate": 0.32383739784001675, "oneh-out": 0.022687623402691974, "sfb": 0.02159983252125297, "dsfb": 0.0, "oneh-in": 0.002224840217886566, "sfR": 0.099723742164827, "sft": 0.0, "sfT": 4.5153583757845434e-05, "dsfb-red": 0.011666044094526975, "roll-in": 0.2386859486152217, "dsfb-alt": 0.05204566258779293, "bad-redirect": 0.00451125350453383, "roll-out": 0.186779851649953, "unknown": 0.01232282349464109}, "movie": {"redirect": 0.021296741413800325, "alternate": 0.3127952973249186, "oneh-out": 0.0367829118627424, "sfb": 0.018129313036910958, "dsfb": 0.0, "oneh-in": 0.001483502434362617, "sfR": 0.11567713207251198, "sft": 0.0, "sfT": 1.6054936307304115e-05, "dsfb-red": 0.01010921436221963, "roll-in": 0.20860599857163706, "dsfb-alt": 0.053914186891828815, "bad-redirect": 0.003086364108321339, "roll-out": 0.1878668371999191, "unknown": 0.030236445784519856}, "dutch": {"redirect": 0.01857133599729948, "alternate": 0.2599730091340542, "oneh-out": 0.0019766190332727047, "sfb": 0.04294188532762197, "dsfb": 0.0, "oneh-in": 0.0013518205081594259, "sfR": 0.18880787437283908, "sft": 0.0, "sfT": 6.532188339755128e-05,