{"english-450k": {"unknown": 0.00015377410175167997, "redirect": 0.045610392556631844, "dsfb": 0.0, "oneh-in": 0.03791700992983107, "bad-redirect": 0.03542008102667308, "sfT": 6.665493383913124e-05, "dsfb-red": 0.02282376026208252, "sfb": 0.030047342543797845, "roll-in": 0.278464434038219, "roll-out": 0.21495806878438356, "dsfb-alt": 0.02464946228763241, "alternate": 0.16766902434132938, "sfR": 0.11369548401129392, "oneh-out": 0.028524511182534535, "sft": 0.0}, "shai": {"unknown": 0.023260762136131256, "redirect": 0.036797114408974645, "dsfb": 0.0, "oneh-in": 0.03874203740796555, "bad-redirect": 0.021915218385494574, "sfT": 0.00020143929666311932, "dsfb-red": 0.01857882536498729, "sfb": 0.030406252815722404, "roll-in": 0.2691653509857002, "roll-out": 0.23420966871468057, "dsfb-alt": 0.022250662846211938, "alternate": 0.1494632671885629, "sfR": 0.09823378925716947, "oneh-out": 0.056775611191736026, "sft": 0.0}, "tr-quotes": {"unknown": 0.013835787429786644, "redirect": 0.03998289452393611, "dsfb": 0.0, "oneh-in": 0.03554934005224105, "bad-redirect": 0.01924250479646795, "sfT": 0.0004415062065139502, "dsfb-red": 0.01666281408196759, "sfb": 0.03430572571137976, "roll-in": 0.2744469614664478, "roll-out": 0.2519821548276739, "dsfb-alt": 0.020640993042232034, "alternate": 0.13689581840456763, "sfR": 0.09677191928064538, "oneh-out": 0.059241580176140174, "sft": 0.0}, "gutenberg": {"unknown": 0.032975828246008664, "redirect": 0.03585716163844627, "dsfb": 0.0, "oneh-in": 0.03384610080385602, "bad-redirect": 0.018335206863067142, "sfT": 0.00015249660624012325, "dsfb-red": 0.016948719085338616, "sfb": 0.03575713901969498, "roll-in": 0.25244401859056764, "roll-out": 0.25234039667303554, "dsfb-alt": 0.0204474269370763, "alternate": 0.13464957795380242, "sfR": 0.09863878308844841, "oneh-out": 0.06760714449441786, "sft": 0.0}, "english-200": {"unknown": 0.0, "redirect": 0.0334075723830735, "dsfb": 0.0, "oneh-in": 0.0400890868596882, "bad-redirect": 0.0200445434298441, "sfT": 0.0, "dsfb-red": 0.017817371937639197, "sfb": 0.024498886414253896, "roll-in": 0.27616926503340755, "roll-out": 0.30957683741648107, "dsfb-alt": 0.008908685968819599, "alternate": 0.12026726057906459, "sfR": 0.10690423162583519, "oneh-out": 0.042316258351893093, "sft": 0.0}, "monkeyracer": {"unknown": 0.013436077701487402, "redirect": 0.039693370036129313, "dsfb": 0.0, "oneh-in": 0.03526811548868417, "bad-redirect": 0.019247462345746594, "sfT": 0.000436953563664232, "dsfb-red": 0.01665604423103993, "sfb": 0.03446556766817336, "roll-in": 0.27427389461501167, "roll-out": 0.25295701237155327, "dsfb-alt": 0.020633592442560647, "alternate": 0.13690722899103805, "sfR": 0.09690789370786869, "oneh-out": 0.05911678683704271, "sft": 0.0}, "chained-bigrams": {"unknown": 0.022916559801936097, "redirect": 0.0416009516209567, "dsfb": 0.0, "oneh-in": 0.02746039403704543, "bad-redirect": 0.03133804165809043, "sfT": 0.0001415484228713682, "dsfb-red": 0.03320154612433276, "sfb": 0.030948458842848137, "roll-in": 0.2419510567109211, "roll-out": 0.2215323720593802, "dsfb-alt": 0.028842763726463518, "alternate": 0.15443971822773583, "sfR": 0.11914286586209158, "oneh-out": 0.04648372290532683, "sft": 0.0}, "english-5k": {"unknown": 0.002157049819554486, "redirect": 0.03816318911519476, "dsfb": 0.0, "oneh-in": 0.04455137511925997, "bad-redirect": 0.029452026382378562, "sfT": 0.0, "dsfb-red": 0.017546770647529762, "sfb": 0.027377940017422324, "roll-in": 0.2834031609076202, "roll-out": 0.22010204504915584, "dsfb-alt": 0.025594225743559962, "alternate": 0.17638030447587838, "sfR": 0.10644211224955408, "oneh-out": 0.02882980047289169, "sft": 0.0}, "mt-quotes": {"unknown": 0.007977133909467972, "redirect": 0.03953903252411518, "dsfb": 0.0, "oneh-in": 0.03447394843475454, "bad-redirect": 0.01876322300713594, "sfT": 0.00045570815553244644, "dsfb-red": 0.01593484419263456, "sfb": 0.034040652155723695, "roll-in": 0.2759619177394485, "roll-out": 0.25907680998314625, "dsfb-alt": 0.02036641923955009, "alternate": 0.13591906623157743, "sfR": 0.0964592223377679, "oneh-out": 0.06103202208914548, "sft": 0.0}, "wordle": {"unknown": 0.0, "redirect": 0.050286098956580275, "dsfb": 0.0, "oneh-in": 0.030853809042970942, "bad-redirect": 0.025356221249859756, "sfT": 8.975653539773365e-05, "dsfb-red": 0.024368899360484687, "sfb": 0.04840121171322787, "roll-in": 0.24979243801189274, "roll-out": 0.24285874565241783, "dsfb-alt": 0.026051834399192193, "alternate": 0.13476943789969706, "sfR": 0.13138112868843263, "oneh-out": 0.03579041848984629, "sft": 0.0}, "english-1k": {"unknown": 0.0, "redirect": 0.043401552575864505, "dsfb": 0.0, "oneh-in": 0.04269583627381793, "bad-redirect": 0.025758645024700072, "sfT": 0.0, "dsfb-red": 0.016937191249117856, "sfb": 0.030345800988002825, "roll-in": 0.27240649258997884, "roll-out": 0.2537050105857445, "dsfb-alt": 0.017642907551164433, "alternate": 0.15314043754410728, "sfR": 0.10832745236414962, "oneh-out": 0.035638673253352154, "sft": 0.0}, "english-10k": {"unknown": 0.0, "redirect": 0.04280118098840238, "dsfb": 0.0, "oneh-in": 0.04606240713224369, "bad-redirect": 0.029601898844097953, "sfT": 3.859439223480828e-05, "dsfb-red": 0.01696223538719824, "sfb": 0.02944752127515872, "roll-in": 0.2964435267555624, "roll-out": 0.21113062272051872, "dsfb-alt": 0.022712799830184673, "alternate": 0.1686767912622296, "sfR": 0.10567144593890508, "oneh-out": 0.030450975473263735, "sft": 0.0}, "reddit": {"unknown": 0.039285409944231534, "redirect": 0.03620918242265934, "dsfb": 0.0, "oneh-in": 0.03183157199211821, "bad-redirect": 0.01906447488358704, "sfT": 0.000531970183149895, "dsfb-red": 0.016101593494546294, "sfb": 0.03403170807490059, "roll-in": 0.26176367855770977, "roll-out": 0.242054112102921, "dsfb-alt": 0.021532244184127906, "alternate": 0.14194835109657514, "sfR": 0.10397777127267367, "oneh-out": 0.0516679317907996, "sft": 0.0}, "akl": {"unknown": 0.13277008071454782, "redirect": 0.03534736282048941, "dsfb": 0.0, "oneh-in": 0.024454769312159872, "bad-redirect": 0.014517816441935788, "sfT": 0.0005224916638403229, "dsfb-red": 0.013854367907512922, "sfb": 0.03578350141462141, "roll-in": 0.21429283889929313, "roll-out": 0.21706873800708432, "dsfb-alt": 0.02098928102681237, "alternate": 0.12220913735062308, "sfR": 0.13064861186637447, "oneh-out": 0.0375410025747051, "sft": 0.0}, "french": {"unknown": 0.15807953387545715, "redirect": 0.02647701337292374, "dsfb": 0.0, "oneh-in": 0.04150694341537942, "bad-redirect": 0.024929224672037446, "sfT": 0.0001540132981493849, "dsfb-red": 0.015963418425830378, "sfb": 0.03392670252449819, "roll-in": 0.2243335078268045, "roll-out": 0.17688257997683599, "dsfb-alt": 0.014354518806349597, "alternate": 0.14572516539687347, "sfR": 0.10898279115633469, "oneh-out": 0.02868458725252606, "sft": 0.0}, "keymash": {"unknown": 0.01232282349464109, "redirect": 0.04026468209824599, "dsfb": 0.0, "oneh-in": 0.03628295698505416, "bad-redirect": 0.019654123548414903, "sfT": 0.0002093484337863743, "dsfb-red": 0.016419485002852886, "sfb": 0.03450554773349534, "roll-in": 0.2727522751248907, "roll-out": 0.25209245812005104, "dsfb-alt": 0.02058182445107609, "alternate": 0.13489017416968715, "sfR": 0.099723742164827, "oneh-out": 0.06030055867297722, "sft": 0.0}, "movie": {"unknown": 0.030236445784519856, "redirect": 0.039878487819764656, "dsfb": 0.0, "oneh-in": 0.030902857239111563, "bad-redirect": 0.015107431869496002, "sfT": 0.0006969421531432999, "dsfb-red": 0.01601111422705549, "sfb": 0.04420345078484293, "roll-in": 0.2536833906025194, "roll-out": 0.25030237893360746, "dsfb-alt": 0.0222674070711993, "alternate": 0.13235149940603316, "sfR": 0.11567713207251198, "oneh-out": 0.04868146203619493, "sft": 0.0}, "dutch": {"unknown": 0.07290361491625476, "redirect": 0.04203946431537054, "dsfb": 0.0, "oneh-in": 0.03600569826296148, "bad-redirect": 0.014628067452348646, "sfT": 0.0004356465767298671, "dsfb-red": 0.01995154095273267, "sfb": 0.0325874971655897, "roll-in": 0.25730533729097044,