{"english-450k": {"roll-out": 0.24032348691838454, "roll-in": 0.21483937622675775, "redirect": 0.06485992816469148, "oneh-out": 0.033755169411700044, "dsfb": 0.0, "sfR": 0.11369548401129392, "alternate": 0.19047992137056577, "dsfb-alt": 0.034113001161783806, "unknown": 0.00015377410175167997, "bad-redirect": 0.025573860975348785, "oneh-in": 0.022408043964191098, "sft": 0.0, "sfT": 0.00015231237074643587, "sfb": 0.02695928962211915, "dsfb-red": 0.032686351700665556}, "shai": {"roll-out": 0.2676915651097199, "roll-in": 0.2034094005417953, "redirect": 0.08858880018255945, "oneh-out": 0.03466917912964105, "dsfb": 0.0, "sfR": 0.09823378925716947, "alternate": 0.17607891128806277, "dsfb-alt": 0.02646124188104345, "unknown": 0.023621906111313578, "bad-redirect": 0.019327629486074735, "oneh-in": 0.018739342829355535, "sft": 0.0, "sfT": 4.144433748354689e-05, "sfb": 0.015705348719188838, "dsfb-red": 0.0274314411265924}, "tr-quotes": {"roll-out": 0.27499017590901736, "roll-in": 0.2061394789764453, "redirect": 0.09417720348581864, "oneh-out": 0.031180509003490443, "dsfb": 0.0, "sfR": 0.09677191928064538, "alternate": 0.17878574235454567, "dsfb-alt": 0.02422851991401031, "unknown": 0.01476965396084233, "bad-redirect": 0.021344860266752964, "oneh-in": 0.021091745452023764, "sft": 0.0, "sfT": 2.4271283604170037e-05, "sfb": 0.012191119021751693, "dsfb-red": 0.024304801091051986}, "gutenberg": {"roll-out": 0.26420576925918476, "roll-in": 0.20291236313666386, "redirect": 0.09482579962211152, "oneh-out": 0.02412666803818894, "dsfb": 0.0, "sfR": 0.09863878308844841, "alternate": 0.17215881773264635, "dsfb-alt": 0.024777193933628174, "unknown": 0.03802431837805746, "bad-redirect": 0.023260373652678277, "oneh-in": 0.020361233203114493, "sft": 0.0, "sfT": 0.00015306491657393736, "sfb": 0.013204880042949107, "dsfb-red": 0.023350734995754723}, "english-200": {"roll-out": 0.2739420935412027, "roll-in": 0.24944320712694878, "redirect": 0.08463251670378619, "oneh-out": 0.028953229398663696, "dsfb": 0.0, "sfR": 0.10690423162583519, "alternate": 0.16481069042316257, "dsfb-alt": 0.024498886414253896, "unknown": 0.0, "bad-redirect": 0.015590200445434299, "oneh-in": 0.017817371937639197, "sft": 0.0, "sfT": 0.0, "sfb": 0.004454342984409799, "dsfb-red": 0.028953229398663696}, "monkeyracer": {"roll-out": 0.2753257112470088, "roll-in": 0.2059742402677636, "redirect": 0.09403983608864977, "oneh-out": 0.031105815099238314, "dsfb": 0.0, "sfR": 0.09690789370786869, "alternate": 0.17937970189405195, "dsfb-alt": 0.02426020926849868, "unknown": 0.014352018393105714, "bad-redirect": 0.021358915807748253, "oneh-in": 0.02111746719426936, "sft": 0.0, "sfT": 2.248306927131395e-05, "sfb": 0.012059722852182618, "dsfb-red": 0.024095985110342995}, "chained-bigrams": {"roll-out": 0.2617048533577818, "roll-in": 0.1980859796287146, "redirect": 0.07717960222295954, "oneh-out": 0.030320581205615964, "dsfb": 0.0, "sfR": 0.11914286586209158, "alternate": 0.15979518332793327, "dsfb-alt": 0.03530074819379667, "unknown": 0.02365222201805197, "bad-redirect": 0.021998442967348417, "oneh-in": 0.018308444402311785, "sft": 0.0, "sfT": 3.0517320527313326e-05, "sfb": 0.017251376363621018, "dsfb-red": 0.03722918312924604}, "english-5k": {"roll-out": 0.2578089351640602, "roll-in": 0.21479238395486788, "redirect": 0.06496038495042934, "oneh-out": 0.044924710664952086, "dsfb": 0.0, "sfR": 0.10644211224955408, "alternate": 0.1895300120297009, "dsfb-alt": 0.0318579665657278, "unknown": 0.002157049819554486, "bad-redirect": 0.02119716264985274, "oneh-in": 0.01953789355788775, "sft": 0.0, "sfT": 0.0, "sfb": 0.01899863110299913, "dsfb-red": 0.027792757290413573}, "mt-quotes": {"roll-out": 0.2791473924528753, "roll-in": 0.20672416060051876, "redirect": 0.09644726933696704, "oneh-out": 0.030777482937091358, "dsfb": 0.0, "sfR": 0.0964592223377679, "alternate": 0.18032745245693932, "dsfb-alt": 0.02410621436511636, "unknown": 0.008869126594231481, "bad-redirect": 0.021153823167306154, "oneh-in": 0.021279329675715088, "sft": 0.0, "sfT": 7.470625500531909e-06, "sfb": 0.011143184996593395, "dsfb-red": 0.02355787045337732}, "wordle": {"roll-out": 0.2415797150230001, "roll-in": 0.21911814203971727, "redirect": 0.05268708627846965, "oneh-out": 0.03235723101088298, "dsfb": 0.0, "sfR": 0.13138112868843263, "alternate": 0.16858521261079323, "dsfb-alt": 0.0382811623471334, "unknown": 0.0, "bad-redirect": 0.02012790306294177, "oneh-in": 0.023202064400314148, "sft": 0.0, "sfT": 0.00026926960619320093, "sfb": 0.03410748345113879, "dsfb-red": 0.038303601480982837}, "english-1k": {"roll-out": 0.24488355681016233, "roll-in": 0.2392378263937897, "redirect": 0.06422018348623854, "oneh-out": 0.032815808045165845, "dsfb": 0.0, "sfR": 0.10832745236414962, "alternate": 0.1958362738179252, "dsfb-alt": 0.02858151023288638, "unknown": 0.0, "bad-redirect": 0.019760056457304165, "oneh-in": 0.024347212420606917, "sft": 0.0, "sfT": 0.0, "sfb": 0.015172900494001412, "dsfb-red": 0.026817219477769938}, "english-10k": {"roll-out": 0.2648926111036066, "roll-in": 0.20757993863491633, "redirect": 0.0685436406090195, "oneh-out": 0.04557997722930858, "dsfb": 0.0, "sfR": 0.10567144593890508, "alternate": 0.18517589394261014, "dsfb-alt": 0.02892649697998881, "unknown": 0.0, "bad-redirect": 0.022384747496188805, "oneh-in": 0.020069083962100307, "sft": 0.0, "sfT": 7.718878446961657e-05, "sfb": 0.019644545647517414, "dsfb-red": 0.03145442967136875}, "reddit": {"roll-out": 0.26613574529108813, "roll-in": 0.195085137891039, "redirect": 0.08589041047144462, "oneh-out": 0.03211755934237518, "dsfb": 0.0, "sfR": 0.10397777127267367, "alternate": 0.17355978587095133, "dsfb-alt": 0.026337505901883676, "unknown": 0.041217688064775854, "bad-redirect": 0.017361585961860486, "oneh-in": 0.019318248858438507, "sft": 0.0, "sfT": 7.259246690216142e-05, "sfb": 0.01409046751908502, "dsfb-red": 0.02483550108748235}, "akl": {"roll-out": 0.22665783254585675, "roll-in": 0.16153145921393802, "redirect": 0.07027397988302087, "oneh-out": 0.027481722365961442, "dsfb": 0.0, "sfR": 0.13064861186637447, "alternate": 0.14918200664916165, "dsfb-alt": 0.02224306830073194, "unknown": 0.13295000147380848, "bad-redirect": 0.01360697068662896, "oneh-in": 0.01877688820252268, "sft": 0.0, "sfT": 0.0010641317193899307, "sfb": 0.022011088623624227, "dsfb-red": 0.023572238468980582}, "french": {"roll-out": 0.1996939420172593, "roll-in": 0.15551041827300063, "redirect": 0.04217111827272948, "oneh-out": 0.03831205140724183, "dsfb": 0.0, "sfR": 0.10898279115633469, "alternate": 0.15577907259813828, "dsfb-alt": 0.030959654313856298, "unknown": 0.15822382396052298, "bad-redirect": 0.029118296490670666, "oneh-in": 0.015631705543113886, "sft": 0.0, "sfT": 0.00032264887051995655, "sfb": 0.04483608767689412, "dsfb-red": 0.020458389419717893}, "keymash": {"roll-out": 0.2727522751248907, "roll-in": 0.20538723302943604, "redirect": 0.0947896869214697, "oneh-out": 0.03155825017548325, "dsfb": 0.0, "sfR": 0.099723742164827, "alternate": 0.1778353371946489, "dsfb-alt": 0.02439114497173796, "unknown": 0.013394194891077241, "bad-redirect": 0.02173939814377722, "oneh-in": 0.02143153279997373, "sft": 0.0, "sfT": 4.104871250713222e-05, "sfb": 0.01308632954727375, "dsfb-red": 0.023869826322897383}, "movie": {"roll-out": 0.26421227047198487, "roll-in": 0.19541752638437965, "redirect": 0.08450673642755822, "oneh-out": 0.027247595674589602, "dsfb": 0.0, "sfR": 0.11567713207251198, "alternate": 0.17770432571307276, "dsfb-alt": 0.026744233942004043, "unknown": 0.030451476652766863, "bad-redirect": 0.02104604753129693, "oneh-in": 0.0222360867856162, "sft": 0.0, "sfT": 1.7765708208902093e-05, "sfb": 0.012050282481340413, "dsfb-red": 0.022688520154669573}, "dutch": {"roll-out": 0.19441117584805215, "roll-in": 0.16360339966424228, "redirect": 0.049705380913006636, "oneh-out": 0.03105305151814835, "dsfb": 0.0, "sfR": 0.18880787437283908, "alternate": 0.1781255499150457, "dsfb-alt": 0.03272552841960956, "unknown": 0.07325981014373002,