{"shai": {"bad-redirect": 0.0005238133868461216, "sfb": 0.0460011478084352, "dsfb-red": 0.008514059492208558, "unknown": 0.015933861525442673, "sfR": 0.09823378925716947, "oneh-out": 0.0002858451718817587, "alternate": 0.3128125238997744, "roll-out": 0.12787901520079836, "roll-in": 0.27189780928668983, "sfT": 0.00023008032181984765, "redirect": 0.016303980978643703, "dsfb": 0.0, "dsfb-alt": 0.09114518197578486, "oneh-in": 0.010238891694505228, "sft": 0.0}, "english-200": {"bad-redirect": 0.0, "sfb": 0.042316258351893093, "dsfb-red": 0.004454342984409799, "unknown": 0.0, "sfR": 0.10690423162583519, "oneh-out": 0.0, "alternate": 0.31403118040089084, "roll-out": 0.10467706013363029, "roll-in": 0.311804008908686, "sfT": 0.0, "redirect": 0.011135857461024499, "dsfb": 0.0, "dsfb-alt": 0.09131403118040089, "oneh-in": 0.013363028953229399, "sft": 0.0}, "monkeyracer": {"bad-redirect": 0.0004340209894114519, "sfb": 0.04564845081877473, "dsfb-red": 0.010342211864804416, "unknown": 0.010282582854997889, "sfR": 0.09690789370786869, "oneh-out": 0.00014271861363529724, "alternate": 0.30123304972081894, "roll-out": 0.11058150992383127, "roll-in": 0.30106882556266323, "sfT": 0.00012316811861676338, "redirect": 0.016203450271360872, "dsfb": 0.0, "dsfb-alt": 0.087929328870607, "oneh-in": 0.019102788682609444, "sft": 0.0}, "reddit": {"bad-redirect": 0.00040345379824725526, "sfb": 0.046799554331697, "dsfb-red": 0.010879206022702564, "unknown": 0.035133705173074785, "sfR": 0.10397777127267367, "oneh-out": 0.0003371916341864072, "alternate": 0.29464132373000174, "roll-out": 0.1143869991311753, "roll-in": 0.2767112091496474, "sfT": 0.00029606339442450147, "redirect": 0.01656078392372772, "dsfb": 0.0, "dsfb-alt": 0.0856485854114238, "oneh-in": 0.014224153027017844, "sft": 0.0}}