{"english-450k": {"roll-in": 0.24958121406699757, "dsfb": 0.0, "oneh-out": 0.0003332746691956562, "oneh-in": 0.003859262200045489, "bad-redirect": 0.0014748865842913032, "dsfb-alt": 0.09787224587952648, "sft": 0.0, "sfT": 0.0007434363892671524, "alternate": 0.3562624356765271, "roll-out": 0.0835794401102496, "redirect": 0.010197620184984981, "sfb": 0.07457839292615744, "unknown": 0.00015377410175167997, "sfR": 0.11369548401129392, "dsfb-red": 0.00766853319971163}, "shai": {"roll-in": 0.3022264178313759, "dsfb": 0.0, "oneh-out": 0.00011541559056400526, "oneh-in": 0.006481022766363856, "bad-redirect": 0.0008007953225645142, "dsfb-alt": 0.09541199805055249, "sft": 0.0, "sfT": 0.0010534169052644681, "alternate": 0.3032706850902254, "roll-out": 0.07071890211674206, "redirect": 0.009234690907604672, "sfb": 0.0761361043189737, "unknown": 0.021625131245562576, "sfR": 0.09823378925716947, "dsfb-red": 0.014691630597036877}, "tr-quotes": {"roll-in": 0.3113335336677377, "dsfb": 0.0, "oneh-out": 3.35174868819491e-05, "oneh-in": 0.008634798086035922, "bad-redirect": 0.0005871339081389705, "dsfb-alt": 0.09625297612168003, "sft": 0.0, "sfT": 0.0014112017752710294, "alternate": 0.28986038233050554, "roll-out": 0.06410970620189085, "redirect": 0.008715702364716488, "sfb": 0.08759968562908856, "unknown": 0.013984882457640832, "sfR": 0.09677191928064538, "dsfb-red": 0.020704560689766765}, "gutenberg": {"roll-in": 0.32348337862766696, "dsfb": 0.0, "oneh-out": 0.00011631418165395735, "oneh-in": 0.011209542460927717, "bad-redirect": 0.000614343470853068, "dsfb-alt": 0.08753267310827487, "sft": 0.0, "sfT": 0.0011951566320111025, "alternate": 0.2665127303409142, "roll-out": 0.07012835857199526, "redirect": 0.008225723771625629, "sfb": 0.08413758717406929, "unknown": 0.033398840571144305, "sfR": 0.09863878308844841, "dsfb-red": 0.014806568000415245}, "english-200": {"roll-in": 0.32516703786191536, "dsfb": 0.0, "oneh-out": 0.0, "oneh-in": 0.013363028953229399, "bad-redirect": 0.0, "dsfb-alt": 0.11581291759465479, "sft": 0.0, "sfT": 0.0, "alternate": 0.2873051224944321, "roll-out": 0.0467706013363029, "redirect": 0.004454342984409799, "sfb": 0.0957683741648107, "unknown": 0.0, "sfR": 0.10690423162583519, "dsfb-red": 0.004454342984409799}, "monkeyracer": {"roll-in": 0.31138855435819635, "dsfb": 0.0, "oneh-out": 2.7370693025947417e-05, "oneh-in": 0.008612970580415096, "bad-redirect": 0.0005894474248087962, "dsfb-alt": 0.09587856014514287, "sft": 0.0, "sfT": 0.001374399799802931, "alternate": 0.28966502181835246, "roll-out": 0.06438466771978667, "redirect": 0.008663801867463284, "sfb": 0.08808866540500805, "unknown": 0.013260123246320596, "sfR": 0.09690789370786869, "dsfb-red": 0.02115852323380828}, "chained-bigrams": {"roll-in": 0.2832942343691258, "dsfb": 0.0, "oneh-out": 0.0008538356700727027, "oneh-in": 0.008733797413040246, "bad-redirect": 0.0013960050879515671, "dsfb-alt": 0.09852094884193262, "sft": 0.0, "sfT": 0.001237574743086366, "alternate": 0.30982612269651044, "roll-out": 0.0641058522481201, "redirect": 0.011233620477511657, "sfb": 0.0714741618937361, "unknown": 0.020740090474115794, "sfR": 0.11914286586209158, "dsfb-red": 0.009440890222705016}, "english-5k": {"roll-in": 0.2826564898162359, "dsfb": 0.0, "oneh-out": 0.0, "oneh-in": 0.005848923549176588, "bad-redirect": 0.0012029700916746174, "dsfb-alt": 0.10005392624548887, "sft": 0.0, "sfT": 0.0007051893640851205, "alternate": 0.3469531671298793, "roll-out": 0.0762848965030904, "redirect": 0.0076326378230389515, "sfb": 0.06126851122080723, "unknown": 0.002157049819554486, "sfR": 0.10644211224955408, "dsfb-red": 0.008794126187414444}, "mt-quotes": {"roll-in": 0.3166469442153453, "dsfb": 0.0, "oneh-out": 1.0458875700744673e-05, "oneh-in": 0.00885717359343063, "bad-redirect": 0.0005378850360382974, "dsfb-alt": 0.09630682157755704, "sft": 0.0, "sfT": 0.0014343600961021264, "alternate": 0.28740990425646357, "roll-out": 0.06364076451393122, "redirect": 0.008622595952713929, "sfb": 0.08982231864309535, "unknown": 0.008011498786770418, "sfR": 0.0964592223377679, "dsfb-red": 0.02224005211508349}, "wordle": {"roll-in": 0.2130146976326714, "dsfb": 0.0, "oneh-out": 0.0005834174800852687, "oneh-in": 0.003410748345113879, "bad-redirect": 0.002019522046449007, "dsfb-alt": 0.10153708066868619, "sft": 0.0, "sfT": 0.0011892740940199708, "alternate": 0.31448446089980925, "roll-out": 0.11699764389094582, "redirect": 0.018332772354987096, "sfb": 0.08295747784135532, "unknown": 0.0, "sfR": 0.13138112868843263, "dsfb-red": 0.014091776057444183}, "english-1k": {"roll-in": 0.2981651376146789, "dsfb": 0.0, "oneh-out": 0.0, "oneh-in": 0.0077628793225123505, "bad-redirect": 0.00035285815102328866, "dsfb-alt": 0.10973888496824277, "sft": 0.0, "sfT": 0.00035285815102328866, "alternate": 0.3136908962597036, "roll-out": 0.08292166549047283, "redirect": 0.0067043048694424845, "sfb": 0.061397318278052226, "unknown": 0.0, "sfR": 0.10832745236414962, "dsfb-red": 0.01058574453069866}, "english-10k": {"roll-in": 0.2834565137685494, "dsfb": 0.0, "oneh-out": 9.64859805870207e-05, "oneh-in": 0.004554138283707377, "bad-redirect": 0.0012543177476312692, "dsfb-alt": 0.10036471700661893, "sft": 0.0, "sfT": 0.0009841570019876113, "alternate": 0.3387622778410297, "roll-out": 0.07838521062889563, "redirect": 0.010922213002450745, "sfb": 0.06589992474093515, "unknown": 0.0, "sfR": 0.10567144593890508, "dsfb-red": 0.00964859805870207}, "reddit": {"roll-in": 0.2888523179677406, "dsfb": 0.0, "oneh-out": 0.00010270822716497762, "oneh-in": 0.008189501548583108, "bad-redirect": 0.0007682890034211729, "dsfb-alt": 0.09131592949540931, "sft": 0.0, "sfT": 0.0011313262527585044, "alternate": 0.280580185365501, "roll-out": 0.06777383288787105, "redirect": 0.009510137567968818, "sfb": 0.08620239326650556, "unknown": 0.04471343861488479, "sfR": 0.10397777127267367, "dsfb-red": 0.01688216852951747}, "akl": {"roll-in": 0.23476271671254087, "dsfb": 0.0, "oneh-out": 0.00047067982201532847, "oneh-in": 0.0078921517116945, "bad-redirect": 0.0007351499960233114, "dsfb-alt": 0.07646965821207934, "sft": 0.0, "sfT": 0.0008004274810503192, "alternate": 0.23724605310261637, "roll-out": 0.06349898240504936, "redirect": 0.010517853305678278, "sfb": 0.08201891154463455, "unknown": 0.13799139004302904, "sfR": 0.13064861186637447, "dsfb-red": 0.016947413797214282}, "french": {"roll-in": 0.23198754925335538, "dsfb": 0.0, "oneh-out": 0.0008098282897049466, "oneh-in": 0.005260318205556905, "bad-redirect": 0.0006709166846036726, "dsfb-alt": 0.05985245915565086, "sft": 0.0, "sfT": 0.0012594482401680975, "alternate": 0.2459032350328476, "roll-out": 0.10144039438910378, "redirect": 0.01872242882926387, "sfb": 0.05892960787749854, "unknown": 0.1554278533619013, "sfR": 0.10898279115633469, "dsfb-red": 0.010753169524010366}, "keymash": {"roll-in": 0.31046372730519306, "dsfb": 0.0, "oneh-out": 4.5153583757845434e-05, "oneh-in": 0.008772109862774154, "bad-redirect": 0.0004843748075841601, "dsfb-alt": 0.09666150821179494, "sft": 0.0, "sfT": 0.0014449146802510539, "alternate": 0.288005976692541, "roll-out": 0.06652354348905846, "redirect": 0.008837787802785565, "sfb": 0.08698632667386387, "unknown": 0.011982119180831894, "sfR": 0.099723742164827, "dsfb-red": 0.02006871554473694}, "movie": {"roll-in": 0.2834292396447964, "dsfb": 0.0, "oneh-out": 6.369335387487862e-05, "oneh-in": 0.009557556222873574, "bad-redirect": 0.0005666602929446845, "dsfb-alt": 0.09829279439982766, "sft": 0.0, "sfT": 0.002038845313189038, "alternate": 0.270428557573199, "roll-out": 0.05902623652948075, "redirect": 0.009660334134808036, "sfb": 0.09213493673894503, "unknown": 0.02926604332279805, "sfR": 0.11567713207251198, "dsfb-red": 0.02985797040075095}, "dutch": {"roll-in": 0.21772870342534473, "dsfb": 0.0, "oneh-out": 0.0007891342542756607, "oneh-in": 0.006283308915775438, "bad-redirect": 0.0008886860238675367, "dsfb-alt": 0.07241654282165935, "sft": 0.0, "sfT": 0.0011771566415177714, "alternate": 0.25026800261603116,