{"english-450k": {"dsfb-red": 0.013739102064490402, "sfR": 0.11369548401129392, "sfb": 0.02017744245018859, "oneh-out": 0.01569138999509443, "sfT": 1.5494348655587526e-05, "sft": 0.0, "dsfb": 0.0, "alternate": 0.2618436754699904, "bad-redirect": 0.008433603207856395, "oneh-in": 0.01590714149146846, "roll-out": 0.22281955047678742, "roll-in": 0.2492473547053998, "dsfb-alt": 0.04166547291967905, "redirect": 0.036610514757343886, "unknown": 0.00015377410175167997}, "shai": {"dsfb-red": 0.008387535828374308, "sfR": 0.09823378925716947, "sfb": 0.014984454115993985, "oneh-out": 0.009163881778517869, "sfT": 3.381189132015929e-05, "sft": 0.0, "dsfb": 0.0, "alternate": 0.24695556739728633, "bad-redirect": 0.0050716327520805, "oneh-in": 0.024052005289765123, "roll-out": 0.1948465700282354, "roll-in": 0.3046805124607037, "dsfb-alt": 0.035153464031362075, "redirect": 0.03517601303305979, "unknown": 0.023260762136131256}, "tr-quotes": {"dsfb-red": 0.007036360694389866, "sfR": 0.09677191928064538, "sfb": 0.017099697186842653, "oneh-out": 0.008015302466424724, "sfT": 2.195973278472527e-05, "sft": 0.0, "dsfb": 0.0, "alternate": 0.25460229768151454, "bad-redirect": 0.006523196412473128, "oneh-in": 0.025787660941725805, "roll-out": 0.18454150389496313, "roll-in": 0.3188368276276554, "dsfb-alt": 0.030536742100275075, "redirect": 0.036390744550518946, "unknown": 0.013835787429786644}, "gutenberg": {"dsfb-red": 0.008388449963874407, "sfR": 0.09863878308844841, "sfb": 0.013509873255429353, "oneh-out": 0.008823586242798087, "sfT": 1.9701424905556293e-05, "sft": 0.0, "dsfb": 0.0, "alternate": 0.2350290955947235, "bad-redirect": 0.007883222077113651, "oneh-in": 0.02945059924535965, "roll-out": 0.16473497984203245, "roll-in": 0.3345029160003228, "dsfb-alt": 0.028783971223795685, "redirect": 0.037258993795187774, "unknown": 0.032975828246008664}, "english-200": {"dsfb-red": 0.008908685968819599, "sfR": 0.10690423162583519, "sfb": 0.011135857461024499, "oneh-out": 0.004454342984409799, "sfT": 0.0, "sft": 0.0, "dsfb": 0.0, "alternate": 0.26280623608017817, "bad-redirect": 0.0022271714922048997, "oneh-in": 0.031180400890868598, "roll-out": 0.17817371937639198, "roll-in": 0.32962138084632514, "dsfb-alt": 0.024498886414253896, "redirect": 0.0400890868596882, "unknown": 0.0}, "monkeyracer": {"dsfb-red": 0.007010807513646245, "sfR": 0.09690789370786869, "sfb": 0.017092997794704162, "oneh-out": 0.00801765800710074, "sfT": 1.955049501853387e-05, "sft": 0.0, "dsfb": 0.0, "alternate": 0.2542414798942709, "bad-redirect": 0.006589494345996841, "oneh-in": 0.026002158374650045, "roll-out": 0.18457426842047642, "roll-in": 0.31927229147442016, "dsfb-alt": 0.03036778391228866, "redirect": 0.036467538358071226, "unknown": 0.013436077701487402}, "chained-bigrams": {"dsfb-red": 0.01722020973840163, "sfR": 0.11914286586209158, "sfb": 0.015580066086231558, "oneh-out": 0.013464631399465882, "sfT": 3.636106275594779e-05, "sft": 0.0, "dsfb": 0.0, "alternate": 0.26618051060022374, "bad-redirect": 0.006796921516593955, "oneh-in": 0.026236454692492545, "roll-out": 0.16175218766983376, "roll-in": 0.27068603585850093, "dsfb-alt": 0.04523900581062769, "redirect": 0.03474818990084468, "unknown": 0.022916559801936097}, "english-5k": {"dsfb-red": 0.011200066370763678, "sfR": 0.10644211224955408, "sfb": 0.0157630563736674, "oneh-out": 0.010328950097482059, "sfT": 4.148172729912474e-05, "sft": 0.0, "dsfb": 0.0, "alternate": 0.2580993072551541, "bad-redirect": 0.004853362093997594, "oneh-in": 0.0197867839216825, "roll-out": 0.23333471605757664, "roll-in": 0.26817936698884143, "dsfb-alt": 0.039241714024972, "redirect": 0.03057203301945493, "unknown": 0.002157049819554486}, "mt-quotes": {"dsfb-red": 0.006491973559962228, "sfR": 0.0964592223377679, "sfb": 0.01680591912599658, "oneh-out": 0.007530390504536164, "sfT": 1.792950120127658e-05, "sft": 0.0, "dsfb": 0.0, "alternate": 0.2564859970595618, "bad-redirect": 0.006781833829382866, "oneh-in": 0.026607379782694444, "roll-out": 0.18246405135009144, "roll-in": 0.3257416836996928, "dsfb-alt": 0.029833195873824124, "redirect": 0.03680328946582039, "unknown": 0.007977133909467972}, "wordle": {"dsfb-red": 0.01761472007180523, "sfR": 0.13138112868843263, "sfb": 0.02544597778525749, "oneh-out": 0.008818579602827331, "sfT": 6.731740154830023e-05, "sft": 0.0, "dsfb": 0.0, "alternate": 0.23765286659934926, "bad-redirect": 0.008571749130483563, "oneh-in": 0.026926960619320095, "roll-out": 0.20937955794906316, "roll-in": 0.25201391226298664, "dsfb-alt": 0.04131044541680691, "redirect": 0.04081678447211937, "unknown": 0.0}, "english-1k": {"dsfb-red": 0.0067043048694424845, "sfR": 0.10832745236414962, "sfb": 0.014114326040931546, "oneh-out": 0.007057163020465773, "sfT": 0.0, "sft": 0.0, "dsfb": 0.0, "alternate": 0.2424135497529993, "bad-redirect": 0.0038814396612561752, "oneh-in": 0.032462949894142556, "roll-out": 0.21630204657727595, "roll-in": 0.30522230063514466, "dsfb-alt": 0.025405786873676783, "redirect": 0.038108680310515175, "unknown": 0.0}, "english-10k": {"dsfb-red": 0.010420485903398237, "sfR": 0.10567144593890508, "sfb": 0.016055267169680247, "oneh-out": 0.01020821674610679, "sfT": 5.789158835221242e-05, "sft": 0.0, "dsfb": 0.0, "alternate": 0.25356515698269044, "bad-redirect": 0.00494008220605546, "oneh-in": 0.01825514752706432, "roll-out": 0.23602400571197005, "roll-in": 0.2697748017213099, "dsfb-alt": 0.04085216418054457, "redirect": 0.03417533432392273, "unknown": 0.0}, "reddit": {"dsfb-red": 0.007322100229670129, "sfR": 0.10397777127267367, "sfb": 0.01511402879388815, "oneh-out": 0.008120055504394971, "sfT": 5.644832178614926e-05, "sft": 0.0, "dsfb": 0.0, "alternate": 0.25137160619448223, "bad-redirect": 0.004923327484358252, "oneh-in": 0.02410519390110906, "roll-out": 0.1783426480555763, "roll-in": 0.30101106922748017, "dsfb-alt": 0.032543075557033875, "redirect": 0.033827265513315455, "unknown": 0.039285409944231534}, "akl": {"dsfb-red": 0.006612149671834863, "sfR": 0.13064861186637447, "sfb": 0.018495246244981854, "oneh-out": 0.007530259462190117, "sfT": 0.00016697397570496534, "sft": 0.0, "dsfb": 0.0, "alternate": 0.21186783715802485, "bad-redirect": 0.0036236910622695073, "oneh-in": 0.019640715390832387, "roll-out": 0.15772023745092853, "roll-in": 0.2541784940928941, "dsfb-alt": 0.030097516211460805, "redirect": 0.026648186697955715, "unknown": 0.13277008071454782}, "french": {"dsfb-red": 0.012873114631153957, "sfR": 0.10898279115633469, "sfb": 0.01969301224437182, "oneh-out": 0.006178674932206807, "sfT": 0.00016280763725577487, "sft": 0.0, "dsfb": 0.0, "alternate": 0.18433315305687256, "bad-redirect": 0.003476925114914071, "oneh-in": 0.027523629617614197, "roll-out": 0.1536387821545271, "roll-in": 0.25448405297919624, "dsfb-alt": 0.029339293588044362, "redirect": 0.04123422901205129, "unknown": 0.15807953387545715}, "keymash": {"dsfb-red": 0.006809981404933234, "sfR": 0.099723742164827, "sfb": 0.016981852364200595, "oneh-out": 0.008312364282694273, "sfT": 3.694384125641899e-05, "sft": 0.0, "dsfb": 0.0, "alternate": 0.2532130879714958, "bad-redirect": 0.006567794001141154, "oneh-in": 0.026985423602188717, "roll-out": 0.1829910554855447, "roll-in": 0.31871451851912663, "dsfb-alt": 0.031032826655391952, "redirect": 0.036307586212558446, "unknown": 0.01232282349464109}, "movie": {"dsfb-red": 0.006276427313447233, "sfR": 0.11567713207251198, "sfb": 0.02048438795621845, "oneh-out": 0.008555438682052911, "sfT": 2.789874177990551e-05, "sft": 0.0, "dsfb": 0.0, "alternate": 0.253710762952945, "bad-redirect": 0.006593051713081444, "oneh-in": 0.026053871680789965, "roll-out": 0.1619308771825008, "roll-in": 0.3043685613290013, "dsfb-alt": 0.029942324615283587, "redirect": 0.03614281997586759, "unknown": 0.030236445784519856}, "dutch": {"dsfb-red": 0.013502390121079122, "sfR": 0.18880787437283908, "sfb": 0.029743332514852346, "oneh-out": 0.012244222151208307, "sfT": 5.2304126783051626e-05, "sft": 0.0, "dsfb": 0.0, "alternate": 0.20633138854743677,