{"english-450k": {"sfb": 0.029474343989742156, "oneh-out": 0.015462190573472154, "dsfb-red": 0.02453340084581603, "sfR": 0.11369548401129392, "dsfb": 0.0, "bad-redirect": 0.0037785746485560143, "redirect": 0.04518093598729113, "alternate": 0.26533487380291537, "sfT": 0.00023446165324115463, "oneh-in": 0.020864163676452274, "dsfb-alt": 0.034244264606054724, "roll-in": 0.25438066164961604, "sft": 0.0, "unknown": 0.00015377410175167997, "roll-out": 0.19266287045379732}, "shai": {"sfb": 0.016495604918577437, "oneh-out": 0.009414746195620369, "dsfb-red": 0.018973761879445744, "sfR": 0.09823378925716947, "dsfb": 0.0, "bad-redirect": 0.003977518498231842, "redirect": 0.04280802184025244, "alternate": 0.2384749172738822, "sfT": 4.132435481059303e-05, "oneh-in": 0.0306040848913793, "dsfb-alt": 0.025717604755710635, "roll-in": 0.31218031584393646, "sft": 0.0, "unknown": 0.023260762136131256, "roll-out": 0.17981754815485226}, "tr-quotes": {"sfb": 0.014135133260904742, "oneh-out": 0.008639421187674811, "dsfb-red": 0.015641108619773005, "sfR": 0.09677191928064538, "dsfb": 0.0, "bad-redirect": 0.005975358868264719, "redirect": 0.04874829523127066, "alternate": 0.23244723885254617, "sfT": 3.0050160652781953e-05, "oneh-in": 0.03706918471602598, "dsfb-alt": 0.022999930653475418, "roll-in": 0.33369085319340747, "sft": 0.0, "unknown": 0.013835787429786644, "roll-out": 0.17001571854557224}, "gutenberg": {"sfb": 0.01741549130617795, "oneh-out": 0.009578870676437057, "dsfb-red": 0.015613947547987178, "sfR": 0.09863878308844841, "dsfb": 0.0, "bad-redirect": 0.006343479946033251, "redirect": 0.04582608264065775, "alternate": 0.21964834472037806, "sfT": 0.0002803664313483011, "oneh-in": 0.03382734656284016, "dsfb-alt": 0.02139536857387826, "roll-in": 0.35013069243309947, "sft": 0.0, "unknown": 0.032975828246008664, "roll-out": 0.1483253978267055}, "english-200": {"sfb": 0.004454342984409799, "oneh-out": 0.0022271714922048997, "dsfb-red": 0.0200445434298441, "sfR": 0.10690423162583519, "dsfb": 0.0, "bad-redirect": 0.0022271714922048997, "redirect": 0.044543429844097995, "alternate": 0.24944320712694878, "sfT": 0.0, "oneh-in": 0.0378619153674833, "dsfb-alt": 0.017817371937639197, "roll-in": 0.3674832962138085, "sft": 0.0, "unknown": 0.0, "roll-out": 0.14699331848552338}, "monkeyracer": {"sfb": 0.01405778344307678, "oneh-out": 0.008558229194363201, "dsfb-red": 0.01555339631199462, "sfR": 0.09690789370786869, "dsfb": 0.0, "bad-redirect": 0.006013732267701018, "redirect": 0.04864554170511597, "alternate": 0.2321875439886138, "sfT": 2.7370693025947417e-05, "oneh-in": 0.037295501822106135, "dsfb-alt": 0.022888742042948527, "roll-in": 0.33450017204435617, "sft": 0.0, "unknown": 0.013436077701487402, "roll-out": 0.16992801507734176}, "chained-bigrams": {"sfb": 0.017983792056276537, "oneh-out": 0.014069134067783514, "dsfb-red": 0.027607136897453362, "sfR": 0.11914286586209158, "dsfb": 0.0, "bad-redirect": 0.0064644775142538614, "redirect": 0.04409363233381534, "alternate": 0.2518523039603041, "sfT": 9.025335219779899e-05, "oneh-in": 0.035015703433977724, "dsfb-alt": 0.03734475936443459, "roll-in": 0.2861583173658488, "sft": 0.0, "unknown": 0.022916559801936097, "roll-out": 0.1372610639896267}, "english-5k": {"sfb": 0.019828265648981623, "oneh-out": 0.009001534823910067, "dsfb-red": 0.023520139378603724, "sfR": 0.10644211224955408, "dsfb": 0.0, "bad-redirect": 0.002447421910648359, "redirect": 0.04571286348363546, "alternate": 0.2664371344422782, "sfT": 0.0, "oneh-in": 0.026216451653046834, "dsfb-alt": 0.02891276392748994, "roll-in": 0.26108599162069107, "sft": 0.0, "unknown": 0.002157049819554486, "roll-out": 0.20823827104160617}, "mt-quotes": {"sfb": 0.013098994752632648, "oneh-out": 0.007936792531765099, "dsfb-red": 0.014779885490252328, "sfR": 0.0964592223377679, "dsfb": 0.0, "bad-redirect": 0.006230501667443612, "redirect": 0.04932555192981198, "alternate": 0.23228565281313873, "sfT": 1.3447125900957435e-05, "oneh-in": 0.038851734978066245, "dsfb-alt": 0.022250510990784237, "roll-in": 0.3428897574736138, "sft": 0.0, "unknown": 0.007977133909467972, "roll-out": 0.16790081399935453}, "wordle": {"sfb": 0.036486031639178726, "oneh-out": 0.011533714798608773, "dsfb-red": 0.029081117468865703, "sfR": 0.13138112868843263, "dsfb": 0.0, "bad-redirect": 0.004644900706832716, "redirect": 0.03365870077415012, "alternate": 0.2396948277796477, "sfT": 0.00026926960619320093, "oneh-in": 0.028632334791877035, "dsfb-alt": 0.037585549197800966, "roll-in": 0.2573544261191518, "sft": 0.0, "unknown": 0.0, "roll-out": 0.18967799842926064}, "english-1k": {"sfb": 0.022582921665490474, "oneh-out": 0.005998588567395907, "dsfb-red": 0.021877205363443897, "sfR": 0.10832745236414962, "dsfb": 0.0, "bad-redirect": 0.003175723359209598, "redirect": 0.040578687367678196, "alternate": 0.2360621030345801, "sfT": 0.0, "oneh-in": 0.043754410726887794, "dsfb-alt": 0.02646436132674665, "roll-in": 0.3013408609738885, "sft": 0.0, "unknown": 0.0, "roll-out": 0.1898376852505293}, "english-10k": {"sfb": 0.02140059049420119, "oneh-out": 0.010536269080102661, "dsfb-red": 0.022577719457362845, "sfR": 0.10567144593890508, "dsfb": 0.0, "bad-redirect": 0.002431446710792922, "redirect": 0.04413268752050327, "alternate": 0.2558422261245441, "sfT": 7.718878446961657e-05, "oneh-in": 0.025105652148742788, "dsfb-alt": 0.030219409119854886, "roll-in": 0.27087474190000194, "sft": 0.0, "unknown": 0.0, "roll-out": 0.21113062272051872}, "reddit": {"sfb": 0.014474031430890042, "oneh-out": 0.009090764369085123, "dsfb-red": 0.016616183437942526, "sfR": 0.10397777127267367, "dsfb": 0.0, "bad-redirect": 0.004379745503097073, "redirect": 0.04276205721357674, "alternate": 0.22733780612305096, "sfT": 4.989327446526265e-05, "oneh-in": 0.03369339271831632, "dsfb-alt": 0.023944726342693755, "roll-in": 0.31158361140780505, "sft": 0.0, "unknown": 0.039285409944231534, "roll-out": 0.17280460696217195}, "akl": {"sfb": 0.021310578685893068, "oneh-out": 0.007919107705700734, "dsfb-red": 0.014513072582312327, "sfR": 0.13064861186637447, "dsfb": 0.0, "bad-redirect": 0.00302136913570312, "redirect": 0.0313804584559829, "alternate": 0.19542962233466432, "sfT": 0.00010068347898753088, "oneh-in": 0.027796670171275323, "dsfb-alt": 0.02174614900517434, "roll-in": 0.26777140615386813, "sft": 0.0, "unknown": 0.13277008071454782, "roll-out": 0.14559218970951593}, "french": {"sfb": 0.022087709284857978, "oneh-out": 0.005860925122824482, "dsfb-red": 0.019096555296324806, "sfR": 0.10898279115633469, "dsfb": 0.0, "bad-redirect": 0.003519413608450224, "redirect": 0.051569854701487394, "alternate": 0.18584378679867225, "sfT": 0.00018764752522578267, "oneh-in": 0.036689698096930484, "dsfb-alt": 0.02647678864534862, "roll-in": 0.23830134538556308, "sft": 0.0, "unknown": 0.15807953387545715, "roll-out": 0.14330395050252306}, "keymash": {"sfb": 0.014822690086325443, "oneh-out": 0.00869001243775989, "dsfb-red": 0.015003304421356825, "sfR": 0.099723742164827, "dsfb": 0.0, "bad-redirect": 0.00637076018110692, "redirect": 0.047739652645794765, "alternate": 0.2306732399338295, "sfT": 5.3363326259271875e-05, "oneh-in": 0.03722707737271821, "dsfb-alt": 0.02432546703172655, "roll-in": 0.3363408356696892, "sft": 0.0, "unknown": 0.01232282349464109, "roll-out": 0.16670703123396535}, "movie": {"sfb": 0.01245441944363329, "oneh-out": 0.01036622494097508, "dsfb-red": 0.01642748978833672, "sfR": 0.11567713207251198, "dsfb": 0.0, "bad-redirect": 0.008038522372093152, "redirect": 0.05091573013968189, "alternate": 0.2190013066349393, "sfT": 2.0266067142006834e-05, "oneh-in": 0.03754775850059528, "dsfb-alt": 0.022557053913923698, "roll-in": 0.31486296256475765, "sft": 0.0, "unknown": 0.030236445784519856, "roll-out": 0.1618946877768901}, "dutch": {"sfb": 0.035246867050942716, "oneh-out": 0.015962028889450162, "dsfb-red": 0.023120629525799706, "sfR": 0.18880787437283908, "dsfb": 0.0, "bad-redirect": 0.004302135460767082, "redirect": 0.030263684163547636, "alternate": 0.18624773350278173,