{"english-450k": {"dsfb": 0.0, "roll-out": 0.23273359484675504, "sfT": 0.0006551478365504084, "roll-in": 0.16570942775569913, "dsfb-alt": 0.051438314074540095, "oneh-out": 0.008263165372644932, "bad-redirect": 0.0003508154412585855, "alternate": 0.3377849863854374, "unknown": 0.0045810649704350285, "oneh-in": 0.002402793426420262, "redirect": 0.02763314761553668, "dsfb-red": 0.014639528363720771, "sfR": 0.11369548401129392, "sfb": 0.04011252989970771, "sft": 0.0}, "shai": {"dsfb": 0.0, "roll-out": 0.28095233653483226, "sfT": 0.00015486666751299605, "roll-in": 0.169090621132494, "dsfb-alt": 0.04928638563576728, "oneh-out": 0.016101291539936582, "bad-redirect": 0.00035867078395594796, "alternate": 0.2954076322294205, "unknown": 0.01923259933868647, "oneh-in": 0.0027144067143232684, "redirect": 0.026385780520573082, "dsfb-red": 0.018143837860215076, "sfR": 0.09823378925716947, "sfb": 0.023937781785113046, "sft": 0.0}, "tr-quotes": {"dsfb": 0.0, "roll-out": 0.29035736575668614, "sfT": 0.00014909502785418738, "roll-in": 0.15773907214350108, "dsfb-alt": 0.04808488014609001, "oneh-out": 0.02660017105476064, "bad-redirect": 0.0004958276507709022, "alternate": 0.2923718822958323, "unknown": 0.010695545641570929, "oneh-in": 0.002122003652250295, "redirect": 0.026023439125309168, "dsfb-red": 0.02215274727814891, "sfR": 0.09677191928064538, "sfb": 0.02643605094658006, "sft": 0.0}, "gutenberg": {"dsfb": 0.0, "roll-out": 0.30035276916787623, "sfT": 0.00016064238769145903, "roll-in": 0.14634028983069278, "dsfb-alt": 0.04516570603276574, "oneh-out": 0.020051314634407857, "bad-redirect": 0.000747517525743511, "alternate": 0.27665555430527283, "unknown": 0.03144783119516042, "oneh-in": 0.004460288936551182, "redirect": 0.02611404927553693, "dsfb-red": 0.025641593951359454, "sfR": 0.09863878308844841, "sfb": 0.024223659668493217, "sft": 0.0}, "english-200": {"dsfb": 0.0, "roll-out": 0.3363028953229399, "sfT": 0.0, "roll-in": 0.1447661469933185, "dsfb-alt": 0.053452115812917596, "oneh-out": 0.015590200445434299, "bad-redirect": 0.0, "alternate": 0.29175946547884185, "unknown": 0.0, "oneh-in": 0.0, "redirect": 0.0200445434298441, "dsfb-red": 0.0200445434298441, "sfR": 0.10690423162583519, "sfb": 0.011135857461024499, "sft": 0.0}, "monkeyracer": {"dsfb": 0.0, "roll-out": 0.2903492891440011, "sfT": 0.00014271861363529724, "roll-in": 0.15760533806715987, "dsfb-alt": 0.048213475765206376, "oneh-out": 0.027116536590706477, "bad-redirect": 0.0005073353457309539, "alternate": 0.29220756369551276, "unknown": 0.010148661964120932, "oneh-in": 0.0021730375213100395, "redirect": 0.026025618968672285, "dsfb-red": 0.022189811846035943, "sfR": 0.09690789370786869, "sfb": 0.026412718770039256, "sft": 0.0}, "chained-bigrams": {"dsfb": 0.0, "roll-out": 0.2633469449240281, "sfT": 0.00021751707184361626, "roll-in": 0.14362295136253342, "dsfb-alt": 0.05472989249462214, "oneh-out": 0.010719371161391824, "bad-redirect": 0.001503140362143199, "alternate": 0.2991950569732402, "unknown": 0.019745355685863792, "oneh-in": 0.0049509482770375346, "redirect": 0.03305480326392483, "dsfb-red": 0.02433399194472599, "sfR": 0.11914286586209158, "sfb": 0.025437160616553763, "sft": 0.0}, "english-5k": {"dsfb": 0.0, "roll-out": 0.2522089019786784, "sfT": 8.296345459824948e-05, "roll-in": 0.18567221139088233, "dsfb-alt": 0.04973659103165056, "oneh-out": 0.009043016551209192, "bad-redirect": 0.00012444518189737422, "alternate": 0.3243456257518563, "unknown": 0.005185215912390592, "oneh-in": 0.0015348239100676153, "redirect": 0.02546978056166259, "dsfb-red": 0.013688970008711162, "sfR": 0.10644211224955408, "sfb": 0.02646534201684158, "sft": 0.0}, "mt-quotes": {"dsfb": 0.0, "roll-out": 0.2952824494089241, "sfT": 0.00012401238330882967, "roll-in": 0.15704599514708167, "dsfb-alt": 0.048160134351729, "oneh-out": 0.028679731296541996, "bad-redirect": 0.0005244379101373399, "alternate": 0.2907432973548009, "unknown": 0.0058868528944191435, "oneh-in": 0.002109704641350211, "redirect": 0.025924564611945828, "dsfb-red": 0.02294229091213349, "sfR": 0.0964592223377679, "sfb": 0.026117306749859553, "sft": 0.0}, "wordle": {"dsfb": 0.0, "roll-out": 0.21943228991360933, "sfT": 0.0005385392123864019, "roll-in": 0.17641647032424548, "dsfb-alt": 0.05962077863794458, "oneh-out": 0.007449792438011893, "bad-redirect": 0.0005385392123864019, "alternate": 0.3023000112195669, "unknown": 0.004330752832940648, "oneh-in": 0.0072254010995175585, "redirect": 0.029148434870414002, "dsfb-red": 0.018108381016492762, "sfR": 0.13138112868843263, "sfb": 0.04350948053405138, "sft": 0.0}, "english-1k": {"dsfb": 0.0, "roll-out": 0.29604798870853916, "sfT": 0.0, "roll-in": 0.14855328158080452, "dsfb-alt": 0.05469301340860974, "oneh-out": 0.016937191249117856, "bad-redirect": 0.00035285815102328866, "alternate": 0.312985179957657, "unknown": 0.006351446718419196, "oneh-in": 0.0017642907551164433, "redirect": 0.02364149611856034, "dsfb-red": 0.009880028228652082, "sfR": 0.10832745236414962, "sfb": 0.020465772759350742, "sft": 0.0}, "english-10k": {"dsfb": 0.0, "roll-out": 0.2418324617433087, "sfT": 7.718878446961657e-05, "roll-in": 0.2046853592173057, "dsfb-alt": 0.04963238841396345, "oneh-out": 0.00843287470330561, "bad-redirect": 0.00011578317670442484, "alternate": 0.3137338144767565, "unknown": 0.00494008220605546, "oneh-in": 0.003126145771019471, "redirect": 0.02684239979930916, "dsfb-red": 0.013816792420061366, "sfR": 0.10567144593890508, "sfb": 0.027093263348835415, "sft": 0.0}, "reddit": {"dsfb": 0.0, "roll-out": 0.2820162276751476, "sfT": 0.0001775481388628716, "roll-in": 0.15157292106206, "dsfb-alt": 0.046830981101424, "oneh-out": 0.019795980707184725, "bad-redirect": 0.0003347194449111014, "alternate": 0.27881612848791726, "unknown": 0.04047056249984783, "oneh-in": 0.002159719533872458, "redirect": 0.025199287485084928, "dsfb-red": 0.019874791104688413, "sfR": 0.10397777127267367, "sfb": 0.02877336148632514, "sft": 0.0}, "akl": {"dsfb": 0.0, "roll-out": 0.23786438555541195, "sfT": 0.00029098143117451563, "roll-in": 0.1348681020482281, "dsfb-alt": 0.03861603034666767, "oneh-out": 0.017266092450461196, "bad-redirect": 0.0004623039448676541, "alternate": 0.23734683541201274, "unknown": 0.13217309563005783, "oneh-in": 0.0017124839088652186, "redirect": 0.02375351814636255, "dsfb-red": 0.017762097564737192, "sfR": 0.13064861186637447, "sfb": 0.027235461694778935, "sft": 0.0}, "french": {"dsfb": 0.0, "roll-out": 0.23440618727151105, "sfT": 0.0005656393065787964, "roll-in": 0.1581934258105283, "dsfb-alt": 0.03512787141351832, "oneh-out": 0.009674522108946041, "bad-redirect": 0.0017893708441410442, "alternate": 0.2212369416237014, "unknown": 0.17297402809930676, "oneh-in": 0.002035387611544843, "redirect": 0.02158818483087969, "dsfb-red": 0.011052251962819332, "sfR": 0.10898279115633469, "sfb": 0.02237339796018975, "sft": 0.0}, "keymash": {"dsfb": 0.0, "roll-out": 0.2914007052168809, "sfT": 0.0001518802362763892, "roll-in": 0.15834951336751324, "dsfb-alt": 0.048872597110991615, "oneh-out": 0.02565134044570692, "bad-redirect": 0.0005295283913420056, "alternate": 0.288092178988806, "unknown": 0.010122612504258804, "oneh-in": 0.002204315861633, "redirect": 0.027137303838465108, "dsfb-red": 0.02231408011887707, "sfR": 0.099723742164827, "sfb": 0.02545020175442197, "sft": 0.0}, "movie": {"dsfb": 0.0, "roll-out": 0.282789016160083, "sfT": 0.00028240896160225106, "roll-in": 0.13796441041733754, "dsfb-alt": 0.04468983639625109, "oneh-out": 0.038744377646843776, "bad-redirect": 0.0007124706980962662, "alternate": 0.28564034652869247, "unknown": 0.012505611002842644, "oneh-in": 0.002212028068766187, "redirect": 0.027612516480984308, "dsfb-red": 0.023367828197442556, "sfR": 0.11567713207251198, "sfb": 0.02780201736854593, "sft": 0.0}, "dutch": {"dsfb": 0.0, "roll-out": 0.18220555869683147, "sfT": 0.00037208191116733095, "roll-in": 0.1476226689564052, "dsfb-alt": 0.04149540815669678, "oneh-out": 0.005625876345154736, "bad-redirect": 0.000643285173969407,