{"english-450k": {"dsfb": 0.0, "roll-out": 0.20929766163967628, "sfb": 0.04479825481011822, "sft": 0.0, "bad-redirect": 0.00035607767287746425, "redirect": 0.033797559610852124, "oneh-in": 0.00452376511502946, "dsfb-red": 0.01610652160058376, "dsfb-alt": 0.04661050891041986, "alternate": 0.3395656670960258, "sfR": 0.11369548401129392, "sfT": 0.000498742618989289, "unknown": 5.846924020976424e-07, "roll-in": 0.18473122567314174, "oneh-out": 0.006017946548589985}, "shai": {"dsfb": 0.0, "roll-out": 0.26650191368492954, "sfb": 0.02269489675761921, "sft": 0.0, "bad-redirect": 0.000500571581972317, "redirect": 0.02881846017798307, "oneh-in": 0.005969625650964057, "dsfb-red": 0.01271925865880117, "dsfb-alt": 0.04561949840740419, "alternate": 0.31424869327257926, "sfR": 0.09823378925716947, "sfT": 0.00011311269732505211, "unknown": 0.024498495649505687, "roll-in": 0.17103431721189374, "oneh-out": 0.009047366991853253}, "tr-quotes": {"dsfb": 0.0, "roll-out": 0.2878042578766094, "sfb": 0.023745405792746352, "sft": 0.0, "bad-redirect": 0.0005501490950278542, "redirect": 0.028295693580823376, "oneh-in": 0.004939784101153464, "dsfb-red": 0.012853378331522619, "dsfb-alt": 0.04764568549039551, "alternate": 0.29989944753935416, "sfR": 0.09677191928064538, "sfT": 6.356764753473105e-05, "unknown": 0.03423406763597698, "roll-in": 0.15146321166870855, "oneh-out": 0.01173343195950163}, "gutenberg": {"dsfb": 0.0, "roll-out": 0.2934542394624845, "sfb": 0.020998498524098064, "sft": 0.0, "bad-redirect": 0.0005550497593584609, "redirect": 0.02729177772397773, "oneh-in": 0.007147070758046422, "dsfb-red": 0.01596648939172987, "dsfb-alt": 0.042699049747234506, "alternate": 0.2952343768647683, "sfR": 0.09863878308844841, "sfT": 1.6859873236485673e-05, "unknown": 0.0359494173493021, "roll-in": 0.14772412549353017, "oneh-out": 0.014324261963784992}, "english-200": {"dsfb": 0.0, "roll-out": 0.31625835189309576, "sfb": 0.017817371937639197, "sft": 0.0, "bad-redirect": 0.0, "redirect": 0.026726057906458798, "oneh-in": 0.0022271714922048997, "dsfb-red": 0.008908685968819599, "dsfb-alt": 0.0556792873051225, "alternate": 0.32962138084632514, "sfR": 0.10690423162583519, "sfT": 0.0, "unknown": 0.0, "roll-in": 0.12249443207126949, "oneh-out": 0.013363028953229399}, "monkeyracer": {"dsfb": 0.0, "roll-out": 0.28859951983984233, "sfb": 0.02375385144751865, "sft": 0.0, "bad-redirect": 0.0005591441575300687, "redirect": 0.028350172826375964, "oneh-in": 0.004944320190187215, "dsfb-red": 0.012956113048782395, "dsfb-alt": 0.047531163489059544, "alternate": 0.2993307865555156, "sfR": 0.09690789370786869, "sfT": 6.451663356116176e-05, "unknown": 0.033700165788197754, "roll-in": 0.15147528035409857, "oneh-out": 0.011827071961462064}, "chained-bigrams": {"dsfb": 0.0, "roll-out": 0.24280813890445416, "sfb": 0.023070445013956803, "sft": 0.0, "bad-redirect": 0.0014421057210885723, "redirect": 0.03149322547949528, "oneh-in": 0.0054028643427185994, "dsfb-red": 0.02191143613861097, "dsfb-alt": 0.054227330662959566, "alternate": 0.3029129756400359, "sfR": 0.11914286586209158, "sfT": 0.00018375322785595046, "unknown": 0.027387671911533535, "roll-in": 0.1597354472962628, "oneh-out": 0.01028173979893631}, "english-5k": {"dsfb": 0.0, "roll-out": 0.22217613141411208, "sfb": 0.023893474924295846, "sft": 0.0, "bad-redirect": 0.00024889036379474843, "redirect": 0.030074252291865434, "oneh-in": 0.005268179366988842, "dsfb-red": 0.013357116190318164, "dsfb-alt": 0.04239432529970548, "alternate": 0.3474509478574688, "sfR": 0.10644211224955408, "sfT": 0.00016592690919649896, "unknown": 8.296345459824948e-05, "roll-in": 0.2023893474924296, "oneh-out": 0.006056332185672211}, "mt-quotes": {"dsfb": 0.0, "roll-out": 0.2953706027898304, "sfb": 0.022943785037233596, "sft": 0.0, "bad-redirect": 0.0005602969125398931, "redirect": 0.027874397867584656, "oneh-in": 0.004973942458254145, "dsfb-red": 0.012963029368522968, "dsfb-alt": 0.04816461672702932, "alternate": 0.29811829884892604, "sfR": 0.0964592223377679, "sfT": 3.884725260276592e-05, "unknown": 0.03074311805978891, "roll-in": 0.14958881677245073, "oneh-out": 0.012201025567468713}, "wordle": {"dsfb": 0.0, "roll-out": 0.21501178054527095, "sfb": 0.0396948277796477, "sft": 0.0, "bad-redirect": 0.0005385392123864019, "redirect": 0.04012117132278694, "oneh-in": 0.006238079210142488, "dsfb-red": 0.02584988219454729, "dsfb-alt": 0.05277684281386739, "alternate": 0.30799955121732303, "sfR": 0.13138112868843263, "sfT": 0.0005609783462358353, "unknown": 0.0, "roll-in": 0.1713227869404241, "oneh-out": 0.008504431728935263}, "english-1k": {"dsfb": 0.0, "roll-out": 0.2681721947776994, "sfb": 0.019054340155257588, "sft": 0.0, "bad-redirect": 0.00035285815102328866, "redirect": 0.02928722653493296, "oneh-in": 0.004234297812279464, "dsfb-red": 0.010938602681721948, "dsfb-alt": 0.04728299223712068, "alternate": 0.3405081157374735, "sfR": 0.10832745236414962, "sfT": 0.0, "unknown": 0.0, "roll-in": 0.15913902611150318, "oneh-out": 0.012702893436838392}, "english-10k": {"dsfb": 0.0, "roll-out": 0.2124428320565022, "sfb": 0.026572239053665504, "sft": 0.0, "bad-redirect": 0.00017367476505663728, "redirect": 0.029949248374211226, "oneh-in": 0.006387371914860771, "dsfb-red": 0.013951872792883194, "dsfb-alt": 0.04330290808745489, "alternate": 0.3392833021361996, "sfR": 0.10567144593890508, "sfT": 0.00011578317670442484, "unknown": 0.0, "roll-in": 0.21595492174986974, "oneh-out": 0.006194399953686729}, "reddit": {"dsfb": 0.0, "roll-out": 0.26993471360155463, "sfb": 0.024981959573337587, "sft": 0.0, "bad-redirect": 0.000447990662616022, "redirect": 0.02794064573209297, "oneh-in": 0.005538715326843087, "dsfb-red": 0.013022032263193765, "dsfb-alt": 0.04437976797754503, "alternate": 0.28888355745040123, "sfR": 0.10397777127267367, "sfT": 0.0001987864921825442, "unknown": 0.05928617032972075, "roll-in": 0.15129839568026127, "oneh-out": 0.010109493637577427}, "akl": {"dsfb": 0.0, "roll-out": 0.23244064684206084, "sfb": 0.02581452749193896, "sft": 0.0, "bad-redirect": 0.0004605991203154726, "redirect": 0.025903376029470043, "oneh-in": 0.004108355387133165, "dsfb-red": 0.011614179030742014, "dsfb-alt": 0.03638779994936424, "alternate": 0.2490926071321014, "sfR": 0.13064861186637447, "sfT": 0.0002736614020284398, "unknown": 0.147119885461486, "roll-in": 0.12850073059144343, "oneh-out": 0.00763501969554156}, "french": {"dsfb": 0.0, "roll-out": 0.1812269685135543, "sfb": 0.01868094411889659, "sft": 0.0, "bad-redirect": 0.0018955920779814275, "redirect": 0.019408027715442092, "oneh-in": 0.005401686832146165, "dsfb-red": 0.007885645665470262, "dsfb-alt": 0.034349025565503344, "alternate": 0.25282461961899, "sfR": 0.10898279115633469, "sfT": 0.00022114691575710803, "unknown": 0.17678065853059957, "roll-in": 0.18246598152622473, "oneh-out": 0.009876911763099742}, "keymash": {"dsfb": 0.0, "roll-out": 0.2901979779404219, "sfb": 0.022318184990127783, "sft": 0.0, "bad-redirect": 0.0006198355588576965, "redirect": 0.028844930278761807, "oneh-in": 0.005044886767126549, "dsfb-red": 0.013669221264875027, "dsfb-alt": 0.04738663371823343, "alternate": 0.29893724883319034, "sfR": 0.099723742164827, "sfT": 4.5153583757845434e-05, "unknown": 0.029776736052673707, "roll-in": 0.1518802362763892, "oneh-out": 0.011555212570757718}, "movie": {"dsfb": 0.0, "roll-out": 0.2894957684057014, "sfb": 0.023170168243888695, "sft": 0.0, "bad-redirect": 0.0007194453835412426, "redirect": 0.029490680833261722, "oneh-in": 0.004503541232037388, "dsfb-red": 0.013020158551707883, "dsfb-alt": 0.04626808927439452, "alternate": 0.27595211365210454, "sfR": 0.11567713207251198, "sfT": 9.040771510752398e-05, "unknown": 0.06600118517013429, "roll-in": 0.12320913436389355, "oneh-out": 0.01240217510171526}, "dutch": {"dsfb": 0.0, "roll-out": 0.18257972058013006, "sfb": 0.053873734717987516, "sft": 0.0, "bad-redirect": 0.0006989423592743751, "redirect": 0.02609656758336896, "oneh-in": 0.004315511833266278, "dsfb-red": 0.013183455084023882,