{"english-450k": {"sft": 0.0, "dsfb-alt": 0.08970204659881506, "unknown": 0.08730100724960109, "sfT": 0.006344204908960469, "dsfb-red": 0.014464705335493577, "sfb": 0.14814819145869645, "roll-in": 0.12803126467212497, "redirect": 0.012085007258956173, "oneh-out": 0.00276033283030297, "oneh-in": 0.0034151883206523298, "sfR": 0.11369548401129392, "roll-out": 0.14826366820811074, "alternate": 0.24578889914699226, "bad-redirect": 0.0, "dsfb": 0.0}, "shai": {"sft": 0.0, "dsfb-alt": 0.08646685242564713, "unknown": 0.12180572064999336, "sfT": 0.004736180550545526, "dsfb-red": 0.01111635594508726, "sfb": 0.13377206481355622, "roll-in": 0.1161998747226078, "redirect": 0.009758647499576577, "oneh-out": 0.001960002111695044, "oneh-in": 0.0037470627467579135, "sfR": 0.09823378925716947, "roll-out": 0.1808038753938915, "alternate": 0.2313995738834722, "bad-redirect": 0.0, "dsfb": 0.0}, "tr-quotes": {"sft": 0.0, "dsfb-alt": 0.08470677977855343, "unknown": 0.13409653036222002, "sfT": 0.004183906983195026, "dsfb-red": 0.010683987887473706, "sfb": 0.1332331661311574, "roll-in": 0.11630567948036337, "redirect": 0.009214997341716557, "oneh-out": 0.00175099974572941, "oneh-in": 0.003200342109521278, "sfR": 0.09677191928064538, "roll-out": 0.18122327269365018, "alternate": 0.22462841820577426, "bad-redirect": 0.0, "dsfb": 0.0}, "gutenberg": {"sft": 0.0, "dsfb-alt": 0.081585494901688, "unknown": 0.1363639807941417, "sfT": 0.004178785884535253, "dsfb-red": 0.010110240838553265, "sfb": 0.11797592107002985, "roll-in": 0.11630452037828251, "redirect": 0.009236558418703017, "oneh-out": 0.002522919008578834, "oneh-in": 0.003326130947036129, "sfR": 0.09863878308844841, "roll-out": 0.2121968490601852, "alternate": 0.20755981560981782, "bad-redirect": 0.0, "dsfb": 0.0}, "english-200": {"sft": 0.0, "dsfb-alt": 0.0935412026726058, "unknown": 0.044543429844097995, "sfT": 0.0022271714922048997, "dsfb-red": 0.011135857461024499, "sfb": 0.13140311804008908, "roll-in": 0.14699331848552338, "redirect": 0.017817371937639197, "oneh-out": 0.0022271714922048997, "oneh-in": 0.0066815144766146995, "sfR": 0.10690423162583519, "roll-out": 0.18485523385300667, "alternate": 0.2516703786191537, "bad-redirect": 0.0, "dsfb": 0.0}, "monkeyracer": {"sft": 0.0, "dsfb-alt": 0.08485403600419163, "unknown": 0.13379185760983467, "sfT": 0.00425418771603297, "dsfb-red": 0.010695098299888954, "sfb": 0.1335797347388836, "roll-in": 0.11621400753867088, "redirect": 0.009329496222844362, "oneh-out": 0.0017614996011699015, "oneh-in": 0.0032121463315451146, "sfR": 0.09690789370786869, "roll-out": 0.18108548258441903, "alternate": 0.2243145596446502, "bad-redirect": 0.0, "dsfb": 0.0}, "chained-bigrams": {"sft": 0.0, "dsfb-alt": 0.09323755656255499, "unknown": 0.11224205559476634, "sfT": 0.004057505020748532, "dsfb-red": 0.012743903191267631, "sfb": 0.12484505966785468, "roll-in": 0.09533546002263477, "redirect": 0.015608635492682661, "oneh-out": 0.005927502533911561, "oneh-in": 0.003261457468270103, "sfR": 0.11914286586209158, "roll-out": 0.17253389208166434, "alternate": 0.2410641065015528, "bad-redirect": 0.0, "dsfb": 0.0}, "english-5k": {"sft": 0.0, "dsfb-alt": 0.0952420458787904, "unknown": 0.08221678350686523, "sfT": 0.00543410627618534, "dsfb-red": 0.013274152735719915, "sfb": 0.14049861036213548, "roll-in": 0.13688970008711163, "redirect": 0.008960053096610942, "oneh-out": 0.0018666777284606132, "oneh-in": 0.004106691002613349, "sfR": 0.10644211224955408, "roll-out": 0.15597129464470902, "alternate": 0.24909777243124404, "bad-redirect": 0.0, "dsfb": 0.0}, "mt-quotes": {"sft": 0.0, "dsfb-alt": 0.08583898112621173, "unknown": 0.1272008462724567, "sfT": 0.004271703661204145, "dsfb-red": 0.010499217078447544, "sfb": 0.13391395034723466, "roll-in": 0.11629223891658001, "redirect": 0.009408505755369886, "oneh-out": 0.0017526087424247858, "oneh-in": 0.003191451213827231, "sfR": 0.0964592223377679, "roll-out": 0.18419873059131495, "alternate": 0.22697254395716043, "bad-redirect": 0.0, "dsfb": 0.0}, "wordle": {"sft": 0.0, "dsfb-alt": 0.09146190957029059, "unknown": 0.08015258611017614, "sfT": 0.0077639403119039605, "dsfb-red": 0.0190732637720184, "sfb": 0.17042522158644677, "roll-in": 0.1209469314484461, "redirect": 0.0190732637720184, "oneh-out": 0.003208796140468978, "oneh-in": 0.004128800628295748, "sfR": 0.13138112868843263, "roll-out": 0.1491529226971839, "alternate": 0.2032312352743184, "bad-redirect": 0.0, "dsfb": 0.0}, "english-1k": {"sft": 0.0, "dsfb-alt": 0.08574453069865914, "unknown": 0.07586450247000706, "sfT": 0.00529287226534933, "dsfb-red": 0.013761467889908258, "sfb": 0.13161609033168667, "roll-in": 0.1616090331686662, "redirect": 0.01058574453069866, "oneh-out": 0.0017642907551164433, "oneh-in": 0.0067043048694424845, "sfR": 0.10832745236414962, "roll-out": 0.17784050811573748, "alternate": 0.2208892025405787, "bad-redirect": 0.0, "dsfb": 0.0}, "english-10k": {"sft": 0.0, "dsfb-alt": 0.09617722544914224, "unknown": 0.0768993265278555, "sfT": 0.006348777522625962, "dsfb-red": 0.012330908319021247, "sfb": 0.14559734470581426, "roll-in": 0.13789776345496998, "redirect": 0.00988016441211092, "oneh-out": 0.002103394376797051, "oneh-in": 0.0038980336157156364, "sfR": 0.10567144593890508, "roll-out": 0.15485999884216822, "alternate": 0.2483356168348739, "bad-redirect": 0.0, "dsfb": 0.0}, "reddit": {"sft": 0.0, "dsfb-alt": 0.07864427387587025, "unknown": 0.15763412984649763, "sfT": 0.003580142102188693, "dsfb-red": 0.011617341808447658, "sfb": 0.1270697046876267, "roll-in": 0.10557836399878114, "redirect": 0.010837815581047822, "oneh-out": 0.002182830757855241, "oneh-in": 0.0032308891809318544, "sfR": 0.10397777127267367, "roll-out": 0.17215378440674106, "alternate": 0.22349295248133824, "bad-redirect": 0.0, "dsfb": 0.0}, "akl": {"sft": 0.0, "dsfb-alt": 0.06620831923249886, "unknown": 0.21777011271089267, "sfT": 0.00437806357280872, "dsfb-red": 0.011021048332196083, "sfb": 0.11946750768709097, "roll-in": 0.09352998575137289, "redirect": 0.011027027571929821, "oneh-out": 0.0022304540815019295, "oneh-in": 0.004117077170711717, "sfR": 0.13064861186637447, "roll-out": 0.14266246107039313, "alternate": 0.19693933095222876, "bad-redirect": 0.0, "dsfb": 0.0}, "french": {"sft": 0.0, "dsfb-alt": 0.06283577764273149, "unknown": 0.2882769976509826, "sfT": 0.002526147690093423, "dsfb-red": 0.010305017793704671, "sfb": 0.111845101335132, "roll-in": 0.10789019564977453, "redirect": 0.009396204498078228, "oneh-out": 0.0018335672672481148, "oneh-in": 0.003044759006118628, "sfR": 0.10898279115633469, "roll-out": 0.13524551929546166, "alternate": 0.15781792101433997, "bad-redirect": 0.0, "dsfb": 0.0}, "keymash": {"sft": 0.0, "dsfb-alt": 0.08472454261472089, "unknown": 0.13050206680267473, "sfT": 0.004297800199496743, "dsfb-red": 0.011280186196959932, "sfb": 0.13237799296425068, "roll-in": 0.11679179682529257, "redirect": 0.009917368941723143, "oneh-out": 0.0016788923415417076, "oneh-in": 0.0035342941468640837, "sfR": 0.099723742164827, "roll-out": 0.18329481595809746, "alternate": 0.22187650084355104, "bad-redirect": 0.0, "dsfb": 0.0}, "movie": {"sft": 0.0, "dsfb-alt": 0.07380625297657861, "unknown": 0.1876016675551714, "sfT": 0.0029327894306932743, "dsfb-red": 0.00882363507708804, "sfb": 0.12911221860927669, "roll-in": 0.10847741432355619, "redirect": 0.008886670441769997, "oneh-out": 0.0026035316385549555, "oneh-in": 0.0028355386279793585, "sfR": 0.11567713207251198, "roll-out": 0.15555206675063485, "alternate": 0.20369108249618464, "bad-redirect": 0.0, "dsfb": 0.0}, "dutch": {"sft": 0.0, "dsfb-alt": 0.07174516009312394, "unknown": 0.13556618222083575, "sfT": 0.008351231553291988, "dsfb-red": 0.010378971280928245, "sfb": 0.16875534718697577, "roll-in": 0.10367821913073015, "redirect": 0.015865937763145613, "oneh-out": 0.0024147400596069807, "oneh-in": 0.0024704510372946533, "sfR": 0.18880787437283908, "roll-out": 0.13195508163908545, "alternate": 0.16001080366214238, "bad-redirect": 0.0, "dsfb": 0.0}}