{"english-450k": {"sfb": 0.0107390453493274, "bad-redirect": 0.002517977829633497, "dsfb": 0.0, "unknown": 0.4065904188794838, "oneh-in": 0.002851544845030202, "sfT": 0.0, "roll-out": 0.11649031369332065, "roll-in": 0.11581470162269682, "dsfb-alt": 0.02076359658329148, "sft": 0.0, "sfR": 0.11369548401129392, "dsfb-red": 0.005862418369632012, "redirect": 0.014840077857640263, "oneh-out": 0.0048038327756342305, "alternate": 0.18503058818301574}, "shai": {"sfb": 0.007635043207695735, "bad-redirect": 0.0017022174036492692, "dsfb": 0.0, "unknown": 0.4252666595554356, "oneh-in": 0.004483547356619158, "sfT": 0.0, "roll-out": 0.15211823990527717, "roll-in": 0.1299534923937178, "dsfb-alt": 0.015900034152487294, "sft": 0.0, "sfR": 0.09823378925716947, "dsfb-red": 0.003632200624653018, "redirect": 0.014435835279116854, "oneh-out": 0.00440838401762677, "alternate": 0.14223055684655192}, "tr-quotes": {"sfb": 0.008203693858209472, "bad-redirect": 0.0015475832736182706, "dsfb": 0.0, "unknown": 0.42828760315295533, "oneh-in": 0.004465916183167287, "sfT": 0.0, "roll-out": 0.18100945424285153, "roll-in": 0.11739904301796075, "dsfb-alt": 0.011235292757911283, "sft": 0.0, "sfR": 0.09677191928064538, "dsfb-red": 0.0044855643651325675, "redirect": 0.0172776865999399, "oneh-out": 0.004450891102840896, "alternate": 0.12486535216476734}, "gutenberg": {"sfb": 0.007000067818366502, "bad-redirect": 0.0016047189459131477, "dsfb": 0.0, "unknown": 0.40586469743347264, "oneh-in": 0.0038196137535647266, "sfT": 0.0, "roll-out": 0.19233970712316384, "roll-in": 0.12245306987981752, "dsfb-alt": 0.011016127510652977, "sft": 0.0, "sfR": 0.09863878308844841, "dsfb-red": 0.008457215514265915, "redirect": 0.014900528642272514, "oneh-out": 0.007169803171398987, "alternate": 0.12673566711866283}, "english-200": {"sfb": 0.011135857461024499, "bad-redirect": 0.0, "dsfb": 0.0, "unknown": 0.3986636971046771, "oneh-in": 0.0022271714922048997, "sfT": 0.0, "roll-out": 0.16926503340757237, "roll-in": 0.1403118040089087, "dsfb-alt": 0.013363028953229399, "sft": 0.0, "sfR": 0.10690423162583519, "dsfb-red": 0.0022271714922048997, "redirect": 0.022271714922048998, "oneh-out": 0.0066815144766146995, "alternate": 0.12694877505567928}, "monkeyracer": {"sfb": 0.008221960680044419, "bad-redirect": 0.0015562194034752959, "dsfb": 0.0, "unknown": 0.4281910317969251, "oneh-in": 0.004523007022537811, "sfT": 0.0, "roll-out": 0.1817286938705288, "roll-in": 0.11724627367564947, "dsfb-alt": 0.011176040477344886, "sft": 0.0, "sfR": 0.09690789370786869, "dsfb-red": 0.004507366626522983, "redirect": 0.017233761358837606, "oneh-out": 0.0044653330622331355, "alternate": 0.12424241831803182}, "chained-bigrams": {"sfb": 0.00812539891657019, "bad-redirect": 0.0023439899383744917, "dsfb": 0.0, "unknown": 0.40172091715586367, "oneh-in": 0.0030114751618229617, "sfT": 0.0, "roll-out": 0.1373694978732025, "roll-in": 0.10966236805317026, "dsfb-alt": 0.021569252565889818, "sft": 0.0, "sfR": 0.11914286586209158, "dsfb-red": 0.006569664874369282, "redirect": 0.016793616555711318, "oneh-out": 0.0041542514198670355, "alternate": 0.16953670162306694}, "english-5k": {"sfb": 0.008628199278217945, "bad-redirect": 0.0024059401833492347, "dsfb": 0.0, "unknown": 0.41448541917285436, "oneh-in": 0.002032604637657112, "sfT": 0.0, "roll-out": 0.1056539594308707, "roll-in": 0.1450616003650392, "dsfb-alt": 0.018874185921101756, "sft": 0.0, "sfR": 0.10644211224955408, "dsfb-red": 0.0038163189115194758, "redirect": 0.014311195918198034, "oneh-out": 0.0053096610942879666, "alternate": 0.17297880283735015}, "mt-quotes": {"sfb": 0.008053334289573397, "bad-redirect": 0.0014597602228039349, "dsfb": 0.0, "unknown": 0.42239364817537445, "oneh-in": 0.004728905941836698, "sfT": 0.0, "roll-out": 0.18916520242406856, "roll-in": 0.11752339799906766, "dsfb-alt": 0.010491746452947013, "sft": 0.0, "sfR": 0.0964592223377679, "dsfb-red": 0.004704999940234996, "redirect": 0.01793697182677711, "oneh-out": 0.00449283417601989, "alternate": 0.1225899762135284}, "wordle": {"sfb": 0.014809828340626052, "bad-redirect": 0.0005609783462358353, "dsfb": 0.0, "unknown": 0.4576461348591944, "oneh-in": 0.007921014248849995, "sfT": 0.0, "roll-out": 0.10580051610007854, "roll-in": 0.0948277796477056, "dsfb-alt": 0.017592280937955795, "sft": 0.0, "sfR": 0.13138112868843263, "dsfb-red": 0.005699539997756087, "redirect": 0.014248849994390217, "oneh-out": 0.004420509368338382, "alternate": 0.14509143947043643}, "english-1k": {"sfb": 0.009880028228652082, "bad-redirect": 0.0017642907551164433, "dsfb": 0.0, "unknown": 0.4153140437544107, "oneh-in": 0.0028228652081863093, "sfT": 0.0, "roll-out": 0.14396612561750177, "roll-in": 0.12526464361326747, "dsfb-alt": 0.011291460832745237, "sft": 0.0, "sfR": 0.10832745236414962, "dsfb-red": 0.0028228652081863093, "redirect": 0.014114326040931546, "oneh-out": 0.009174311926605505, "alternate": 0.155257586450247}, "english-10k": {"sfb": 0.009204762548001776, "bad-redirect": 0.0019490168078578182, "dsfb": 0.0, "unknown": 0.4104513614171861, "oneh-in": 0.005306728932286139, "sfT": 0.0, "roll-out": 0.10561355435055286, "roll-in": 0.1462148549815712, "dsfb-alt": 0.020570811061152813, "sft": 0.0, "sfR": 0.10567144593890508, "dsfb-red": 0.003010362594315046, "redirect": 0.01294841859477818, "oneh-out": 0.004824299029351035, "alternate": 0.174234383744042}, "reddit": {"sfb": 0.006783837201092183, "bad-redirect": 0.0015490138680453991, "dsfb": 0.0, "unknown": 0.44811165006085896, "oneh-in": 0.004118892077139048, "sfT": 0.0, "roll-out": 0.1617678925167018, "roll-in": 0.1142900593456527, "dsfb-alt": 0.012515570578475434, "sft": 0.0, "sfR": 0.10397777127267367, "dsfb-red": 0.003789117010778558, "redirect": 0.016644875816501377, "oneh-out": 0.003906883118074944, "alternate": 0.12254443713400595}, "akl": {"sfb": 0.00692561502101641, "bad-redirect": 0.0011048992630290537, "dsfb": 0.0, "unknown": 0.4925085685346759, "oneh-in": 0.0048209967575472395, "sfT": 0.0, "roll-out": 0.13702169077926862, "roll-in": 0.09321281426186051, "dsfb-alt": 0.01205011996405637, "sft": 0.0, "sfR": 0.13064861186637447, "dsfb-red": 0.0029561904810849345, "redirect": 0.014628308838998913, "oneh-out": 0.003973797785521854, "alternate": 0.10014838644656575}, "french": {"sfb": 0.007377117126648806, "bad-redirect": 0.004301585424576984, "dsfb": 0.0, "unknown": 0.48342853617416554, "oneh-in": 0.0023437737719638058, "sfT": 0.0, "roll-out": 0.1130945267254497, "roll-in": 0.11780758834007268, "dsfb-alt": 0.012196025429153635, "sft": 0.0, "sfR": 0.10898279115633469, "dsfb-red": 0.003022001593678072, "redirect": 0.006935542423374976, "oneh-out": 0.0069349131861646375, "alternate": 0.13357559864841645}, "keymash": {"sfb": 0.008353412995201405, "bad-redirect": 0.0016296338865331489, "dsfb": 0.0, "unknown": 0.42574082663897245, "oneh-in": 0.004576931444545242, "sfT": 0.0, "roll-out": 0.18026952584632183, "roll-in": 0.11630742201770841, "dsfb-alt": 0.010886118556891464, "sft": 0.0, "sfR": 0.099723742164827, "dsfb-red": 0.004728811680821631, "redirect": 0.016723245475405664, "oneh-out": 0.005028467282123696, "alternate": 0.12603186201064803}, "movie": {"sfb": 0.006397234129267767, "bad-redirect": 0.0015562760390998233, "dsfb": 0.0, "unknown": 0.46148058885821636, "oneh-in": 0.004002153467030596, "sfT": 0.0, "roll-out": 0.1834650210971075, "roll-in": 0.0892643930859022, "dsfb-alt": 0.009982880437178548, "sft": 0.0, "sfR": 0.11567713207251198, "dsfb-red": 0.004443532617642874, "redirect": 0.0143808802026712, "oneh-out": 0.003596963722029044, "alternate": 0.1057529442713421}, "dutch": {"sfb": 0.014616125543388236, "bad-redirect": 0.0013013453223883287, "dsfb": 0.0, "unknown": 0.4648411731487504, "oneh-in": 0.001436991780774954, "sfT": 0.0, "roll-out": 0.09541639051749312, "roll-in": 0.09693023368235863, "dsfb-alt": 0.010118257532753555, "sft": 0.0, "sfR": 0.18880787437283908, "dsfb-red": 0.0022211950666360314, "redirect": 0.010374434789986828, "oneh-out": 0.005171832773539914,