{"english-450k": {"bad-redirect": 0.004161255825728921, "sfR": 0.11369548401129392, "oneh-in": 0.003697302404664442, "alternate": 0.3992048768023874, "dsfb-red": 0.0038589698538444403, "roll-out": 0.1884975217812537, "dsfb-alt": 0.04915830605256034, "sfb": 0.021322854865897873, "roll-in": 0.19648588172491274, "oneh-out": 0.005302575394623519, "unknown": 0.00015377410175167997, "redirect": 0.014432839599579255, "sfT": 2.835758150173566e-05, "dsfb": 0.0, "sft": 0.0}, "shai": {"bad-redirect": 0.003757121939242013, "sfR": 0.09823378925716947, "oneh-in": 0.004495348233065491, "alternate": 0.34934850182667815, "dsfb-red": 0.0038382495782028486, "roll-out": 0.23003813436387355, "dsfb-alt": 0.038142855550460375, "sfb": 0.012733304372354383, "roll-in": 0.20900144846179117, "oneh-out": 0.012056706597932334, "unknown": 0.023260762136131256, "redirect": 0.015069688258696886, "sfT": 2.4089424402091506e-05, "dsfb": 0.0, "sft": 0.0}, "tr-quotes": {"bad-redirect": 0.003349437137375465, "sfR": 0.09677191928064538, "oneh-in": 0.004484408589722845, "alternate": 0.3401285222255611, "dsfb-red": 0.005882896835486928, "roll-out": 0.2514828598506738, "dsfb-alt": 0.035673008021081344, "sfb": 0.011154388479230715, "roll-in": 0.19917593213286794, "oneh-out": 0.020938027322530684, "unknown": 0.013835787429786644, "redirect": 0.017115878042578764, "sfT": 6.934652458334297e-06, "dsfb": 0.0, "sft": 0.0}, "gutenberg": {"bad-redirect": 0.004022689979514307, "sfR": 0.09863878308844841, "oneh-in": 0.00463457077225418, "alternate": 0.3138662417220864, "dsfb-red": 0.005082588752077648, "roll-out": 0.2723686000205349, "dsfb-alt": 0.031240587360096203, "sfb": 0.01249070339012269, "roll-in": 0.19350815316948566, "oneh-out": 0.015116865442677757, "unknown": 0.032975828246008664, "redirect": 0.016043969033906532, "sfT": 1.041902278659227e-05, "dsfb": 0.0, "sft": 0.0}, "english-200": {"bad-redirect": 0.004454342984409799, "sfR": 0.10690423162583519, "oneh-in": 0.0, "alternate": 0.35412026726057905, "dsfb-red": 0.0022271714922048997, "roll-out": 0.2739420935412027, "dsfb-alt": 0.026726057906458798, "sfb": 0.008908685968819599, "roll-in": 0.19599109131403117, "oneh-out": 0.008908685968819599, "unknown": 0.0, "redirect": 0.017817371937639197, "sfT": 0.0, "dsfb": 0.0, "sft": 0.0}, "monkeyracer": {"bad-redirect": 0.0033607300936859723, "sfR": 0.09690789370786869, "oneh-in": 0.004521051973035957, "alternate": 0.33946893035331654, "dsfb-red": 0.005900339396593522, "roll-out": 0.251973622472121, "dsfb-alt": 0.03557896835947886, "sfb": 0.011107613744780018, "roll-in": 0.19932902701096392, "oneh-out": 0.021390196599777908, "unknown": 0.013436077701487402, "redirect": 0.01701968343838466, "sfT": 5.865148505560161e-06, "dsfb": 0.0, "sft": 0.0}, "chained-bigrams": {"bad-redirect": 0.005697648672918605, "sfR": 0.11914286586209158, "oneh-in": 0.005082757129527845, "alternate": 0.34072913021091367, "dsfb-red": 0.009337650776665807, "roll-out": 0.21770017576678014, "dsfb-alt": 0.052399537954781125, "sfb": 0.01363215201002007, "roll-in": 0.18397009562310201, "oneh-out": 0.007115080815708498, "unknown": 0.022916559801936097, "redirect": 0.02225232110194798, "sfT": 2.4024273606608363e-05, "dsfb": 0.0, "sft": 0.0}, "english-5k": {"bad-redirect": 0.005351142821587091, "sfR": 0.10644211224955408, "oneh-in": 0.0017007508192641142, "alternate": 0.38897415688389264, "dsfb-red": 0.002447421910648359, "roll-out": 0.18861741402912016, "dsfb-alt": 0.0474550960301987, "sfb": 0.013730451736010287, "roll-in": 0.2231716928692911, "oneh-out": 0.007051893640851205, "unknown": 0.002157049819554486, "redirect": 0.012900817190027792, "sfT": 0.0, "dsfb": 0.0, "sft": 0.0}, "mt-quotes": {"bad-redirect": 0.003236274966830423, "sfR": 0.0964592223377679, "oneh-in": 0.004730400066936804, "alternate": 0.33789639138905825, "dsfb-red": 0.006178207288939888, "roll-out": 0.25834618280919425, "dsfb-alt": 0.03498195096879071, "sfb": 0.010473816951745736, "roll-in": 0.19970177263001876, "oneh-out": 0.022876549407728812, "unknown": 0.007977133909467972, "redirect": 0.017139109023320304, "sfT": 2.9882502002127633e-06, "dsfb": 0.0, "sft": 0.0}, "wordle": {"bad-redirect": 0.0027600134634803096, "sfR": 0.13138112868843263, "oneh-in": 0.010344440704588802, "alternate": 0.36389543363626164, "dsfb-red": 0.008167844721193761, "roll-out": 0.19391899472680355, "dsfb-alt": 0.05104902950746101, "sfb": 0.03130259171995961, "roll-in": 0.18209357118815214, "oneh-out": 0.005407831257713452, "unknown": 0.0, "redirect": 0.019566924716705934, "sfT": 0.00011219566924716706, "dsfb": 0.0, "sft": 0.0}, "english-1k": {"bad-redirect": 0.003175723359209598, "sfR": 0.10832745236414962, "oneh-in": 0.001058574453069866, "alternate": 0.37720536344389555, "dsfb-red": 0.0024700070571630206, "roll-out": 0.23394495412844038, "dsfb-alt": 0.03669724770642202, "sfb": 0.011291460832745237, "roll-in": 0.20359915314043756, "oneh-out": 0.010938602681721948, "unknown": 0.0, "redirect": 0.011291460832745237, "sfT": 0.0, "dsfb": 0.0, "sft": 0.0}, "english-10k": {"bad-redirect": 0.0039752224001852535, "sfR": 0.10567144593890508, "oneh-in": 0.006425966307095579, "alternate": 0.38461241581598193, "dsfb-red": 0.002605121475849559, "roll-out": 0.179869165010324, "dsfb-alt": 0.0456764632098956, "sfb": 0.014299222322996468, "roll-in": 0.23739410663630575, "oneh-out": 0.006194399953686729, "unknown": 0.0, "redirect": 0.01327647092877405, "sfT": 0.0, "dsfb": 0.0, "sft": 0.0}, "reddit": {"bad-redirect": 0.0034112466257893914, "sfR": 0.10397777127267367, "oneh-in": 0.00457841962303983, "alternate": 0.327712586271446, "dsfb-red": 0.0059387605004834814, "roll-out": 0.24088525352207374, "dsfb-alt": 0.03704437036616682, "sfb": 0.012657534174739207, "roll-in": 0.19161635667847887, "oneh-out": 0.0151654203648839, "unknown": 0.039285409944231534, "redirect": 0.01763730998088361, "sfT": 8.95606751099422e-05, "dsfb": 0.0, "sft": 0.0}, "akl": {"bad-redirect": 0.0032890265903956165, "sfR": 0.13064861186637447, "oneh-in": 0.0055965930983810025, "alternate": 0.27635635903140565, "dsfb-red": 0.007772616332224151, "roll-out": 0.19834679951186673, "dsfb-alt": 0.032754423507030166, "sfb": 0.015582738804596296, "roll-in": 0.16622288930551946, "oneh-out": 0.013616211329853828, "unknown": 0.13277008071454782, "redirect": 0.01692591818329547, "sfT": 0.00011773172450934594, "dsfb": 0.0, "sft": 0.0}, "french": {"bad-redirect": 0.005742089181100657, "sfR": 0.10898279115633469, "oneh-in": 0.0028569616625094313, "alternate": 0.2711403364828004, "dsfb-red": 0.003942665523432546, "roll-out": 0.18528288175300933, "dsfb-alt": 0.03543099894867946, "sfb": 0.04515230933876563, "roll-in": 0.16830495316205407, "oneh-out": 0.005744591148103667, "unknown": 0.15807953387545715, "redirect": 0.00929993120489652, "sfT": 3.995656285646007e-05, "dsfb": 0.0, "sft": 0.0}, "keymash": {"bad-redirect": 0.0034193577518441135, "sfR": 0.099723742164827, "oneh-in": 0.0045728265732945285, "alternate": 0.3393702306527156, "dsfb-red": 0.006140887391066979, "roll-out": 0.25409563529039914, "dsfb-alt": 0.03462869387101673, "sfb": 0.011345864136971345, "roll-in": 0.19750998509931736, "oneh-out": 0.0202739591072726, "unknown": 0.01232282349464109, "redirect": 0.016591889595382842, "sfT": 4.104871250713221e-06, "dsfb": 0.0, "sft": 0.0}, "movie": {"bad-redirect": 0.0024154783272177624, "sfR": 0.11567713207251198, "oneh-in": 0.003700268025317845, "alternate": 0.32259117723346864, "dsfb-red": 0.008575967944872085, "roll-out": 0.24959359297499153, "dsfb-alt": 0.038670551259397896, "sfb": 0.010983024010420443, "roll-in": 0.1660263335170878, "oneh-out": 0.03049529873301549, "unknown": 0.030236445784519856, "redirect": 0.021028939812280947, "sfT": 5.790304897716238e-06, "dsfb": 0.0, "sft": 0.0}, "dutch": {"bad-redirect": 0.004156304311255063, "sfR": 0.18880787437283908, "oneh-in": 0.004638194406316603, "alternate": 0.3046574807685956, "dsfb-red": 0.0038677619704278886, "roll-out": 0.15885188263836145, "dsfb-alt": 0.035733831560772714, "sfb": 0.025881075298254556,