{"english-450k": {"bad-redirect": 0.004047825499721979, "roll-out": 0.17197996142199531, "sfR": 0.11369548401129392, "dsfb": 0.0, "dsfb-red": 0.02115241703068641, "alternate": 0.2973491215873697, "oneh-in": 0.025495804539668748, "oneh-out": 0.010474472037378215, "sfT": 1.1986194243001671e-05, "redirect": 0.032063361946230516, "unknown": 0.00015377410175167997, "dsfb-alt": 0.04015988998427762, "sft": 0.0, "sfb": 0.025967358961960497, "roll-in": 0.2574485426834224}, "shai": {"bad-redirect": 0.005144907331576064, "roll-out": 0.17849621381129063, "sfR": 0.09823378925716947, "dsfb": 0.0, "dsfb-red": 0.0169452922359909, "alternate": 0.26821400063103146, "oneh-in": 0.0253090366614411, "oneh-out": 0.006708242856076836, "sfT": 2.7290252483796147e-05, "redirect": 0.026874833765941828, "unknown": 0.023260762136131256, "dsfb-alt": 0.03611194754945841, "sft": 0.0, "sfb": 0.01821664412024524, "roll-in": 0.296457039391163}, "tr-quotes": {"bad-redirect": 0.006337116571507825, "roll-out": 0.18860174290931786, "sfR": 0.09677191928064538, "dsfb": 0.0, "dsfb-red": 0.01723029980814128, "alternate": 0.251569543006403, "oneh-in": 0.03147060863133076, "oneh-out": 0.007347264279605187, "sfT": 5.778877048611914e-06, "redirect": 0.031263724832990454, "unknown": 0.013835787429786644, "dsfb-alt": 0.03538868727028964, "sft": 0.0, "sfb": 0.015980906590231388, "roll-in": 0.30419662051270197}, "gutenberg": {"bad-redirect": 0.010299298742935429, "roll-out": 0.1728940218678239, "sfR": 0.09863878308844841, "dsfb": 0.0, "dsfb-red": 0.014797664471852158, "alternate": 0.24138962485077117, "oneh-in": 0.024876837678823583, "oneh-out": 0.008707082624366192, "sfT": 5.683103338141238e-06, "redirect": 0.029907899627302083, "unknown": 0.032975828246008664, "dsfb-alt": 0.034668635293663, "sft": 0.0, "sfb": 0.01630141361512433, "roll-in": 0.31453722678954293}, "english-200": {"bad-redirect": 0.008908685968819599, "roll-out": 0.20935412026726058, "sfR": 0.10690423162583519, "dsfb": 0.0, "dsfb-red": 0.011135857461024499, "alternate": 0.26057906458797325, "oneh-in": 0.0378619153674833, "oneh-out": 0.0022271714922048997, "sfT": 0.0, "redirect": 0.017817371937639197, "unknown": 0.0, "dsfb-alt": 0.0334075723830735, "sft": 0.0, "sfb": 0.011135857461024499, "roll-in": 0.30066815144766146}, "monkeyracer": {"bad-redirect": 0.006285484148458639, "roll-out": 0.18945407197710246, "sfR": 0.09690789370786869, "dsfb": 0.0, "dsfb-red": 0.017123301061982888, "alternate": 0.2511290410873203, "oneh-in": 0.03155547648466459, "oneh-out": 0.007365648998232635, "sfT": 4.887623754633467e-06, "redirect": 0.03127981450490326, "unknown": 0.013436077701487402, "dsfb-alt": 0.03536098034002221, "sft": 0.0, "sfb": 0.01602358571719036, "roll-in": 0.3040737366470119}, "chained-bigrams": {"bad-redirect": 0.006837178407502326, "roll-out": 0.14193540846784222, "sfR": 0.11914286586209158, "dsfb": 0.0, "dsfb-red": 0.022753584324226403, "alternate": 0.2678271472993145, "oneh-in": 0.026914978095706213, "oneh-out": 0.009404529159949068, "sfT": 6.557977389912012e-05, "redirect": 0.03628963923982004, "unknown": 0.022916559801936097, "dsfb-alt": 0.04331836253148316, "sft": 0.0, "sfb": 0.019184356431914885, "roll-in": 0.28340981060431436}, "english-5k": {"bad-redirect": 0.00394076409341685, "roll-out": 0.18388849711701996, "sfR": 0.10644211224955408, "dsfb": 0.0, "dsfb-red": 0.019952710830879, "alternate": 0.3052225494669598, "oneh-in": 0.028954245654789067, "oneh-out": 0.008047455096030198, "sfT": 0.0, "redirect": 0.027917202472310946, "unknown": 0.002157049819554486, "dsfb-alt": 0.03816318911519476, "sft": 0.0, "sfb": 0.02269050483262123, "roll-in": 0.25262371925166965}, "mt-quotes": {"bad-redirect": 0.006335090424451058, "roll-out": 0.19204587561707367, "sfR": 0.0964592223377679, "dsfb": 0.0, "dsfb-red": 0.016919472633604667, "alternate": 0.2485506986528968, "oneh-in": 0.032849834450938906, "oneh-out": 0.007276389237518079, "sfT": 0.0, "redirect": 0.03144834510703912, "unknown": 0.007977133909467972, "dsfb-alt": 0.03498195096879071, "sft": 0.0, "sfb": 0.015337194152592009, "roll-in": 0.3098187925078591}, "wordle": {"bad-redirect": 0.005093683383821384, "roll-out": 0.1851004151239762, "sfR": 0.13138112868843263, "dsfb": 0.0, "dsfb-red": 0.0193425333782116, "alternate": 0.278694042409963, "oneh-in": 0.020621564007629305, "oneh-out": 0.009334679681364299, "sfT": 2.2439133849433412e-05, "redirect": 0.034174800852687086, "unknown": 0.0, "dsfb-alt": 0.04846852911477617, "sft": 0.0, "sfb": 0.0286772130595759, "roll-in": 0.239088971165713}, "english-1k": {"bad-redirect": 0.0067043048694424845, "roll-out": 0.20430486944248413, "sfR": 0.10832745236414962, "dsfb": 0.0, "dsfb-red": 0.017290049400141144, "alternate": 0.2889908256880734, "oneh-in": 0.025405786873676783, "oneh-out": 0.005998588567395907, "sfT": 0.0, "redirect": 0.02858151023288638, "unknown": 0.0, "dsfb-alt": 0.03493295695130558, "sft": 0.0, "sfb": 0.01834862385321101, "roll-in": 0.2611150317572336}, "english-10k": {"bad-redirect": 0.0037629532428938074, "roll-out": 0.17321163234981957, "sfR": 0.10567144593890508, "dsfb": 0.0, "dsfb-red": 0.018756874626116825, "alternate": 0.2955944501263966, "oneh-in": 0.02828968950811447, "oneh-out": 0.007120665367322128, "sfT": 0.0, "redirect": 0.027980934370236004, "unknown": 0.0, "dsfb-alt": 0.04096794735724899, "sft": 0.0, "sfb": 0.022211072731132167, "roll-in": 0.2764323343818143}, "reddit": {"bad-redirect": 0.005572988859978009, "roll-out": 0.17944243516636804, "sfR": 0.10397777127267367, "dsfb": 0.0, "dsfb-red": 0.016633114188737044, "alternate": 0.2435959716050333, "oneh-in": 0.028498349158154003, "oneh-out": 0.007346485005703828, "sfT": 0.00014098970351895541, "redirect": 0.027077214898985784, "unknown": 0.039285409944231534, "dsfb-alt": 0.03700369161536406, "sft": 0.0, "sfb": 0.019289706309532705, "roll-in": 0.29213587227171905}, "akl": {"bad-redirect": 0.004367735795086809, "roll-out": 0.15528970120676625, "sfR": 0.13064861186637447, "dsfb": 0.0, "dsfb-red": 0.017807732506010802, "alternate": 0.2038989189262778, "oneh-in": 0.023778843438623215, "oneh-out": 0.0075432556609502256, "sfT": 0.00018792602237525398, "redirect": 0.021963032337334473, "unknown": 0.13277008071454782, "dsfb-alt": 0.03413372540015382, "sft": 0.0, "sfb": 0.021459071375148298, "roll-in": 0.2461513647503508}, "french": {"bad-redirect": 0.004295847380492235, "roll-out": 0.19385664325349916, "sfR": 0.10898279115633469, "dsfb": 0.0, "dsfb-red": 0.020168161247368685, "alternate": 0.2099286650254662, "oneh-in": 0.019888570180241854, "oneh-out": 0.01289984223075498, "sfT": 0.00017948242332973066, "redirect": 0.029158312980880494, "unknown": 0.15807953387545715, "dsfb-alt": 0.02574889602953268, "sft": 0.0, "sfb": 0.02947988315903987, "roll-in": 0.18733337105760228}, "keymash": {"bad-redirect": 0.006604737842397573, "roll-out": 0.1869645708562351, "sfR": 0.099723742164827, "dsfb": 0.0, "dsfb-red": 0.01779872174309253, "alternate": 0.25143567871993694, "oneh-in": 0.029743897082668003, "oneh-out": 0.007700738466338003, "sfT": 2.052435625356611e-05, "redirect": 0.030971253586631255, "unknown": 0.01232282349464109, "dsfb-alt": 0.03557691912993149, "sft": 0.0, "sfb": 0.01645232397285859, "roll-in": 0.30468406858418884}, "movie": {"bad-redirect": 0.007563190979126082, "roll-out": 0.19005280889664555, "sfR": 0.11567713207251198, "dsfb": 0.0, "dsfb-red": 0.01930106019166699, "alternate": 0.23103198103833064, "oneh-in": 0.030353436263021442, "oneh-out": 0.009546633602271063, "sfT": 4.342728673287178e-06, "redirect": 0.02972466179026489, "unknown": 0.030236445784519856, "dsfb-alt": 0.04098048812007092, "sft": 0.0, "sfb": 0.01480817838455494, "roll-in": 0.28071964014834233}, "dutch": {"bad-redirect": 0.004673715309695837, "roll-out": 0.15466783938842507, "sfR": 0.18880787437283908, "dsfb": 0.0, "dsfb-red": 0.015606999163600171, "alternate": 0.20976262533221726, "oneh-in": 0.011395163182599786, "oneh-out": 0.013972750715447655, "sfT": 4.272908266164279e-05, "redirect": 0.022608346734510096,