{"english-450k": {"bad-redirect": 0.0023346767615758865, "roll-in": 0.2453161753398963, "alternate": 0.3025394360407905, "sfT": 0.00019324083889327083, "sfb": 0.037612092842137144, "sft": 0.0, "dsfb-red": 0.02168331773179107, "dsfb": 0.0, "sfR": 0.11369548401129392, "redirect": 0.03351866133505155, "oneh-out": 0.010076296511549721, "oneh-in": 0.02070658907408696, "dsfb-alt": 0.0370399713266846, "roll-out": 0.175283473493847, "unknown": 5.846924020976424e-07}, "shai": {"bad-redirect": 0.0014780820297538451, "roll-in": 0.26172320895284384, "alternate": 0.2886080941704522, "sfT": 3.3316478993123984e-05, "sfb": 0.01811198439575023, "sft": 0.0, "dsfb-red": 0.01805576283744933, "dsfb": 0.0, "sfR": 0.09823378925716947, "redirect": 0.03009881850352656, "oneh-out": 0.008769088469185199, "oneh-in": 0.01694605470652548, "dsfb-alt": 0.03348633962434741, "roll-out": 0.2003456042838304, "unknown": 0.02410985629017291}, "tr-quotes": {"bad-redirect": 0.0020699937588127874, "roll-in": 0.25461385543561177, "alternate": 0.26953607175053745, "sfT": 1.618085573611336e-05, "sfb": 0.01563879706895356, "sft": 0.0, "dsfb-red": 0.02132752363560713, "dsfb": 0.0, "sfR": 0.09677191928064538, "redirect": 0.03112618755923349, "oneh-out": 0.009581378146598553, "oneh-in": 0.01559487760338411, "dsfb-alt": 0.02993458311180971, "roll-out": 0.2182635630244331, "unknown": 0.035525068768636876}, "gutenberg": {"bad-redirect": 0.0023482582993199596, "roll-in": 0.2597187697369443, "alternate": 0.2607646501879402, "sfT": 5.87254011607928e-06, "sfb": 0.015295125450717454, "sft": 0.0, "dsfb-red": 0.019413859876646348, "dsfb": 0.0, "sfR": 0.09863878308844841, "redirect": 0.03159521300839622, "oneh-out": 0.013039691172587135, "oneh-in": 0.012580496422865323, "dsfb-alt": 0.030336026745442057, "roll-out": 0.22349258525507473, "unknown": 0.032770668215501765}, "english-200": {"bad-redirect": 0.0, "roll-in": 0.25389755011135856, "alternate": 0.30734966592427615, "sfT": 0.0, "sfb": 0.015590200445434299, "sft": 0.0, "dsfb-red": 0.028953229398663696, "dsfb": 0.0, "sfR": 0.10690423162583519, "redirect": 0.0200445434298441, "oneh-out": 0.013363028953229399, "oneh-in": 0.013363028953229399, "dsfb-alt": 0.024498886414253896, "roll-out": 0.21603563474387527, "unknown": 0.0}, "monkeyracer": {"bad-redirect": 0.002117318610507218, "roll-in": 0.2541564352409403, "alternate": 0.26907053036582884, "sfT": 1.661792076575379e-05, "sfb": 0.015517227896210331, "sft": 0.0, "dsfb-red": 0.02152216244115301, "dsfb": 0.0, "sfR": 0.09690789370786869, "redirect": 0.031148826188279088, "oneh-out": 0.009614933450114957, "oneh-in": 0.015474216807169558, "dsfb-alt": 0.029872178863568827, "roll-out": 0.21951980074135477, "unknown": 0.035061857766238644}, "chained-bigrams": {"bad-redirect": 0.003395863539528696, "roll-in": 0.25086276360958865, "alternate": 0.2726969324898432, "sfT": 8.70068287374465e-05, "sfb": 0.019843400694366436, "sft": 0.0, "dsfb-red": 0.03124259386835607, "dsfb": 0.0, "sfR": 0.11914286586209158, "redirect": 0.03565916438381959, "oneh-out": 0.00974671273267022, "oneh-in": 0.017722771570064196, "dsfb-alt": 0.0467947398528286, "roll-out": 0.16589215438647525, "unknown": 0.02691303018163}, "english-5k": {"bad-redirect": 0.002157049819554486, "roll-in": 0.24482515451943418, "alternate": 0.3273737918446924, "sfT": 0.0, "sfb": 0.019994192558178123, "sft": 0.0, "dsfb-red": 0.01692454473804289, "dsfb": 0.0, "sfR": 0.10644211224955408, "redirect": 0.030986850292446178, "oneh-out": 0.00850375409632057, "oneh-in": 0.02513792674326959, "dsfb-alt": 0.03181648483842867, "roll-out": 0.18575517484548057, "unknown": 8.296345459824948e-05}, "mt-quotes": {"bad-redirect": 0.0020738456389476577, "roll-in": 0.25619016028974073, "alternate": 0.26705095564241405, "sfT": 8.96475060063829e-06, "sfb": 0.01473356761214903, "sft": 0.0, "dsfb-red": 0.022175804735778917, "dsfb": 0.0, "sfR": 0.0964592223377679, "redirect": 0.0308342596908954, "oneh-out": 0.009661012897287864, "oneh-in": 0.015283405648988179, "dsfb-alt": 0.029667347987712315, "roll-out": 0.2239200463776431, "unknown": 0.03194140639007423}, "wordle": {"bad-redirect": 0.0025580612588354088, "roll-in": 0.2133512846404129, "alternate": 0.282216986424324, "sfT": 0.0003365870077415012, "sfb": 0.03637383596993156, "sft": 0.0, "dsfb-red": 0.02461572983282845, "dsfb": 0.0, "sfR": 0.13138112868843263, "redirect": 0.03711432738696286, "oneh-out": 0.010344440704588802, "oneh-in": 0.01644788511163469, "dsfb-alt": 0.04243240210927858, "roll-out": 0.2028273308650286, "unknown": 0.0}, "english-1k": {"bad-redirect": 0.00035285815102328866, "roll-in": 0.24664784756527877, "alternate": 0.30628087508821455, "sfT": 0.0, "sfb": 0.014114326040931546, "sft": 0.0, "dsfb-red": 0.016584333098094567, "dsfb": 0.0, "sfR": 0.10832745236414962, "redirect": 0.03175723359209598, "oneh-out": 0.010232886379675371, "oneh-in": 0.019054340155257588, "dsfb-alt": 0.02611150317572336, "roll-out": 0.2205363443895554, "unknown": 0.0}, "english-10k": {"bad-redirect": 0.0018139364350359894, "roll-in": 0.2636382933559754, "alternate": 0.3145057023214527, "sfT": 1.929719611740414e-05, "sfb": 0.02111113255244013, "sft": 0.0, "dsfb-red": 0.016885046602728625, "dsfb": 0.0, "sfR": 0.10567144593890508, "redirect": 0.03228420910441713, "oneh-out": 0.007583798074139827, "oneh-in": 0.02352328206711565, "dsfb-alt": 0.035526138052141026, "roll-out": 0.1774377182995311, "unknown": 0.0}, "reddit": {"bad-redirect": 0.0017346528081729079, "roll-in": 0.24586184544809087, "alternate": 0.2641561959150069, "sfT": 5.026784859788474e-05, "sfb": 0.016512538775445992, "sft": 0.0, "dsfb-red": 0.021348066083117626, "dsfb": 0.0, "sfR": 0.10397777127267367, "redirect": 0.03134526239573495, "oneh-out": 0.00953628284242584, "oneh-in": 0.014919699733883808, "dsfb-alt": 0.031683128263360075, "roll-out": 0.2046805285315926, "unknown": 0.054193760081896886}, "akl": {"bad-redirect": 0.0015041988222726087, "roll-in": 0.20826900194357412, "alternate": 0.22712883356670074, "sfT": 0.0001699141803674233, "sfb": 0.020673542578227913, "sft": 0.0, "dsfb-red": 0.0197037691916609, "dsfb": 0.0, "sfR": 0.13064861186637447, "redirect": 0.022893940665632193, "oneh-out": 0.007864479197224309, "oneh-in": 0.011156174208658122, "dsfb-alt": 0.02796490423469277, "roll-out": 0.17882890561159803, "unknown": 0.1431937239330164}, "french": {"bad-redirect": 0.006302829426541822, "roll-in": 0.19260652869861775, "alternate": 0.2301416219694756, "sfT": 3.213604324225979e-05, "sfb": 0.010088575175186756, "sft": 0.0, "dsfb-red": 0.01223993719733222, "dsfb": 0.0, "sfR": 0.10898279115633469, "redirect": 0.02691674531008158, "oneh-out": 0.01448429149006263, "oneh-in": 0.018090345069641054, "dsfb-alt": 0.023221250155605118, "roll-out": 0.18049561509308149, "unknown": 0.17639733321479703}, "keymash": {"bad-redirect": 0.0022371548316387057, "roll-in": 0.25650108984331704, "alternate": 0.27108980226835183, "sfT": 2.052435625356611e-05, "sfb": 0.015110031073875367, "sft": 0.0, "dsfb-red": 0.021045674902406684, "dsfb": 0.0, "sfR": 0.099723742164827, "redirect": 0.030490983650297808, "oneh-out": 0.010171870959267363, "oneh-in": 0.014978675193852545, "dsfb-alt": 0.029743897082668003, "roll-out": 0.21805486570913704, "unknown": 0.030831687964107006}, "movie": {"bad-redirect": 0.002958451009217244, "roll-in": 0.22005435253929215, "alternate": 0.23971164808000728, "sfT": 1.3817773051368296e-05, "sfb": 0.013473513105631349, "sft": 0.0, "dsfb-red": 0.021051969434033226, "dsfb": 0.0, "sfR": 0.11567713207251198, "redirect": 0.02943567293673342, "oneh-out": 0.010995657402924552, "oneh-in": 0.012161219459267113, "dsfb-alt": 0.030681641272451085, "roll-out": 0.22451538766946677, "unknown": 0.07926953724541247}, "dutch": {"bad-redirect": 0.002552627867272962, "roll-in": 0.23556600649905224, "alternate": 0.22013786700794466, "sfT": 4.5329047825695755e-05, "sfb": 0.028160150968680676, "sft": 0.0, "dsfb-red": 0.016227906706364488, "dsfb": 0.0, "sfR": 0.18880787437283908, "redirect": 0.025575946972760145,