{"shai": {"redirect": 0.026169881376614617, "sfb": 0.015243039998662387, "sfT": 2.150399132037603e-05, "roll-in": 0.2260139890507683, "oneh-in": 0.015946564207140565, "unknown": 0.023260762136131256, "roll-out": 0.20557012979493336, "alternate": 0.33421400744295093, "dsfb": 0.0, "bad-redirect": 0.003136888928246646, "dsfb-alt": 0.033905040448868336, "sft": 0.0, "dsfb-red": 0.008986980873678217, "oneh-out": 0.009297422493515516, "sfR": 0.09823378925716947}}