{"english-450k": {"oneh-in": 0.01623427689044209, "redirect": 0.027964960553727092, "roll-out": 0.10822802535927886, "sfT": 3.391215932166326e-05, "dsfb-red": 0.012515633213101085, "sfb": 0.023336243152521106, "oneh-out": 0.0037049034058917116, "alternate": 0.19962538757797604, "unknown": 0.26991915458156196, "dsfb": 0.0, "roll-in": 0.1860722176973527, "dsfb-alt": 0.03673388485418649, "bad-redirect": 0.001935916543345294, "sfR": 0.11369548401129392, "sft": 0.0}, "shai": {"oneh-in": 0.01597795709295762, "redirect": 0.017309729929066243, "roll-out": 0.12197142833256906, "sfT": 7.969558770299907e-05, "dsfb-red": 0.00990167458655519, "sfb": 0.018982400631898422, "oneh-out": 0.004201208775114696, "alternate": 0.1673269455074307, "unknown": 0.3236616087648349, "dsfb": 0.0, "roll-in": 0.18528202740063654, "dsfb-alt": 0.034062906683205184, "bad-redirect": 0.0030086274508589676, "sfR": 0.09823378925716947, "sft": 0.0}, "tr-quotes": {"oneh-in": 0.016332262314786992, "redirect": 0.0206340583897737, "roll-out": 0.13408266105730335, "sfT": 3.698481311111625e-05, "dsfb-red": 0.00891102840895957, "sfb": 0.01692401932456485, "oneh-out": 0.0051582256535909945, "alternate": 0.15343265296687547, "unknown": 0.3235477681976838, "dsfb": 0.0, "roll-in": 0.18627285545872727, "dsfb-alt": 0.03454150389496313, "bad-redirect": 0.0033540602390143546, "sfR": 0.09677191928064538, "sft": 0.0}, "gutenberg": {"oneh-in": 0.013593793748055905, "redirect": 0.01726488906771721, "roll-out": 0.12023021872749254, "sfT": 5.095849326533311e-05, "dsfb-red": 0.008385608412205335, "sfb": 0.016645241367081873, "oneh-out": 0.004368222662473294, "alternate": 0.14572651467017353, "unknown": 0.3470568912742768, "dsfb": 0.0, "roll-in": 0.1878676731063805, "dsfb-alt": 0.03442937664312725, "bad-redirect": 0.005741828739302032, "sfR": 0.09863878308844841, "sft": 0.0}, "english-200": {"oneh-in": 0.013363028953229399, "redirect": 0.017817371937639197, "roll-out": 0.13140311804008908, "sfT": 0.0, "dsfb-red": 0.004454342984409799, "sfb": 0.013363028953229399, "oneh-out": 0.0022271714922048997, "alternate": 0.15812917594654788, "unknown": 0.31625835189309576, "dsfb": 0.0, "roll-in": 0.19821826280623608, "dsfb-alt": 0.031180400890868598, "bad-redirect": 0.0066815144766146995, "sfR": 0.10690423162583519, "sft": 0.0}, "monkeyracer": {"oneh-in": 0.016423393340319378, "redirect": 0.02053779501696983, "roll-out": 0.13492383127140778, "sfT": 3.910099003706774e-05, "dsfb-red": 0.00899616028277836, "sfb": 0.016789965121916887, "oneh-out": 0.0051877238531679625, "alternate": 0.1529014889657006, "unknown": 0.3234629400816429, "dsfb": 0.0, "roll-in": 0.18610604970517852, "dsfb-alt": 0.03434728717331123, "bad-redirect": 0.003376370489700799, "sfR": 0.09690789370786869, "sft": 0.0}, "chained-bigrams": {"oneh-in": 0.013865252394473377, "redirect": 0.02298733401337178, "roll-out": 0.09791060243138636, "sfT": 8.7656133429517e-05, "dsfb-red": 0.017013730846323214, "sfb": 0.017797441609652305, "oneh-out": 0.0038653108318956646, "alternate": 0.1676335895706083, "unknown": 0.3104520524196664, "dsfb": 0.0, "roll-in": 0.18845289521715672, "dsfb-alt": 0.038016789720727556, "bad-redirect": 0.002774478949217231, "sfR": 0.11914286586209158, "sft": 0.0}, "english-5k": {"oneh-in": 0.0236445845605011, "redirect": 0.020243082921972872, "roll-out": 0.10552951424897333, "sfT": 8.296345459824948e-05, "dsfb-red": 0.009955614551789936, "sfb": 0.020160119467374622, "oneh-out": 0.004023727548015099, "alternate": 0.1980337661260215, "unknown": 0.29389803791429875, "dsfb": 0.0, "roll-in": 0.18268552702534532, "dsfb-alt": 0.033766126021487534, "bad-redirect": 0.0015348239100676153, "sfR": 0.10644211224955408, "sft": 0.0}, "mt-quotes": {"oneh-in": 0.016741671746692006, "redirect": 0.020553184877063386, "roll-out": 0.13732952032607787, "sfT": 2.689425180191487e-05, "dsfb-red": 0.00853145432160744, "sfb": 0.015916914691433283, "oneh-out": 0.005332532482279676, "alternate": 0.14992947729527498, "unknown": 0.32319868277931174, "dsfb": 0.0, "roll-in": 0.18880960065024324, "dsfb-alt": 0.03379860388950646, "bad-redirect": 0.0033722403509401037, "sfR": 0.0964592223377679, "sft": 0.0}, "wordle": {"oneh-in": 0.00848199259508583, "redirect": 0.022147425109390776, "roll-out": 0.14078312577134522, "sfT": 0.00011219566924716706, "dsfb-red": 0.014944463143722652, "sfb": 0.030203074161337374, "oneh-out": 0.010613710310782004, "alternate": 0.19010434197239987, "unknown": 0.25136317738135305, "dsfb": 0.0, "roll-in": 0.15350611466397396, "dsfb-alt": 0.041781667227645015, "bad-redirect": 0.004577583305284416, "sfR": 0.13138112868843263, "sft": 0.0}, "english-1k": {"oneh-in": 0.017642907551164433, "redirect": 0.017642907551164433, "roll-out": 0.11362032462949895, "sfT": 0.0, "dsfb-red": 0.0056457304163726185, "sfb": 0.016937191249117856, "oneh-out": 0.00529287226534933, "alternate": 0.17889908256880735, "unknown": 0.31863091037402963, "dsfb": 0.0, "roll-in": 0.18136908962597037, "dsfb-alt": 0.032462949894142556, "bad-redirect": 0.0035285815102328866, "sfR": 0.10832745236414962, "sft": 0.0}, "english-10k": {"oneh-in": 0.02269350263406727, "redirect": 0.01966384284363482, "roll-out": 0.10563285154667026, "sfT": 1.929719611740414e-05, "dsfb-red": 0.009243356940236584, "sfb": 0.01989540919704367, "oneh-out": 0.00414889716524189, "alternate": 0.190038787364196, "unknown": 0.29709963142355417, "dsfb": 0.0, "roll-in": 0.1914667798768839, "dsfb-alt": 0.03239999228112155, "bad-redirect": 0.002026205592327435, "sfR": 0.10567144593890508, "sft": 0.0}, "reddit": {"oneh-in": 0.015974875065480242, "redirect": 0.01966892516139931, "roll-out": 0.1271186989841737, "sfT": 0.00023373425875618538, "dsfb-red": 0.009447471315581142, "sfb": 0.018222357318626054, "oneh-out": 0.004565609187704154, "alternate": 0.15295622333383338, "unknown": 0.32592077345063497, "dsfb": 0.0, "roll-in": 0.1848092209663376, "dsfb-alt": 0.033641776402840995, "bad-redirect": 0.003462563281958618, "sfR": 0.10397777127267367, "sft": 0.0}, "akl": {"oneh-in": 0.013774784720808913, "redirect": 0.01761923820878482, "roll-out": 0.11600817159469264, "sfT": 0.00020065043751110143, "dsfb-red": 0.008599505655236593, "sfb": 0.019561972262603367, "oneh-out": 0.004594996320173265, "alternate": 0.13249493685638702, "unknown": 0.3581334572732547, "dsfb": 0.0, "roll-in": 0.16526885466155736, "dsfb-alt": 0.029759417382880345, "bad-redirect": 0.0033354027597353943, "sfR": 0.13064861186637447, "sft": 0.0}, "french": {"oneh-in": 0.016168714556622308, "redirect": 0.014256133073961756, "roll-out": 0.11655074693977599, "sfT": 0.0002108993383316042, "dsfb-red": 0.012793066668895963, "sfb": 0.020897866665623932, "oneh-out": 0.01190606692989457, "alternate": 0.12106757643580358, "unknown": 0.4122930597997231, "dsfb": 0.0, "roll-in": 0.13884844167082674, "dsfb-alt": 0.023609055041071737, "bad-redirect": 0.002415581723134039, "sfR": 0.10898279115633469, "sft": 0.0}, "keymash": {"oneh-in": 0.015701132533978073, "redirect": 0.01994146453596483, "roll-out": 0.1352678223247528, "sfT": 5.74681975099851e-05, "dsfb-red": 0.009588979241666086, "sfb": 0.017224039767992676, "oneh-out": 0.005438954407195018, "alternate": 0.15224146494645197, "unknown": 0.3210584000032839, "dsfb": 0.0, "roll-in": 0.18502296675464774, "dsfb-alt": 0.034784678978543836, "bad-redirect": 0.003948886143186119, "sfR": 0.099723742164827, "sft": 0.0}, "movie": {"oneh-in": 0.014921878917091914, "redirect": 0.025677107068922657, "roll-out": 0.14948198484808806, "sfT": 3.5531416417804186e-05, "dsfb-red": 0.010782337306579142, "sfb": 0.01656672030155908, "oneh-out": 0.00660002639852642, "alternate": 0.14575592364640766, "unknown": 0.2971575261659272, "dsfb": 0.0, "roll-in": 0.17399392465418392, "dsfb-alt": 0.03889703113960175, "bad-redirect": 0.004452876064182372, "sfR": 0.11567713207251198, "sft": 0.0}, "dutch": {"oneh-in": 0.00989462466705653, "redirect": 0.013631025638919922, "roll-out": 0.0737819548718488, "sfT": 9.978486991692915e-05, "dsfb-red": 0.00661149624265586,