{"english-450k": {"sfT": 3.391215932166326e-05, "roll-in": 0.24895968604356777, "sft": 0.0, "oneh-out": 0.009869315401207156, "dsfb": 0.0, "dsfb-alt": 0.04442288228797153, "alternate": 0.3141710143419199, "oneh-in": 0.02537418852003244, "sfR": 0.11369548401129392, "roll-out": 0.16081642938874502, "dsfb-red": 0.013841715581058539, "redirect": 0.035907714490022516, "bad-redirect": 0.005290296854179469, "unknown": 5.846924020976424e-07, "sfb": 0.027616776228277948}, "shai": {"sfT": 7.958334584765513e-05, "roll-in": 0.2658292675978973, "sft": 0.0, "oneh-out": 0.007783028288353506, "dsfb": 0.0, "dsfb-alt": 0.04254447409349607, "alternate": 0.2879426160805268, "oneh-in": 0.02303930508512887, "sfR": 0.09823378925716947, "roll-out": 0.18416732644235428, "dsfb-red": 0.01121481527467672, "redirect": 0.025220953897857744, "bad-redirect": 0.008325129356803079, "unknown": 0.02410985629017291, "sfb": 0.02150985498971555}, "tr-quotes": {"sfT": 3.698481311111625e-05, "roll-in": 0.27041561683733617, "sft": 0.0, "oneh-out": 0.007675504495966344, "dsfb": 0.0, "dsfb-alt": 0.04206906913848501, "alternate": 0.2621506668824114, "oneh-in": 0.02532535077783685, "sfR": 0.09677191928064538, "roll-out": 0.1897078199764222, "dsfb-red": 0.01005524606458473, "redirect": 0.03005825108065001, "bad-redirect": 0.011012228103834863, "unknown": 0.035525068768636876, "sfb": 0.019196273780079057}, "gutenberg": {"sfT": 5.095849326533311e-05, "roll-in": 0.2871297031942451, "sft": 0.0, "oneh-out": 0.009658055249615159, "dsfb": 0.0, "dsfb-alt": 0.04072568683145393, "alternate": 0.2554134400847464, "oneh-in": 0.020481904430661023, "sfR": 0.09863878308844841, "roll-out": 0.18362239491278898, "dsfb-red": 0.009506505827264726, "redirect": 0.028481819562984508, "bad-redirect": 0.013959596166254263, "unknown": 0.032770668215501765, "sfb": 0.019560483942770393}, "english-200": {"sfT": 0.0, "roll-in": 0.2650334075723831, "sft": 0.0, "oneh-out": 0.004454342984409799, "dsfb": 0.0, "dsfb-alt": 0.0400890868596882, "alternate": 0.2984409799554566, "oneh-in": 0.022271714922048998, "sfR": 0.10690423162583519, "roll-out": 0.19821826280623608, "dsfb-red": 0.0066815144766146995, "redirect": 0.028953229398663696, "bad-redirect": 0.015590200445434299, "unknown": 0.0, "sfb": 0.013363028953229399}, "monkeyracer": {"sfT": 3.910099003706774e-05, "roll-in": 0.2700900886810454, "sft": 0.0, "oneh-out": 0.0076843220670347375, "dsfb": 0.0, "dsfb-alt": 0.041855654785179164, "alternate": 0.2617840608724213, "oneh-in": 0.02535405946478565, "sfR": 0.09690789370786869, "roll-out": 0.19104059464785647, "dsfb-red": 0.010163324835384832, "redirect": 0.029972863912914274, "bad-redirect": 0.011014748893441981, "unknown": 0.035061857766238644, "sfb": 0.019031429375791796}, "chained-bigrams": {"sfT": 8.70068287374465e-05, "roll-in": 0.2630411224140629, "sft": 0.0, "oneh-out": 0.008929238125353465, "dsfb": 0.0, "dsfb-alt": 0.045792862712963824, "alternate": 0.28088336604746805, "oneh-in": 0.02280098356674755, "sfR": 0.11914286586209158, "roll-out": 0.15050298387971242, "dsfb-red": 0.01824805906594923, "redirect": 0.03367878507300457, "bad-redirect": 0.009120133704822191, "unknown": 0.02691303018163, "sfb": 0.020859562537456765}, "english-5k": {"sfT": 8.296345459824948e-05, "roll-in": 0.23482805824034514, "sft": 0.0, "oneh-out": 0.009250425187704817, "dsfb": 0.0, "dsfb-alt": 0.041315800389928235, "alternate": 0.33015306757373375, "oneh-in": 0.03065499647405318, "sfR": 0.10644211224955408, "roll-out": 0.1797818061144066, "dsfb-red": 0.0115734019164558, "redirect": 0.027377940017422324, "bad-redirect": 0.004936325548595843, "unknown": 8.296345459824948e-05, "sfb": 0.023520139378603724}, "mt-quotes": {"sfT": 2.689425180191487e-05, "roll-in": 0.2747979942864656, "sft": 0.0, "oneh-out": 0.007596132008940845, "dsfb": 0.0, "dsfb-alt": 0.04123635863783603, "alternate": 0.2591769163648534, "oneh-in": 0.02596042361434838, "sfR": 0.0964592223377679, "roll-out": 0.1934369060852727, "dsfb-red": 0.009720777901292119, "redirect": 0.0301559268954471, "bad-redirect": 0.011364315511409139, "unknown": 0.03194140639007423, "sfb": 0.018126725714490623}, "wordle": {"sfT": 0.00011219566924716706, "roll-in": 0.20807808818579604, "sft": 0.0, "oneh-out": 0.014944463143722652, "dsfb": 0.0, "dsfb-alt": 0.04945585100415124, "alternate": 0.297901940985078, "oneh-in": 0.017861550544148997, "sfR": 0.13138112868843263, "roll-out": 0.18628968921799618, "dsfb-red": 0.016358128576236957, "redirect": 0.03139234825535734, "bad-redirect": 0.011084932121620105, "unknown": 0.0, "sfb": 0.03513968360821272}, "english-1k": {"sfT": 0.0, "roll-in": 0.2519407198306281, "sft": 0.0, "oneh-out": 0.009174311926605505, "dsfb": 0.0, "dsfb-alt": 0.0374029640084686, "alternate": 0.3048694424841214, "oneh-in": 0.029640084685956247, "sfR": 0.10832745236414962, "roll-out": 0.19760056457304165, "dsfb-red": 0.007057163020465773, "redirect": 0.02646436132674665, "bad-redirect": 0.008468595624558928, "unknown": 0.0, "sfb": 0.019054340155257588}, "english-10k": {"sfT": 1.929719611740414e-05, "roll-in": 0.25186700372435883, "sft": 0.0, "oneh-out": 0.008799521429536288, "dsfb": 0.0, "dsfb-alt": 0.043013450145693834, "alternate": 0.3211053433936049, "oneh-in": 0.02991065398197642, "sfR": 0.10567144593890508, "roll-out": 0.17415719495957238, "dsfb-red": 0.010652052256807086, "redirect": 0.026726616622604737, "bad-redirect": 0.004997973794407673, "unknown": 0.0, "sfb": 0.02307944655641535}, "reddit": {"sfT": 0.00023343459945008771, "roll-in": 0.2595142859764876, "sft": 0.0, "oneh-out": 0.007571678974236229, "dsfb": 0.0, "dsfb-alt": 0.042228888393202456, "alternate": 0.2586561366386504, "oneh-in": 0.023329638159515016, "sfR": 0.10397777127267367, "roll-out": 0.1792657485480102, "dsfb-red": 0.010776947284496732, "redirect": 0.028594876912130713, "bad-redirect": 0.010446048495738377, "unknown": 0.054193760081896886, "sfb": 0.021210784663511627}, "akl": {"sfT": 0.00020032923868242955, "roll-in": 0.22302329484621902, "sft": 0.0, "oneh-out": 0.008378644399121367, "dsfb": 0.0, "dsfb-alt": 0.03678435696476298, "alternate": 0.21717552426381662, "oneh-in": 0.01918402007166539, "sfR": 0.13064861186637447, "roll-out": 0.15656567590746637, "dsfb-red": 0.009442529042489243, "redirect": 0.023537227796655347, "bad-redirect": 0.009731533865487316, "unknown": 0.1431937239330164, "sfb": 0.02213452780424305}, "french": {"sfT": 0.00021080944730155594, "roll-in": 0.1757121238564157, "sft": 0.0, "oneh-out": 0.014502689187545844, "dsfb": 0.0, "dsfb-alt": 0.029551586237341713, "alternate": 0.22042296336477588, "oneh-in": 0.02043271054880077, "sfR": 0.10898279115633469, "roll-out": 0.18232362409830494, "dsfb-red": 0.014878223947410871, "redirect": 0.029773092717219014, "bad-redirect": 0.003766059613064361, "unknown": 0.17639733321479703, "sfb": 0.023045992610687658}, "keymash": {"sfT": 5.74681975099851e-05, "roll-in": 0.27115137533711253, "sft": 0.0, "oneh-out": 0.008279525312688567, "dsfb": 0.0, "dsfb-alt": 0.04243205411862257, "alternate": 0.2631058276857146, "oneh-in": 0.0241859014092023, "sfR": 0.099723742164827, "roll-out": 0.19035519450932423, "dsfb-red": 0.010808126003127912, "redirect": 0.028680735428733277, "bad-redirect": 0.010976425724407154, "unknown": 0.030831687964107006, "sfb": 0.019411936144622825}, "movie": {"sfT": 3.5531416417804186e-05, "roll-in": 0.24465972681078296, "sft": 0.0, "oneh-out": 0.00821433708444199, "dsfb": 0.0, "dsfb-alt": 0.04621847688924818, "alternate": 0.22743857045794338, "oneh-in": 0.022539025010037624, "sfR": 0.11567713207251198, "roll-out": 0.18474507327301853, "dsfb-red": 0.011992905823717589, "redirect": 0.029021402940869537, "bad-redirect": 0.011912499544342484, "unknown": 0.07926953724541247, "sfb": 0.01827578143125546}, "dutch": {"sfT": 0.00010039451692091398, "roll-in": 0.20754926602266188, "sft": 0.0, "oneh-out": 0.014117416363334408, "dsfb": 0.0, "dsfb-alt": 0.028719699333573344, "alternate": 0.22215197933196243, "oneh-in": 0.015350445359687968, "sfR": 0.18880787437283908,