{"english-450k": {"sfb": 0.027616776228277948, "bad-redirect": 0.005290296854179469, "roll-out": 0.16081642938874502, "sfT": 3.391215932166326e-05, "redirect": 0.035907714490022516, "dsfb-red": 0.013841715581058539, "dsfb": 0.0, "dsfb-alt": 0.04442288228797153, "oneh-in": 0.02537418852003244, "oneh-out": 0.009869315401207156, "sfR": 0.11369548401129392, "unknown": 5.846924020976424e-07, "roll-in": 0.24895968604356777, "alternate": 0.3141710143419199, "sft": 0.0}, "shai": {"sfb": 0.02150985498971555, "bad-redirect": 0.008325129356803079, "roll-out": 0.18416732644235428, "sfT": 7.958334584765513e-05, "redirect": 0.025220953897857744, "dsfb-red": 0.01121481527467672, "dsfb": 0.0, "dsfb-alt": 0.04254447409349607, "oneh-in": 0.02303930508512887, "oneh-out": 0.007783028288353506, "sfR": 0.09823378925716947, "unknown": 0.02410985629017291, "roll-in": 0.2658292675978973, "alternate": 0.2879426160805268, "sft": 0.0}, "tr-quotes": {"sfb": 0.019196273780079057, "bad-redirect": 0.011012228103834863, "roll-out": 0.1897078199764222, "sfT": 3.698481311111625e-05, "redirect": 0.03005825108065001, "dsfb-red": 0.01005524606458473, "dsfb": 0.0, "dsfb-alt": 0.04206906913848501, "oneh-in": 0.02532535077783685, "oneh-out": 0.007675504495966344, "sfR": 0.09677191928064538, "unknown": 0.035525068768636876, "roll-in": 0.27041561683733617, "alternate": 0.2621506668824114, "sft": 0.0}, "gutenberg": {"sfb": 0.019560483942770393, "bad-redirect": 0.013959596166254263, "roll-out": 0.18362239491278898, "sfT": 5.095849326533311e-05, "redirect": 0.028481819562984508, "dsfb-red": 0.009506505827264726, "dsfb": 0.0, "dsfb-alt": 0.04072568683145393, "oneh-in": 0.020481904430661023, "oneh-out": 0.009658055249615159, "sfR": 0.09863878308844841, "unknown": 0.032770668215501765, "roll-in": 0.2871297031942451, "alternate": 0.2554134400847464, "sft": 0.0}, "english-200": {"sfb": 0.013363028953229399, "bad-redirect": 0.015590200445434299, "roll-out": 0.19821826280623608, "sfT": 0.0, "redirect": 0.028953229398663696, "dsfb-red": 0.0066815144766146995, "dsfb": 0.0, "dsfb-alt": 0.0400890868596882, "oneh-in": 0.022271714922048998, "oneh-out": 0.004454342984409799, "sfR": 0.10690423162583519, "unknown": 0.0, "roll-in": 0.2650334075723831, "alternate": 0.2984409799554566, "sft": 0.0}, "monkeyracer": {"sfb": 0.019031429375791796, "bad-redirect": 0.011014748893441981, "roll-out": 0.19104059464785647, "sfT": 3.910099003706774e-05, "redirect": 0.029972863912914274, "dsfb-red": 0.010163324835384832, "dsfb": 0.0, "dsfb-alt": 0.041855654785179164, "oneh-in": 0.02535405946478565, "oneh-out": 0.0076843220670347375, "sfR": 0.09690789370786869, "unknown": 0.035061857766238644, "roll-in": 0.2700900886810454, "alternate": 0.2617840608724213, "sft": 0.0}, "chained-bigrams": {"sfb": 0.020859562537456765, "bad-redirect": 0.009120133704822191, "roll-out": 0.15050298387971242, "sfT": 8.70068287374465e-05, "redirect": 0.03367878507300457, "dsfb-red": 0.01824805906594923, "dsfb": 0.0, "dsfb-alt": 0.045792862712963824, "oneh-in": 0.02280098356674755, "oneh-out": 0.008929238125353465, "sfR": 0.11914286586209158, "unknown": 0.02691303018163, "roll-in": 0.2630411224140629, "alternate": 0.28088336604746805, "sft": 0.0}, "english-5k": {"sfb": 0.023520139378603724, "bad-redirect": 0.004936325548595843, "roll-out": 0.1797818061144066, "sfT": 8.296345459824948e-05, "redirect": 0.027377940017422324, "dsfb-red": 0.0115734019164558, "dsfb": 0.0, "dsfb-alt": 0.041315800389928235, "oneh-in": 0.03065499647405318, "oneh-out": 0.009250425187704817, "sfR": 0.10644211224955408, "unknown": 8.296345459824948e-05, "roll-in": 0.23482805824034514, "alternate": 0.33015306757373375, "sft": 0.0}, "mt-quotes": {"sfb": 0.018126725714490623, "bad-redirect": 0.011364315511409139, "roll-out": 0.1934369060852727, "sfT": 2.689425180191487e-05, "redirect": 0.0301559268954471, "dsfb-red": 0.009720777901292119, "dsfb": 0.0, "dsfb-alt": 0.04123635863783603, "oneh-in": 0.02596042361434838, "oneh-out": 0.007596132008940845, "sfR": 0.0964592223377679, "unknown": 0.03194140639007423, "roll-in": 0.2747979942864656, "alternate": 0.2591769163648534, "sft": 0.0}, "wordle": {"sfb": 0.03513968360821272, "bad-redirect": 0.011084932121620105, "roll-out": 0.18628968921799618, "sfT": 0.00011219566924716706, "redirect": 0.03139234825535734, "dsfb-red": 0.016358128576236957, "dsfb": 0.0, "dsfb-alt": 0.04945585100415124, "oneh-in": 0.017861550544148997, "oneh-out": 0.014944463143722652, "sfR": 0.13138112868843263, "unknown": 0.0, "roll-in": 0.20807808818579604, "alternate": 0.297901940985078, "sft": 0.0}, "english-1k": {"sfb": 0.019054340155257588, "bad-redirect": 0.008468595624558928, "roll-out": 0.19760056457304165, "sfT": 0.0, "redirect": 0.02646436132674665, "dsfb-red": 0.007057163020465773, "dsfb": 0.0, "dsfb-alt": 0.0374029640084686, "oneh-in": 0.029640084685956247, "oneh-out": 0.009174311926605505, "sfR": 0.10832745236414962, "unknown": 0.0, "roll-in": 0.2519407198306281, "alternate": 0.3048694424841214, "sft": 0.0}, "english-10k": {"sfb": 0.02307944655641535, "bad-redirect": 0.004997973794407673, "roll-out": 0.17415719495957238, "sfT": 1.929719611740414e-05, "redirect": 0.026726616622604737, "dsfb-red": 0.010652052256807086, "dsfb": 0.0, "dsfb-alt": 0.043013450145693834, "oneh-in": 0.02991065398197642, "oneh-out": 0.008799521429536288, "sfR": 0.10567144593890508, "unknown": 0.0, "roll-in": 0.25186700372435883, "alternate": 0.3211053433936049, "sft": 0.0}, "reddit": {"sfb": 0.021210784663511627, "bad-redirect": 0.010446048495738377, "roll-out": 0.1792657485480102, "sfT": 0.00023343459945008771, "redirect": 0.028594876912130713, "dsfb-red": 0.010776947284496732, "dsfb": 0.0, "dsfb-alt": 0.042228888393202456, "oneh-in": 0.023329638159515016, "oneh-out": 0.007571678974236229, "sfR": 0.10397777127267367, "unknown": 0.054193760081896886, "roll-in": 0.2595142859764876, "alternate": 0.2586561366386504, "sft": 0.0}, "akl": {"sfb": 0.02213452780424305, "bad-redirect": 0.009731533865487316, "roll-out": 0.15656567590746637, "sfT": 0.00020032923868242955, "redirect": 0.023537227796655347, "dsfb-red": 0.009442529042489243, "dsfb": 0.0, "dsfb-alt": 0.03678435696476298, "oneh-in": 0.01918402007166539, "oneh-out": 0.008378644399121367, "sfR": 0.13064861186637447, "unknown": 0.1431937239330164, "roll-in": 0.22302329484621902, "alternate": 0.21717552426381662, "sft": 0.0}, "french": {"sfb": 0.023045992610687658, "bad-redirect": 0.003766059613064361, "roll-out": 0.18232362409830494, "sfT": 0.00021080944730155594, "redirect": 0.029773092717219014, "dsfb-red": 0.014878223947410871, "dsfb": 0.0, "dsfb-alt": 0.029551586237341713, "oneh-in": 0.02043271054880077, "oneh-out": 0.014502689187545844, "sfR": 0.10898279115633469, "unknown": 0.17639733321479703, "roll-in": 0.1757121238564157, "alternate": 0.22042296336477588, "sft": 0.0}, "keymash": {"sfb": 0.019411936144622825, "bad-redirect": 0.010976425724407154, "roll-out": 0.19035519450932423, "sfT": 5.74681975099851e-05, "redirect": 0.028680735428733277, "dsfb-red": 0.010808126003127912, "dsfb": 0.0, "dsfb-alt": 0.04243205411862257, "oneh-in": 0.0241859014092023, "oneh-out": 0.008279525312688567, "sfR": 0.099723742164827, "unknown": 0.030831687964107006, "roll-in": 0.27115137533711253, "alternate": 0.2631058276857146, "sft": 0.0}, "movie": {"sfb": 0.01827578143125546, "bad-redirect": 0.011912499544342484, "roll-out": 0.18474507327301853, "sfT": 3.5531416417804186e-05, "redirect": 0.029021402940869537, "dsfb-red": 0.011992905823717589, "dsfb": 0.0, "dsfb-alt": 0.04621847688924818, "oneh-in": 0.022539025010037624, "oneh-out": 0.00821433708444199, "sfR": 0.11567713207251198, "unknown": 0.07926953724541247, "roll-in": 0.24465972681078296, "alternate": 0.22743857045794338, "sft": 0.0}, "dutch": {"sfb": 0.03794213438635389, "bad-redirect": 0.008658421920123404, "roll-out": 0.1677133708031945, "sfT": 0.00010039451692091398, "redirect": 0.029741360127486512, "dsfb-red": 0.009553258206413494, "dsfb": 0.0, "dsfb-alt": 0.028719699333573344,