{"english-450k": {"bad-redirect": 0.0014400973863664935, "dsfb-alt": 0.042707102434016, "sfT": 0.0010173647796498978, "sft": 0.0, "unknown": 0.0001543587941537776, "sfb": 0.020041209120499844, "roll-in": 0.23830980628556026, "redirect": 0.03359876419413892, "dsfb": 0.0, "sfR": 0.11369548401129392, "dsfb-red": 0.011227848197481028, "oneh-in": 0.007986313520251698, "alternate": 0.36593938727744413, "roll-out": 0.15845193331466215, "oneh-out": 0.005430330684481855}, "shai": {"bad-redirect": 0.0017204238066678165, "dsfb-alt": 0.03498891747142787, "sfT": 0.0010720606644779762, "sft": 0.0, "unknown": 0.06452089138301473, "sfb": 0.011799308930767057, "roll-in": 0.21137493408693805, "redirect": 0.029586399600202252, "dsfb": 0.0, "sfR": 0.09823378925716947, "dsfb-red": 0.0061607812714323884, "oneh-in": 0.012011480871046339, "alternate": 0.32172304097710175, "roll-out": 0.19984567131931089, "oneh-out": 0.0069623003604434314}, "tr-quotes": {"bad-redirect": 0.0012135641802085019, "dsfb-alt": 0.029750814821663855, "sfT": 0.0007246711818959339, "sft": 0.0, "unknown": 0.09005801992556807, "sfb": 0.008312336746723376, "roll-in": 0.19686784863965234, "redirect": 0.026994290469475973, "dsfb": 0.0, "sfR": 0.09677191928064538, "dsfb-red": 0.004805714153625668, "oneh-in": 0.019007882388294307, "alternate": 0.3137456369478283, "roll-out": 0.20298190055708376, "oneh-out": 0.00876540070733455}, "gutenberg": {"bad-redirect": 0.0012148580569166588, "dsfb-alt": 0.02986868621426891, "sfT": 0.0007346358248437241, "sft": 0.0, "unknown": 0.09435751190704868, "sfb": 0.009355714152026046, "roll-in": 0.20286007858595295, "redirect": 0.023028692473260053, "dsfb": 0.0, "sfR": 0.09863878308844841, "dsfb-red": 0.004277482445840973, "oneh-in": 0.011125053657967352, "alternate": 0.29838111118309707, "roll-out": 0.21834217813649526, "oneh-out": 0.007815214273833894}, "english-200": {"bad-redirect": 0.0022271714922048997, "dsfb-alt": 0.031180400890868598, "sfT": 0.0, "sft": 0.0, "unknown": 0.0, "sfb": 0.0, "roll-in": 0.24944320712694878, "redirect": 0.035634743875278395, "dsfb": 0.0, "sfR": 0.10690423162583519, "dsfb-red": 0.0, "oneh-in": 0.008908685968819599, "alternate": 0.34743875278396436, "roll-out": 0.2071269487750557, "oneh-out": 0.011135857461024499}, "monkeyracer": {"bad-redirect": 0.001202355443639833, "dsfb-alt": 0.029593584309554718, "sfT": 0.0006832898008977587, "sft": 0.0, "unknown": 0.09001438916433364, "sfb": 0.008155488996981404, "roll-in": 0.19648442998576723, "redirect": 0.026957200056305426, "dsfb": 0.0, "sfR": 0.09690789370786869, "dsfb-red": 0.004766410685518557, "oneh-in": 0.01949770868198383, "alternate": 0.3137414564336769, "roll-out": 0.2031364859158234, "oneh-out": 0.008859306817648623}, "chained-bigrams": {"bad-redirect": 0.003041992482350275, "dsfb-alt": 0.04168990636377036, "sfT": 0.0005785304806348122, "sft": 0.0, "unknown": 0.0598386218118328, "sfb": 0.013837981597406417, "roll-in": 0.1757239260338067, "redirect": 0.0372895684656086, "dsfb": 0.0, "sfR": 0.11914286586209158, "dsfb-red": 0.013256204593311253, "oneh-in": 0.007807239617455648, "alternate": 0.3310655284788284, "roll-out": 0.18979630662505056, "oneh-out": 0.006931327587852548}, "english-5k": {"bad-redirect": 0.0008711162732816195, "dsfb-alt": 0.040527647571244864, "sfT": 0.0017837142738623636, "sft": 0.0, "unknown": 0.0022400132741527356, "sfb": 0.013813415190608537, "roll-in": 0.24830961961256068, "redirect": 0.03223130211141992, "dsfb": 0.0, "sfR": 0.10644211224955408, "dsfb-red": 0.009291906915003941, "oneh-in": 0.009582279006097814, "alternate": 0.35641100095407974, "roll-out": 0.17243954038246154, "oneh-out": 0.006056332185672211}, "mt-quotes": {"bad-redirect": 0.0011654175780829777, "dsfb-alt": 0.02934312284098923, "sfT": 0.0006110971659435101, "sft": 0.0, "unknown": 0.08573289824410418, "sfb": 0.007464649000131483, "roll-in": 0.19519847957829814, "redirect": 0.026635768159596465, "dsfb": 0.0, "sfR": 0.0964592223377679, "dsfb-red": 0.004361351167210528, "oneh-in": 0.02073397401417626, "alternate": 0.3161150356797074, "roll-out": 0.2069004673623313, "oneh-out": 0.00927851687166063}, "wordle": {"bad-redirect": 0.00374733535285538, "dsfb-alt": 0.0472792550207562, "sfT": 0.001032200157073937, "sft": 0.0, "unknown": 0.0, "sfb": 0.028295747784135534, "roll-in": 0.20300684393582408, "redirect": 0.031863570066195446, "dsfb": 0.0, "sfR": 0.13138112868843263, "dsfb-red": 0.012812745428026477, "oneh-in": 0.005699539997756087, "alternate": 0.32763379333557724, "roll-out": 0.19607315157634916, "oneh-out": 0.01117468865701784}, "english-1k": {"bad-redirect": 0.00035285815102328866, "dsfb-alt": 0.029640084685956247, "sfT": 0.0014114326040931546, "sft": 0.0, "unknown": 0.0, "sfb": 0.013408609738884969, "roll-in": 0.255469301340861, "redirect": 0.032815808045165845, "dsfb": 0.0, "sfR": 0.10832745236414962, "dsfb-red": 0.007410021171489062, "oneh-in": 0.011644318983768526, "alternate": 0.32709950599858856, "roll-out": 0.20465772759350742, "oneh-out": 0.0077628793225123505}, "english-10k": {"bad-redirect": 0.0011964261592790567, "dsfb-alt": 0.04141178286794929, "sfT": 0.0016016672777445437, "sft": 0.0, "unknown": 0.0, "sfb": 0.015630728855097354, "roll-in": 0.2465988691843075, "redirect": 0.033442040871461375, "dsfb": 0.0, "sfR": 0.10567144593890508, "dsfb-red": 0.008452171899423013, "oneh-in": 0.008413577507188205, "alternate": 0.35717180293703327, "roll-out": 0.173423901507111, "oneh-out": 0.006985584994500299}, "reddit": {"bad-redirect": 0.001903698114225258, "dsfb-alt": 0.031057439632228134, "sfT": 0.0007714354261351984, "sft": 0.0, "unknown": 0.10299492620608657, "sfb": 0.010823806508487755, "roll-in": 0.19363916936687794, "redirect": 0.02733454732809716, "dsfb": 0.0, "sfR": 0.10397777127267367, "dsfb-red": 0.0053069288535765365, "oneh-in": 0.014518643210085334, "alternate": 0.30755098375340884, "roll-out": 0.1918592680034843, "oneh-out": 0.008261382324633287}, "akl": {"bad-redirect": 0.0032204877018774786, "dsfb-alt": 0.02621026915646492, "sfT": 0.0007483191479988584, "sft": 0.0, "unknown": 0.17055665214757368, "sfb": 0.016316480467293892, "roll-in": 0.1611725071690961, "redirect": 0.022234346517153388, "dsfb": 0.0, "sfR": 0.13064861186637447, "dsfb-red": 0.007842612969272415, "oneh-in": 0.014183176677664102, "alternate": 0.2703069002921995, "roll-out": 0.16970470931592482, "oneh-out": 0.006854926571106391}, "french": {"bad-redirect": 0.0015310390056206314, "dsfb-alt": 0.028004501682857466, "sfT": 0.007115369428986558, "sft": 0.0, "unknown": 0.21022397204101315, "sfb": 0.033423327738066166, "roll-in": 0.19287020905342603, "redirect": 0.022963997009445285, "dsfb": 0.0, "sfR": 0.10898279115633469, "dsfb-red": 0.00784805623307174, "oneh-in": 0.0072278231075769556, "alternate": 0.24333674125210084, "roll-out": 0.13267586434682488, "oneh-out": 0.003796307944675607}, "keymash": {"bad-redirect": 0.001186307791456121, "dsfb-alt": 0.029394983026357378, "sfT": 0.0008620229626497765, "sft": 0.0, "unknown": 0.0849421007910087, "sfb": 0.008620229626497765, "roll-in": 0.19953368662591897, "redirect": 0.02706341615595227, "dsfb": 0.0, "sfR": 0.099723742164827, "dsfb-red": 0.005258340072163636, "oneh-in": 0.018812624942018692, "alternate": 0.3122698706555069, "roll-out": 0.20386432579542144, "oneh-out": 0.008468349390221376}, "movie": {"bad-redirect": 0.0019302770963568587, "dsfb-alt": 0.02732431721448434, "sfT": 0.00043466766084447123, "sft": 0.0, "unknown": 0.15437505568233545, "sfb": 0.007601091156638407, "roll-in": 0.17248620821752175, "redirect": 0.02029633464488126, "dsfb": 0.0, "sfR": 0.11567713207251198, "dsfb-red": 0.0036418385849863446, "oneh-in": 0.027179559592041436, "alternate": 0.2814322424442772, "roll-out": 0.17978765109570335, "oneh-out": 0.007833624537417148}, "dutch": {"bad-redirect": 0.0010651071083442063, "dsfb-alt": 0.034661641788705747, "sfT": 0.0001428008452863295, "sft": 0.0, "unknown": 0.10090009359515975, "sfb": 0.021463913792470923, "roll-in": 0.19850292930006178,