{"english-450k": {"unknown": 0.00015377410175167997, "redirect": 0.049764339727334544, "sft": 0.0, "alternate": 0.18072462098776765, "dsfb-red": 0.04453806669118477, "roll-out": 0.2405950765391589, "bad-redirect": 0.012465642012721738, "sfR": 0.11369548401129392, "dsfb": 0.0, "oneh-out": 0.019748278227048922, "roll-in": 0.21077342526257073, "dsfb-alt": 0.05245947935480363, "oneh-in": 0.023485632061257054, "sfT": 0.00010582932477967328, "sfb": 0.05149035169832679}, "shai": {"unknown": 0.023802437459612285, "redirect": 0.07095332890764988, "sft": 0.0, "alternate": 0.19031499863916426, "dsfb-red": 0.03732168252553773, "roll-out": 0.2261607433414261, "bad-redirect": 0.014008735667489154, "sfR": 0.09823378925716947, "dsfb": 0.0, "oneh-out": 0.015618562542555146, "roll-in": 0.21817222730879948, "dsfb-alt": 0.04329800011332557, "oneh-in": 0.02423752172460462, "sfT": 9.130681411788893e-05, "sfb": 0.03778666569854841}, "tr-quotes": {"unknown": 0.013356140634751854, "redirect": 0.07555650585978133, "sft": 0.0, "alternate": 0.18343311527703937, "dsfb-red": 0.03789556413397749, "roll-out": 0.22861353181849703, "bad-redirect": 0.016566884722960633, "sfR": 0.09677191928064538, "dsfb": 0.0, "oneh-out": 0.013204734056078223, "roll-in": 0.2319259841427614, "dsfb-alt": 0.04336353759737408, "oneh-in": 0.025717158641732737, "sfT": 6.356764753473105e-05, "sfb": 0.03353135618686577}, "gutenberg": {"unknown": 0.03640861209902391, "redirect": 0.08492450754962391, "sft": 0.0, "alternate": 0.17395922487016952, "dsfb-red": 0.04013805394629013, "roll-out": 0.2048851577421106, "bad-redirect": 0.017823348689078554, "sfR": 0.09863878308844841, "dsfb": 0.0, "oneh-out": 0.013839303812263606, "roll-in": 0.22846965772184089, "dsfb-alt": 0.03744956719379344, "oneh-in": 0.021844523174369357, "sfT": 0.00016045295091352097, "sfb": 0.04145880716207415}, "english-200": {"unknown": 0.0, "redirect": 0.07126948775055679, "sft": 0.0, "alternate": 0.1714922048997773, "dsfb-red": 0.026726057906458798, "roll-out": 0.2026726057906459, "bad-redirect": 0.0334075723830735, "sfR": 0.10690423162583519, "dsfb": 0.0, "oneh-out": 0.008908685968819599, "roll-in": 0.25389755011135856, "dsfb-alt": 0.066815144766147, "oneh-in": 0.035634743875278395, "sfT": 0.0, "sfb": 0.022271714922048998}, "monkeyracer": {"unknown": 0.012875956019206406, "redirect": 0.0749653956238172, "sft": 0.0, "alternate": 0.18340026119461345, "dsfb-red": 0.037839005583621375, "roll-out": 0.22921000359729107, "bad-redirect": 0.016566111953954674, "sfR": 0.09690789370786869, "dsfb": 0.0, "oneh-out": 0.013128157404945493, "roll-in": 0.2321288925035582, "dsfb-alt": 0.043640614980371306, "oneh-in": 0.025718676196881306, "sfT": 7.42918810704287e-05, "sfb": 0.03354473935280041}, "chained-bigrams": {"unknown": 0.023523659689022012, "redirect": 0.06845229785684, "sft": 0.0, "alternate": 0.16149441370708179, "dsfb-red": 0.037786935859734604, "roll-out": 0.21922993762129822, "bad-redirect": 0.014711296408241235, "sfR": 0.11914286586209158, "dsfb": 0.0, "oneh-out": 0.016543634249264177, "roll-in": 0.2224725652534983, "dsfb-alt": 0.053059231521924745, "oneh-in": 0.025474820288693852, "sfT": 0.00010843388357577289, "sfb": 0.037999907798733724}, "english-5k": {"unknown": 0.002157049819554486, "redirect": 0.04774546812129257, "sft": 0.0, "alternate": 0.2179864769569005, "dsfb-red": 0.040486165843945744, "roll-out": 0.23901771269755673, "bad-redirect": 0.010619322188575933, "sfR": 0.10644211224955408, "dsfb": 0.0, "oneh-out": 0.01601194673746215, "roll-in": 0.20413158003899282, "dsfb-alt": 0.048575102667275064, "oneh-in": 0.02119716264985274, "sfT": 0.0, "sfb": 0.04562990002903721}, "mt-quotes": {"unknown": 0.007957710283166589, "redirect": 0.07661425275815494, "sft": 0.0, "alternate": 0.18345017391616164, "dsfb-red": 0.03733669212655837, "roll-out": 0.22943934449743608, "bad-redirect": 0.016747648247092434, "sfR": 0.0964592223377679, "dsfb": 0.0, "oneh-out": 0.012292167198575203, "roll-in": 0.23664550985524915, "dsfb-alt": 0.044142431957542944, "oneh-in": 0.02614420100166147, "sfT": 6.723562950478718e-05, "sfb": 0.03270341019112848}, "wordle": {"unknown": 0.0, "redirect": 0.05275440368001795, "sft": 0.0, "alternate": 0.1634017726915741, "dsfb-red": 0.048378772579378435, "roll-out": 0.2245035341635813, "bad-redirect": 0.011331762593963873, "sfR": 0.13138112868843263, "dsfb": 0.0, "oneh-out": 0.02504207337596769, "roll-in": 0.2133737237742623, "dsfb-alt": 0.04656120273757433, "oneh-in": 0.027263547627061596, "sfT": 0.0, "sfb": 0.056008078088185795}, "english-1k": {"unknown": 0.0, "redirect": 0.05786873676781934, "sft": 0.0, "alternate": 0.19760056457304165, "dsfb-red": 0.04410726887791108, "roll-out": 0.21947776993648554, "bad-redirect": 0.017290049400141144, "sfR": 0.10832745236414962, "dsfb": 0.0, "oneh-out": 0.013761467889908258, "roll-in": 0.22935779816513763, "dsfb-alt": 0.04199011997177135, "oneh-in": 0.027522935779816515, "sfT": 0.0, "sfb": 0.04269583627381793}, "english-10k": {"unknown": 0.0, "redirect": 0.04575365199436522, "sft": 0.0, "alternate": 0.20923949750101312, "dsfb-red": 0.04577294919048262, "roll-out": 0.23729762065571872, "bad-redirect": 0.010787132629628915, "sfR": 0.10567144593890508, "dsfb": 0.0, "oneh-out": 0.017811312016364024, "roll-in": 0.20906582273595647, "dsfb-alt": 0.04654483703517879, "oneh-in": 0.02325312132147199, "sfT": 0.0, "sfb": 0.048802608980915076}, "reddit": {"unknown": 0.046157309523903164, "redirect": 0.06998722889494825, "sft": 0.0, "alternate": 0.1783436594057344, "dsfb-red": 0.03493454410675962, "roll-out": 0.2185131392177806, "bad-redirect": 0.015138376112508584, "sfR": 0.10397777127267367, "dsfb": 0.0, "oneh-out": 0.013100130969845471, "roll-in": 0.21509721041533342, "dsfb-alt": 0.04217285210296219, "oneh-in": 0.02641841391453005, "sfT": 0.00017687390542415183, "sfb": 0.03598249015759645}, "akl": {"unknown": 0.13570714751152566, "redirect": 0.05768859442478392, "sft": 0.0, "alternate": 0.15370567212176756, "dsfb-red": 0.029833391943883698, "roll-out": 0.18558925148146166, "bad-redirect": 0.012531868791859774, "sfR": 0.13064861186637447, "dsfb": 0.0, "oneh-out": 0.01176319057964356, "roll-in": 0.18313721962338053, "dsfb-alt": 0.0360010765596433, "oneh-in": 0.028432989758476516, "sfT": 0.00022288727949607758, "sfb": 0.03473809805770327}, "french": {"unknown": 0.15849166926639016, "redirect": 0.032969482909190745, "sft": 0.0, "alternate": 0.18824831192511035, "dsfb-red": 0.03964221392438124, "roll-out": 0.17898941597543086, "bad-redirect": 0.013687722127289803, "sfR": 0.10898279115633469, "dsfb": 0.0, "oneh-out": 0.030174830712343115, "roll-in": 0.1526373810979509, "dsfb-alt": 0.03400179149826518, "oneh-in": 0.014044949080701665, "sfT": 7.005507608429219e-05, "sfb": 0.04805938525052698}, "keymash": {"unknown": 0.011292500810712073, "redirect": 0.07552142127062185, "sft": 0.0, "alternate": 0.18246152709420269, "dsfb-red": 0.03868841153797211, "roll-out": 0.22582128211548644, "bad-redirect": 0.017334871291761932, "sfR": 0.099723742164827, "dsfb": 0.0, "oneh-out": 0.013882674569912115, "roll-in": 0.23218793742534266, "dsfb-alt": 0.04357320832632085, "oneh-in": 0.025893527849499002, "sfT": 7.79925537635512e-05, "sfb": 0.03354090298957773}, "movie": {"unknown": 0.026220211348760722, "redirect": 0.06584813688386057, "sft": 0.0, "alternate": 0.181540007914294, "dsfb-red": 0.037127698199833685, "roll-out": 0.22759740904911482, "bad-redirect": 0.01878243310980563, "sfR": 0.11567713207251198, "dsfb": 0.0, "oneh-out": 0.012279789111831712, "roll-in": 0.21684626043028019, "dsfb-alt": 0.040667548459917074, "oneh-in": 0.02603597437474248, "sfT": 0.000230033021845636, "sfb": 0.03114736602320149}, "dutch": {"unknown": 0.07348641952127002, "redirect": 0.039508604432298686, "sft": 0.0, "alternate": 0.1690957274539359, "dsfb-red": 0.0350158825596094, "roll-out": 0.1910660068755989, "bad-redirect": 0.0037448822375364755, "sfR": 0.18880787437283908, "dsfb": 0.0, "oneh-out": 0.018311016726597955, "roll-in": 0.14372390464274523,