{"shai": {"redirect": 0.024435276392085415, "sfb": 0.017541145541923802, "sfT": 4.250095908730187e-05, "roll-in": 0.2179902987429222, "oneh-in": 0.012934662390432597, "unknown": 0.02405265164803555, "roll-out": 0.24273831577767505, "alternate": 0.29507566339581, "dsfb": 0.0, "bad-redirect": 0.0014110697717047108, "dsfb-alt": 0.041520921262570704, "sft": 0.0, "dsfb-red": 0.016231163107387123, "oneh-out": 0.007792541753196106, "sfR": 0.09823378925716947}}