{"english-450k": {"sfT": 0.0001607904105768517, "alternate": 0.3238140537835153, "dsfb-alt": 0.0477418887084788, "sfR": 0.11369548401129392, "redirect": 0.03478773619380448, "unknown": 0.00015377410175167997, "bad-redirect": 0.0017330282798174123, "sft": 0.0, "dsfb": 0.0, "roll-out": 0.18539952908873936, "roll-in": 0.22792099168508936, "oneh-in": 0.013428630398976554, "oneh-out": 0.00472197583934056, "sfb": 0.02967664756086794, "dsfb-red": 0.0167654699377478}, "shai": {"sfT": 4.094505474770663e-05, "alternate": 0.2957894248355773, "dsfb-alt": 0.04139220307694404, "sfR": 0.09823378925716947, "redirect": 0.024178304469888685, "unknown": 0.02405265164803555, "bad-redirect": 0.0014137442241889404, "sft": 0.0, "dsfb": 0.0, "roll-out": 0.2431570514358752, "roll-in": 0.21747597172805702, "oneh-in": 0.012803053009428626, "oneh-out": 0.0077547162479452, "sfb": 0.017564337031483145, "dsfb-red": 0.016143807980659102}, "tr-quotes": {"sfT": 3.236171147222672e-05, "alternate": 0.2852476826703035, "dsfb-alt": 0.03672707519474816, "sfR": 0.09677191928064538, "redirect": 0.026297357897413373, "unknown": 0.013894731975682485, "bad-redirect": 0.0014932618293613184, "sft": 0.0, "dsfb": 0.0, "roll-out": 0.2744030420008784, "roll-in": 0.20999283419245973, "oneh-in": 0.010025195903931947, "oneh-out": 0.009529368253161046, "sfb": 0.014247243475647813, "dsfb-red": 0.02133792561429463}, "gutenberg": {"sfT": 0.00019436213416443036, "alternate": 0.2709569171513407, "dsfb-alt": 0.03538319082004529, "sfR": 0.09863878308844841, "redirect": 0.025705623582302512, "unknown": 0.03298056416545711, "bad-redirect": 0.0016971640935469119, "sft": 0.0, "dsfb": 0.0, "roll-out": 0.28613364461584684, "roll-in": 0.19628567520761322, "oneh-in": 0.00843448310091335, "oneh-out": 0.011409587698430288, "sfb": 0.015326761392633106, "dsfb-red": 0.016853242949257843}, "english-200": {"sfT": 0.0, "alternate": 0.30734966592427615, "dsfb-alt": 0.035634743875278395, "sfR": 0.10690423162583519, "redirect": 0.017817371937639197, "unknown": 0.0, "bad-redirect": 0.0022271714922048997, "sft": 0.0, "dsfb": 0.0, "roll-out": 0.2873051224944321, "roll-in": 0.19821826280623608, "oneh-in": 0.004454342984409799, "oneh-out": 0.008908685968819599, "sfb": 0.011135857461024499, "dsfb-red": 0.0200445434298441}, "monkeyracer": {"sfT": 3.128079202965419e-05, "alternate": 0.28505892519198583, "dsfb-alt": 0.036541830239141655, "sfR": 0.09690789370786869, "redirect": 0.02609600075073901, "unknown": 0.013491796612290222, "bad-redirect": 0.001508320690679888, "sft": 0.0, "dsfb": 0.0, "roll-out": 0.2750969704552919, "roll-in": 0.21015804620172981, "oneh-in": 0.009879842657616092, "oneh-out": 0.00961982107386959, "sfb": 0.014102749581619407, "dsfb-red": 0.02150652204513818}, "chained-bigrams": {"sfT": 5.3892289441851195e-05, "alternate": 0.28477399976235446, "dsfb-alt": 0.057651763608939366, "sfR": 0.11914286586209158, "redirect": 0.03429367661639533, "unknown": 0.023159399756770463, "bad-redirect": 0.0038575191755908186, "sft": 0.0, "dsfb": 0.0, "roll-out": 0.21382382675511927, "roll-in": 0.2029758932646975, "oneh-in": 0.007754645937397937, "oneh-out": 0.00905260601684686, "sfb": 0.019263571604347485, "dsfb-red": 0.024196339350007045}, "english-5k": {"sfT": 4.148172729912474e-05, "alternate": 0.331563446301904, "dsfb-alt": 0.044924710664952086, "sfR": 0.10644211224955408, "redirect": 0.027129049653627578, "unknown": 0.002157049819554486, "bad-redirect": 0.0014518604554693657, "sft": 0.0, "dsfb": 0.0, "roll-out": 0.17202472310947028, "roll-in": 0.25200149334218275, "oneh-in": 0.02372754801509935, "oneh-out": 0.0032355747293317293, "sfb": 0.020989754013357117, "dsfb-red": 0.014311195918198034}, "mt-quotes": {"sfT": 1.6435376101170198e-05, "alternate": 0.2842991357980421, "dsfb-alt": 0.035844061151552094, "sfR": 0.0964592223377679, "redirect": 0.025533103835717958, "unknown": 0.007995063410669249, "bad-redirect": 0.001479183849105318, "sft": 0.0, "dsfb": 0.0, "roll-out": 0.2834071431132786, "roll-in": 0.2100351418223545, "oneh-in": 0.009483212010375205, "oneh-out": 0.0098567432854018, "sfb": 0.013137842005235415, "dsfb-red": 0.022453712004398704}, "wordle": {"sfT": 0.0002019522046449007, "alternate": 0.2970492538987995, "dsfb-alt": 0.056726130371367665, "sfR": 0.13138112868843263, "redirect": 0.03406260518343992, "unknown": 0.0, "bad-redirect": 0.0010546392909233703, "sft": 0.0, "dsfb": 0.0, "roll-out": 0.22508695164366654, "roll-in": 0.18175698418041064, "oneh-in": 0.006103444407045888, "oneh-out": 0.012812745428026477, "sfb": 0.034309435655783684, "dsfb-red": 0.019454729047458767}, "english-1k": {"sfT": 0.0, "alternate": 0.31227946365561043, "dsfb-alt": 0.040578687367678196, "sfR": 0.10832745236414962, "redirect": 0.027522935779816515, "unknown": 0.0, "bad-redirect": 0.00035285815102328866, "sft": 0.0, "dsfb": 0.0, "roll-out": 0.2177134791813691, "roll-in": 0.23782639378969656, "oneh-in": 0.014467184191954835, "oneh-out": 0.007057163020465773, "sfb": 0.016231474947071278, "dsfb-red": 0.017642907551164433}, "english-10k": {"sfT": 9.64859805870207e-05, "alternate": 0.3201597807838521, "dsfb-alt": 0.0465834314274136, "sfR": 0.10567144593890508, "redirect": 0.027923042781883792, "unknown": 0.0, "bad-redirect": 0.0007525906485787615, "sft": 0.0, "dsfb": 0.0, "roll-out": 0.1831882827425175, "roll-in": 0.25468439435749984, "oneh-in": 0.021072538160205323, "oneh-out": 0.0053646205206383515, "sfb": 0.02064799984562243, "dsfb-red": 0.013855386812296174}, "reddit": {"sfT": 4.742108518995685e-05, "alternate": 0.2724068654194472, "dsfb-alt": 0.038597092518125174, "sfR": 0.10397777127267367, "redirect": 0.024466395737196542, "unknown": 0.045191657410003416, "bad-redirect": 0.0015046268333296813, "sft": 0.0, "dsfb": 0.0, "roll-out": 0.25549319520537617, "roll-in": 0.20399251076479236, "oneh-in": 0.010650828174042875, "oneh-out": 0.008722370709651296, "sfb": 0.014952062938942356, "dsfb-red": 0.01999720193122931}, "akl": {"sfT": 0.00013008552561211045, "alternate": 0.23307741116610173, "dsfb-alt": 0.03377986312136624, "sfR": 0.13064861186637447, "redirect": 0.02070803439090683, "unknown": 0.13912786562167676, "bad-redirect": 0.0015548494067939432, "sft": 0.0, "dsfb": 0.0, "roll-out": 0.21285586946262175, "roll-in": 0.1743024481799429, "oneh-in": 0.008841615449248571, "oneh-out": 0.006648222771054936, "sfb": 0.02005609959911174, "dsfb-red": 0.018269023439188032}, "french": {"sfT": 5.3020725890143306e-05, "alternate": 0.22228958056740505, "dsfb-alt": 0.03378849506579896, "sfR": 0.10898279115633469, "redirect": 0.02611198088173602, "unknown": 0.15839527611850174, "bad-redirect": 0.0023062592487569904, "sft": 0.0, "dsfb": 0.0, "roll-out": 0.17249326090693187, "roll-in": 0.17980397852605168, "oneh-in": 0.016277677466879165, "oneh-out": 0.008208564209080364, "sfb": 0.05579118241806961, "dsfb-red": 0.015497932708563707}, "keymash": {"sfT": 4.925845500855866e-05, "alternate": 0.28515719604454604, "dsfb-alt": 0.03737485273774388, "sfR": 0.099723742164827, "redirect": 0.025901737592000425, "unknown": 0.012376186820900362, "bad-redirect": 0.0015557462040203108, "sft": 0.0, "dsfb": 0.0, "roll-out": 0.2732859083874834, "roll-in": 0.20927454610386145, "oneh-in": 0.010155451474264509, "oneh-out": 0.00969570589418463, "sfb": 0.014863738798832574, "dsfb-red": 0.020585929322326807}, "movie": {"sfT": 2.3029621752280492e-05, "alternate": 0.2611670964871405, "dsfb-alt": 0.03751841218259095, "sfR": 0.11567713207251198, "redirect": 0.02833867335429336, "unknown": 0.030282373430185833, "bad-redirect": 0.0012664975985368426, "sft": 0.0, "dsfb": 0.0, "roll-out": 0.2843025229016429, "roll-in": 0.18358451193454217, "oneh-in": 0.007946930276438368, "oneh-out": 0.011692204762552097, "sfb": 0.012993049396959484, "dsfb-red": 0.025207565980853303}, "dutch": {"sfT": 5.0959317215438024e-05, "alternate": 0.22400050077122138, "dsfb-alt": 0.027094470074920954, "sfR": 0.18880787437283908, "redirect": 0.02886264362521355, "unknown": 0.07351464259139567,