{"english-450k": {"dsfb-red": 0.015382672406786875, "dsfb-alt": 0.0477921722550592, "sfR": 0.11369548401129392, "unknown": 0.00015377410175167997, "oneh-in": 0.013871534893565518, "oneh-out": 0.005681456071182792, "roll-out": 0.18396235516438333, "bad-redirect": 0.001653217766931084, "sfT": 0.00019791837811005197, "dsfb": 0.0, "sfb": 0.0335560816487858, "sft": 0.0, "roll-in": 0.2292298256271849, "redirect": 0.03585947736684946, "alternate": 0.3189640303081154}, "shai": {"dsfb-red": 0.015202392965392662, "dsfb-alt": 0.04148526318625057, "sfR": 0.09823378925716947, "unknown": 0.02405265164803555, "oneh-in": 0.012799151637353222, "oneh-out": 0.00855065807786829, "roll-out": 0.2422846496800101, "bad-redirect": 0.0014033134724595643, "sfT": 4.751700889853429e-05, "dsfb": 0.0, "sfb": 0.018263201267760144, "sft": 0.0, "roll-in": 0.2181326252859071, "redirect": 0.024433465040764695, "alternate": 0.2951113214721301}, "tr-quotes": {"dsfb-red": 0.020579736945516746, "dsfb-alt": 0.03686807979473429, "sfR": 0.09677191928064538, "unknown": 0.013894731975682485, "oneh-in": 0.01002635167934167, "oneh-out": 0.010155798525230577, "roll-out": 0.27405862092878114, "bad-redirect": 0.0014770809736252052, "sfT": 3.467326229167148e-05, "dsfb": 0.0, "sfb": 0.014909502785418737, "sft": 0.0, "roll-in": 0.21051408890224452, "redirect": 0.02621298629250364, "alternate": 0.28449642865398395}, "gutenberg": {"dsfb-red": 0.016016500701105517, "dsfb-alt": 0.03488572984117999, "sfR": 0.09863878308844841, "unknown": 0.03298056416545711, "oneh-in": 0.008277629448780653, "oneh-out": 0.01233801734710463, "roll-out": 0.2864795561723617, "bad-redirect": 0.001756836678597395, "sfT": 0.00018148043326464357, "dsfb": 0.0, "sfb": 0.015101142190108899, "sft": 0.0, "roll-in": 0.19639763234337462, "redirect": 0.025768516592577943, "alternate": 0.2711776109976385}, "english-200": {"dsfb-red": 0.0200445434298441, "dsfb-alt": 0.035634743875278395, "sfR": 0.10690423162583519, "unknown": 0.0, "oneh-in": 0.004454342984409799, "oneh-out": 0.008908685968819599, "roll-out": 0.2873051224944321, "bad-redirect": 0.0022271714922048997, "sfT": 0.0, "dsfb": 0.0, "sfb": 0.011135857461024499, "sft": 0.0, "roll-in": 0.19821826280623608, "redirect": 0.017817371937639197, "alternate": 0.30734966592427615}, "monkeyracer": {"dsfb-red": 0.02075871561067926, "dsfb-alt": 0.03668454885277695, "sfR": 0.09690789370786869, "unknown": 0.013491796612290222, "oneh-in": 0.009882775231868871, "oneh-out": 0.010238594241206187, "roll-out": 0.27477145471323333, "bad-redirect": 0.0014975679184196945, "sfT": 3.225831678058088e-05, "dsfb": 0.0, "sfb": 0.014785061857766239, "sft": 0.0, "roll-in": 0.21068981966623396, "redirect": 0.026034416691430626, "alternate": 0.2842250965794454}, "chained-bigrams": {"dsfb-red": 0.023594433900457696, "dsfb-alt": 0.05764981569486315, "sfR": 0.11914286586209158, "unknown": 0.023159399756770463, "oneh-in": 0.007665041889892209, "oneh-out": 0.009018842172859193, "roll-out": 0.21494063082548054, "bad-redirect": 0.0038484289099018315, "sfT": 7.726725835638906e-05, "dsfb": 0.0, "sfb": 0.0198596333116682, "sft": 0.0, "roll-in": 0.2017078012010838, "redirect": 0.03402681238795436, "alternate": 0.2853090268286206}, "english-5k": {"dsfb-red": 0.013357116190318164, "dsfb-alt": 0.045256564483345085, "sfR": 0.10644211224955408, "unknown": 0.002157049819554486, "oneh-in": 0.02356162110590285, "oneh-out": 0.004065209275314224, "roll-out": 0.17011656365371053, "bad-redirect": 0.0014518604554693657, "sfT": 4.148172729912474e-05, "dsfb": 0.0, "sfb": 0.022317169286929107, "sft": 0.0, "roll-in": 0.25382668934334424, "redirect": 0.027709793835815323, "alternate": 0.3296967685734434}, "mt-quotes": {"dsfb-red": 0.02173354370614743, "dsfb-alt": 0.035957614659160184, "sfR": 0.0964592223377679, "unknown": 0.007995063410669249, "oneh-in": 0.00951010626217712, "oneh-out": 0.010457381575644565, "roll-out": 0.2831770478478622, "bad-redirect": 0.0014776897240052116, "sfT": 1.792950120127658e-05, "dsfb": 0.0, "sfb": 0.01368469179187435, "sft": 0.0, "roll-in": 0.21057153273329268, "redirect": 0.02543598570421104, "alternate": 0.2835221907459868}, "wordle": {"dsfb-red": 0.017906428811847862, "dsfb-alt": 0.057444182654549536, "sfR": 0.13138112868843263, "unknown": 0.0, "oneh-in": 0.00558734432850892, "oneh-out": 0.014248849994390217, "roll-out": 0.223246942668013, "bad-redirect": 0.0012341523617188377, "sfT": 0.0004039044092898014, "dsfb": 0.0, "sfb": 0.04012117132278694, "sft": 0.0, "roll-in": 0.17906428811847863, "redirect": 0.03320991809716145, "alternate": 0.29615168854482216}, "english-1k": {"dsfb-red": 0.015172900494001412, "dsfb-alt": 0.040578687367678196, "sfR": 0.10832745236414962, "unknown": 0.0, "oneh-in": 0.012702893436838392, "oneh-out": 0.008821453775582216, "roll-out": 0.2173606210303458, "bad-redirect": 0.00035285815102328866, "sfT": 0.0, "dsfb": 0.0, "sfb": 0.01587861679604799, "sft": 0.0, "roll-in": 0.2392378263937897, "redirect": 0.02893436838390967, "alternate": 0.31263232180663375}, "english-10k": {"dsfb-red": 0.012909824202543371, "dsfb-alt": 0.046718511800235424, "sfR": 0.10567144593890508, "unknown": 0.0, "oneh-in": 0.0209760521796183, "oneh-out": 0.006194399953686729, "roll-out": 0.18114277995407269, "bad-redirect": 0.000675401864109145, "sfT": 0.00013508037282182898, "dsfb": 0.0, "sfb": 0.021940911985488507, "sft": 0.0, "roll-in": 0.2561123868701878, "redirect": 0.02879141660716698, "alternate": 0.3187317882711642}, "reddit": {"dsfb-red": 0.019029826776319498, "dsfb-alt": 0.03915644407036974, "sfR": 0.10397777127267367, "unknown": 0.045191657410003416, "oneh-in": 0.010744097133065775, "oneh-out": 0.009338133126268753, "roll-out": 0.2547513136783049, "bad-redirect": 0.0015057880131408097, "sfT": 4.989327446526265e-05, "dsfb": 0.0, "sfb": 0.015700761715227395, "sft": 0.0, "roll-in": 0.20435296345261458, "redirect": 0.0241913834090254, "alternate": 0.2720099666685208}, "akl": {"dsfb-red": 0.01755801277051952, "dsfb-alt": 0.03391568081069003, "sfR": 0.13064861186637447, "unknown": 0.13912786562167676, "oneh-in": 0.008770383432090032, "oneh-out": 0.0071090195521880525, "roll-out": 0.21139132634188904, "bad-redirect": 0.0015306606642347302, "sfT": 0.0001297643267834386, "dsfb": 0.0, "sfb": 0.0212468083646006, "sft": 0.0, "roll-in": 0.17468217931823968, "redirect": 0.01999183512577516, "alternate": 0.23389785180493852}, "french": {"dsfb-red": 0.013125513661691183, "dsfb-alt": 0.03379318438119981, "sfR": 0.10898279115633469, "unknown": 0.15839527611850174, "oneh-in": 0.014386190412603275, "oneh-out": 0.010745004422114315, "roll-out": 0.17434930093169207, "bad-redirect": 0.0017957231435977892, "sfT": 0.0001168283753860801, "dsfb": 0.0, "sfb": 0.051534692326900174, "sft": 0.0, "roll-in": 0.18075486082374073, "redirect": 0.028571339536503572, "alternate": 0.2234492947097346}, "keymash": {"dsfb-red": 0.01975264045843202, "dsfb-alt": 0.03744874042025672, "sfR": 0.099723742164827, "unknown": 0.012376186820900362, "oneh-in": 0.01004051507924454, "oneh-out": 0.010344275551797318, "roll-out": 0.2730314063699392, "bad-redirect": 0.0015434315902681712, "sfT": 5.74681975099851e-05, "dsfb": 0.0, "sfb": 0.015565671782704536, "sft": 0.0, "roll-in": 0.20956188709141138, "redirect": 0.026065932442028955, "alternate": 0.2844881020306798}, "movie": {"dsfb-red": 0.02452141485047393, "dsfb-alt": 0.03784201126767014, "sfR": 0.11567713207251198, "unknown": 0.030282373430185833, "oneh-in": 0.007958116092718046, "oneh-out": 0.012177800786928756, "roll-out": 0.28431094516331223, "bad-redirect": 0.0012828157305213156, "sfT": 3.132028558310147e-05, "dsfb": 0.0, "sfb": 0.013589977192778595, "sft": 0.0, "roll-in": 0.18335421571701938, "redirect": 0.028254977128953643, "alternate": 0.26071690028134303}, "dutch": {"dsfb-red": 0.016369362742083206, "dsfb-alt": 0.027560634863438533, "sfR": 0.18880787437283908, "unknown": 0.07351464259139567, "oneh-in": 0.004965467262691049, "oneh-out": 0.007091396019557332, "roll-out": 0.16536074301481704,