{"mt-quotes": {"dsfb": 0.0, "oneh-out": 0.025063948554284555, "sfT": 9.412988130670205e-05, "sft": 0.0, "dsfb-alt": 0.0527485925341557, "oneh-in": 0.02462318164975317, "sfb": 0.038103178302912946, "sfR": 0.0964592223377679, "alternate": 0.2230743715709829, "roll-out": 0.17024509628142145, "redirect": 0.04014415318965826, "unknown": 0.007977133909467972, "roll-in": 0.2809911428264066, "dsfb-red": 0.03266755118872593, "bad-redirect": 0.007808297773155951}, "monkeyracer": {"dsfb": 0.0, "oneh-out": 0.023596469962619455, "sfT": 0.00011143782160564305, "sft": 0.0, "dsfb-alt": 0.05300921219325273, "oneh-in": 0.023690312338708417, "sfb": 0.03819482459295869, "sfR": 0.09690789370786869, "alternate": 0.2236879662793062, "roll-out": 0.16870122151492875, "redirect": 0.040798950529427405, "unknown": 0.013436077701487402, "roll-in": 0.277696208768006, "dsfb-red": 0.03248901262179958, "bad-redirect": 0.00768041196803103}}