{"english-450k": {"roll-out": 0.19237081659894953, "redirect": 0.05604802897267791, "alternate": 0.23202524000161376, "sfT": 0.00010670636338281974, "sfb": 0.029395995207861073, "oneh-in": 0.022895385081339484, "unknown": 0.00015377410175167997, "dsfb": 0.0, "dsfb-alt": 0.0373513200308016, "oneh-out": 0.01576886173837237, "dsfb-red": 0.02810440969162738, "roll-in": 0.2645031488609315, "bad-redirect": 0.0075808293393969835, "sft": 0.0, "sfR": 0.11369548401129392}, "shai": {"roll-out": 0.17293618965374705, "redirect": 0.047971000110538876, "alternate": 0.23375866158786462, "sfT": 6.123760811212914e-05, "sfb": 0.02209890798737813, "oneh-in": 0.02569268706382428, "unknown": 0.023260762136131256, "dsfb": 0.0, "dsfb-alt": 0.04460358576345981, "oneh-out": 0.009479738100273312, "dsfb-red": 0.02328828461314335, "roll-in": 0.284304358266094, "bad-redirect": 0.01431079785226371, "sft": 0.0, "sfR": 0.09823378925716947}, "tr-quotes": {"roll-out": 0.17465962414183675, "redirect": 0.05084371604909734, "alternate": 0.22410485194517002, "sfT": 5.663299507639675e-05, "sfb": 0.023551235523912993, "oneh-in": 0.02952543861676799, "unknown": 0.013835787429786644, "dsfb": 0.0, "dsfb-alt": 0.04620558932988142, "oneh-out": 0.009201128036799889, "dsfb-red": 0.02480525184346178, "roll-in": 0.2822311088509281, "bad-redirect": 0.024207715956635307, "sft": 0.0, "sfR": 0.09677191928064538}, "gutenberg": {"roll-out": 0.1668405696288138, "redirect": 0.04750752348163581, "alternate": 0.22882845097925553, "sfT": 7.672189506490673e-05, "sfb": 0.02271252249088146, "oneh-in": 0.025211383028662163, "unknown": 0.032975828246008664, "dsfb": 0.0, "dsfb-alt": 0.042975248569468175, "oneh-out": 0.010090728850425645, "dsfb-red": 0.023066200955291785, "roll-in": 0.2842485592385854, "bad-redirect": 0.01682747954745827, "sft": 0.0, "sfR": 0.09863878308844841}, "english-200": {"roll-out": 0.18040089086859687, "redirect": 0.031180400890868598, "alternate": 0.24276169265033407, "sfT": 0.0, "sfb": 0.013363028953229399, "oneh-in": 0.044543429844097995, "unknown": 0.0, "dsfb": 0.0, "dsfb-alt": 0.05790645879732739, "oneh-out": 0.004454342984409799, "dsfb-red": 0.022271714922048998, "roll-in": 0.29175946547884185, "bad-redirect": 0.004454342984409799, "sft": 0.0, "sfR": 0.10690423162583519}, "monkeyracer": {"roll-out": 0.17492609912882995, "redirect": 0.050717894177080565, "alternate": 0.2241415377637362, "sfT": 7.135930681764862e-05, "sfb": 0.023465481645995278, "oneh-in": 0.029429360151399034, "unknown": 0.013436077701487402, "dsfb": 0.0, "dsfb-alt": 0.04642167289675775, "oneh-out": 0.009206328104227599, "dsfb-red": 0.024725511049939784, "roll-in": 0.2819846098503214, "bad-redirect": 0.024566174515538733, "sft": 0.0, "sfR": 0.09690789370786869}, "chained-bigrams": {"roll-out": 0.16893804269697793, "redirect": 0.05086198444395819, "alternate": 0.23805198203503777, "sfT": 0.00013245815718238124, "sfb": 0.02386129812889867, "oneh-in": 0.020178441915474812, "unknown": 0.022916559801936097, "dsfb": 0.0, "dsfb-alt": 0.034350815429297535, "oneh-out": 0.012139400522949999, "dsfb-red": 0.02353599647817135, "roll-in": 0.2771173988334592, "bad-redirect": 0.008772755694564476, "sft": 0.0, "sfR": 0.11914286586209158}, "english-5k": {"roll-out": 0.1916870618492554, "redirect": 0.05898701621935538, "alternate": 0.23619695524121626, "sfT": 8.296345459824948e-05, "sfb": 0.024017920106193223, "oneh-in": 0.022358651014228233, "unknown": 0.002157049819554486, "dsfb": 0.0, "dsfb-alt": 0.04380470402787572, "oneh-out": 0.014435641100095408, "dsfb-red": 0.0270046044717302, "roll-in": 0.2659808354419878, "bad-redirect": 0.006844485004355581, "sft": 0.0, "sfR": 0.10644211224955408}, "mt-quotes": {"roll-out": 0.17586898315822186, "redirect": 0.0504297103787906, "alternate": 0.22391257575214257, "sfT": 7.620038010542547e-05, "sfb": 0.02350856432507381, "oneh-in": 0.030402457536964654, "unknown": 0.007977133909467972, "dsfb": 0.0, "dsfb-alt": 0.046473267113708895, "oneh-out": 0.008999115477940738, "dsfb-red": 0.024778570660164236, "roll-in": 0.2851433164796022, "bad-redirect": 0.025970882490049127, "sft": 0.0, "sfR": 0.0964592223377679}, "wordle": {"roll-out": 0.19474924267923258, "redirect": 0.05726466958375407, "alternate": 0.2194771681813082, "sfT": 4.4878267698866824e-05, "sfb": 0.03778750140244586, "oneh-in": 0.028699652193425334, "unknown": 0.0, "dsfb": 0.0, "dsfb-alt": 0.038438236284079434, "oneh-out": 0.011937619207898575, "dsfb-red": 0.028452821721081566, "roll-in": 0.2426567934477729, "bad-redirect": 0.009110288342869964, "sft": 0.0, "sfR": 0.13138112868843263}, "english-1k": {"roll-out": 0.17537050105857446, "redirect": 0.04940014114326041, "alternate": 0.24100211714890615, "sfT": 0.0, "sfb": 0.01799576570218772, "oneh-in": 0.03387438249823571, "unknown": 0.0, "dsfb": 0.0, "dsfb-alt": 0.04940014114326041, "oneh-out": 0.008468595624558928, "dsfb-red": 0.027522935779816515, "roll-in": 0.27805222300635146, "bad-redirect": 0.01058574453069866, "sft": 0.0, "sfR": 0.10832745236414962}, "english-10k": {"roll-out": 0.18664248084753285, "redirect": 0.05547943883753691, "alternate": 0.23409428610022964, "sfT": 1.929719611740414e-05, "sfb": 0.026205592327434822, "oneh-in": 0.021921614789371106, "unknown": 0.0, "dsfb": 0.0, "dsfb-alt": 0.04409409312826846, "oneh-out": 0.01333436251712626, "dsfb-red": 0.02628278111190444, "roll-in": 0.2804461511742344, "bad-redirect": 0.005808456031338646, "sft": 0.0, "sfR": 0.10567144593890508}, "reddit": {"roll-out": 0.17170448273466085, "redirect": 0.0450343737317154, "alternate": 0.21765974697142768, "sfT": 0.00013922920509563158, "sfb": 0.02598862755475946, "oneh-in": 0.029253453152106878, "unknown": 0.039285409944231534, "dsfb": 0.0, "dsfb-alt": 0.044642756476059, "oneh-out": 0.009033491984207205, "dsfb-red": 0.025217753989823195, "roll-in": 0.2685230186105285, "bad-redirect": 0.019539884372711, "sft": 0.0, "sfR": 0.10397777127267367}, "akl": {"roll-out": 0.1470582399939832, "redirect": 0.038918970257309664, "alternate": 0.18349449155127248, "sfT": 0.00024878084660747205, "sfb": 0.0289959771823317, "oneh-in": 0.02563542208355108, "unknown": 0.13277008071454782, "dsfb": 0.0, "dsfb-alt": 0.0407298151305551, "oneh-out": 0.00809403752931588, "dsfb-red": 0.025907724567458216, "roll-in": 0.22297081589913448, "bad-redirect": 0.01452703237755845, "sft": 0.0, "sfR": 0.13064861186637447}, "french": {"roll-out": 0.17475226743756014, "redirect": 0.060549818784927066, "alternate": 0.1818180319997984, "sfT": 3.147684235523907e-05, "sfb": 0.01533511008946959, "oneh-in": 0.02105225450973185, "unknown": 0.15807953387545715, "dsfb": 0.0, "dsfb-alt": 0.023688024310969148, "oneh-out": 0.00973488393562346, "dsfb-red": 0.02146409026389804, "roll-in": 0.21844189989905688, "bad-redirect": 0.0060698168948183405, "sft": 0.0, "sfR": 0.10898279115633469}, "keymash": {"roll-out": 0.17116902628349062, "redirect": 0.050982500933858206, "alternate": 0.22318595477252856, "sfT": 8.620229626497765e-05, "sfb": 0.023652268146609583, "oneh-in": 0.028602742874969726, "unknown": 0.01232282349464109, "dsfb": 0.0, "dsfb-alt": 0.04736200449072915, "oneh-out": 0.009038926494070513, "dsfb-red": 0.02531884587439915, "roll-in": 0.28490269402700186, "bad-redirect": 0.023652268146609583, "sft": 0.0, "sfR": 0.099723742164827}, "movie": {"roll-out": 0.17214839656587544, "redirect": 0.0519013979506795, "alternate": 0.2023585227826784, "sfT": 0.00016765564635660198, "sfb": 0.027645415940630424, "oneh-in": 0.027720426708623565, "unknown": 0.030236445784519856, "dsfb": 0.0, "dsfb-alt": 0.044542315219197916, "oneh-out": 0.008304218408195176, "dsfb-red": 0.027042697839913598, "roll-in": 0.2562288875942586, "bad-redirect": 0.03602648748655893, "sft": 0.0, "sfR": 0.11567713207251198}, "dutch": {"roll-out": 0.16500375883239546, "redirect": 0.044124492930587136, "alternate": 0.15578871126683966, "sfT": 0.00028178243140063636, "sfb": 0.05162741860862846, "oneh-in": 0.01249873184457774, "unknown": 0.07290361491625476, "dsfb": 0.0,