{"english-450k": {"unknown": 0.0001543587941537776, "alternate": 0.3279051465209925, "roll-out": 0.16547175029424646, "sft": 0.0, "roll-in": 0.21677704684730933, "sfT": 0.0013474236406340171, "bad-redirect": 0.002511253867009374, "redirect": 0.03939540466853495, "oneh-in": 0.004444831640746278, "dsfb-red": 0.014258601263754158, "dsfb-alt": 0.04707329294668015, "oneh-out": 0.004781029771952422, "sfR": 0.11369548401129392, "sfb": 0.062184375732692664, "dsfb": 0.0}, "shai": {"unknown": 0.03262951626392225, "alternate": 0.27995024125032164, "roll-out": 0.1611203772998356, "sft": 0.0, "roll-in": 0.21431595710720072, "sfT": 0.0029380892503885116, "bad-redirect": 0.0022921296320665536, "redirect": 0.0388954642834031, "oneh-in": 0.005592570425184533, "dsfb-red": 0.014859126408480468, "dsfb-alt": 0.04744320794344125, "oneh-out": 0.011384819111025927, "sfR": 0.09823378925716947, "sfb": 0.09034471176755997, "dsfb": 0.0}, "tr-quotes": {"unknown": 0.039675458264949955, "alternate": 0.2681179353228081, "roll-out": 0.15561128961420218, "sft": 0.0, "roll-in": 0.19307690529576294, "sfT": 0.004757171586417327, "bad-redirect": 0.003344814035736576, "redirect": 0.035305471440789625, "oneh-in": 0.005412496243729918, "dsfb-red": 0.012080164582418345, "dsfb-alt": 0.055914102771549436, "oneh-out": 0.018797531263724833, "sfR": 0.09677191928064538, "sfb": 0.11113474029726543, "dsfb": 0.0}, "gutenberg": {"unknown": 0.040122141256943335, "alternate": 0.2745867152534115, "roll-out": 0.15061890889720136, "sft": 0.0, "roll-in": 0.1979945843813923, "sfT": 0.005421491147808804, "bad-redirect": 0.002123775717463381, "redirect": 0.031127114730111316, "oneh-in": 0.007902923502019207, "dsfb-red": 0.011591636442028746, "dsfb-alt": 0.049062231118173316, "oneh-out": 0.00978857718961447, "sfR": 0.09863878308844841, "sfb": 0.12102111727538387, "dsfb": 0.0}, "english-200": {"unknown": 0.0, "alternate": 0.2962138084632517, "roll-out": 0.16926503340757237, "sft": 0.0, "roll-in": 0.18262806236080179, "sfT": 0.0066815144766146995, "bad-redirect": 0.0022271714922048997, "redirect": 0.028953229398663696, "oneh-in": 0.004454342984409799, "dsfb-red": 0.015590200445434299, "dsfb-alt": 0.060133630289532294, "oneh-out": 0.008908685968819599, "sfR": 0.10690423162583519, "sfb": 0.11804008908685969, "dsfb": 0.0}, "monkeyracer": {"unknown": 0.039185057165647436, "alternate": 0.26750355819009336, "roll-out": 0.15604129846567716, "sft": 0.0, "roll-in": 0.19271704959569577, "sfT": 0.004737084942990757, "bad-redirect": 0.003341179598667438, "redirect": 0.03527789073619344, "oneh-in": 0.005532790090245085, "dsfb-red": 0.012134014733253045, "dsfb-alt": 0.056018033376605096, "oneh-out": 0.019252349969501228, "sfR": 0.09690789370786869, "sfb": 0.1113517994275615, "dsfb": 0.0}, "chained-bigrams": {"unknown": 0.033907340324613386, "alternate": 0.2940597061636547, "roll-out": 0.14864337524162252, "sft": 0.0, "roll-in": 0.17584859253468424, "sfT": 0.001813508004952896, "bad-redirect": 0.0027270797066960843, "redirect": 0.03799211614242888, "oneh-in": 0.007205334167906297, "dsfb-red": 0.017224105566554057, "dsfb-alt": 0.053910469973229166, "oneh-out": 0.006048273206636673, "sfR": 0.11914286586209158, "sfb": 0.10147723310492959, "dsfb": 0.0}, "english-5k": {"unknown": 0.0022400132741527356, "alternate": 0.31434852947276726, "roll-out": 0.174596590202016, "sft": 0.0, "roll-in": 0.24204587879039283, "sfT": 0.0026548305471439833, "bad-redirect": 0.0017007508192641142, "redirect": 0.04119135520803086, "oneh-in": 0.004397063093707222, "dsfb-red": 0.015348239100676153, "dsfb-alt": 0.041813581117517734, "oneh-out": 0.005600033185381839, "sfR": 0.10644211224955408, "sfb": 0.0476210229393952, "dsfb": 0.0}, "mt-quotes": {"unknown": 0.03470703195037114, "alternate": 0.2667954602502958, "roll-out": 0.15619733209022124, "sft": 0.0, "roll-in": 0.19064438627317387, "sfT": 0.004826024073343613, "bad-redirect": 0.003452923106345848, "redirect": 0.03524939936170976, "oneh-in": 0.0054505683651880805, "dsfb-red": 0.011939553674950096, "dsfb-alt": 0.05807813676623516, "oneh-out": 0.02054422012646275, "sfR": 0.0964592223377679, "sfb": 0.11565574162393469, "dsfb": 0.0}, "wordle": {"unknown": 0.0, "alternate": 0.2963760798833165, "roll-out": 0.166296420958151, "sft": 0.0, "roll-in": 0.20291708740042635, "sfT": 0.0015034219679120385, "bad-redirect": 0.004689778974531583, "redirect": 0.03899921463031527, "oneh-in": 0.007045888028722092, "dsfb-red": 0.020823516212274205, "dsfb-alt": 0.051475373050600244, "oneh-out": 0.005946370470099854, "sfR": 0.13138112868843263, "sfb": 0.07254571973521821, "dsfb": 0.0}, "english-1k": {"unknown": 0.0, "alternate": 0.2985179957657022, "roll-out": 0.18489767113620326, "sft": 0.0, "roll-in": 0.21347918136908964, "sfT": 0.006351446718419196, "bad-redirect": 0.001058574453069866, "redirect": 0.04022582921665491, "oneh-in": 0.0038814396612561752, "dsfb-red": 0.012702893436838392, "dsfb-alt": 0.05257586450247001, "oneh-out": 0.007410021171489062, "sfR": 0.10832745236414962, "sfb": 0.07057163020465773, "dsfb": 0.0}, "english-10k": {"unknown": 0.0, "alternate": 0.3066131491094344, "roll-out": 0.17213098936724494, "sft": 0.0, "roll-in": 0.25566855135948746, "sfT": 0.0021419887690318595, "bad-redirect": 0.0017946392389185852, "redirect": 0.04322571930298528, "oneh-in": 0.0049786765982902685, "dsfb-red": 0.01528337932498408, "dsfb-alt": 0.04000308755137878, "oneh-out": 0.005306728932286139, "sfR": 0.10567144593890508, "sfb": 0.04718164450705312, "dsfb": 0.0}, "reddit": {"unknown": 0.06618773618069607, "alternate": 0.25809023003908493, "roll-out": 0.15376103331518523, "sft": 0.0, "roll-in": 0.19175869484887526, "sfT": 0.002928982430038448, "bad-redirect": 0.003377160379720781, "redirect": 0.0361461790535523, "oneh-in": 0.004999815522239683, "dsfb-red": 0.012051360855916876, "dsfb-alt": 0.05361635405645993, "oneh-out": 0.014998098099841612, "sfR": 0.10397777127267367, "sfb": 0.09810658394571521, "dsfb": 0.0}, "akl": {"unknown": 0.15755444944012945, "alternate": 0.22231342072725196, "roll-out": 0.13202761726827167, "sft": 0.0, "roll-in": 0.1574040789731066, "sfT": 0.003234175713499342, "bad-redirect": 0.0050080580138453, "redirect": 0.03240980187146745, "oneh-in": 0.005059103920001923, "dsfb-red": 0.010493046873063927, "dsfb-alt": 0.04610112431202608, "oneh-out": 0.013576555628313954, "sfR": 0.13064861186637447, "sfb": 0.0841699553926479, "dsfb": 0.0}, "french": {"unknown": 0.18295067396024506, "alternate": 0.23410632577710833, "roll-out": 0.15729772162345057, "sft": 0.0, "roll-in": 0.20687165087558432, "sfT": 0.00015820821288497125, "bad-redirect": 0.00263936544243923, "redirect": 0.032008997253124886, "oneh-in": 0.005380907022366671, "dsfb-red": 0.010642558611535959, "dsfb-alt": 0.02978714568158323, "oneh-out": 0.007403065670656075, "sfR": 0.10898279115633469, "sfb": 0.02177058871268599, "dsfb": 0.0}, "keymash": {"unknown": 0.034616379257264594, "alternate": 0.26842574082663895, "roll-out": 0.15857938615755318, "sft": 0.0, "roll-in": 0.1961594824578327, "sfT": 0.005233710844659357, "bad-redirect": 0.00305812908178135, "redirect": 0.03485035691855525, "oneh-in": 0.0061162581635627, "dsfb-red": 0.012766149589718119, "dsfb-alt": 0.05379844261184748, "oneh-out": 0.01792597275186464, "sfR": 0.099723742164827, "sfb": 0.10874624917389467, "dsfb": 0.0}, "movie": {"unknown": 0.0850124669212383, "alternate": 0.24174707184939312, "roll-out": 0.1438901294909572, "sft": 0.0, "roll-in": 0.163375558254481, "sfT": 0.004788845346088498, "bad-redirect": 0.0039653060722269476, "redirect": 0.03208223706850549, "oneh-in": 0.005142843531880695, "dsfb-red": 0.010432023860267309, "dsfb-alt": 0.05983622122596809, "oneh-out": 0.030204862303259587, "sfR": 0.11567713207251198, "sfb": 0.10384530200322178, "dsfb": 0.0}, "dutch": {"unknown": 0.07557734736778988, "alternate": 0.24340893589737475, "roll-out": 0.14757237307857643, "sft": 0.0, "roll-in": 0.1814017570528717, "sfT": 0.0009042140916749151, "bad-redirect": 0.0028659684965269307,