{"english-450k": {"roll-out": 0.16349519762895537, "redirect": 0.05136522752427789, "sfT": 0.0007469445436797382, "sft": 0.0, "oneh-out": 0.0037130890995210786, "dsfb": 0.0, "oneh-in": 0.015192355029904092, "dsfb-alt": 0.03623484988899615, "sfR": 0.11369548401129392, "dsfb-red": 0.031258532854743115, "unknown": 0.00015377410175167997, "roll-in": 0.26582338430486796, "sfb": 0.04788309192358538, "alternate": 0.267937047338451, "bad-redirect": 0.0025010217499726655}, "shai": {"roll-out": 0.14486552342015332, "redirect": 0.04562276116202677, "sfT": 0.0008111486661177911, "sft": 0.0, "oneh-out": 0.005607305071505028, "dsfb": 0.0, "oneh-in": 0.01583471326308593, "dsfb-alt": 0.040798083714155754, "sfR": 0.09823378925716947, "dsfb-red": 0.02701712160483869, "unknown": 0.024097749651430984, "roll-in": 0.3183261766894257, "sfb": 0.026908637916444378, "alternate": 0.2494676988066446, "bad-redirect": 0.0024092907770015973}, "tr-quotes": {"roll-out": 0.15147361364739603, "redirect": 0.05790434802709138, "sfT": 0.0011788909179168304, "sft": 0.0, "oneh-out": 0.006473498069855066, "dsfb": 0.0, "oneh-in": 0.012661519613508703, "dsfb-alt": 0.04133630752872102, "sfR": 0.09677191928064538, "dsfb-red": 0.027219666674371836, "unknown": 0.013894731975682485, "roll-in": 0.3254617322761841, "sfb": 0.027189616513719053, "alternate": 0.2352476826703035, "bad-redirect": 0.003186472804604609}, "gutenberg": {"roll-out": 0.14521465649618492, "redirect": 0.04378963727782381, "sfT": 0.0009062655456555896, "sft": 0.0, "oneh-out": 0.005475480629521146, "dsfb": 0.0, "oneh-in": 0.012649072536478893, "dsfb-alt": 0.0398874290890781, "sfR": 0.09863878308844841, "dsfb-red": 0.026150231700123094, "unknown": 0.03298207965968062, "roll-in": 0.3412084096289956, "sfb": 0.026236614870862842, "alternate": 0.22493988223852135, "bad-redirect": 0.0019214572386255528}, "english-200": {"roll-out": 0.1514476614699332, "redirect": 0.0378619153674833, "sfT": 0.0022271714922048997, "sft": 0.0, "oneh-out": 0.008908685968819599, "dsfb": 0.0, "oneh-in": 0.013363028953229399, "dsfb-alt": 0.031180400890868598, "sfR": 0.10690423162583519, "dsfb-red": 0.028953229398663696, "unknown": 0.0, "roll-in": 0.3585746102449889, "sfb": 0.013363028953229399, "alternate": 0.24721603563474387, "bad-redirect": 0.0}, "monkeyracer": {"roll-out": 0.15156619015593475, "redirect": 0.058404171293617156, "sfT": 0.0012101756416472466, "sft": 0.0, "oneh-out": 0.006478056524391197, "dsfb": 0.0, "oneh-in": 0.012616911960210832, "dsfb-alt": 0.04124274676634812, "sfR": 0.09690789370786869, "dsfb-red": 0.026950357383048937, "unknown": 0.013491796612290222, "roll-in": 0.32577380859283356, "sfb": 0.02706863787791107, "alternate": 0.23506928695434567, "bad-redirect": 0.0032199665295525285}, "chained-bigrams": {"roll-out": 0.12144594960486563, "redirect": 0.05319818272602783, "sfT": 0.0002740065800537494, "sft": 0.0, "oneh-out": 0.0047756360101785, "dsfb": 0.0, "oneh-in": 0.01656051617125801, "dsfb-alt": 0.04749728752964887, "sfR": 0.11914286586209158, "dsfb-red": 0.030375772104441957, "unknown": 0.023159399756770463, "roll-in": 0.30225393137758433, "sfb": 0.03012773771207103, "alternate": 0.24818438175479787, "bad-redirect": 0.0030043328102101865}, "english-5k": {"roll-out": 0.14871199236736218, "redirect": 0.04139876384452649, "sfT": 0.0003318538183929979, "sft": 0.0, "oneh-out": 0.0041896544572115986, "dsfb": 0.0, "oneh-in": 0.024100883560791472, "dsfb-alt": 0.03861948811548513, "sfR": 0.10644211224955408, "dsfb-red": 0.02961795329157506, "unknown": 0.002157049819554486, "roll-in": 0.2905794997303688, "sfb": 0.030198697473762807, "alternate": 0.2804994399966815, "bad-redirect": 0.00315261127473348}, "mt-quotes": {"roll-out": 0.15238133658454955, "redirect": 0.060334265667395796, "sfT": 0.0013447125900957436, "sft": 0.0, "oneh-out": 0.0065980564420697815, "dsfb": 0.0, "oneh-in": 0.01225630819617265, "dsfb-alt": 0.04132152376854209, "sfR": 0.0964592223377679, "dsfb-red": 0.02644153189658264, "unknown": 0.007995063410669249, "roll-in": 0.33180932573122485, "sfb": 0.025981341365749873, "alternate": 0.23369760103273926, "bad-redirect": 0.0033797109764406356}, "wordle": {"roll-out": 0.18990238976775498, "redirect": 0.050981712105912715, "sfT": 0.0008302479524290362, "sft": 0.0, "oneh-out": 0.006462470548636822, "dsfb": 0.0, "oneh-in": 0.007045888028722092, "dsfb-alt": 0.04963536407494671, "sfR": 0.13138112868843263, "dsfb-red": 0.03314260069561315, "unknown": 0.0, "roll-in": 0.24617973746213395, "sfb": 0.041489958487602376, "alternate": 0.24106361494446316, "bad-redirect": 0.0018848872433524066}, "english-1k": {"roll-out": 0.17607621736062104, "redirect": 0.04269583627381793, "sfT": 0.00035285815102328866, "sft": 0.0, "oneh-out": 0.007057163020465773, "dsfb": 0.0, "oneh-in": 0.014820042342978124, "dsfb-alt": 0.0374029640084686, "sfR": 0.10832745236414962, "dsfb-red": 0.033168666196189134, "unknown": 0.0, "roll-in": 0.3073394495412844, "sfb": 0.02081863091037403, "alternate": 0.24841213832039521, "bad-redirect": 0.0035285815102328866}, "english-10k": {"roll-out": 0.15414600258582428, "redirect": 0.04137318847571448, "sfT": 0.0003859439223480828, "sft": 0.0, "oneh-out": 0.00438046351865074, "dsfb": 0.0, "oneh-in": 0.021690048435962256, "dsfb-alt": 0.037436560467764037, "sfR": 0.10567144593890508, "dsfb-red": 0.03000713996256344, "unknown": 0.0, "roll-in": 0.3005924239208043, "sfb": 0.029061577352810637, "alternate": 0.27191679049034173, "bad-redirect": 0.0033384149283109165}, "reddit": {"roll-out": 0.14108791685652894, "redirect": 0.05243663282576665, "sfT": 0.0012557972370288255, "sft": 0.0, "oneh-out": 0.006574075686823812, "dsfb": 0.0, "oneh-in": 0.012995287670124547, "dsfb-alt": 0.04221944912506038, "sfR": 0.10397777127267367, "dsfb-red": 0.024290495724517205, "unknown": 0.04519937363713543, "roll-in": 0.3095687771484308, "sfb": 0.02914160531610592, "alternate": 0.22920086294388672, "bad-redirect": 0.002051954555917082}, "akl": {"roll-out": 0.12454593295201762, "redirect": 0.044683303267064, "sfT": 0.0010824400526242277, "sft": 0.0, "oneh-out": 0.005647095437289104, "dsfb": 0.0, "oneh-in": 0.009713620853888308, "dsfb-alt": 0.037402442341536495, "sfR": 0.13064861186637447, "dsfb-red": 0.0262066124313385, "unknown": 0.13920166722946467, "roll-in": 0.2589305566402879, "sfb": 0.0297904995464549, "alternate": 0.19022479297685418, "bad-redirect": 0.001922424404805599}, "french": {"roll-out": 0.1373020462809062, "redirect": 0.04187659031277629, "sfT": 0.0005439306228221369, "sft": 0.0, "oneh-out": 0.007401387704761841, "dsfb": 0.0, "oneh-in": 0.021852104895101438, "dsfb-alt": 0.025624516807622545, "sfR": 0.10898279115633469, "dsfb-red": 0.03150033387775836, "unknown": 0.15842537463172957, "roll-in": 0.2406543929154602, "sfb": 0.04426023075656651, "alternate": 0.17831881390943236, "bad-redirect": 0.0032574861287278803}, "keymash": {"roll-out": 0.14904377024214635, "redirect": 0.056162848452258295, "sfT": 0.0011657834352025549, "sft": 0.0, "oneh-out": 0.006362550438605493, "dsfb": 0.0, "oneh-in": 0.012823617787228103, "dsfb-alt": 0.04119648787215789, "sfR": 0.099723742164827, "dsfb-red": 0.028602742874969726, "unknown": 0.012376186820900362, "roll-in": 0.32731422378937086, "sfb": 0.027042891799698703, "alternate": 0.2347411673432863, "bad-redirect": 0.0034439869793483928}, "movie": {"roll-out": 0.14745274617711568, "redirect": 0.06844271986939178, "sfT": 0.0008416997755862058, "sft": 0.0, "oneh-out": 0.008493192904402461, "dsfb": 0.0, "oneh-in": 0.010102502872451822, "dsfb-alt": 0.043969075034324005, "sfR": 0.11567713207251198, "dsfb-red": 0.028613318043419128, "unknown": 0.030282373430185833, "roll-in": 0.2960732915738299, "sfb": 0.02828735019724542, "alternate": 0.21788377778968007, "bad-redirect": 0.003880820259855724}, "dutch": {"roll-out": 0.11162982707291008, "redirect": 0.042532758395565445, "sfT": 0.0002691950138477731, "sft": 0.0, "oneh-out": 0.0032923089910489116, "dsfb": 0.0, "oneh-in": 0.007450262935373581, "dsfb-alt": 0.02737987452675703,