{"english-450k": {"roll-out": 0.16636194447644012, "roll-in": 0.21702671050300504, "dsfb": 0.0, "oneh-in": 0.011690924579942362, "unknown": 0.00015377410175167997, "redirect": 0.02823771955930564, "dsfb-red": 0.007334089145711778, "bad-redirect": 0.009264158765036097, "dsfb-alt": 0.02754456671661889, "sfT": 0.0006957839584961946, "sfb": 0.09088634105926384, "sfR": 0.11369548401129392, "alternate": 0.319135637528131, "sft": 0.0, "oneh-out": 0.007972865595003452}, "shai": {"roll-out": 0.14651701524600474, "roll-in": 0.25096396788737296, "dsfb": 0.0, "oneh-in": 0.014457927572575583, "unknown": 0.023260762136131256, "redirect": 0.026343442118655587, "dsfb-red": 0.006828248751483528, "bad-redirect": 0.01094862016829776, "dsfb-alt": 0.019140293959096902, "sfT": 0.0002490337137377529, "sfb": 0.1010546089911764, "sfR": 0.09823378925716947, "alternate": 0.29512090847474, "sft": 0.0, "oneh-out": 0.006881381723558064}, "tr-quotes": {"roll-out": 0.13851159242735953, "roll-in": 0.2524583342964795, "dsfb": 0.0, "oneh-in": 0.015475832736182705, "unknown": 0.013835787429786644, "redirect": 0.025526455699128547, "dsfb-red": 0.007970227225445551, "bad-redirect": 0.011043434039897368, "dsfb-alt": 0.01660386953607175, "sfT": 0.00015256235408335454, "sfb": 0.12189963246341971, "sfR": 0.09677191928064538, "alternate": 0.292697810961374, "sft": 0.0, "oneh-out": 0.007052541550125979}, "gutenberg": {"roll-out": 0.13478919285914276, "roll-in": 0.2598712663431844, "dsfb": 0.0, "oneh-in": 0.014851085643230686, "unknown": 0.032975828246008664, "redirect": 0.024216082197375696, "dsfb-red": 0.00622261928170878, "bad-redirect": 0.011418680663771314, "dsfb-alt": 0.017388591283710748, "sfT": 0.0003413650738443504, "sfb": 0.10303106422171984, "sfR": 0.09863878308844841, "alternate": 0.2878111072844882, "sft": 0.0, "oneh-out": 0.008444333813366128}, "english-200": {"roll-out": 0.11581291759465479, "roll-in": 0.24276169265033407, "dsfb": 0.0, "oneh-in": 0.017817371937639197, "unknown": 0.0, "redirect": 0.017817371937639197, "dsfb-red": 0.0022271714922048997, "bad-redirect": 0.015590200445434299, "dsfb-alt": 0.017817371937639197, "sfT": 0.0, "sfb": 0.1492204899777283, "sfR": 0.10690423162583519, "alternate": 0.311804008908686, "sft": 0.0, "oneh-out": 0.0022271714922048997}, "monkeyracer": {"roll-out": 0.13814086522670754, "roll-in": 0.25273022662933825, "dsfb": 0.0, "oneh-in": 0.015580767005020568, "unknown": 0.013436077701487402, "redirect": 0.02569619312760999, "dsfb-red": 0.007950208799286798, "bad-redirect": 0.011149647309069866, "dsfb-alt": 0.016443921360088837, "sfT": 0.00015738148489919765, "sfb": 0.1225757386177018, "sfR": 0.09690789370786869, "alternate": 0.29214597963620437, "sft": 0.0, "oneh-out": 0.007085099394716674}, "chained-bigrams": {"roll-out": 0.1366429259227756, "roll-in": 0.21772225212631055, "dsfb": 0.0, "oneh-in": 0.018255850722254073, "unknown": 0.022916559801936097, "redirect": 0.02931740545636705, "dsfb-red": 0.011832928708292724, "bad-redirect": 0.010849881404497993, "dsfb-alt": 0.03368203159646493, "sfT": 0.00040256890908370774, "sfb": 0.09353039297867878, "sfR": 0.11914286586209158, "alternate": 0.2952992288208172, "sft": 0.0, "oneh-out": 0.010405107690429703}, "english-5k": {"roll-out": 0.174928444020409, "roll-in": 0.23598954660472063, "dsfb": 0.0, "oneh-in": 0.012278591280540922, "unknown": 0.002157049819554486, "redirect": 0.02829053801800307, "dsfb-red": 0.006761521549757332, "bad-redirect": 0.010411913552080309, "dsfb-alt": 0.022483096196125606, "sfT": 0.00024889036379474843, "sfb": 0.08358568050773635, "sfR": 0.10644211224955408, "alternate": 0.3097440577425644, "sft": 0.0, "oneh-out": 0.006678558095159082}, "mt-quotes": {"roll-out": 0.13631500938310562, "roll-in": 0.25665632732097393, "dsfb": 0.0, "oneh-in": 0.015931855942434348, "unknown": 0.007977133909467972, "redirect": 0.02566458684452732, "dsfb-red": 0.007995063410669249, "bad-redirect": 0.011270185630102438, "dsfb-alt": 0.015465688911201156, "sfT": 0.00014791838491053178, "sfb": 0.12631034771279329, "sfR": 0.0964592223377679, "alternate": 0.2928903551236538, "sft": 0.0, "oneh-out": 0.006916305088392441}, "wordle": {"roll-out": 0.16066419836194323, "roll-in": 0.22127229888926286, "dsfb": 0.0, "oneh-in": 0.01777179400875126, "unknown": 0.0, "redirect": 0.034152361718837655, "dsfb-red": 0.009850779759901267, "bad-redirect": 0.012588354089532143, "dsfb-alt": 0.02952990014585437, "sfT": 0.0006956131493324357, "sfb": 0.09040727027936722, "sfR": 0.13138112868843263, "alternate": 0.285425782564793, "sft": 0.0, "oneh-out": 0.006260518343991922}, "english-1k": {"roll-out": 0.155257586450247, "roll-in": 0.2367678193366267, "dsfb": 0.0, "oneh-in": 0.014114326040931546, "unknown": 0.0, "redirect": 0.025758645024700072, "dsfb-red": 0.0035285815102328866, "bad-redirect": 0.013761467889908258, "dsfb-alt": 0.015525758645024701, "sfT": 0.0, "sfb": 0.10973888496824277, "sfR": 0.10832745236414962, "alternate": 0.3136908962597036, "sft": 0.0, "oneh-out": 0.0035285815102328866}, "english-10k": {"roll-out": 0.17481329962756412, "roll-in": 0.24385866733563613, "dsfb": 0.0, "oneh-in": 0.012987012987012988, "unknown": 0.0, "redirect": 0.028386175488701492, "dsfb-red": 0.006541749483800004, "bad-redirect": 0.01011173076551977, "dsfb-alt": 0.022211072731132167, "sfT": 0.00046313270681769936, "sfb": 0.08612338627197469, "sfR": 0.10567144593890508, "alternate": 0.30271511549371877, "sft": 0.0, "oneh-out": 0.0061172111692171125}, "reddit": {"roll-out": 0.1354397135107204, "roll-in": 0.24224851607775186, "dsfb": 0.0, "oneh-in": 0.016612437696616304, "unknown": 0.039285409944231534, "redirect": 0.024144636557274165, "dsfb-red": 0.008676635208058139, "bad-redirect": 0.0100517343063271, "dsfb-alt": 0.018146393684530294, "sfT": 0.0003017194638270951, "sfb": 0.11115124048651936, "sfR": 0.10397777127267367, "alternate": 0.28276282883628995, "sft": 0.0, "oneh-out": 0.007200962955180145}, "akl": {"roll-out": 0.11344102701793596, "roll-in": 0.2046077800335544, "dsfb": 0.0, "oneh-in": 0.013566400803807482, "unknown": 0.13277008071454782, "redirect": 0.02177782415120183, "dsfb-red": 0.010413760177586384, "bad-redirect": 0.0072100983528108715, "dsfb-alt": 0.015912708832051137, "sfT": 0.00038081827279381927, "sfb": 0.10503073218038932, "sfR": 0.13064861186637447, "alternate": 0.23966302487316785, "sft": 0.0, "oneh-out": 0.004577132723778668}, "french": {"roll-out": 0.1328733399580026, "roll-in": 0.2253312233511487, "dsfb": 0.0, "oneh-in": 0.010315565007897001, "unknown": 0.15807953387545715, "redirect": 0.01913815986139882, "dsfb-red": 0.006685150959175494, "bad-redirect": 0.010666424680013777, "dsfb-alt": 0.02026467424996385, "sfT": 0.0026872174341015975, "sfb": 0.07464750393659039, "sfR": 0.10898279115633469, "alternate": 0.22561045485415532, "sft": 0.0, "oneh-out": 0.004717960675760613}, "keymash": {"roll-out": 0.13912640130042322, "roll-in": 0.25438297627794904, "dsfb": 0.0, "oneh-in": 0.014843214442579009, "unknown": 0.01232282349464109, "redirect": 0.02535578971565557, "dsfb-red": 0.007996289196389355, "bad-redirect": 0.010894328299392889, "dsfb-alt": 0.01641127526035146, "sfT": 0.00018471920628209497, "sfb": 0.12363872207148223, "sfR": 0.099723742164827, "alternate": 0.288120913087561, "sft": 0.0, "oneh-out": 0.006998805482466042}, "movie": {"roll-out": 0.12252587838596304, "roll-in": 0.2271260255913053, "dsfb": 0.0, "oneh-in": 0.01530680259495146, "unknown": 0.030236445784519856, "redirect": 0.023302555669504663, "dsfb-red": 0.01043557700190909, "bad-redirect": 0.009452014756328836, "dsfb-alt": 0.018579509242708393, "sfT": 0.00014910035111619313, "sfb": 0.14249545559763907, "sfR": 0.11567713207251198, "alternate": 0.2777511877033927, "sft": 0.0, "oneh-out": 0.006962315248149439}, "dutch": {"roll-out": 0.1137131701934686, "roll-in": 0.21340612685914992, "dsfb": 0.0, "oneh-in": 0.01266405376742304, "unknown": 0.07290361491625476, "redirect": 0.018972035456065628, "dsfb-red": 0.004504538266090046,