{"english-450k": {"oneh-out": 0.013789093264869752, "bad-redirect": 0.019873694747298866, "alternate": 0.27788997375315805, "sfR": 0.11369548401129392, "unknown": 0.00015377410175167997, "oneh-in": 0.04753403055953309, "sfb": 0.023464583134781537, "roll-out": 0.14796196692862834, "dsfb": 0.0, "sfT": 0.00044641264900155, "dsfb-alt": 0.029220295141030733, "roll-in": 0.24532172991771622, "dsfb-red": 0.019655896827517495, "sft": 0.0, "redirect": 0.06099306496341872}, "shai": {"oneh-out": 0.013347155079230365, "bad-redirect": 0.014945750027944352, "alternate": 0.2701450714369094, "sfR": 0.09823378925716947, "unknown": 0.024435032556330703, "oneh-in": 0.04480854326172664, "sfb": 0.014127510772895868, "roll-out": 0.17185148823411206, "dsfb": 0.0, "sfT": 5.11010074519303e-05, "dsfb-alt": 0.025692505154610447, "roll-in": 0.2638675741175545, "dsfb-red": 0.015971706382737604, "sft": 0.0, "redirect": 0.042522772711326644}, "tr-quotes": {"oneh-out": 0.013238251542960173, "bad-redirect": 0.016964471463905135, "alternate": 0.25482420656018123, "sfR": 0.09677191928064538, "unknown": 0.014826286955918725, "oneh-in": 0.04390212893830471, "sfb": 0.014708397864127042, "roll-out": 0.1848604979080465, "dsfb": 0.0, "sfT": 1.9648181965280506e-05, "dsfb-alt": 0.025820022653198032, "roll-in": 0.27724740528420516, "dsfb-red": 0.016616583065578696, "sft": 0.0, "redirect": 0.040200180300963916}, "gutenberg": {"oneh-out": 0.01636335944151007, "bad-redirect": 0.017094017094017096, "alternate": 0.2481078107435659, "sfR": 0.09863878308844841, "unknown": 0.03802962260783973, "oneh-in": 0.03658649323350773, "sfb": 0.01413880335818365, "roll-out": 0.173691740139721, "dsfb": 0.0, "sfT": 5.4936665602031975e-06, "dsfb-alt": 0.026167470446915458, "roll-in": 0.2786705933121998, "dsfb-red": 0.01259129431920779, "sft": 0.0, "redirect": 0.03991451854832324}, "english-200": {"oneh-out": 0.013363028953229399, "bad-redirect": 0.017817371937639197, "alternate": 0.29398663697104677, "sfR": 0.10690423162583519, "unknown": 0.0, "oneh-in": 0.0378619153674833, "sfb": 0.008908685968819599, "roll-out": 0.1714922048997773, "dsfb": 0.0, "sfT": 0.0, "dsfb-alt": 0.022271714922048998, "roll-in": 0.2828507795100223, "dsfb-red": 0.008908685968819599, "sft": 0.0, "redirect": 0.035634743875278395}, "monkeyracer": {"oneh-out": 0.013319752256127125, "bad-redirect": 0.01696689710183462, "alternate": 0.25422192939925237, "sfR": 0.09690789370786869, "unknown": 0.014405782254406682, "oneh-in": 0.04388108606909927, "sfb": 0.014668736412405962, "roll-out": 0.1857424104978338, "dsfb": 0.0, "sfT": 1.955049501853387e-05, "dsfb-alt": 0.025847709464003627, "roll-in": 0.2772533900558362, "dsfb-red": 0.01665017908253437, "sft": 0.0, "redirect": 0.04011468320377872}, "chained-bigrams": {"oneh-out": 0.013612023564565884, "bad-redirect": 0.021187461406952365, "alternate": 0.2437048286842035, "sfR": 0.11914286586209158, "unknown": 0.02389246475411805, "oneh-in": 0.03952252730163904, "sfb": 0.014392487804434622, "roll-out": 0.1402498134872272, "dsfb": 0.0, "sfT": 2.2076359530396875e-05, "dsfb-alt": 0.037970689087590555, "roll-in": 0.2756136091666239, "dsfb-red": 0.02214713374183256, "sft": 0.0, "redirect": 0.0485420187791903}, "english-5k": {"oneh-out": 0.014020823827104161, "bad-redirect": 0.016509727465051645, "alternate": 0.2894594930932924, "sfR": 0.10644211224955408, "unknown": 0.002157049819554486, "oneh-in": 0.052184012942298914, "sfb": 0.01489194010038578, "roll-out": 0.16924544738042893, "dsfb": 0.0, "sfT": 4.148172729912474e-05, "dsfb-alt": 0.024017920106193223, "roll-in": 0.24490811797403245, "dsfb-red": 0.017297880283735016, "sft": 0.0, "redirect": 0.048823993031069816}, "mt-quotes": {"oneh-out": 0.013293231015646478, "bad-redirect": 0.01690901375790392, "alternate": 0.25350521748484955, "sfR": 0.0964592223377679, "unknown": 0.008887056095432758, "oneh-in": 0.04482076475299124, "sfb": 0.014197176701210838, "roll-out": 0.18866765876573313, "dsfb": 0.0, "sfT": 5.9765004004255265e-06, "dsfb-alt": 0.025991800241450615, "roll-in": 0.2814169684799369, "dsfb-red": 0.016453305602371477, "sft": 0.0, "redirect": 0.039392608264304754}, "wordle": {"oneh-out": 0.015483002356109055, "bad-redirect": 0.01736788959946146, "alternate": 0.2780433075283294, "sfR": 0.13138112868843263, "unknown": 0.0, "oneh-in": 0.036553349040727025, "sfb": 0.03374845730954785, "roll-out": 0.1591158981263323, "dsfb": 0.0, "sfT": 0.00026926960619320093, "dsfb-alt": 0.03406260518343992, "roll-in": 0.22178839896779984, "dsfb-red": 0.021362055424660607, "sft": 0.0, "redirect": 0.05082463816896668}, "english-1k": {"oneh-out": 0.012350035285815103, "bad-redirect": 0.0187014820042343, "alternate": 0.2702893436838391, "sfR": 0.10832745236414962, "unknown": 0.0, "oneh-in": 0.04551870148200424, "sfb": 0.01587861679604799, "roll-out": 0.187014820042343, "dsfb": 0.0, "sfT": 0.0, "dsfb-alt": 0.019760056457304165, "roll-in": 0.257939308398024, "dsfb-red": 0.014467184191954835, "sft": 0.0, "redirect": 0.0497529992942837}, "english-10k": {"oneh-out": 0.012408097103490863, "bad-redirect": 0.016846452210493815, "alternate": 0.2960189884409795, "sfR": 0.10567144593890508, "unknown": 0.0, "oneh-in": 0.059107311707608884, "sfb": 0.016055267169680247, "roll-out": 0.16105439879585495, "dsfb": 0.0, "sfT": 3.859439223480828e-05, "dsfb-alt": 0.02520213812932981, "roll-in": 0.24270083556859187, "dsfb-red": 0.016151753150267265, "sft": 0.0, "redirect": 0.048744717392562864}, "reddit": {"oneh-out": 0.013784065878600149, "bad-redirect": 0.016023232586001752, "alternate": 0.24752941202911116, "sfR": 0.10397777127267367, "unknown": 0.04707183226870001, "oneh-in": 0.04333841443144235, "sfb": 0.013833884238238888, "roll-out": 0.17252899531538862, "dsfb": 0.0, "sfT": 4.918158361328068e-05, "dsfb-alt": 0.025020540708997663, "roll-in": 0.26029493592628533, "dsfb-red": 0.01658232193635349, "sft": 0.0, "redirect": 0.03996541182459368}, "akl": {"oneh-out": 0.010141556524088071, "bad-redirect": 0.010498309592333705, "alternate": 0.2143279731096294, "sfR": 0.13064861186637447, "unknown": 0.13926603053321007, "oneh-in": 0.035777744543307524, "sfb": 0.01759388820892195, "roll-out": 0.1427857025901943, "dsfb": 0.0, "sfT": 9.322178312146112e-05, "dsfb-alt": 0.023604481889858798, "roll-in": 0.22761226251145414, "dsfb-red": 0.014321143928379777, "sft": 0.0, "redirect": 0.03332907291912636}, "french": {"oneh-out": 0.01984032866078261, "bad-redirect": 0.022207878610194184, "alternate": 0.1823743376210905, "sfR": 0.10898279115633469, "unknown": 0.15855435327801048, "oneh-in": 0.03545111955757193, "sfb": 0.02538453772107032, "roll-out": 0.19216243704650257, "dsfb": 0.0, "sfT": 0.00020217990841692112, "dsfb-alt": 0.02325265208876865, "roll-in": 0.17051819017654943, "dsfb-red": 0.013059518663797405, "sft": 0.0, "redirect": 0.048009675510910274}, "keymash": {"oneh-out": 0.01401813532118565, "bad-redirect": 0.01632096809283577, "alternate": 0.2535907361265614, "sfR": 0.099723742164827, "unknown": 0.013447558217336513, "oneh-in": 0.043831815215115776, "sfb": 0.014601027038786928, "roll-out": 0.18546629284972477, "dsfb": 0.0, "sfT": 2.873409875499255e-05, "dsfb-alt": 0.02570059890071548, "roll-in": 0.2758842918891849, "dsfb-red": 0.01699827184920345, "sft": 0.0, "redirect": 0.040387828235767385}, "movie": {"oneh-out": 0.01526429649308868, "bad-redirect": 0.01540773813714574, "alternate": 0.23169799769940658, "sfR": 0.11567713207251198, "unknown": 0.030497272700594255, "oneh-in": 0.034545617008968, "sfb": 0.014767646250270928, "roll-out": 0.20122099106595434, "dsfb": 0.0, "sfT": 1.3422979535614915e-05, "dsfb-alt": 0.026932287253341236, "roll-in": 0.25807454728040563, "dsfb-red": 0.02035686965063011, "sft": 0.0, "redirect": 0.03554418140814688}, "dutch": {"oneh-out": 0.01197911535844608, "bad-redirect": 0.013534199350051743, "alternate": 0.22423128802381811, "sfR": 0.18880787437283908, "unknown": 0.07395676218484433, "oneh-in": 0.027546397812816065, "sfb": 0.026612095848415073, "roll-out": 0.14497122448210398,