{"english-450k": {"sfT": 3.2158082115370336e-05, "redirect": 0.024877492324450492, "dsfb-red": 0.006443602617317069, "roll-out": 0.14631401139331615, "bad-redirect": 0.003167278742162929, "oneh-out": 0.004714374838113291, "oneh-in": 0.009016249186546695, "dsfb-alt": 0.046193623227724245, "roll-in": 0.23709072262718667, "sft": 0.0, "sfR": 0.11369548401129392, "dsfb": 0.0, "unknown": 0.00015377410175167997, "alternate": 0.3772423684485947, "sfb": 0.031058860399426767}, "shai": {"sfT": 3.8591846194288946e-05, "redirect": 0.023613724067099884, "dsfb-red": 0.005255422984592986, "roll-out": 0.15797739634812996, "bad-redirect": 0.0033699262423934856, "oneh-out": 0.0132263905836979, "oneh-in": 0.007232114299055032, "dsfb-alt": 0.03396502017411886, "roll-in": 0.27220864955863405, "sft": 0.0, "sfR": 0.09823378925716947, "dsfb": 0.0, "unknown": 0.023260762136131256, "alternate": 0.3463324973766369, "sfb": 0.015285715126145911}, "tr-quotes": {"sfT": 1.271352950694621e-05, "redirect": 0.023290030281315734, "dsfb-red": 0.005870183305979982, "roll-out": 0.16218880747093226, "bad-redirect": 0.0027911976144795545, "oneh-out": 0.023264603222301842, "oneh-in": 0.0056251589191188365, "dsfb-alt": 0.03392894292781027, "roll-in": 0.27091028871269734, "sft": 0.0, "sfR": 0.09677191928064538, "dsfb": 0.0, "unknown": 0.013835787429786644, "alternate": 0.34997688449180553, "sfb": 0.011533482813619657}, "gutenberg": {"sfT": 9.092965341025981e-06, "redirect": 0.019123832169623208, "dsfb-red": 0.0043636761798027815, "roll-out": 0.1672399023567072, "bad-redirect": 0.003476733185496872, "oneh-out": 0.013801037583120122, "oneh-in": 0.005963280332711602, "dsfb-alt": 0.031937904139686134, "roll-in": 0.27860921579614784, "sft": 0.0, "sfR": 0.09863878308844841, "dsfb": 0.0, "unknown": 0.032975828246008664, "alternate": 0.3312213026961021, "sfb": 0.012639411260804053}, "english-200": {"sfT": 0.0, "redirect": 0.0200445434298441, "dsfb-red": 0.0022271714922048997, "roll-out": 0.16481069042316257, "bad-redirect": 0.0022271714922048997, "oneh-out": 0.015590200445434299, "oneh-in": 0.0066815144766146995, "dsfb-alt": 0.024498886414253896, "roll-in": 0.30066815144766146, "sft": 0.0, "sfR": 0.10690423162583519, "dsfb": 0.0, "unknown": 0.0, "alternate": 0.3518930957683742, "sfb": 0.004454342984409799}, "monkeyracer": {"sfT": 1.4662871263900401e-05, "redirect": 0.023272909270062717, "dsfb-red": 0.0058152947432628995, "roll-out": 0.16244310805949608, "bad-redirect": 0.002758574847115129, "oneh-out": 0.023820323130581668, "oneh-in": 0.005673553654378529, "dsfb-alt": 0.03395627727294055, "roll-in": 0.27045763798739386, "sft": 0.0, "sfR": 0.09690789370786869, "dsfb": 0.0, "unknown": 0.013436077701487402, "alternate": 0.35001935499006837, "sfb": 0.011424331764080267}, "chained-bigrams": {"sfT": 5.1295070673569206e-05, "redirect": 0.027887636524427818, "dsfb-red": 0.012783510777483931, "roll-out": 0.14395864188833388, "bad-redirect": 0.004773688096102289, "oneh-out": 0.005159375083192164, "oneh-in": 0.014694414486247401, "dsfb-alt": 0.04730184681733566, "roll-in": 0.2308291166404456, "sft": 0.0, "sfR": 0.11914286586209158, "dsfb": 0.0, "unknown": 0.022916559801936097, "alternate": 0.3544424453074425, "sfb": 0.016058603644287513}, "english-5k": {"sfT": 0.0, "redirect": 0.02584311610735471, "dsfb-red": 0.005600033185381839, "roll-out": 0.14796532127597792, "bad-redirect": 0.0026133488198448584, "oneh-out": 0.004687435184801095, "oneh-in": 0.009748205915294314, "dsfb-alt": 0.03828763429709213, "roll-in": 0.27535570581158997, "sft": 0.0, "sfR": 0.10644211224955408, "dsfb": 0.0, "unknown": 0.002157049819554486, "alternate": 0.36520512714149417, "sfb": 0.016094910192060396}, "mt-quotes": {"sfT": 7.470625500531909e-06, "redirect": 0.023076762171143066, "dsfb-red": 0.00590926477092074, "roll-out": 0.16311662542881392, "bad-redirect": 0.0027178135570935084, "oneh-out": 0.02554057446121849, "oneh-in": 0.00547148611658957, "dsfb-alt": 0.03417362928963316, "roll-in": 0.2728018431527235, "sft": 0.0, "sfR": 0.0964592223377679, "dsfb": 0.0, "unknown": 0.007977133909467972, "alternate": 0.35232216923058535, "sfb": 0.010426004948542332}, "wordle": {"sfT": 8.975653539773365e-05, "redirect": 0.023359138337260183, "dsfb-red": 0.010479075507685403, "roll-out": 0.17758330528441602, "bad-redirect": 0.0038819701559519803, "oneh-out": 0.009132727476719399, "oneh-in": 0.003096600471221811, "dsfb-alt": 0.05275440368001795, "roll-in": 0.20296196566812522, "sft": 0.0, "sfR": 0.13138112868843263, "dsfb": 0.0, "unknown": 0.0, "alternate": 0.3538651408055649, "sfb": 0.03141478738920678}, "english-1k": {"sfT": 0.0, "redirect": 0.025052928722653495, "dsfb-red": 0.004940014114326041, "roll-out": 0.1651376146788991, "bad-redirect": 0.0007057163020465773, "oneh-out": 0.007410021171489062, "oneh-in": 0.01058574453069866, "dsfb-alt": 0.030345800988002825, "roll-in": 0.29322512350035285, "sft": 0.0, "sfR": 0.10832745236414962, "dsfb": 0.0, "unknown": 0.0, "alternate": 0.34227240649259, "sfb": 0.011997177134791814}, "english-10k": {"sfT": 1.929719611740414e-05, "redirect": 0.025317921306034233, "dsfb-red": 0.005769861639103838, "roll-out": 0.1515215839138573, "bad-redirect": 0.0036664672623067866, "oneh-out": 0.0061172111692171125, "oneh-in": 0.008973196194592926, "dsfb-alt": 0.038227745508577604, "roll-in": 0.2685976727581482, "sft": 0.0, "sfR": 0.10567144593890508, "dsfb": 0.0, "unknown": 0.0, "alternate": 0.3680747187433666, "sfb": 0.01804287836977287}, "reddit": {"sfT": 7.77990473456085e-05, "redirect": 0.02355093655706815, "dsfb-red": 0.005327043484498343, "roll-out": 0.15235244728945985, "bad-redirect": 0.0029007020830254804, "oneh-out": 0.017539283930376407, "oneh-in": 0.005088514676844595, "dsfb-alt": 0.03582670477583892, "roll-in": 0.25999250477160624, "sft": 0.0, "sfR": 0.10397777127267367, "dsfb": 0.0, "unknown": 0.039285409944231534, "alternate": 0.3387298977768463, "sfb": 0.015350984390184884}, "akl": {"sfT": 0.0001285783618775732, "redirect": 0.02188258438455327, "dsfb-red": 0.007143783148491231, "roll-out": 0.12863857430414807, "bad-redirect": 0.002932075861332338, "oneh-out": 0.015862923013606995, "oneh-in": 0.0050247356453340325, "dsfb-alt": 0.032394458450497814, "roll-in": 0.21364604328875678, "sft": 0.0, "sfR": 0.13064861186637447, "dsfb": 0.0, "unknown": 0.13277008071454782, "alternate": 0.2904632386334591, "sfb": 0.018464312327020532}, "french": {"sfT": 1.8952025501845516e-05, "redirect": 0.019337133656410686, "dsfb-red": 0.006130238648849126, "roll-out": 0.1801413095981462, "bad-redirect": 0.0039058701284661176, "oneh-out": 0.008200968417041285, "oneh-in": 0.0060725735530731545, "dsfb-alt": 0.04099949356891855, "roll-in": 0.1822335682680349, "sft": 0.0, "sfR": 0.10898279115633469, "dsfb": 0.0, "unknown": 0.15807953387545715, "alternate": 0.24979328434002523, "sfb": 0.03610428276374107}, "keymash": {"sfT": 0.0, "redirect": 0.02378772889788312, "dsfb-red": 0.005763239236001362, "roll-out": 0.16359964369717545, "bad-redirect": 0.002852885519245689, "oneh-out": 0.0224167019001449, "oneh-in": 0.006346130953602641, "dsfb-alt": 0.03389802678838978, "roll-in": 0.2700800039406764, "sft": 0.0, "sfR": 0.099723742164827, "dsfb": 0.0, "unknown": 0.01232282349464109, "alternate": 0.3477893215879284, "sfb": 0.011419751819484182}, "movie": {"sfT": 1.3291381697030455e-05, "redirect": 0.022238981938065058, "dsfb-red": 0.006002967004868725, "roll-out": 0.1591617954630066, "bad-redirect": 0.0021622840857812614, "oneh-out": 0.034070154018162345, "oneh-in": 0.0038426568866662307, "dsfb-alt": 0.03463207678891799, "roll-in": 0.24018211035294673, "sft": 0.0, "sfR": 0.11567713207251198, "dsfb": 0.0, "unknown": 0.030236445784519856, "alternate": 0.3397287689588071, "sfb": 0.01205133526404909}, "dutch": {"sfT": 7.373142589369499e-05, "redirect": 0.016266834460648343, "dsfb-red": 0.006269824958510832, "roll-out": 0.1787653385841393, "bad-redirect": 0.0023405782946516493, "oneh-out": 0.004825714652424643, "oneh-in": 0.005536706505424836,