{"english-450k": {"dsfb-red": 0.017966720477857405, "sft": 0.0, "roll-out": 0.1533814808036714, "oneh-in": 0.01274015509550658, "roll-in": 0.2736217192178453, "sfT": 1.0524463237757564e-05, "unknown": 0.00015377410175167997, "sfb": 0.021949937467147594, "alternate": 0.31992467992476176, "dsfb-alt": 0.030556024933622795, "bad-redirect": 0.006186630306595155, "sfR": 0.11369548401129392, "redirect": 0.0436616127804404, "dsfb": 0.0, "oneh-out": 0.006151256416268247}, "shai": {"dsfb-red": 0.010582162121826225, "sft": 0.0, "roll-out": 0.17563739053322777, "oneh-in": 0.012786356065844013, "roll-in": 0.27835247843950073, "sfT": 1.465336773559101e-05, "unknown": 0.023260762136131256, "sfb": 0.014898902599769077, "alternate": 0.3160091409766992, "dsfb-alt": 0.02758110596467153, "bad-redirect": 0.005331592629874664, "sfR": 0.09823378925716947, "redirect": 0.030734428648704046, "dsfb": 0.0, "oneh-out": 0.006577237258846439}, "tr-quotes": {"dsfb-red": 0.009290122743348513, "sft": 0.0, "roll-out": 0.20658560828459813, "oneh-in": 0.012481218649592011, "roll-in": 0.2730623425256004, "sfT": 3.4673262291671484e-06, "unknown": 0.013835787429786644, "sfb": 0.01468297080511315, "alternate": 0.2997203023508472, "dsfb-alt": 0.027848408497260814, "bad-redirect": 0.004501745220868681, "sfR": 0.09677191928064538, "redirect": 0.03155151291001133, "dsfb": 0.0, "oneh-out": 0.009664593976098564}, "gutenberg": {"dsfb-red": 0.009301535233535765, "sft": 0.0, "roll-out": 0.20257383961448858, "oneh-in": 0.010204201480410532, "roll-in": 0.26654322966216226, "sfT": 0.00011479868743045302, "unknown": 0.032975828246008664, "sfb": 0.013280844190902261, "alternate": 0.29021240788163083, "dsfb-alt": 0.032984352901015875, "bad-redirect": 0.004243383825812125, "sfR": 0.09863878308844841, "redirect": 0.030925364561607303, "dsfb": 0.0, "oneh-out": 0.008001430626546988}, "english-200": {"dsfb-red": 0.008908685968819599, "sft": 0.0, "roll-out": 0.1603563474387528, "oneh-in": 0.013363028953229399, "roll-in": 0.30734966592427615, "sfT": 0.0, "unknown": 0.0, "sfb": 0.011135857461024499, "alternate": 0.3429844097995546, "dsfb-alt": 0.0200445434298441, "bad-redirect": 0.0, "sfR": 0.10690423162583519, "redirect": 0.022271714922048998, "dsfb": 0.0, "oneh-out": 0.0066815144766146995}, "monkeyracer": {"dsfb-red": 0.009266934638785054, "sft": 0.0, "roll-out": 0.20715900026588674, "oneh-in": 0.012420429485274567, "roll-in": 0.27344299857672394, "sfT": 2.9325742527800804e-06, "unknown": 0.013436077701487402, "sfb": 0.014676556610413376, "alternate": 0.29919491061513676, "dsfb-alt": 0.02783697233213945, "bad-redirect": 0.004467288111734989, "sfR": 0.09690789370786869, "redirect": 0.03146261163332655, "dsfb": 0.0, "oneh-out": 0.009725393746969672}, "chained-bigrams": {"dsfb-red": 0.01722020973840163, "sft": 0.0, "roll-out": 0.1625605720114615, "oneh-in": 0.010013576961111194, "roll-in": 0.25975239414872586, "sfT": 4.739924252114623e-05, "unknown": 0.022916559801936097, "sfb": 0.015822906041065926, "alternate": 0.29334482169768505, "dsfb-alt": 0.045142908716201254, "bad-redirect": 0.0051184688875917225, "sfR": 0.11914286586209158, "redirect": 0.043374852039693296, "dsfb": 0.0, "oneh-out": 0.005542464851513757}, "english-5k": {"dsfb-red": 0.012112664371344423, "sft": 0.0, "roll-out": 0.13220226490231055, "oneh-in": 0.020367528103870245, "roll-in": 0.295972124279255, "sfT": 0.0, "unknown": 0.002157049819554486, "sfb": 0.016302318828556022, "alternate": 0.34002571867092546, "dsfb-alt": 0.02932758120048119, "bad-redirect": 0.00796449164143195, "sfR": 0.10644211224955408, "redirect": 0.03281204629360766, "dsfb": 0.0, "oneh-out": 0.004314099639108972}, "mt-quotes": {"dsfb-red": 0.008870620719331588, "sft": 0.0, "roll-out": 0.21264687249734046, "oneh-in": 0.012328026200977756, "roll-in": 0.2753030085703016, "sfT": 1.4941251001063816e-06, "unknown": 0.007977133909467972, "sfb": 0.013883410430188498, "alternate": 0.2994166935609185, "dsfb-alt": 0.027850491865982954, "bad-redirect": 0.004338939290708933, "sfR": 0.0964592223377679, "redirect": 0.03090896594590072, "dsfb": 0.0, "oneh-out": 0.010015120546013077}, "wordle": {"dsfb-red": 0.020038146527544036, "sft": 0.0, "roll-out": 0.17949063166161786, "oneh-in": 0.006081005273196455, "roll-in": 0.23433187478963313, "sfT": 2.2439133849433412e-05, "unknown": 0.0, "sfb": 0.027802086839447997, "alternate": 0.29695949736340177, "dsfb-alt": 0.04137776281835521, "bad-redirect": 0.005362952990014586, "sfR": 0.13138112868843263, "redirect": 0.04959048580724784, "dsfb": 0.0, "oneh-out": 0.00756198810725906}, "english-1k": {"dsfb-red": 0.008468595624558928, "sft": 0.0, "roll-out": 0.15702187720536345, "oneh-in": 0.013761467889908258, "roll-in": 0.31333803810868033, "sfT": 0.0, "unknown": 0.0, "sfb": 0.01305575158786168, "alternate": 0.3136908962597036, "dsfb-alt": 0.024347212420606917, "bad-redirect": 0.005998588567395907, "sfR": 0.10832745236414962, "redirect": 0.03493295695130558, "dsfb": 0.0, "oneh-out": 0.007057163020465773}, "english-10k": {"dsfb-red": 0.011771289631616525, "sft": 0.0, "roll-out": 0.1318577410702225, "oneh-in": 0.01854460546882538, "roll-in": 0.30914108180081434, "sfT": 0.0, "unknown": 0.0, "sfb": 0.016248239130854287, "alternate": 0.3307732386484244, "dsfb-alt": 0.029524710059628336, "bad-redirect": 0.007545203681905019, "sfR": 0.10567144593890508, "redirect": 0.034966519364736305, "dsfb": 0.0, "oneh-out": 0.003955925204067849}, "reddit": {"dsfb-red": 0.010306294886857074, "sft": 0.0, "roll-out": 0.1829997282464668, "oneh-in": 0.01177810902616906, "roll-in": 0.26632808910818956, "sfT": 5.094208203660451e-05, "unknown": 0.039285409944231534, "sfb": 0.015528420156807969, "alternate": 0.2967523486266333, "dsfb-alt": 0.02854917886795082, "bad-redirect": 0.004885345667310372, "sfR": 0.10397777127267367, "redirect": 0.030468459266093158, "dsfb": 0.0, "oneh-out": 0.009089902848580092}, "akl": {"dsfb-red": 0.009342265592739207, "sft": 0.0, "roll-out": 0.15398654814364002, "oneh-in": 0.009018423050631337, "roll-in": 0.23187133427204104, "sfT": 0.0001192388882438832, "unknown": 0.13277008071454782, "sfb": 0.01806385151047332, "alternate": 0.25097191677105835, "dsfb-alt": 0.02733021534923714, "bad-redirect": 0.005071358890695866, "sfR": 0.13064861186637447, "redirect": 0.023615773264066723, "dsfb": 0.0, "oneh-out": 0.007190381686250859}, "french": {"dsfb-red": 0.01305924899070726, "sft": 0.0, "roll-out": 0.1432482779912465, "oneh-in": 0.013149214929947245, "roll-in": 0.21684380218502022, "sfT": 0.0002583468203587542, "unknown": 0.15807953387545715, "sfb": 0.04116896812423623, "alternate": 0.2377912886992308, "dsfb-alt": 0.023809452110726034, "bad-redirect": 0.003263359009357701, "sfR": 0.10898279115633469, "redirect": 0.02820630704531585, "dsfb": 0.0, "oneh-out": 0.012139409062061561}, "keymash": {"dsfb-red": 0.00949456720289968, "sft": 0.0, "roll-out": 0.20569920324449023, "oneh-in": 0.012314613752139663, "roll-in": 0.2734911519500191, "sfT": 0.0, "unknown": 0.01232282349464109, "sfb": 0.015155184657633214, "alternate": 0.2984610837681076, "dsfb-alt": 0.027896705019847052, "bad-redirect": 0.004560511959542389, "sfR": 0.099723742164827, "redirect": 0.03147204787921827, "dsfb": 0.0, "oneh-out": 0.009408364906634704}, "movie": {"dsfb-red": 0.009476755149982715, "sft": 0.0, "roll-out": 0.2117804016339714, "oneh-in": 0.01072298668137755, "roll-in": 0.2495092387604589, "sfT": 1.0396229248172336e-05, "unknown": 0.030236445784519856, "sfb": 0.016140474902384013, "alternate": 0.2775098372674288, "dsfb-alt": 0.030573862642650412, "bad-redirect": 0.0032361224486304545, "sfR": 0.11567713207251198, "redirect": 0.03027171400526049, "dsfb": 0.0, "oneh-out": 0.014854632421575255}, "dutch": {"dsfb-red": 0.010781087272438946, "sft": 0.0, "roll-out": 0.13117692103088152, "oneh-in": 0.011078110878939203, "roll-in": 0.2656149873324318, "sfT": 3.0123734314544645e-05, "unknown": 0.07290361491625476, "sfb": 0.021793840406392127, "alternate": 0.2279021340119589, "dsfb-alt": 0.025947975091544773,