{"english-450k": {"sfR": 0.11369548401129392, "sfb": 0.02287696727067341, "alternate": 0.31744412240886255, "dsfb-alt": 0.03118252284247042, "redirect": 0.04336605077118005, "dsfb-red": 0.01902793718766463, "bad-redirect": 0.006037241397859207, "sfT": 3.245042831641916e-05, "dsfb": 0.0, "roll-out": 0.15847999854996284, "sft": 0.0, "roll-in": 0.2692397420103245, "unknown": 0.00015377410175167997, "oneh-out": 0.006865750531631566, "oneh-in": 0.011597958488008837}, "shai": {"sfR": 0.09823378925716947, "sfb": 0.013638980032715792, "alternate": 0.3044713052535691, "dsfb-alt": 0.02744353228369911, "redirect": 0.031240279468286336, "dsfb-red": 0.013894624404692421, "bad-redirect": 0.004672651660420859, "sfT": 1.6716295628636443e-05, "dsfb": 0.0, "roll-out": 0.1920672642990705, "sft": 0.0, "roll-in": 0.2691113045971477, "unknown": 0.023260762136131256, "oneh-out": 0.008974688455313653, "oneh-in": 0.012974101856155173}, "tr-quotes": {"sfR": 0.09677191928064538, "sfb": 0.013623124754397725, "alternate": 0.2865525531078801, "dsfb-alt": 0.027243937957976007, "redirect": 0.03310025195903932, "dsfb-red": 0.01558563140010633, "bad-redirect": 0.004007073345507501, "sfT": 6.934652458334297e-06, "dsfb": 0.0, "roll-out": 0.2248734425926354, "sft": 0.0, "roll-in": 0.25977901574166107, "unknown": 0.013835787429786644, "oneh-out": 0.01256790180532119, "oneh-in": 0.012052425972585008}, "gutenberg": {"sfR": 0.09863878308844841, "sfb": 0.013451526727824436, "alternate": 0.27408982258488, "dsfb-alt": 0.0323535284304822, "redirect": 0.0321498838941988, "dsfb-red": 0.013559126817693244, "bad-redirect": 0.00375255313417466, "sfT": 0.00011233600931725849, "dsfb": 0.0, "roll-out": 0.2228475530261957, "sft": 0.0, "roll-in": 0.2556706952291863, "unknown": 0.032975828246008664, "oneh-out": 0.01050805807222315, "oneh-in": 0.009890304739367198}, "english-200": {"sfR": 0.10690423162583519, "sfb": 0.013363028953229399, "alternate": 0.32293986636971045, "dsfb-alt": 0.017817371937639197, "redirect": 0.024498886414253896, "dsfb-red": 0.017817371937639197, "bad-redirect": 0.0, "sfT": 0.0, "dsfb": 0.0, "roll-out": 0.17371937639198218, "sft": 0.0, "roll-in": 0.2984409799554566, "unknown": 0.0, "oneh-out": 0.008908685968819599, "oneh-in": 0.015590200445434299}, "monkeyracer": {"sfR": 0.09690789370786869, "sfb": 0.013569021067613433, "alternate": 0.2858956863787791, "dsfb-alt": 0.02723579461031953, "redirect": 0.033053044403084285, "dsfb-red": 0.015580767005020568, "bad-redirect": 0.004019581775810564, "sfT": 6.842673256486854e-06, "dsfb": 0.0, "roll-out": 0.22564497083066143, "sft": 0.0, "roll-in": 0.2600773026573033, "unknown": 0.013436077701487402, "oneh-out": 0.012637439979980293, "oneh-in": 0.011935577208814926}, "chained-bigrams": {"sfR": 0.11914286586209158, "sfb": 0.014826872643429783, "alternate": 0.2889042269086149, "dsfb-alt": 0.04172042368429767, "redirect": 0.04537730771003871, "dsfb-red": 0.021477700604307877, "bad-redirect": 0.005626225156790851, "sfT": 3.57117580638773e-05, "dsfb": 0.0, "roll-out": 0.17814713114461378, "sft": 0.0, "roll-in": 0.24515797258505728, "unknown": 0.022916559801936097, "oneh-out": 0.007022230244742417, "oneh-in": 0.009644771896015153}, "english-5k": {"sfR": 0.10644211224955408, "sfb": 0.014974903554984029, "alternate": 0.33604347285020947, "dsfb-alt": 0.030240179201061933, "redirect": 0.0318579665657278, "dsfb-red": 0.013771933463309412, "bad-redirect": 0.006720039822458207, "sfT": 0.0, "dsfb": 0.0, "roll-out": 0.14452233791015057, "sft": 0.0, "roll-in": 0.28572613763637117, "unknown": 0.002157049819554486, "oneh-out": 0.007300784004645953, "oneh-in": 0.020243082921972872}, "mt-quotes": {"sfR": 0.0964592223377679, "sfb": 0.012856946486415414, "alternate": 0.2856124717610356, "dsfb-alt": 0.02714675894383285, "redirect": 0.03259583318392082, "dsfb-red": 0.015662913424415198, "bad-redirect": 0.0038025483797707415, "sfT": 4.482375300319145e-06, "dsfb": 0.0, "roll-out": 0.23163720251969258, "sft": 0.0, "roll-in": 0.2613314447592068, "unknown": 0.007977133909467972, "oneh-out": 0.0131109477534335, "oneh-in": 0.01180209416574031}, "wordle": {"sfR": 0.13138112868843263, "sfb": 0.03018063502748794, "alternate": 0.2873331089419948, "dsfb-alt": 0.041400201952204646, "redirect": 0.046875350611466395, "dsfb-red": 0.022843038258723213, "bad-redirect": 0.006462470548636822, "sfT": 2.2439133849433412e-05, "dsfb": 0.0, "roll-out": 0.18552675866711546, "sft": 0.0, "roll-in": 0.23428699652193424, "unknown": 0.0, "oneh-out": 0.008706383933580164, "oneh-in": 0.004981487714574217}, "english-1k": {"sfR": 0.10832745236414962, "sfb": 0.011291460832745237, "alternate": 0.2992237120677488, "dsfb-alt": 0.025052928722653495, "redirect": 0.035638673253352154, "dsfb-red": 0.013408609738884969, "bad-redirect": 0.004940014114326041, "sfT": 0.0, "dsfb": 0.0, "roll-out": 0.1714890613973183, "sft": 0.0, "roll-in": 0.3066337332392378, "unknown": 0.0, "oneh-out": 0.009880028228652082, "oneh-in": 0.014114326040931546}, "english-10k": {"sfR": 0.10567144593890508, "sfb": 0.015457054090040718, "alternate": 0.32579456205013413, "dsfb-alt": 0.030258003512089692, "redirect": 0.03483143899191447, "dsfb-red": 0.013720306439474344, "bad-redirect": 0.006811910229443662, "sfT": 0.0, "dsfb": 0.0, "roll-out": 0.14061866810752396, "sft": 0.0, "roll-in": 0.3023677659636055, "unknown": 0.0, "oneh-out": 0.005769861639103838, "oneh-in": 0.018698983037764613}, "reddit": {"sfR": 0.10397777127267367, "sfb": 0.013922246276124439, "alternate": 0.28671990488813626, "dsfb-alt": 0.028055789820461, "redirect": 0.030259034868544143, "dsfb-red": 0.014314725052285867, "bad-redirect": 0.003839047742657083, "sfT": 5.393867509758124e-05, "dsfb": 0.0, "roll-out": 0.1999072179873495, "sft": 0.0, "roll-in": 0.2551175722651828, "unknown": 0.039285409944231534, "oneh-out": 0.012800321834094748, "oneh-in": 0.011747019373161426}, "akl": {"sfR": 0.13064861186637447, "sfb": 0.018896818903628317, "alternate": 0.24463352733166074, "dsfb-alt": 0.02559423451067446, "redirect": 0.022643529117279154, "dsfb-red": 0.012687625516163429, "bad-redirect": 0.004104698662006747, "sfT": 0.00013468113962233886, "dsfb": 0.0, "roll-out": 0.16608400787352218, "sft": 0.0, "roll-in": 0.2213469828669827, "unknown": 0.13277008071454782, "oneh-out": 0.010646258714340414, "oneh-in": 0.009808942783197239}, "french": {"sfR": 0.10898279115633469, "sfb": 0.039967065125137376, "alternate": 0.24069481391530523, "dsfb-alt": 0.02404297402495312, "redirect": 0.02559645582440914, "dsfb-red": 0.013024895635390476, "bad-redirect": 0.003426046791906745, "sfT": 0.0002626316261243888, "dsfb": 0.0, "roll-out": 0.14511032573318158, "sft": 0.0, "roll-in": 0.21543402617893473, "unknown": 0.15807953387545715, "oneh-out": 0.012099632281265198, "oneh-in": 0.013278807831600181}, "keymash": {"sfR": 0.099723742164827, "sfb": 0.013714374848632872, "alternate": 0.284356746150657, "dsfb-alt": 0.02734665227225148, "redirect": 0.032760977451942216, "dsfb-red": 0.015573881525205962, "bad-redirect": 0.004108976121963935, "sfT": 1.2314613752139664e-05, "dsfb": 0.0, "roll-out": 0.22483200814406457, "sft": 0.0, "roll-in": 0.2609877141203466, "unknown": 0.01232282349464109, "oneh-out": 0.012466493988416052, "oneh-in": 0.011793295103299085}, "movie": {"sfR": 0.11567713207251198, "sfb": 0.01507137406172386, "alternate": 0.2664931242103307, "dsfb-alt": 0.02987678889166853, "redirect": 0.031372661522858086, "dsfb-red": 0.017578444484596407, "bad-redirect": 0.0028998899710471595, "sfT": 1.0791022763925716e-05, "dsfb": 0.0, "roll-out": 0.22752779379250362, "sft": 0.0, "roll-in": 0.23521244957664317, "unknown": 0.030236445784519856, "oneh-out": 0.01771188469292105, "oneh-in": 0.010331219915911613}, "dutch": {"sfR": 0.18880787437283908, "sfb": 0.030385972180229297, "alternate": 0.2206132661554932, "dsfb-alt": 0.019777612248654642, "redirect": 0.03732219510647826, "dsfb-red": 0.014080263757679803, "bad-redirect": 0.003132348375679833, "sfT": 0.0002908733440777043, "dsfb": 0.0,