{"english-450k": {"redirect": 0.034723420029573744, "dsfb-red": 0.008738227949349267, "sfb": 0.02167103919134702, "sfR": 0.11369548401129392, "unknown": 0.00015377410175167997, "dsfb-alt": 0.03889081512552469, "roll-out": 0.1702337775631307, "sfT": 2.7772889099638017e-05, "dsfb": 0.0, "oneh-in": 0.006923635079439233, "alternate": 0.3616202645031489, "roll-in": 0.23416141369267748, "bad-redirect": 0.004757057383466419, "oneh-out": 0.004403318480197345, "sft": 0.0}, "shai": {"redirect": 0.0321295484657235, "dsfb-red": 0.009367643320463966, "sfb": 0.013576964472433865, "sfR": 0.09823378925716947, "unknown": 0.023260762136131256, "dsfb-alt": 0.028494096697674318, "roll-out": 0.2208884802081227, "sfT": 2.9360921194451507e-05, "dsfb": 0.0, "oneh-in": 0.0068030562605720215, "alternate": 0.32196082728285225, "roll-in": 0.22979344711922375, "bad-redirect": 0.0035317789977994405, "oneh-out": 0.011930244860638964, "sft": 0.0}, "tr-quotes": {"redirect": 0.03123714199856684, "dsfb-red": 0.009279720764661012, "sfb": 0.013831164328147754, "sfR": 0.09677191928064538, "unknown": 0.013835787429786644, "dsfb-alt": 0.027999815075934444, "roll-out": 0.24108897159104042, "sfT": 2.080395737500289e-05, "dsfb": 0.0, "oneh-in": 0.009814844779362474, "alternate": 0.312260465546335, "roll-in": 0.22093224844548207, "bad-redirect": 0.0024745151522156217, "oneh-out": 0.020452601650447284, "sft": 0.0}, "gutenberg": {"redirect": 0.03143059244836806, "dsfb-red": 0.009221592913245912, "sfb": 0.01225674896936921, "sfR": 0.09863878308844841, "unknown": 0.032975828246008664, "dsfb-alt": 0.03367087178426333, "roll-out": 0.24008724700244716, "sfT": 0.00012256559532591272, "dsfb": 0.0, "oneh-in": 0.007686965575169839, "alternate": 0.2926250746854497, "roll-in": 0.2246098833713533, "bad-redirect": 0.0027924875435846666, "oneh-out": 0.013881358776965851, "sft": 0.0}, "english-200": {"redirect": 0.028953229398663696, "dsfb-red": 0.008908685968819599, "sfb": 0.011135857461024499, "sfR": 0.10690423162583519, "unknown": 0.0, "dsfb-alt": 0.0200445434298441, "roll-out": 0.24053452115812918, "sfT": 0.0, "dsfb": 0.0, "oneh-in": 0.008908685968819599, "alternate": 0.32516703786191536, "roll-in": 0.24276169265033407, "bad-redirect": 0.0022271714922048997, "oneh-out": 0.004454342984409799, "sft": 0.0}, "monkeyracer": {"redirect": 0.031394184900761686, "dsfb-red": 0.009229788698249839, "sfb": 0.013760615918795065, "sfR": 0.09690789370786869, "unknown": 0.013436077701487402, "dsfb-alt": 0.02797871342102382, "roll-out": 0.24208302704224471, "sfT": 1.8572970267607176e-05, "dsfb": 0.0, "oneh-in": 0.009875932558612384, "alternate": 0.31128200416034535, "roll-in": 0.22060387569013248, "bad-redirect": 0.0024379467288111736, "oneh-out": 0.020991366501399815, "sft": 0.0}, "chained-bigrams": {"redirect": 0.04495590896488495, "dsfb-red": 0.014356776046370744, "sfb": 0.014608056962202026, "sfR": 0.11914286586209158, "unknown": 0.022916559801936097, "dsfb-alt": 0.046529174233771765, "roll-out": 0.20346936483067107, "sfT": 4.2854109676652756e-05, "dsfb": 0.0, "oneh-in": 0.00694756020515431, "alternate": 0.31038971916922764, "roll-in": 0.2033278164077997, "bad-redirect": 0.00660732454650937, "oneh-out": 0.006706018859704086, "sft": 0.0}, "english-5k": {"redirect": 0.03389057120338491, "dsfb-red": 0.010328950097482059, "sfb": 0.01410378728170241, "sfR": 0.10644211224955408, "unknown": 0.002157049819554486, "dsfb-alt": 0.0318579665657278, "roll-out": 0.18878334093831667, "sfT": 4.148172729912474e-05, "dsfb": 0.0, "oneh-in": 0.004770398639399345, "alternate": 0.3513502302235865, "roll-in": 0.24499108142863069, "bad-redirect": 0.005226697639689717, "oneh-out": 0.006056332185672211, "sft": 0.0}, "mt-quotes": {"redirect": 0.03154695736364614, "dsfb-red": 0.009173928114653184, "sfb": 0.013033253248227968, "sfR": 0.0964592223377679, "unknown": 0.007977133909467972, "dsfb-alt": 0.02754270209536104, "roll-out": 0.24882711179641648, "sfT": 1.942362630138296e-05, "dsfb": 0.0, "oneh-in": 0.010216827434527438, "alternate": 0.3102087591589869, "roll-in": 0.22046712327129725, "bad-redirect": 0.0021978580222564875, "oneh-out": 0.022329699621089875, "sft": 0.0}, "wordle": {"redirect": 0.028452821721081566, "dsfb-red": 0.01229664534948951, "sfb": 0.029776730618198136, "sfR": 0.13138112868843263, "unknown": 0.0, "dsfb-alt": 0.05008414675193538, "roll-out": 0.16376079883316505, "sfT": 0.00011219566924716706, "dsfb": 0.0, "oneh-in": 0.004936609446875351, "alternate": 0.35085829686974085, "roll-in": 0.22212498597554134, "bad-redirect": 0.0010097610232245036, "oneh-out": 0.005205879053068551, "sft": 0.0}, "english-1k": {"redirect": 0.03175723359209598, "dsfb-red": 0.010232886379675371, "sfb": 0.011291460832745237, "sfR": 0.10832745236414962, "unknown": 0.0, "dsfb-alt": 0.024347212420606917, "roll-out": 0.21312632321806635, "sfT": 0.0, "dsfb": 0.0, "oneh-in": 0.009174311926605505, "alternate": 0.33450952717007765, "roll-in": 0.2455892731122089, "bad-redirect": 0.003175723359209598, "oneh-out": 0.008468595624558928, "sft": 0.0}, "english-10k": {"redirect": 0.03083691939561182, "dsfb-red": 0.00997665039269794, "sfb": 0.014550085872522723, "sfR": 0.10567144593890508, "unknown": 0.0, "dsfb-alt": 0.03145442967136875, "roll-out": 0.17950251828409333, "sfT": 5.789158835221242e-05, "dsfb": 0.0, "oneh-in": 0.0068698018177958745, "alternate": 0.3606838926304008, "roll-in": 0.2512494934486019, "bad-redirect": 0.004033113988537466, "oneh-out": 0.0051137569711120975, "sft": 0.0}, "reddit": {"redirect": 0.03033612222503777, "dsfb-red": 0.010017760432498277, "sfb": 0.01420812125414162, "sfR": 0.10397777127267367, "unknown": 0.039285409944231534, "dsfb-alt": 0.028222962255850238, "roll-out": 0.22771590125251973, "sfT": 6.495115459667075e-05, "dsfb": 0.0, "oneh-in": 0.008879392186046477, "alternate": 0.305439921399364, "roll-in": 0.2143092188125363, "bad-redirect": 0.0029057962912291406, "oneh-out": 0.014636671519274554, "sft": 0.0}, "akl": {"redirect": 0.024755979690647478, "dsfb-red": 0.010468611054482659, "sfb": 0.019298811591512276, "sfR": 0.13064861186637447, "unknown": 0.13277008071454782, "dsfb-alt": 0.02418212092182186, "roll-out": 0.18223381085633758, "sfT": 0.0001462937126589375, "dsfb": 0.0, "oneh-in": 0.007393725252402363, "alternate": 0.2634536538380431, "roll-in": 0.18934527646114396, "bad-redirect": 0.003005383317076143, "oneh-out": 0.012297640722951359, "sft": 0.0}, "french": {"redirect": 0.03582575540713648, "dsfb-red": 0.009979807028828338, "sfb": 0.04122897038679346, "sfR": 0.10898279115633469, "unknown": 0.15807953387545715, "dsfb-alt": 0.02678785655483069, "roll-out": 0.17119917465651852, "sfT": 0.00026708123211177865, "dsfb": 0.0, "oneh-in": 0.0008456049196641617, "alternate": 0.2270481270432325, "roll-in": 0.2006960472202375, "bad-redirect": 0.004253853287621347, "oneh-out": 0.014805397231233423, "sft": 0.0}, "keymash": {"redirect": 0.030322683929018567, "dsfb-red": 0.009309847996617587, "sfb": 0.014075603518695636, "sfR": 0.099723742164827, "unknown": 0.01232282349464109, "dsfb-alt": 0.028229199591154823, "roll-out": 0.24100520087187466, "sfT": 2.052435625356611e-05, "dsfb": 0.0, "oneh-in": 0.009502776945401107, "alternate": 0.31130522591158927, "roll-in": 0.221490642945984, "bad-redirect": 0.0027338442529750056, "oneh-out": 0.01995788402096768, "sft": 0.0}, "movie": {"redirect": 0.029624121041586366, "dsfb-red": 0.010128032853137207, "sfb": 0.01562434817945576, "sfR": 0.11567713207251198, "unknown": 0.030236445784519856, "dsfb-alt": 0.03039291561459678, "roll-out": 0.22838015299301517, "sfT": 1.6186534145888575e-05, "dsfb": 0.0, "oneh-in": 0.0138397498904119, "alternate": 0.29499142574282705, "roll-in": 0.19848980952397247, "bad-redirect": 0.001673792908955746, "oneh-out": 0.03092588686086384, "sft": 0.0}, "dutch": {"redirect": 0.017528821689691183, "dsfb-red": 0.00471049136867151, "sfb": 0.027924002408607727, "sfR": 0.18880787437283908, "unknown": 0.07290361491625476, "dsfb-alt": 0.025493088772600914, "roll-out": 0.16292927352418896,