{"english-450k": {"unknown": 0.0, "alternate": 0.3142660268572608, "sft": 0.0, "sfT": 0.0002768518523932337, "dsfb-red": 0.017439912623567432, "sfb": 0.032716755705574634, "oneh-out": 0.006826576140691025, "roll-in": 0.21435729734122824, "dsfb": 0.0, "dsfb-alt": 0.049981845300914866, "redirect": 0.035513924157209754, "sfR": 0.11369548401129392, "bad-redirect": 0.0008858089891779283, "oneh-in": 0.011163239687049239, "roll-out": 0.20287627733363894}, "shai": {"unknown": 0.016411783475088346, "alternate": 0.28194578919648144, "sft": 0.0, "sfT": 6.87694236465877e-05, "dsfb-red": 0.01825366845087352, "sfb": 0.021708925596190032, "oneh-out": 0.00895129183408765, "roll-in": 0.20937892556213045, "dsfb": 0.0, "dsfb-alt": 0.04607797929362253, "redirect": 0.02426545833535885, "sfR": 0.09823378925716947, "bad-redirect": 0.0012719130935310607, "oneh-in": 0.013440126169134387, "roll-out": 0.2599915803126857}, "tr-quotes": {"unknown": 0.009802131249855527, "alternate": 0.26407272138877974, "sft": 0.0, "sfT": 3.929636393056101e-05, "dsfb-red": 0.025680173828621623, "sfb": 0.02441691130579506, "oneh-out": 0.010512933126834793, "roll-in": 0.20355054205866716, "dsfb": 0.0, "dsfb-alt": 0.04813111116247891, "redirect": 0.023449527287857423, "sfR": 0.09677191928064538, "bad-redirect": 0.0013823073900279697, "oneh-in": 0.010783384572709831, "roll-out": 0.28140704098379604}, "gutenberg": {"unknown": 0.025604274906105663, "alternate": 0.2595583167860308, "sft": 0.0, "sfT": 0.00018375367459990004, "dsfb-red": 0.021305764977913567, "sfb": 0.019080261710697457, "oneh-out": 0.014106977979490058, "roll-in": 0.20061601051449893, "dsfb": 0.0, "dsfb-alt": 0.03881464861561497, "redirect": 0.02229595101619571, "sfR": 0.09863878308844841, "bad-redirect": 0.0016899654959852664, "oneh-in": 0.009775316615158807, "roll-out": 0.28832997461926047}, "english-200": {"unknown": 0.0, "alternate": 0.26948775055679286, "sft": 0.0, "sfT": 0.0, "dsfb-red": 0.024498886414253896, "sfb": 0.013363028953229399, "oneh-out": 0.011135857461024499, "roll-in": 0.1915367483296214, "dsfb": 0.0, "dsfb-alt": 0.053452115812917596, "redirect": 0.017817371937639197, "sfR": 0.10690423162583519, "bad-redirect": 0.0022271714922048997, "oneh-in": 0.0066815144766146995, "roll-out": 0.3028953229398664}, "monkeyracer": {"unknown": 0.009422361074182399, "alternate": 0.263574886216119, "sft": 0.0, "sfT": 3.616841578428766e-05, "dsfb-red": 0.02586237233526753, "sfb": 0.024376534713858956, "oneh-out": 0.010525008993227709, "roll-in": 0.20366141670707102, "dsfb": 0.0, "dsfb-alt": 0.048090307646589614, "redirect": 0.02336675164615168, "sfR": 0.09690789370786869, "bad-redirect": 0.0014007929680779517, "oneh-in": 0.010690210676134319, "roll-out": 0.2820852948996669}, "chained-bigrams": {"unknown": 0.016332610224341265, "alternate": 0.2731008000083111, "sft": 0.0, "sfT": 8.8954742813658e-05, "dsfb-red": 0.030266039611482044, "sfb": 0.02104071854654443, "oneh-out": 0.01067456913763896, "roll-in": 0.20160131523158425, "dsfb": 0.0, "dsfb-alt": 0.057125826808362264, "redirect": 0.03792004332160905, "sfR": 0.11914286586209158, "bad-redirect": 0.0026783818547907973, "oneh-in": 0.0079403470793301, "roll-out": 0.22208752757110048}, "english-5k": {"unknown": 0.0, "alternate": 0.3184967022026797, "sft": 0.0, "sfT": 0.0, "dsfb-red": 0.0155971294644709, "sfb": 0.020699381922263244, "oneh-out": 0.004853362093997594, "roll-in": 0.23574065624092588, "dsfb": 0.0, "dsfb-alt": 0.047081760484506574, "redirect": 0.028414983199900445, "sfR": 0.10644211224955408, "bad-redirect": 0.0008296345459824947, "oneh-in": 0.024142365288090595, "roll-out": 0.19770191230762849}, "mt-quotes": {"unknown": 0.0052458732264735065, "alternate": 0.2602556746871302, "sft": 0.0, "sfT": 1.4941251001063817e-05, "dsfb-red": 0.02703918193662519, "sfb": 0.023922436977803278, "oneh-out": 0.010753218345465628, "roll-in": 0.20336686150057973, "dsfb": 0.0, "dsfb-alt": 0.04887432614957985, "redirect": 0.022511982883302854, "sfR": 0.0964592223377679, "bad-redirect": 0.001452289597303403, "oneh-in": 0.010557487957351694, "roll-out": 0.2895465031496157}, "wordle": {"unknown": 0.0, "alternate": 0.29283069673510603, "sft": 0.0, "sfT": 0.0008302479524290362, "dsfb-red": 0.020419611802984405, "sfb": 0.03354650510490295, "oneh-out": 0.012992258498821945, "roll-in": 0.18954336362616403, "dsfb": 0.0, "dsfb-alt": 0.054751486592617526, "redirect": 0.034892853135868956, "sfR": 0.13138112868843263, "bad-redirect": 0.0014585437002131718, "oneh-in": 0.006215640076293055, "roll-out": 0.22113766408616628}, "english-1k": {"unknown": 0.0, "alternate": 0.2978122794636556, "sft": 0.0, "sfT": 0.0, "dsfb-red": 0.017642907551164433, "sfb": 0.016937191249117856, "oneh-out": 0.01058574453069866, "roll-in": 0.22265349329569514, "dsfb": 0.0, "dsfb-alt": 0.04551870148200424, "redirect": 0.025052928722653495, "sfR": 0.10832745236414962, "bad-redirect": 0.001058574453069866, "oneh-in": 0.015172900494001412, "roll-out": 0.2392378263937897}, "english-10k": {"unknown": 0.0, "alternate": 0.3102989135678586, "sft": 0.0, "sfT": 7.718878446961657e-05, "dsfb-red": 0.014993921383223018, "sfb": 0.02012697555045252, "oneh-out": 0.007159259759556937, "roll-in": 0.2396132841898072, "dsfb": 0.0, "dsfb-alt": 0.04673780899635283, "redirect": 0.028887902587754, "sfR": 0.10567144593890508, "bad-redirect": 0.0005210242951699118, "oneh-in": 0.02068659423785724, "roll-out": 0.20522568070859304}, "reddit": {"unknown": 0.03912119664449001, "alternate": 0.25749761630386353, "sft": 0.0, "sfT": 9.28194700637544e-05, "dsfb-red": 0.023933376746475304, "sfb": 0.024733317264103043, "oneh-out": 0.009423161454373968, "roll-in": 0.19746780394864813, "dsfb": 0.0, "dsfb-alt": 0.04403766942222127, "redirect": 0.023499994475031545, "sfR": 0.10397777127267367, "bad-redirect": 0.0010691469467432372, "oneh-in": 0.010261008874223062, "roll-out": 0.26488511717708946}, "akl": {"unknown": 0.131271144611545, "alternate": 0.22173254499939998, "sft": 0.0, "sfT": 0.00020359064217355939, "dsfb-red": 0.021465050614882037, "sfb": 0.025382218576148818, "oneh-out": 0.007470269404035093, "roll-in": 0.1716726698315952, "dsfb": 0.0, "dsfb-alt": 0.03718429892166388, "redirect": 0.021359178539431343, "sfR": 0.13064861186637447, "bad-redirect": 0.0013879001386911834, "oneh-in": 0.007465327883593987, "roll-out": 0.22275719397046548}, "french": {"unknown": 0.15022783705566845, "alternate": 0.22808967942656355, "sft": 0.0, "sfT": 0.00011176451402669371, "dsfb-red": 0.01227542917236295, "sfb": 0.02878773720950646, "oneh-out": 0.005823860054767908, "roll-in": 0.2136201899927822, "dsfb": 0.0, "dsfb-alt": 0.03002613596680492, "redirect": 0.03101318442225005, "sfR": 0.10898279115633469, "bad-redirect": 0.00516190250949238, "oneh-in": 0.019040942712401605, "roll-out": 0.16683854580703814}, "keymash": {"unknown": 0.008620229626497765, "alternate": 0.2654456042986212, "sft": 0.0, "sfT": 3.694384125641899e-05, "dsfb-red": 0.02552408943693481, "sfb": 0.022646574690184842, "oneh-out": 0.010578253213087972, "roll-in": 0.20470171953056693, "dsfb": 0.0, "dsfb-alt": 0.04709108298818208, "redirect": 0.022679413660190547, "sfR": 0.099723742164827, "bad-redirect": 0.0014777536502567597, "oneh-in": 0.010799916260626485, "roll-out": 0.2806746766387672}, "movie": {"unknown": 0.024529179122950412, "alternate": 0.2442953323957426, "sft": 0.0, "sfT": 8.47490080483922e-05, "dsfb-red": 0.02979690900364776, "sfb": 0.029922979733011675, "oneh-out": 0.010147114539731954, "roll-in": 0.18214101524310924, "dsfb": 0.0, "dsfb-alt": 0.046918182597001756, "redirect": 0.024959767250798764, "sfR": 0.11567713207251198, "bad-redirect": 0.001418229906424725, "oneh-in": 0.007665705695383377, "roll-out": 0.2824437034316374}, "dutch": {"unknown": 0.06828907122753393, "alternate": 0.21348946919075348, "sft": 0.0, "sfT": 0.000209628915399608, "dsfb-red": 0.014157778581157052, "sfb": 0.05313132811348787, "oneh-out": 0.0074957892219358595, "roll-in": 0.22923640027256242, "dsfb": 0.0, "dsfb-alt": 0.038308334997012194,