{"english-450k": {"bad-redirect": 0.0014605616204399108, "sfT": 3.040400490907741e-05, "roll-in": 0.25858109186628553, "unknown": 0.00015377410175167997, "sft": 0.0, "sfR": 0.11369548401129392, "redirect": 0.056924190537221225, "oneh-out": 0.005098810092492491, "sfb": 0.031198017191126005, "dsfb-red": 0.031330742366402174, "dsfb": 0.0, "oneh-in": 0.01552065981368192, "alternate": 0.2569571087194593, "dsfb-alt": 0.04721478850798778, "roll-out": 0.18183436716694898}, "shai": {"bad-redirect": 0.001927331990972349, "sfT": 5.961590682284953e-05, "roll-in": 0.26792244273575355, "unknown": 0.024097749651430984, "sft": 0.0, "sfR": 0.09823378925716947, "redirect": 0.043352952177538435, "oneh-out": 0.00814901801535964, "sfb": 0.02509201122852039, "dsfb-red": 0.025044258124684755, "dsfb": 0.0, "oneh-in": 0.021528049781507682, "alternate": 0.2405616017361725, "dsfb-alt": 0.04970418078462785, "roll-out": 0.19432699860943953}, "tr-quotes": {"bad-redirect": 0.0018215020457224753, "sfT": 1.271352950694621e-05, "roll-in": 0.2616074524398419, "unknown": 0.013894731975682485, "sft": 0.0, "sfR": 0.09677191928064538, "redirect": 0.04770116271006218, "oneh-out": 0.009813689003952752, "sfb": 0.026523889877718962, "dsfb-red": 0.024787915212315943, "dsfb": 0.0, "oneh-in": 0.027353736621899633, "alternate": 0.2293855897921916, "dsfb-alt": 0.047198400406832944, "roll-out": 0.21312729710362682}, "gutenberg": {"bad-redirect": 0.0019422952841987374, "sfT": 3.6371861364103926e-05, "roll-in": 0.26629980340251186, "unknown": 0.03298207965968062, "sft": 0.0, "sfR": 0.09863878308844841, "redirect": 0.04135821623298905, "oneh-out": 0.009371247967816965, "sfb": 0.023482582993199597, "dsfb-red": 0.02417497441656314, "dsfb": 0.0, "oneh-in": 0.016386660165196448, "alternate": 0.22282046356695057, "dsfb-alt": 0.042006847760648905, "roll-out": 0.2204996736004316}, "english-200": {"bad-redirect": 0.0022271714922048997, "sfT": 0.0, "roll-in": 0.2984409799554566, "unknown": 0.0, "sft": 0.0, "sfR": 0.10690423162583519, "redirect": 0.0378619153674833, "oneh-out": 0.013363028953229399, "sfb": 0.013363028953229399, "dsfb-red": 0.024498886414253896, "dsfb": 0.0, "oneh-in": 0.015590200445434299, "alternate": 0.23608017817371937, "dsfb-alt": 0.042316258351893093, "roll-out": 0.20935412026726058}, "monkeyracer": {"bad-redirect": 0.0018514318782551574, "sfT": 1.5640396014827094e-05, "roll-in": 0.2619492625553279, "unknown": 0.013491796612290222, "sft": 0.0, "sfR": 0.09690789370786869, "redirect": 0.04776674695403288, "oneh-out": 0.009796753053787322, "sfb": 0.026434224314559645, "dsfb-red": 0.024550534119523907, "dsfb": 0.0, "oneh-in": 0.027744107480801413, "alternate": 0.22918752052801977, "dsfb-alt": 0.047124513192674036, "roll-out": 0.21317957520684425}, "chained-bigrams": {"bad-redirect": 0.002605010424586831, "sfT": 0.00010388875073127941, "roll-in": 0.24696109171493705, "unknown": 0.023159399756770463, "sft": 0.0, "sfR": 0.11914286586209158, "redirect": 0.0623144206026976, "oneh-out": 0.006233325043876765, "sfb": 0.026104645840002234, "dsfb-red": 0.02963491545078952, "dsfb": 0.0, "oneh-in": 0.01139399873645307, "alternate": 0.2416673105604863, "dsfb-alt": 0.054014358723960446, "roll-out": 0.17666476853261684}, "english-5k": {"bad-redirect": 0.0006637076367859958, "sfT": 0.0, "roll-in": 0.27859128054092175, "unknown": 0.002157049819554486, "sft": 0.0, "sfR": 0.10644211224955408, "redirect": 0.04683287012071183, "oneh-out": 0.006097813912971336, "sfb": 0.02505496328867134, "dsfb-red": 0.02882980047289169, "dsfb": 0.0, "oneh-in": 0.024183847015389722, "alternate": 0.2662297258057826, "dsfb-alt": 0.05288920230638404, "roll-out": 0.16202762683038122}, "mt-quotes": {"bad-redirect": 0.0018168561217293603, "sfT": 1.3447125900957435e-05, "roll-in": 0.26370859779347605, "unknown": 0.007995063410669249, "sft": 0.0, "sfR": 0.0964592223377679, "redirect": 0.04822438173103358, "oneh-out": 0.009961332042409246, "sfb": 0.02613075387576051, "dsfb-red": 0.024040472860711683, "dsfb": 0.0, "oneh-in": 0.02870662554834391, "alternate": 0.22833369192335737, "dsfb-alt": 0.046685432877924, "roll-out": 0.2179241223509162}, "wordle": {"bad-redirect": 0.003522944014361046, "sfT": 2.2439133849433412e-05, "roll-in": 0.24034556266128126, "unknown": 0.0, "sft": 0.0, "sfR": 0.13138112868843263, "redirect": 0.05340513856165152, "oneh-out": 0.008841018736676764, "sfb": 0.03426455738808482, "dsfb-red": 0.03078649164142264, "dsfb": 0.0, "oneh-in": 0.008526870862784697, "alternate": 0.2384831145517783, "dsfb-alt": 0.05221586446763155, "roll-out": 0.19820486929204534}, "english-1k": {"bad-redirect": 0.00035285815102328866, "sfT": 0.0, "roll-in": 0.2791107974594213, "unknown": 0.0, "sft": 0.0, "sfR": 0.10832745236414962, "redirect": 0.0465772759350741, "oneh-out": 0.009880028228652082, "sfb": 0.019054340155257588, "dsfb-red": 0.03211009174311927, "dsfb": 0.0, "oneh-in": 0.015525758645024701, "alternate": 0.2392378263937897, "dsfb-alt": 0.0465772759350741, "roll-out": 0.20324629498941427}, "english-10k": {"bad-redirect": 0.0012543177476312692, "sfT": 1.929719611740414e-05, "roll-in": 0.2909052314698674, "unknown": 0.0, "sft": 0.0, "sfR": 0.10567144593890508, "redirect": 0.045965921151656666, "oneh-out": 0.005769861639103838, "sfb": 0.026803805407074353, "dsfb-red": 0.028579147449875532, "dsfb": 0.0, "oneh-in": 0.021883020397136296, "alternate": 0.2566527083614751, "dsfb-alt": 0.05270064259663071, "roll-out": 0.16379460064452636}, "reddit": {"bad-redirect": 0.002244036171125691, "sfT": 0.00017091817671546056, "roll-in": 0.25304059615720653, "unknown": 0.04519937363713543, "sft": 0.0, "sfR": 0.10397777127267367, "redirect": 0.04539014424287986, "oneh-out": 0.008912654369023318, "sfb": 0.027769989757270342, "dsfb-red": 0.02168507043023772, "dsfb": 0.0, "oneh-in": 0.023142912954402902, "alternate": 0.22137484813360012, "dsfb-alt": 0.05004546393534701, "roll-out": 0.19704622076238196}, "akl": {"bad-redirect": 0.002665209049910419, "sfT": 0.00033291023211729843, "roll-in": 0.21424826638491434, "unknown": 0.13920166722946467, "sft": 0.0, "sfR": 0.13064861186637447, "redirect": 0.03784016222220965, "oneh-out": 0.008099769693027562, "sfb": 0.02907600510587541, "dsfb-red": 0.021809746373251372, "dsfb": 0.0, "oneh-in": 0.019729588635965675, "alternate": 0.18169543220427908, "dsfb-alt": 0.04593180311411159, "roll-out": 0.16872082788849846}, "french": {"bad-redirect": 0.0019552797219334847, "sfT": 0.000464496915936141, "roll-in": 0.22878356326934454, "unknown": 0.15842537463172957, "sft": 0.0, "sfR": 0.10898279115633469, "redirect": 0.04102168167150213, "oneh-out": 0.013629772376585346, "sfb": 0.04855694708368254, "dsfb-red": 0.030845957142683567, "dsfb": 0.0, "oneh-in": 0.01771238325196472, "alternate": 0.17410951660903828, "dsfb-alt": 0.029833814108016627, "roll-out": 0.14567842206124837}, "keymash": {"bad-redirect": 0.0018102482215645306, "sfT": 4.5153583757845434e-05, "roll-in": 0.26361893659205377, "unknown": 0.012376186820900362, "sft": 0.0, "sfR": 0.099723742164827, "redirect": 0.046660071506857186, "oneh-out": 0.010019990722990974, "sfb": 0.02680070439590662, "dsfb-red": 0.025844269394490443, "dsfb": 0.0, "oneh-in": 0.026460000082097423, "alternate": 0.22893277452352706, "dsfb-alt": 0.0470048806919171, "roll-out": 0.21070304129910966}, "movie": {"bad-redirect": 0.00346023356773979, "sfT": 1.7897306047486553e-05, "roll-in": 0.24118699144837766, "unknown": 0.030282373430185833, "sft": 0.0, "sfR": 0.11567713207251198, "redirect": 0.04654865586625659, "oneh-out": 0.011549947499042297, "sfb": 0.031896026126908485, "dsfb-red": 0.025465366146640262, "dsfb": 0.0, "oneh-in": 0.03679528205956934, "alternate": 0.21232495349003389, "dsfb-alt": 0.04952789933397018, "roll-out": 0.1952672416527162}, "dutch": {"bad-redirect": 0.0016594770756409478, "sfT": 0.00023709889216739515, "roll-in": 0.2980141035737902, "unknown": 0.07360268279108878, "sft": 0.0, "sfR": 0.18880787437283908, "redirect": 0.03932162211001769, "oneh-out": 0.0030587603961400164,