{"english-450k": {"sfR": 0.11369548401129392, "oneh-in": 0.013819497269778828, "roll-in": 0.2857687038714238, "alternate": 0.2527353372301133, "sfb": 0.028331270343641267, "dsfb-red": 0.022929589586862194, "oneh-out": 0.009034666997212771, "dsfb-alt": 0.043921508553172804, "bad-redirect": 0.0024750029380793204, "sfT": 2.1925965078661592e-05, "unknown": 0.00015377410175167997, "dsfb": 0.0, "redirect": 0.05196629131363427, "sft": 0.0, "roll-out": 0.1751469478179572}, "shai": {"sfR": 0.09823378925716947, "oneh-in": 0.016741104949076258, "roll-in": 0.30916341345905246, "alternate": 0.23706561627900136, "sfb": 0.018201464376912176, "dsfb-red": 0.016644251839140856, "oneh-out": 0.008965883275282362, "dsfb-alt": 0.03871387244309183, "bad-redirect": 0.001311727988907718, "sfT": 3.06265448736745e-05, "unknown": 0.023260762136131256, "dsfb": 0.0, "redirect": 0.04306570204726048, "sft": 0.0, "roll-out": 0.18860178540410008}, "tr-quotes": {"sfR": 0.09677191928064538, "oneh-in": 0.01576015348697441, "roll-in": 0.3208513441668015, "alternate": 0.23250849494926146, "sfb": 0.014863271769029842, "dsfb-red": 0.013287949885578234, "oneh-out": 0.010088763551466678, "dsfb-alt": 0.03645893529969256, "bad-redirect": 0.002125470978479462, "sfT": 2.080395737500289e-05, "unknown": 0.013835787429786644, "dsfb": 0.0, "redirect": 0.04550981253322854, "sft": 0.0, "roll-out": 0.19791729271168026}, "gutenberg": {"sfR": 0.09863878308844841, "oneh-in": 0.013577502185153233, "roll-in": 0.3035692162204862, "alternate": 0.2173394892708692, "sfb": 0.017533131545277473, "dsfb-red": 0.01380994111168321, "oneh-out": 0.010677982862033574, "dsfb-alt": 0.042584061623026116, "bad-redirect": 0.001587859072676662, "sfT": 2.7278896023077948e-05, "unknown": 0.032975828246008664, "dsfb": 0.0, "redirect": 0.04200211184120045, "sft": 0.0, "roll-out": 0.2056768140371137}, "english-200": {"sfR": 0.10690423162583519, "oneh-in": 0.011135857461024499, "roll-in": 0.34743875278396436, "alternate": 0.24498886414253898, "sfb": 0.0066815144766146995, "dsfb-red": 0.011135857461024499, "oneh-out": 0.0066815144766146995, "dsfb-alt": 0.042316258351893093, "bad-redirect": 0.0022271714922048997, "sfT": 0.0, "unknown": 0.0, "dsfb": 0.0, "redirect": 0.0334075723830735, "sft": 0.0, "roll-out": 0.1870824053452116}, "monkeyracer": {"sfR": 0.09690789370786869, "oneh-in": 0.015658968985094703, "roll-in": 0.32156165444109047, "alternate": 0.23224912804792217, "sfb": 0.014807544927037553, "dsfb-red": 0.013239595226551137, "oneh-out": 0.010151594538373712, "dsfb-alt": 0.03640204419975914, "bad-redirect": 0.002165217323302626, "sfT": 1.8572970267607176e-05, "unknown": 0.013436077701487402, "dsfb": 0.0, "redirect": 0.045496934482381096, "sft": 0.0, "roll-out": 0.19790477344886373}, "chained-bigrams": {"sfR": 0.11914286586209158, "oneh-in": 0.01106739847634161, "roll-in": 0.27587073382468386, "alternate": 0.24279255559184448, "sfb": 0.020047282367676573, "dsfb-red": 0.025935177315371833, "oneh-out": 0.0062041063327335924, "dsfb-alt": 0.04972245470937447, "bad-redirect": 0.0027712324257568783, "sfT": 4.5451328444934745e-05, "unknown": 0.022916559801936097, "dsfb": 0.0, "redirect": 0.05738879520865082, "sft": 0.0, "roll-out": 0.1660953867550933}, "english-5k": {"sfR": 0.10644211224955408, "oneh-in": 0.0236445845605011, "roll-in": 0.31617372547392875, "alternate": 0.253411872070353, "sfb": 0.02206827892313436, "dsfb-red": 0.020699381922263244, "oneh-out": 0.010660803915875056, "dsfb-alt": 0.040154312025552745, "bad-redirect": 0.0011614883643754927, "sfT": 4.148172729912474e-05, "unknown": 0.002157049819554486, "dsfb": 0.0, "redirect": 0.038246152569793, "sft": 0.0, "roll-out": 0.16513875637781558}, "mt-quotes": {"sfR": 0.0964592223377679, "oneh-in": 0.015549359916807115, "roll-in": 0.3257805309522956, "alternate": 0.23333602275851353, "sfb": 0.013929728308291797, "dsfb-red": 0.012709028101504883, "oneh-out": 0.010197403808226055, "dsfb-alt": 0.036311722307885395, "bad-redirect": 0.0021694696453544663, "sfT": 1.792950120127658e-05, "unknown": 0.007977133909467972, "dsfb": 0.0, "redirect": 0.04519429602801783, "sft": 0.0, "roll-out": 0.2003681524246662}, "wordle": {"sfR": 0.13138112868843263, "oneh-in": 0.007001009761023224, "roll-in": 0.2615954224166947, "alternate": 0.23648603163917872, "sfb": 0.03320991809716145, "dsfb-red": 0.02537866038370919, "oneh-out": 0.009244923145966566, "dsfb-alt": 0.05347245596319982, "bad-redirect": 0.0023336699203410746, "sfT": 6.731740154830023e-05, "unknown": 0.0, "dsfb": 0.0, "redirect": 0.050218781555031976, "sft": 0.0, "roll-out": 0.18961068102771234}, "english-1k": {"sfR": 0.10832745236414962, "oneh-in": 0.01799576570218772, "roll-in": 0.33450952717007765, "alternate": 0.2205363443895554, "sfb": 0.015172900494001412, "dsfb-red": 0.01834862385321101, "oneh-out": 0.013408609738884969, "dsfb-alt": 0.03881439661256175, "bad-redirect": 0.0007057163020465773, "sfT": 0.0, "unknown": 0.0, "dsfb": 0.0, "redirect": 0.04446012702893437, "sft": 0.0, "roll-out": 0.18772053634438957}, "english-10k": {"sfR": 0.10567144593890508, "oneh-in": 0.02138129329808379, "roll-in": 0.32583315644236893, "alternate": 0.24578838694737654, "sfb": 0.023388201694293818, "dsfb-red": 0.02045502788444839, "oneh-out": 0.008394280311070802, "dsfb-alt": 0.0410065417494838, "bad-redirect": 0.0010806429825746318, "sfT": 5.789158835221242e-05, "unknown": 0.0, "dsfb": 0.0, "redirect": 0.04127670249512746, "sft": 0.0, "roll-out": 0.16566642866791456}, "reddit": {"sfR": 0.10397777127267367, "oneh-in": 0.013016563480857482, "roll-in": 0.3012276854483755, "alternate": 0.22929529308272076, "sfb": 0.016928278605243253, "dsfb-red": 0.013800472225608996, "oneh-out": 0.009840998899313912, "dsfb-alt": 0.039963052007558154, "bad-redirect": 0.0016457663665016854, "sfT": 4.52110978074865e-05, "unknown": 0.039285409944231534, "dsfb": 0.0, "redirect": 0.043270579056024494, "sft": 0.0, "roll-out": 0.18770291851308304}, "akl": {"sfR": 0.13064861186637447, "oneh-in": 0.009338312376386323, "roll-in": 0.2633352055930698, "alternate": 0.19194876592074497, "sfb": 0.02311129344223423, "dsfb-red": 0.01363333369818226, "oneh-out": 0.007102644990819026, "dsfb-alt": 0.0352128052188781, "bad-redirect": 0.0016435991139162037, "sfT": 0.00016902470668802425, "unknown": 0.13277008071454782, "dsfb": 0.0, "redirect": 0.03469377261934655, "sft": 0.0, "roll-out": 0.15639254973881223}, "french": {"sfR": 0.10898279115633469, "oneh-in": 0.022944460692248127, "roll-in": 0.24448844011091775, "alternate": 0.1859983694066786, "sfb": 0.04272095173985811, "dsfb-red": 0.021236216502725655, "oneh-out": 0.010717452821404516, "dsfb-alt": 0.02997783451999231, "bad-redirect": 0.0015458260800635733, "sfT": 1.9101843885259315e-05, "unknown": 0.15807953387545715, "dsfb": 0.0, "redirect": 0.04095839838634814, "sft": 0.0, "roll-out": 0.13233062286408612}, "keymash": {"sfR": 0.099723742164827, "oneh-in": 0.015963844294023716, "roll-in": 0.32356237146621897, "alternate": 0.229220115511077, "sfb": 0.015352218477667448, "dsfb-red": 0.013258734139803705, "oneh-out": 0.010056934564247392, "dsfb-alt": 0.03758830604278097, "bad-redirect": 0.002372615582912242, "sfT": 1.2314613752139664e-05, "unknown": 0.01232282349464109, "dsfb": 0.0, "redirect": 0.04491960609655478, "sft": 0.0, "roll-out": 0.19564637355149356}, "movie": {"sfR": 0.11567713207251198, "oneh-in": 0.013960030314878096, "roll-in": 0.3152477546447786, "alternate": 0.22106199718933336, "sfb": 0.012726563773825953, "dsfb-red": 0.012324400779111844, "oneh-out": 0.010841161540426395, "dsfb-alt": 0.0385544819657664, "bad-redirect": 0.004004259032447948, "sfT": 9.475044378081117e-06, "unknown": 0.030236445784519856, "dsfb": 0.0, "redirect": 0.04416949854248814, "sft": 0.0, "roll-out": 0.18118679931553333}, "dutch": {"sfR": 0.18880787437283908, "oneh-in": 0.011177501271382966, "roll-in": 0.30871620569762465, "alternate": 0.18106596706923572, "sfb": 0.03369025894182709, "dsfb-red": 0.02245892942615111, "oneh-out": 0.004241332137516712,