{"english-450k": {"sft": 0.0, "dsfb-red": 0.014811720276138527, "sfb": 0.057702708470614233, "roll-out": 0.17403252409955908, "dsfb-alt": 0.03116732084001588, "redirect": 0.042743645709147106, "alternate": 0.3180486943526315, "sfT": 8.653447551045108e-05, "sfR": 0.11369548401129392, "unknown": 0.004733084994980416, "dsfb": 0.0, "roll-in": 0.2108570362760707, "oneh-out": 0.016133709797281296, "oneh-in": 0.011575155484327028, "bad-redirect": 0.004412381212429859}, "shai": {"sft": 0.0, "dsfb-red": 0.009810685145959308, "sfb": 0.07073658988498074, "roll-out": 0.14188851333882208, "dsfb-alt": 0.02476062295623063, "redirect": 0.03591859740719766, "alternate": 0.2904687080544446, "sfT": 3.8591846194288946e-05, "sfR": 0.09823378925716947, "unknown": 0.06691984429809826, "dsfb": 0.0, "roll-in": 0.23969099197958404, "oneh-out": 0.010163023941110337, "oneh-in": 0.007773468378605247, "bad-redirect": 0.003596573511603331}, "tr-quotes": {"sft": 0.0, "dsfb-red": 0.00948313723677215, "sfb": 0.08731420910288713, "roll-out": 0.13218372205912948, "dsfb-alt": 0.02006657266360001, "redirect": 0.033826078916344975, "alternate": 0.2639687016019047, "sfT": 1.618085573611336e-05, "sfR": 0.09677191928064538, "unknown": 0.09198238598275583, "dsfb": 0.0, "roll-in": 0.24386629990060332, "oneh-out": 0.010541827512077852, "oneh-in": 0.007328771873049629, "bad-redirect": 0.0026501930144934237}, "gutenberg": {"sft": 0.0, "dsfb-red": 0.01067836173558945, "sfb": 0.0708222654895823, "roll-out": 0.14027187208622555, "dsfb-alt": 0.023153152436365346, "redirect": 0.02853675622858654, "alternate": 0.25782080265878304, "sfT": 1.2881700899786807e-05, "sfR": 0.09863878308844841, "unknown": 0.09703065428053238, "dsfb": 0.0, "roll-in": 0.2539890649514303, "oneh-out": 0.008704619946252998, "oneh-in": 0.006175449524002208, "bad-redirect": 0.0041653358733016515}, "english-200": {"sft": 0.0, "dsfb-red": 0.011135857461024499, "sfb": 0.08908685968819599, "roll-out": 0.1358574610244989, "dsfb-alt": 0.017817371937639197, "redirect": 0.035634743875278395, "alternate": 0.31625835189309576, "sfT": 0.0, "sfR": 0.10690423162583519, "unknown": 0.0, "dsfb": 0.0, "roll-in": 0.267260579064588, "oneh-out": 0.008908685968819599, "oneh-in": 0.008908685968819599, "bad-redirect": 0.0022271714922048997}, "monkeyracer": {"sft": 0.0, "dsfb-red": 0.009493720381000046, "sfb": 0.0880573846129784, "roll-out": 0.13186906642476187, "dsfb-alt": 0.02000895412671849, "redirect": 0.03370603093670332, "alternate": 0.26347908879052817, "sfT": 1.3685346512973709e-05, "sfR": 0.09690789370786869, "unknown": 0.09193327025040274, "dsfb": 0.0, "roll-in": 0.24399897555406103, "oneh-out": 0.01056019988426107, "oneh-in": 0.0073030874141733265, "bad-redirect": 0.0026686425700298733}, "chained-bigrams": {"sft": 0.0, "dsfb-red": 0.014158738115289242, "sfb": 0.06550445455483996, "roll-out": 0.1270475011833578, "dsfb-alt": 0.03018227930620495, "redirect": 0.03448911732870855, "alternate": 0.2817586287723791, "sfT": 0.0001597289542493421, "sfR": 0.11914286586209158, "unknown": 0.06303060367805136, "dsfb": 0.0, "roll-in": 0.23607679716175933, "oneh-out": 0.010405107690429703, "oneh-in": 0.012443924423531061, "bad-redirect": 0.005600252969108031}, "english-5k": {"sft": 0.0, "dsfb-red": 0.011241548098062803, "sfb": 0.057078856763595635, "roll-out": 0.16289874310366284, "dsfb-alt": 0.033102418384701536, "redirect": 0.0476210229393952, "alternate": 0.3332641971211681, "sfT": 0.0, "sfR": 0.10644211224955408, "unknown": 0.007425229186543328, "dsfb": 0.0, "roll-in": 0.21877462977558385, "oneh-out": 0.01103413946156718, "oneh-in": 0.0078815281868337, "bad-redirect": 0.0032355747293317293}, "mt-quotes": {"sft": 0.0, "dsfb-red": 0.009058880481944993, "sfb": 0.09192455265894503, "roll-out": 0.13063882812780148, "dsfb-alt": 0.019640274440898386, "redirect": 0.033598391126092204, "alternate": 0.26209494268536115, "sfT": 2.9882502002127633e-06, "sfR": 0.0964592223377679, "unknown": 0.08755871911643417, "dsfb": 0.0, "roll-in": 0.24879424104421416, "oneh-out": 0.01053806433105031, "oneh-in": 0.007104564851005845, "bad-redirect": 0.0025863305482841468}, "wordle": {"sft": 0.0, "dsfb-red": 0.021743520700100976, "sfb": 0.05937394816560081, "roll-out": 0.19055312464938853, "dsfb-alt": 0.030158195893638506, "redirect": 0.04436216762032986, "alternate": 0.2859643217771794, "sfT": 0.0, "sfR": 0.13138112868843263, "unknown": 0.004330752832940648, "dsfb": 0.0, "roll-in": 0.19409850779759902, "oneh-out": 0.020576685739930437, "oneh-in": 0.012251767081790642, "bad-redirect": 0.005205879053068551}, "english-1k": {"sft": 0.0, "dsfb-red": 0.011644318983768526, "sfb": 0.068454481298518, "roll-out": 0.17889908256880735, "dsfb-alt": 0.025758645024700072, "redirect": 0.038461538461538464, "alternate": 0.30310515172900493, "sfT": 0.0, "sfR": 0.10832745236414962, "unknown": 0.006351446718419196, "dsfb": 0.0, "roll-in": 0.23535638673253353, "oneh-out": 0.013408609738884969, "oneh-in": 0.007057163020465773, "bad-redirect": 0.003175723359209598}, "english-10k": {"sft": 0.0, "dsfb-red": 0.012195827946199417, "sfb": 0.06319831728449857, "roll-out": 0.16186488103278593, "dsfb-alt": 0.031145674533490285, "redirect": 0.046718511800235424, "alternate": 0.32261052469076246, "sfT": 1.929719611740414e-05, "sfR": 0.10567144593890508, "unknown": 0.00494008220605546, "dsfb": 0.0, "roll-in": 0.2288068543640609, "oneh-out": 0.010709943845159298, "oneh-in": 0.008818818625653693, "bad-redirect": 0.003299820536076108}, "reddit": {"sft": 0.0, "dsfb-red": 0.010244227953081593, "sfb": 0.07926041086662033, "roll-out": 0.13702914392767573, "dsfb-alt": 0.020730355881010534, "redirect": 0.035531315614853134, "alternate": 0.26217031623608433, "sfT": 8.255613882990908e-05, "sfR": 0.10397777127267367, "unknown": 0.1001277110505175, "dsfb": 0.0, "roll-in": 0.22859551368815617, "oneh-out": 0.011359260231071037, "oneh-in": 0.008084957908168282, "bad-redirect": 0.002806459231257762}, "akl": {"sft": 0.0, "dsfb-red": 0.009927514566181574, "sfb": 0.07617203043591153, "roll-out": 0.11947605651745408, "dsfb-alt": 0.020914021670494328, "redirect": 0.030568517232304804, "alternate": 0.22044263521105592, "sfT": 0.00023499400457678682, "sfR": 0.13064861186637447, "unknown": 0.16789517394559628, "dsfb": 0.0, "roll-in": 0.2016128480322112, "oneh-out": 0.010395229475932239, "oneh-in": 0.007872459752736694, "bad-redirect": 0.003839907289170092}, "french": {"sft": 0.0, "dsfb-red": 0.006472693509656386, "sfb": 0.04529736349758687, "roll-out": 0.14057040922426992, "dsfb-alt": 0.022098346390080358, "redirect": 0.03308679070340375, "alternate": 0.21024845236486295, "sfT": 2.3851086639476727e-05, "sfR": 0.10898279115633469, "unknown": 0.23130647488235623, "dsfb": 0.0, "roll-in": 0.1783114128812917, "oneh-out": 0.010582466457948685, "oneh-in": 0.009529707659538263, "bad-redirect": 0.0034892401860306854}, "keymash": {"sft": 0.0, "dsfb-red": 0.010327856066794466, "sfb": 0.08786066425026579, "roll-out": 0.13633919372118894, "dsfb-alt": 0.020622873163583223, "redirect": 0.033101681765751415, "alternate": 0.26226843395056915, "sfT": 2.052435625356611e-05, "sfR": 0.099723742164827, "unknown": 0.0874624917389466, "dsfb": 0.0, "roll-in": 0.24137463928443884, "oneh-out": 0.010520785015577986, "oneh-in": 0.007195839302500277, "bad-redirect": 0.0031812752193027464}, "movie": {"sft": 0.0, "dsfb-red": 0.009541106493050516, "sfb": 0.09604115538164755, "roll-out": 0.12040031009714684, "dsfb-alt": 0.016325501463433763, "redirect": 0.0304325265640107, "alternate": 0.22703061715833153, "sfT": 8.159065992236518e-06, "sfR": 0.11567713207251198, "unknown": 0.15584092400632776, "dsfb": 0.0, "roll-in": 0.20706051355530117, "oneh-out": 0.010569938395103824, "oneh-in": 0.00885429737347822, "bad-redirect": 0.0022178183736639035}, "dutch": {"sft": 0.0, "dsfb-red": 0.03235722990602578, "sfb": 0.051614185682483146, "roll-out": 0.13898266196196096, "dsfb-alt": 0.01052985891441449, "redirect": 0.04167193682593886, "alternate": 0.1948418197331905,