{"english-450k": {"unknown": 0.00015377410175167997, "alternate": 0.34860559632485744, "roll-out": 0.20929064533085112, "sft": 0.0, "roll-in": 0.18539222043371312, "sfT": 0.00015786694856636347, "bad-redirect": 0.004488391224702552, "redirect": 0.03662600910599947, "oneh-in": 0.0033190064205072672, "dsfb-red": 0.014109797047420308, "dsfb-alt": 0.04741943084872195, "oneh-out": 0.0054206832598472435, "sfR": 0.11369548401129392, "sfb": 0.03132109494176756, "dsfb": 0.0}, "shai": {"unknown": 0.023621906111313578, "alternate": 0.31196568232365723, "roll-out": 0.21508617620020604, "sft": 0.0, "roll-in": 0.22094698917802735, "sfT": 4.4556146162737375e-05, "bad-redirect": 0.004536510030706275, "redirect": 0.040470128494475996, "oneh-in": 0.0029456829924638496, "dsfb-red": 0.011790925625295505, "dsfb-alt": 0.03588103896015429, "oneh-out": 0.013111334941152757, "sfR": 0.09823378925716947, "sfb": 0.02136527973921495, "dsfb": 0.0}, "tr-quotes": {"unknown": 0.01476965396084233, "alternate": 0.30386953607175055, "roll-out": 0.21278634335775873, "sft": 0.0, "roll-in": 0.23261251473613648, "sfT": 2.7738609833337187e-05, "bad-redirect": 0.0034384318439240886, "redirect": 0.04343635144818659, "oneh-in": 0.0033355678324587966, "dsfb-red": 0.012432676082383671, "dsfb-alt": 0.0359134093063036, "oneh-out": 0.021884607383093318, "sfR": 0.09677191928064538, "sfb": 0.018721250086683155, "dsfb": 0.0}, "gutenberg": {"unknown": 0.03802431837805746, "alternate": 0.2896202285137965, "roll-out": 0.20776895381266142, "sft": 0.0, "roll-in": 0.24124319022142507, "sfT": 0.0002464572480973917, "bad-redirect": 0.0037375876287175547, "redirect": 0.0357228509628882, "oneh-in": 0.003008066596878158, "dsfb-red": 0.009192987959777268, "dsfb-alt": 0.03910259251808079, "oneh-out": 0.01323348499641775, "sfR": 0.09863878308844841, "sfb": 0.020460498074754026, "dsfb": 0.0}, "english-200": {"unknown": 0.0, "alternate": 0.311804008908686, "roll-out": 0.2182628062360802, "sft": 0.0, "roll-in": 0.24276169265033407, "sfT": 0.0, "bad-redirect": 0.0, "redirect": 0.042316258351893093, "oneh-in": 0.0066815144766146995, "dsfb-red": 0.008908685968819599, "dsfb-alt": 0.026726057906458798, "oneh-out": 0.022271714922048998, "sfR": 0.10690423162583519, "sfb": 0.013363028953229399, "dsfb": 0.0}, "monkeyracer": {"unknown": 0.014352018393105714, "alternate": 0.3032741214007539, "roll-out": 0.2132440918404054, "sft": 0.0, "roll-in": 0.2321914540876175, "sfT": 2.541564352409403e-05, "bad-redirect": 0.0034359994995073273, "redirect": 0.04362399705960555, "oneh-in": 0.003383213162957286, "dsfb-red": 0.012455620376307928, "dsfb-alt": 0.03593380984406525, "oneh-out": 0.022386294320972208, "sfR": 0.09690789370786869, "sfb": 0.018786070663309194, "dsfb": 0.0}, "chained-bigrams": {"unknown": 0.02365222201805197, "alternate": 0.31571336833951363, "roll-out": 0.18577970779990247, "sft": 0.0, "roll-in": 0.1982989515677137, "sfT": 7.986447712467105e-05, "bad-redirect": 0.0030517320527313325, "redirect": 0.04683694465781318, "oneh-in": 0.0047587540881846675, "dsfb-red": 0.019016186516668625, "dsfb-alt": 0.05340920675095075, "oneh-out": 0.00841304089515742, "sfR": 0.11914286586209158, "sfb": 0.02184715497409599, "dsfb": 0.0}, "english-5k": {"unknown": 0.002157049819554486, "alternate": 0.3392790475795412, "roll-out": 0.22578504168913593, "sft": 0.0, "roll-in": 0.19931969967229435, "sfT": 0.0, "bad-redirect": 0.004397063093707222, "redirect": 0.038826896751980755, "oneh-in": 0.002447421910648359, "dsfb-red": 0.01269340855353217, "dsfb-alt": 0.03820467084249388, "oneh-out": 0.007217820550047704, "sfR": 0.10644211224955408, "sfb": 0.02322976728750985, "dsfb": 0.0}, "mt-quotes": {"unknown": 0.008869126594231481, "alternate": 0.3041605407537562, "roll-out": 0.21294569751736173, "sft": 0.0, "roll-in": 0.236727686735755, "sfT": 1.0458875700744673e-05, "bad-redirect": 0.003421546479243614, "redirect": 0.044166337959144646, "oneh-in": 0.003488782108748401, "dsfb-red": 0.012299637824075733, "dsfb-alt": 0.0356348836375372, "oneh-out": 0.02401656685910998, "sfR": 0.0964592223377679, "sfb": 0.017799512317567327, "dsfb": 0.0}, "wordle": {"unknown": 0.0, "alternate": 0.310535173342309, "roll-out": 0.22205766857399303, "sft": 0.0, "roll-in": 0.17033546505104902, "sfT": 0.00029170874004263433, "bad-redirect": 0.0061707618085941884, "redirect": 0.03700213171771569, "oneh-in": 0.003320991809716145, "dsfb-red": 0.019230337708964432, "dsfb-alt": 0.049500729271850105, "oneh-out": 0.008594188264332997, "sfR": 0.13138112868843263, "sfb": 0.04157971502300011, "dsfb": 0.0}, "english-1k": {"unknown": 0.0, "alternate": 0.30628087508821455, "roll-out": 0.23782639378969656, "sft": 0.0, "roll-in": 0.22230063514467185, "sfT": 0.0, "bad-redirect": 0.004234297812279464, "redirect": 0.0374029640084686, "oneh-in": 0.004234297812279464, "dsfb-red": 0.011644318983768526, "dsfb-alt": 0.032815808045165845, "oneh-out": 0.009880028228652082, "sfR": 0.10832745236414962, "sfb": 0.025052928722653495, "dsfb": 0.0}, "english-10k": {"unknown": 0.0, "alternate": 0.3420813955732232, "roll-out": 0.22955944501263967, "sft": 0.0, "roll-in": 0.19366666023426796, "sfT": 9.64859805870207e-05, "bad-redirect": 0.006580343876034812, "redirect": 0.03809266513575577, "oneh-in": 0.00247004110302773, "dsfb-red": 0.011867775612203547, "dsfb-alt": 0.038690878215395304, "oneh-out": 0.006561046679917408, "sfR": 0.10567144593890508, "sfb": 0.024661816638042493, "dsfb": 0.0}, "reddit": {"unknown": 0.041217688064775854, "alternate": 0.29961046163077965, "roll-out": 0.20192055395019326, "sft": 0.0, "roll-in": 0.21918778468804623, "sfT": 0.00010866395587366889, "bad-redirect": 0.0033029197866350827, "redirect": 0.04180000101135016, "oneh-in": 0.003941830884648585, "dsfb-red": 0.012615394584819223, "dsfb-alt": 0.03430289974691899, "oneh-out": 0.01782942905350548, "sfR": 0.10397777127267367, "sfb": 0.020184601369780144, "dsfb": 0.0}, "akl": {"unknown": 0.13295000147380848, "alternate": 0.25844436044408753, "roll-out": 0.1681008153187529, "sft": 0.0, "roll-in": 0.18164569580103937, "sfT": 0.00016568918039027783, "bad-redirect": 0.0029630097792936604, "redirect": 0.034833074080581325, "oneh-in": 0.0029783284926610887, "dsfb-red": 0.012937147590837066, "dsfb-alt": 0.0299433160660961, "oneh-out": 0.017059882802453852, "sfR": 0.13064861186637447, "sfb": 0.027330067103623908, "dsfb": 0.0}, "french": {"unknown": 0.15822382396052298, "alternate": 0.2399732586171077, "roll-out": 0.23265448076896023, "sft": 0.0, "roll-in": 0.12720905146340875, "sfT": 0.0004370501880947331, "bad-redirect": 0.00667521800035516, "redirect": 0.026382582845858024, "oneh-in": 0.0011150682640722197, "dsfb-red": 0.012913820285927486, "dsfb-alt": 0.04263856661081887, "oneh-out": 0.01476139557202479, "sfR": 0.10898279115633469, "sfb": 0.02803289226651438, "dsfb": 0.0}, "keymash": {"unknown": 0.013394194891077241, "alternate": 0.3033335659427042, "roll-out": 0.21547700656368912, "sft": 0.0, "roll-in": 0.22948693214237337, "sfT": 4.925845500855866e-05, "bad-redirect": 0.0038257400056647224, "redirect": 0.04194767931103841, "oneh-in": 0.0029760316567670857, "dsfb-red": 0.012667632679701002, "dsfb-alt": 0.03572058962370645, "oneh-out": 0.021320701276204473, "sfR": 0.099723742164827, "sfb": 0.020076925287238367, "dsfb": 0.0}, "movie": {"unknown": 0.030451476652766863, "alternate": 0.2794143211874231, "roll-out": 0.2031656123267169, "sft": 0.0, "roll-in": 0.21509758835116988, "sfT": 3.763698183515555e-05, "bad-redirect": 0.002720390519217956, "redirect": 0.04463482849972279, "oneh-in": 0.0030534646486752243, "dsfb-red": 0.014270601213937422, "dsfb-alt": 0.038957302949673436, "oneh-out": 0.03174811015633955, "sfR": 0.11567713207251198, "sfb": 0.020771534440009745, "dsfb": 0.0}, "dutch": {"unknown": 0.07325981014373002, "alternate": 0.24225872923959196, "roll-out": 0.25041449720492986, "sft": 0.0, "roll-in": 0.13236790231475437, "sfT": 9.92469460898837e-05, "bad-redirect": 0.003427722349110484, "redirect": 0.025728986301554575,