{"english-450k": {"sft": 0.0, "dsfb": 0.0, "sfT": 0.0005110211594333395, "dsfb-alt": 0.047860581266104624, "roll-out": 0.18941344242913966, "unknown": 0.00015377410175167997, "alternate": 0.3163121579184015, "sfb": 0.0376477590786651, "dsfb-red": 0.01685726664487713, "sfR": 0.11369548401129392, "redirect": 0.036310275208866746, "roll-in": 0.2230870472507471, "oneh-in": 0.010603689058241795, "oneh-out": 0.005755419660048143, "bad-redirect": 0.0017920822124292742}, "shai": {"sft": 0.0, "dsfb": 0.0, "sfT": 0.00017924250216665486, "dsfb-alt": 0.03901194423638847, "roll-out": 0.21986809724200862, "unknown": 0.024097749651430984, "alternate": 0.28604997843408214, "sfb": 0.025839952248444327, "dsfb-red": 0.0164023125847426, "sfR": 0.09823378925716947, "redirect": 0.02688761772622462, "roll-in": 0.24304499923056272, "oneh-in": 0.011681269203033286, "oneh-out": 0.0075715994665647764, "bad-redirect": 0.001131448217181333}, "tr-quotes": {"sft": 0.0, "dsfb": 0.0, "sfT": 0.0002947227294792076, "dsfb-alt": 0.03510436651949793, "roll-out": 0.2509546704884307, "unknown": 0.013894731975682485, "alternate": 0.2755599731860105, "sfb": 0.02427359515498948, "dsfb-red": 0.022568826425648968, "sfR": 0.09677191928064538, "redirect": 0.02940870530038603, "roll-in": 0.23236749034927534, "oneh-in": 0.008893691777813736, "oneh-out": 0.00897344028108458, "bad-redirect": 0.0009338665310556852}, "gutenberg": {"sft": 0.0, "dsfb": 0.0, "sfT": 0.00025573965021635575, "dsfb-alt": 0.033410585651376466, "roll-out": 0.26572751489636104, "unknown": 0.03298207965968062, "alternate": 0.26186433068387055, "sfb": 0.022876385303797868, "dsfb-red": 0.017401472984610537, "sfR": 0.09863878308844841, "redirect": 0.028697777489833876, "roll-in": 0.2172771645709276, "oneh-in": 0.007564968290177741, "oneh-out": 0.012065607260429725, "bad-redirect": 0.0012375904702692237}, "english-200": {"sft": 0.0, "dsfb": 0.0, "sfT": 0.0, "dsfb-alt": 0.026726057906458798, "roll-out": 0.27616926503340755, "unknown": 0.0, "alternate": 0.2962138084632517, "sfb": 0.013363028953229399, "dsfb-red": 0.024498886414253896, "sfR": 0.10690423162583519, "redirect": 0.022271714922048998, "roll-in": 0.22048997772828507, "oneh-in": 0.004454342984409799, "oneh-out": 0.008908685968819599, "bad-redirect": 0.0}, "monkeyracer": {"sft": 0.0, "dsfb": 0.0, "sfT": 0.00027272940550854746, "dsfb-alt": 0.034950419944633, "roll-out": 0.25164712920531146, "unknown": 0.013491796612290222, "alternate": 0.2751634421383549, "sfb": 0.02422990600121995, "dsfb-red": 0.02278121432034659, "sfR": 0.09690789370786869, "redirect": 0.02927979886450725, "roll-in": 0.23252967765143814, "oneh-in": 0.008802610382094875, "oneh-out": 0.009015710777796894, "bad-redirect": 0.0009276709886294321}, "chained-bigrams": {"sft": 0.0, "dsfb": 0.0, "sfT": 0.00020323236861806535, "dsfb-alt": 0.054981822715145484, "roll-out": 0.1985723088430754, "unknown": 0.023159399756770463, "alternate": 0.27270537345084017, "sfb": 0.025702726235610596, "dsfb-red": 0.029203127830562642, "sfR": 0.11914286586209158, "redirect": 0.03883166710927603, "roll-in": 0.2188124347042969, "oneh-in": 0.009258435604233207, "oneh-out": 0.006591741233899678, "bad-redirect": 0.0028348642855797867}, "english-5k": {"sft": 0.0, "dsfb": 0.0, "sfT": 0.00029037209109387317, "dsfb-alt": 0.04272617911809848, "roll-out": 0.1694113742896254, "unknown": 0.002157049819554486, "alternate": 0.32198116729580617, "sfb": 0.02663126892603808, "dsfb-red": 0.014394159372796284, "sfR": 0.10644211224955408, "redirect": 0.030779441655950555, "roll-in": 0.2580163438005559, "oneh-in": 0.018791222466503506, "oneh-out": 0.006429667731364334, "bad-redirect": 0.0019496411830588626}, "mt-quotes": {"sft": 0.0, "dsfb": 0.0, "sfT": 0.00025101301681787214, "dsfb-alt": 0.034317065299243374, "roll-out": 0.2595116003872772, "unknown": 0.007995063410669249, "alternate": 0.2738103775952953, "sfb": 0.0233890343170653, "dsfb-red": 0.02380589521999498, "sfR": 0.0964592223377679, "redirect": 0.029151874828175613, "roll-in": 0.23277572584597364, "oneh-in": 0.00842387731439978, "oneh-out": 0.009268057995959885, "bad-redirect": 0.000841192431359893}, "wordle": {"sft": 0.0, "dsfb": 0.0, "sfT": 0.0013463480309660047, "dsfb-alt": 0.056793447772915964, "roll-out": 0.18272186693593628, "unknown": 0.0, "alternate": 0.2907887355548076, "sfb": 0.0583641871423763, "dsfb-red": 0.019634242118254236, "sfR": 0.13138112868843263, "redirect": 0.031616739593851674, "roll-in": 0.2095366318860092, "oneh-in": 0.009918097161449568, "oneh-out": 0.006484909682486256, "bad-redirect": 0.001413665432514305}, "english-1k": {"sft": 0.0, "dsfb": 0.0, "sfT": 0.00035285815102328866, "dsfb-alt": 0.03705010585744531, "roll-out": 0.21594918842625266, "unknown": 0.0, "alternate": 0.30628087508821455, "sfb": 0.020112914608327453, "dsfb-red": 0.01587861679604799, "sfR": 0.10832745236414962, "redirect": 0.031051517290049402, "roll-in": 0.24417784050811575, "oneh-in": 0.009527170077628794, "oneh-out": 0.010938602681721948, "bad-redirect": 0.00035285815102328866}, "english-10k": {"sft": 0.0, "dsfb": 0.0, "sfT": 0.00021226915729144556, "dsfb-alt": 0.04664132301576581, "roll-out": 0.16296482121147798, "unknown": 0.0, "alternate": 0.31039539954844564, "sfb": 0.02869493062657996, "dsfb-red": 0.013816792420061366, "sfR": 0.10567144593890508, "redirect": 0.03070183902278999, "roll-in": 0.27525520541865267, "oneh-in": 0.01883406341058644, "oneh-out": 0.005518998089577585, "bad-redirect": 0.0012929121398660775}, "reddit": {"sft": 0.0, "dsfb": 0.0, "sfT": 0.00025317465623927196, "dsfb-alt": 0.036655936990637704, "roll-out": 0.23413261834622898, "unknown": 0.04519937363713543, "alternate": 0.2625371366841612, "sfb": 0.02495218092979413, "dsfb-red": 0.021381815212466876, "sfR": 0.10397777127267367, "redirect": 0.026478008659030224, "roll-in": 0.22625850821731366, "oneh-in": 0.009017572583570766, "oneh-out": 0.008037724110044636, "bad-redirect": 0.001118178700703469}, "akl": {"sft": 0.0, "dsfb": 0.0, "sfT": 0.00025688494013088555, "dsfb-alt": 0.03339998373745623, "roll-out": 0.19739199893223627, "unknown": 0.13920166722946467, "alternate": 0.22215445201466158, "sfb": 0.028221690344414834, "dsfb-red": 0.019761683811230658, "sfR": 0.13064861186637447, "redirect": 0.020912316845942146, "roll-in": 0.19272920495161103, "oneh-in": 0.008188099370912328, "oneh-out": 0.006047111516996619, "bad-redirect": 0.0010862944385682902}, "french": {"sft": 0.0, "dsfb": 0.0, "sfT": 0.00014670216103879153, "dsfb-alt": 0.03398258478151154, "roll-out": 0.16802146681695848, "unknown": 0.15842537463172957, "alternate": 0.22120441605266225, "sfb": 0.05398396820446398, "dsfb-red": 0.014397291954814236, "sfR": 0.10898279115633469, "redirect": 0.025008059105389786, "roll-in": 0.1889968495141607, "oneh-in": 0.014059091936095927, "oneh-out": 0.009096447876543899, "bad-redirect": 0.003694955808296172}, "keymash": {"sft": 0.0, "dsfb": 0.0, "sfT": 0.0003078653438034916, "dsfb-alt": 0.035379885309897253, "roll-out": 0.25132074232491697, "unknown": 0.012376186820900362, "alternate": 0.2758350334341763, "sfb": 0.025253167934387737, "dsfb-red": 0.021952851448814308, "sfR": 0.099723742164827, "redirect": 0.029050173841297468, "roll-in": 0.22990973388119681, "oneh-in": 0.00882957806028414, "oneh-out": 0.00916207263159191, "bad-redirect": 0.0008989668039061955}, "movie": {"sft": 0.0, "dsfb": 0.0, "sfT": 0.00018963248540020678, "dsfb-alt": 0.03680080916878989, "roll-out": 0.2577173907464874, "unknown": 0.030282373430185833, "alternate": 0.25233951347489486, "sfb": 0.02429572455730158, "dsfb-red": 0.027275099622853755, "sfR": 0.11567713207251198, "redirect": 0.02908878103422478, "roll-in": 0.2089418362557046, "oneh-in": 0.007906661337831524, "oneh-out": 0.008723094328409512, "bad-redirect": 0.0007619514854040232}, "dutch": {"sft": 0.0, "dsfb": 0.0, "sfT": 0.00042655566405279914, "dsfb-alt": 0.033668024756975876, "roll-out": 0.1478057065039545, "unknown": 0.07360268279108878, "alternate": 0.2160544693060485, "sfb": 0.06792426921882594,