{"english-450k": {"roll-in": 0.2230870472507471, "sfT": 0.0005110211594333395, "dsfb": 0.0, "roll-out": 0.18941285773673758, "sfR": 0.11369548401129392, "sft": 0.0, "unknown": 0.00015377410175167997, "alternate": 0.3163121579184015, "dsfb-red": 0.01685726664487713, "oneh-in": 0.010603689058241795, "dsfb-alt": 0.047860581266104624, "oneh-out": 0.005755419660048143, "bad-redirect": 0.0017920822124292742, "sfb": 0.0376483437710672, "redirect": 0.036310275208866746}, "shai": {"roll-in": 0.24310542018241701, "sfT": 0.0001757049485189184, "dsfb": 0.0, "roll-out": 0.21866924198508003, "sfR": 0.09823378925716947, "sft": 0.0, "unknown": 0.023260762136131256, "alternate": 0.2867446007023089, "dsfb-red": 0.016191154691570217, "oneh-in": 0.01159914299860077, "dsfb-alt": 0.03868284724611125, "oneh-out": 0.007590866361595884, "bad-redirect": 0.0011739956211742945, "sfb": 0.026993074754933455, "redirect": 0.027579399114388538}, "tr-quotes": {"roll-in": 0.2320820138230739, "sfT": 0.00029703428029865235, "dsfb": 0.0, "roll-out": 0.2475254848477844, "sfR": 0.09677191928064538, "sft": 0.0, "unknown": 0.013835787429786644, "alternate": 0.27645916645477453, "dsfb-red": 0.02037747624881533, "oneh-in": 0.008816254825362335, "dsfb-alt": 0.03423406763597698, "oneh-out": 0.008945701671251242, "bad-redirect": 0.00093617808187513, "sfb": 0.028840063798802617, "redirect": 0.030878851621552898}, "gutenberg": {"roll-in": 0.21732679700674737, "sfT": 0.0002561185237722318, "dsfb": 0.0, "roll-out": 0.2652632053536349, "sfR": 0.09863878308844841, "sft": 0.0, "unknown": 0.032975828246008664, "alternate": 0.2619287391883695, "dsfb-red": 0.017601518222113106, "oneh-in": 0.007520071773806425, "dsfb-alt": 0.03334863982499073, "oneh-out": 0.012067880501764983, "bad-redirect": 0.0012171312982519153, "sfb": 0.02267690837662911, "redirect": 0.029178378595462687}, "english-200": {"roll-in": 0.22048997772828507, "sfT": 0.0, "dsfb": 0.0, "roll-out": 0.27616926503340755, "sfR": 0.10690423162583519, "sft": 0.0, "unknown": 0.0, "alternate": 0.2962138084632517, "dsfb-red": 0.024498886414253896, "oneh-in": 0.004454342984409799, "dsfb-alt": 0.026726057906458798, "oneh-out": 0.008908685968819599, "bad-redirect": 0.0, "sfb": 0.013363028953229399, "redirect": 0.022271714922048998}, "monkeyracer": {"roll-in": 0.23224130784991476, "sfT": 0.00027566197976132753, "dsfb": 0.0, "roll-out": 0.24821797237906063, "sfR": 0.09690789370786869, "sft": 0.0, "unknown": 0.013436077701487402, "alternate": 0.27611555124575754, "dsfb-red": 0.02056125561099207, "oneh-in": 0.008722453352518885, "dsfb-alt": 0.03402470400550542, "oneh-out": 0.008992250183774654, "bad-redirect": 0.0009315810876331388, "sfb": 0.02875975569701425, "redirect": 0.03081353519871123}, "chained-bigrams": {"roll-in": 0.21921825013684096, "sfT": 0.0002259580328405327, "dsfb": 0.0, "roll-out": 0.19791326458062383, "sfR": 0.11914286586209158, "sft": 0.0, "unknown": 0.022916559801936097, "alternate": 0.2724404571364754, "dsfb-red": 0.02889990253936572, "oneh-in": 0.009257136994849065, "dsfb-alt": 0.055355172913086025, "oneh-out": 0.006513824670851219, "bad-redirect": 0.0027640900741441026, "sfb": 0.026025430667569634, "redirect": 0.03932708658932582}, "english-5k": {"roll-in": 0.258057825527855, "sfT": 0.00029037209109387317, "dsfb": 0.0, "roll-out": 0.1694113742896254, "sfR": 0.10644211224955408, "sft": 0.0, "unknown": 0.002157049819554486, "alternate": 0.32198116729580617, "dsfb-red": 0.014394159372796284, "oneh-in": 0.018791222466503506, "dsfb-alt": 0.04272617911809848, "oneh-out": 0.006429667731364334, "bad-redirect": 0.0019496411830588626, "sfb": 0.026589787198738956, "redirect": 0.030779441655950555}, "mt-quotes": {"roll-in": 0.23242610057254873, "sfT": 0.0002554953921181913, "dsfb": 0.0, "roll-out": 0.2557747935119112, "sfR": 0.0964592223377679, "sft": 0.0, "unknown": 0.007977133909467972, "alternate": 0.2747994884115657, "dsfb-red": 0.021173246793607534, "oneh-in": 0.008343194558994035, "dsfb-alt": 0.033333930983373374, "oneh-out": 0.00926208149555946, "bad-redirect": 0.0008486630568604248, "sfb": 0.02830769414661551, "redirect": 0.031038954829609975}, "wordle": {"roll-in": 0.2095366318860092, "sfT": 0.0013463480309660047, "dsfb": 0.0, "roll-out": 0.18272186693593628, "sfR": 0.13138112868843263, "sft": 0.0, "unknown": 0.0, "alternate": 0.2907887355548076, "dsfb-red": 0.019634242118254236, "oneh-in": 0.009918097161449568, "dsfb-alt": 0.056793447772915964, "oneh-out": 0.006484909682486256, "bad-redirect": 0.001413665432514305, "sfb": 0.0583641871423763, "redirect": 0.031616739593851674}, "english-1k": {"roll-in": 0.24417784050811575, "sfT": 0.00035285815102328866, "dsfb": 0.0, "roll-out": 0.21594918842625266, "sfR": 0.10832745236414962, "sft": 0.0, "unknown": 0.0, "alternate": 0.30628087508821455, "dsfb-red": 0.01587861679604799, "oneh-in": 0.009527170077628794, "dsfb-alt": 0.03705010585744531, "oneh-out": 0.010938602681721948, "bad-redirect": 0.00035285815102328866, "sfb": 0.020112914608327453, "redirect": 0.031051517290049402}, "english-10k": {"roll-in": 0.27525520541865267, "sfT": 0.00021226915729144556, "dsfb": 0.0, "roll-out": 0.16296482121147798, "sfR": 0.10567144593890508, "sft": 0.0, "unknown": 0.0, "alternate": 0.31039539954844564, "dsfb-red": 0.013816792420061366, "oneh-in": 0.01883406341058644, "dsfb-alt": 0.04664132301576581, "oneh-out": 0.005518998089577585, "bad-redirect": 0.0012929121398660775, "sfb": 0.02869493062657996, "redirect": 0.03070183902278999}, "reddit": {"roll-in": 0.22710946573180454, "sfT": 0.00027235285182952305, "dsfb": 0.0, "roll-out": 0.23043171354368294, "sfR": 0.10397777127267367, "sft": 0.0, "unknown": 0.039285409944231534, "alternate": 0.26522965046427527, "dsfb-red": 0.019692748076234078, "oneh-in": 0.009022442047294854, "dsfb-alt": 0.03690266897179588, "oneh-out": 0.00810083985139146, "bad-redirect": 0.001183729173912335, "sfb": 0.030780142401848, "redirect": 0.028011065669025923}, "akl": {"roll-in": 0.19392164324925426, "sfT": 0.0002622959050138964, "dsfb": 0.0, "roll-out": 0.19443047160907492, "sfR": 0.13064861186637447, "sft": 0.0, "unknown": 0.13277008071454782, "alternate": 0.22526207538966422, "dsfb-red": 0.017958102973033654, "oneh-in": 0.008282927148177148, "dsfb-alt": 0.03404401209654555, "oneh-out": 0.00614547248137683, "bad-redirect": 0.001147272800811536, "sfb": 0.033323068971790416, "redirect": 0.021803964794335277}, "french": {"roll-in": 0.1883305172720895, "sfT": 0.00014334622925032245, "dsfb": 0.0, "roll-out": 0.1757873626485661, "sfR": 0.10898279115633469, "sft": 0.0, "unknown": 0.15807953387545715, "alternate": 0.22167940025543734, "dsfb-red": 0.019072434536595184, "oneh-in": 0.014023674870256905, "dsfb-alt": 0.03363746315347951, "oneh-out": 0.00981347865956234, "bad-redirect": 0.003233365368998259, "sfb": 0.044099265885426724, "redirect": 0.02311736608854599}, "keymash": {"roll-in": 0.2295608198248862, "sfT": 0.0003078653438034916, "dsfb": 0.0, "roll-out": 0.24859921268569413, "sfR": 0.099723742164827, "sft": 0.0, "unknown": 0.01232282349464109, "alternate": 0.2767750489505897, "dsfb-red": 0.019900415823457696, "oneh-in": 0.008743375764019162, "dsfb-alt": 0.03446449902098821, "oneh-out": 0.00914975801783977, "bad-redirect": 0.0009030716751569087, "sfb": 0.02894755206002964, "redirect": 0.030601815174067064}, "movie": {"roll-in": 0.2080102551563652, "sfT": 0.00016054936307304115, "dsfb": 0.0, "roll-out": 0.24933631920055893, "sfR": 0.11567713207251198, "sft": 0.0, "unknown": 0.030236445784519856, "alternate": 0.25340111323875575, "dsfb-red": 0.023340982238371322, "oneh-in": 0.007731767810352776, "dsfb-alt": 0.03575802789584663, "oneh-out": 0.008687826107668876, "bad-redirect": 0.0007740584865537935, "sfb": 0.03684857918419605, "redirect": 0.030036943461225814}, "dutch": {"roll-in": 0.22469797280536852, "sfT": 0.0004556752738901923, "dsfb": 0.0, "roll-out": 0.14810172598597762, "sfR": 0.18880787437283908, "sft": 0.0, "unknown": 0.07290361491625476, "alternate": 0.2164478888623553,