{"english-450k": {"oneh-out": 0.005614801137343661, "sfb": 0.18668088248793632, "sft": 0.0, "alternate": 0.1660906472018668, "unknown": 0.0001543587941537776, "dsfb-red": 0.037840707571357324, "oneh-in": 0.013028700795941766, "sfR": 0.11369548401129392, "dsfb-alt": 0.05376422045008452, "sfT": 0.011438629808437229, "redirect": 0.03940125159255593, "dsfb": 0.0, "roll-out": 0.17214484467938684, "roll-in": 0.1991395081918329, "bad-redirect": 0.0010059632778089938}, "shai": {"oneh-out": 0.009734318109828577, "sfb": 0.1760147670029381, "sft": 0.0, "alternate": 0.21087502047446258, "unknown": 0.031793109309943265, "dsfb-red": 0.036198257665809086, "oneh-in": 0.010055712986583925, "sfR": 0.09823378925716947, "dsfb-alt": 0.03598427050380028, "sfT": 0.009398320180652104, "redirect": 0.03884631783239768, "dsfb": 0.0, "roll-out": 0.1743654890509231, "roll-in": 0.16708840834237204, "bad-redirect": 0.001412219283119785}, "tr-quotes": {"oneh-out": 0.010349968794063937, "sfb": 0.16863225538013454, "sft": 0.0, "alternate": 0.22257344952728786, "unknown": 0.039616513719054114, "dsfb-red": 0.031385081251011304, "oneh-in": 0.00788238829430665, "sfR": 0.09677191928064538, "dsfb-alt": 0.033212362173782393, "sfT": 0.009052033008945701, "redirect": 0.04197198400406833, "dsfb": 0.0, "roll-out": 0.17651695522526062, "roll-in": 0.1604979080465084, "bad-redirect": 0.0015371812949307691}, "gutenberg": {"oneh-out": 0.010900381639332834, "sfb": 0.16036012689233134, "sft": 0.0, "alternate": 0.23988322359260789, "unknown": 0.04011588984327138, "dsfb-red": 0.02735713341236636, "oneh-in": 0.007483131602108507, "sfR": 0.09863878308844841, "dsfb-alt": 0.03130348037037163, "sfT": 0.008580349419925642, "redirect": 0.03993838758234343, "dsfb": 0.0, "roll-out": 0.17114040561445146, "roll-in": 0.16274002113356695, "bad-redirect": 0.0015586858088742037}, "english-200": {"oneh-out": 0.015590200445434299, "sfb": 0.18262806236080179, "sft": 0.0, "alternate": 0.20935412026726058, "unknown": 0.0, "dsfb-red": 0.031180400890868598, "oneh-in": 0.013363028953229399, "sfR": 0.10690423162583519, "dsfb-alt": 0.026726057906458798, "sfT": 0.004454342984409799, "redirect": 0.04899777282850779, "dsfb": 0.0, "roll-out": 0.17817371937639198, "roll-in": 0.18262806236080179, "bad-redirect": 0.0}, "monkeyracer": {"oneh-out": 0.010216111171934873, "sfb": 0.1685790309210629, "sft": 0.0, "alternate": 0.22295873281511489, "unknown": 0.03912933825484461, "dsfb-red": 0.031129275693260555, "oneh-in": 0.007853433848945055, "sfR": 0.09690789370786869, "dsfb-alt": 0.03335314450161878, "sfT": 0.009053834243083035, "redirect": 0.041993485775059826, "dsfb": 0.0, "roll-out": 0.17654390259161362, "roll-in": 0.16075687786414752, "bad-redirect": 0.0015249386114456417}, "chained-bigrams": {"oneh-out": 0.005600252969108031, "sfb": 0.1644338160480849, "sft": 0.0, "alternate": 0.19906902693250933, "unknown": 0.033665798979163164, "dsfb-red": 0.03356710466596845, "oneh-in": 0.006857956157648582, "sfR": 0.11914286586209158, "dsfb-alt": 0.04308331423295364, "sfT": 0.011934869544947792, "redirect": 0.043608601728838674, "dsfb": 0.0, "roll-out": 0.17976974357009795, "roll-in": 0.15809725155816892, "bad-redirect": 0.001169397750418964}, "english-5k": {"oneh-out": 0.00850375409632057, "sfb": 0.19936118139959347, "sft": 0.0, "alternate": 0.18218774629775583, "unknown": 0.0022400132741527356, "dsfb-red": 0.03691873729622101, "oneh-in": 0.012900817190027792, "sfR": 0.10644211224955408, "dsfb-alt": 0.0430995146637906, "sfT": 0.009914132824490812, "redirect": 0.03679429211432364, "dsfb": 0.0, "roll-out": 0.18500850375409633, "roll-in": 0.17563363338449414, "bad-redirect": 0.0009955614551789937}, "mt-quotes": {"oneh-out": 0.010222803934927863, "sfb": 0.1690348549503353, "sft": 0.0, "alternate": 0.22742376973739256, "unknown": 0.03468910244916987, "dsfb-red": 0.030563823047776145, "oneh-in": 0.007460166624831164, "sfR": 0.0964592223377679, "dsfb-alt": 0.03269295131542774, "sfT": 0.009123127861249566, "redirect": 0.042197081077204435, "dsfb": 0.0, "roll-out": 0.1783552073247989, "roll-in": 0.16019710498320602, "bad-redirect": 0.0015807843559125518}, "wordle": {"oneh-out": 0.008010770784247728, "sfb": 0.1880623807921014, "sft": 0.0, "alternate": 0.16773252552451476, "unknown": 0.0, "dsfb-red": 0.04200605856613935, "oneh-in": 0.01413665432514305, "sfR": 0.13138112868843263, "dsfb-alt": 0.048760237854818804, "sfT": 0.014742510939077752, "redirect": 0.04160215415684954, "dsfb": 0.0, "roll-out": 0.16364860316391788, "roll-in": 0.1785033097722428, "bad-redirect": 0.001413665432514305}, "english-1k": {"oneh-out": 0.01058574453069866, "sfb": 0.17819336626676077, "sft": 0.0, "alternate": 0.20395201129146084, "unknown": 0.0, "dsfb-red": 0.033168666196189134, "oneh-in": 0.012350035285815103, "sfR": 0.10832745236414962, "dsfb-alt": 0.035285815102328866, "sfT": 0.011291460832745237, "redirect": 0.0497529992942837, "dsfb": 0.0, "roll-out": 0.18842625264643614, "roll-in": 0.16690190543401554, "bad-redirect": 0.0017642907551164433}, "english-10k": {"oneh-out": 0.008182011153779355, "sfb": 0.1957314602188302, "sft": 0.0, "alternate": 0.17411860056733758, "unknown": 0.0, "dsfb-red": 0.040138167924200614, "oneh-in": 0.01294841859477818, "sfR": 0.10567144593890508, "dsfb-alt": 0.04525192489531271, "sfT": 0.011346751317033636, "redirect": 0.03596997356284132, "dsfb": 0.0, "roll-out": 0.1924123424866367, "roll-in": 0.17724474633835705, "bad-redirect": 0.0009841570019876113}, "reddit": {"oneh-out": 0.010222390281149725, "sfb": 0.16982891513779552, "sft": 0.0, "alternate": 0.20497801530772108, "unknown": 0.06027826737738363, "dsfb-red": 0.032516106219485086, "oneh-in": 0.00802761060846384, "sfR": 0.10397777127267367, "dsfb-alt": 0.03251880315323996, "sfT": 0.009915913725838329, "redirect": 0.04047340926325576, "dsfb": 0.0, "roll-out": 0.16356891986117533, "roll-in": 0.16241867761471943, "bad-redirect": 0.00127520017709865}, "akl": {"oneh-out": 0.008484763550594115, "sfb": 0.15069949816142084, "sft": 0.0, "alternate": 0.16692878550053142, "unknown": 0.15113620503040356, "dsfb-red": 0.02748752865247974, "oneh-in": 0.007555733000064018, "sfR": 0.13064861186637447, "dsfb-alt": 0.027986819877849074, "sfT": 0.008308647762073105, "redirect": 0.03879903955620403, "dsfb": 0.0, "roll-out": 0.13424282675921279, "roll-in": 0.1469943955498841, "bad-redirect": 0.00072714473290872}, "french": {"oneh-out": 0.0032454557125397524, "sfb": 0.16486813442837986, "sft": 0.0, "alternate": 0.1603724143425753, "unknown": 0.1845785256052277, "dsfb-red": 0.02761250188265526, "oneh-in": 0.005839111566199433, "sfR": 0.10898279115633469, "dsfb-alt": 0.036178622645591, "sfT": 0.014041038820894565, "redirect": 0.022700466473020414, "dsfb": 0.0, "roll-out": 0.14511052049708, "roll-in": 0.12578923762563451, "bad-redirect": 0.0006811792438675178}, "keymash": {"oneh-out": 0.010077458920500958, "sfb": 0.1710048314334621, "sft": 0.0, "alternate": 0.22245939256115232, "unknown": 0.03457533054475746, "dsfb-red": 0.030536137234055655, "oneh-in": 0.008016813552642922, "sfR": 0.099723742164827, "dsfb-alt": 0.033056528181993575, "sfT": 0.009219540829101895, "redirect": 0.04234174695110688, "dsfb": 0.0, "roll-out": 0.17568438465927516, "roll-in": 0.16158415191307524, "bad-redirect": 0.0017199410540488398}, "movie": {"oneh-out": 0.009320153722067208, "sfb": 0.1543043876430156, "sft": 0.0, "alternate": 0.20831450935917248, "unknown": 0.08496732886260383, "dsfb-red": 0.030380019026415503, "oneh-in": 0.00630643162064449, "sfR": 0.11567713207251198, "dsfb-alt": 0.02801941699788746, "sfT": 0.007090491542930702, "redirect": 0.042161447123527866, "dsfb": 0.0, "roll-out": 0.15532216532662782, "roll-in": 0.15613557156691835, "bad-redirect": 0.0020009451356767134}, "dutch": {"oneh-out": 0.009722560765578928, "sfb": 0.14433141788221612, "sft": 0.0, "alternate": 0.16030171286780856, "unknown": 0.07489956334571263, "dsfb-red": 0.035016151521522924, "oneh-in": 0.008591611780804361, "sfR": 0.18880787437283908,