{"english-450k": {"roll-in": 0.2743303664091876, "redirect": 0.056907526803761446, "dsfb-red": 0.03920216382964168, "sfR": 0.11369548401129392, "sft": 0.0, "sfb": 0.04014673440523042, "sfT": 0.0005463950497602469, "bad-redirect": 0.0010974676387372749, "oneh-in": 0.015859489060697503, "dsfb-alt": 0.0335183689888505, "alternate": 0.2492113961226708, "unknown": 0.0001543587941537776, "oneh-out": 0.008445589402099397, "dsfb": 0.0, "roll-out": 0.1668846594839154}, "shai": {"roll-in": 0.3116087377420283, "redirect": 0.04236184885403388, "dsfb-red": 0.027481113953195302, "sfR": 0.09823378925716947, "sft": 0.0, "sfb": 0.023324182654809386, "sfT": 0.00010193882710512309, "bad-redirect": 0.0006234609319387064, "oneh-in": 0.01757661009780368, "dsfb-alt": 0.02816916813768004, "alternate": 0.22112154848554, "unknown": 0.06452089138301473, "oneh-out": 0.010842114258802781, "dsfb": 0.0, "roll-out": 0.15403459541687864}, "tr-quotes": {"roll-in": 0.32416957536811447, "redirect": 0.041440327315596034, "dsfb-red": 0.021742447007697466, "sfR": 0.09677191928064538, "sft": 0.0, "sfb": 0.01735974665403019, "sfT": 6.70349737638982e-05, "bad-redirect": 0.00033748641963893576, "oneh-in": 0.014810106100182612, "dsfb-alt": 0.025030628048357643, "alternate": 0.20615219250595224, "unknown": 0.09005801992556807, "oneh-out": 0.012987448279050415, "dsfb": 0.0, "roll-out": 0.14907306812140264}, "gutenberg": {"roll-in": 0.33102239407926715, "redirect": 0.03883435004052053, "dsfb-red": 0.021906469000755095, "sfR": 0.09863878308844841, "sft": 0.0, "sfb": 0.019968530762448932, "sfT": 0.00018924734116010326, "bad-redirect": 0.0006596188607802597, "oneh-in": 0.013606675448955692, "dsfb-alt": 0.029861298179929326, "alternate": 0.19117467093884488, "unknown": 0.09435751190704868, "oneh-out": 0.012303729290297844, "dsfb": 0.0, "roll-out": 0.14747672106154308}, "english-200": {"roll-in": 0.34075723830734966, "redirect": 0.044543429844097995, "dsfb-red": 0.026726057906458798, "sfR": 0.10690423162583519, "sft": 0.0, "sfb": 0.011135857461024499, "sfT": 0.0, "bad-redirect": 0.0, "oneh-in": 0.008908685968819599, "dsfb-alt": 0.035634743875278395, "alternate": 0.24053452115812918, "unknown": 0.0, "oneh-out": 0.015590200445434299, "dsfb": 0.0, "roll-out": 0.16926503340757237}, "monkeyracer": {"roll-in": 0.32499765394059776, "redirect": 0.04139915072649639, "dsfb-red": 0.021601341945978073, "sfR": 0.09690789370786869, "sft": 0.0, "sfb": 0.017099840467960647, "sfT": 6.353910881023508e-05, "bad-redirect": 0.0003587515835900965, "oneh-in": 0.014687309382673569, "dsfb-alt": 0.024935678871389023, "alternate": 0.2056858704662402, "unknown": 0.09001438916433364, "oneh-out": 0.013104696810923253, "dsfb": 0.0, "roll-out": 0.1491438838231384}, "chained-bigrams": {"roll-in": 0.2905203462871784, "redirect": 0.0552895931391869, "dsfb-red": 0.034834547424890054, "sfR": 0.11914286586209158, "sft": 0.0, "sfb": 0.024339835686954626, "sfT": 0.0003538710571784205, "bad-redirect": 0.0028790170046405807, "oneh-in": 0.016748814531958454, "dsfb-alt": 0.03822846305034254, "alternate": 0.21974223902334186, "unknown": 0.0598386218118328, "oneh-out": 0.0059106206119177275, "dsfb": 0.0, "roll-out": 0.1321711645084861}, "english-5k": {"roll-in": 0.2963869415522462, "redirect": 0.044095076118969595, "dsfb-red": 0.036711328659725394, "sfR": 0.10644211224955408, "sft": 0.0, "sfb": 0.03235574729331729, "sfT": 0.00012444518189737422, "bad-redirect": 0.00029037209109387317, "oneh-in": 0.025884597834653834, "dsfb-alt": 0.029825361928070684, "alternate": 0.2516696395237898, "unknown": 0.0022400132741527356, "oneh-out": 0.01103413946156718, "dsfb": 0.0, "roll-out": 0.16294022483096196}, "mt-quotes": {"roll-in": 0.3321051625010459, "redirect": 0.04120199376053358, "dsfb-red": 0.02058605562926573, "sfR": 0.0964592223377679, "sft": 0.0, "sfb": 0.01577497280692318, "sfT": 4.781200320340421e-05, "bad-redirect": 0.00032422514672308483, "oneh-in": 0.014383942338724138, "dsfb-alt": 0.024815923787666894, "alternate": 0.20635361757569237, "unknown": 0.08573289824410418, "oneh-out": 0.013421725774255627, "dsfb": 0.0, "roll-out": 0.14879244809409403}, "wordle": {"roll-in": 0.23702457085156514, "redirect": 0.051811960058341745, "dsfb-red": 0.04110849321216201, "sfR": 0.13138112868843263, "sft": 0.0, "sfb": 0.043397284864804216, "sfT": 0.00022439133849433412, "bad-redirect": 0.001750252440255806, "oneh-in": 0.010434197239986537, "dsfb-alt": 0.03976214518119601, "alternate": 0.2219679120385953, "unknown": 0.0, "oneh-out": 0.015370806686861888, "dsfb": 0.0, "roll-out": 0.2057668573993044}, "english-1k": {"roll-in": 0.30628087508821455, "redirect": 0.053634438955539876, "dsfb-red": 0.035638673253352154, "sfR": 0.10832745236414962, "sft": 0.0, "sfb": 0.027522935779816515, "sfT": 0.0, "bad-redirect": 0.0, "oneh-in": 0.014820042342978124, "dsfb-alt": 0.030698659139026113, "alternate": 0.2081863091037403, "unknown": 0.0, "oneh-out": 0.02081863091037403, "dsfb": 0.0, "roll-out": 0.19407198306280876}, "english-10k": {"roll-in": 0.29947318654599486, "redirect": 0.046293973485652534, "dsfb-red": 0.03529457169873217, "sfR": 0.10567144593890508, "sft": 0.0, "sfb": 0.03265085583064781, "sfT": 0.00011578317670442484, "bad-redirect": 0.000675401864109145, "oneh-in": 0.022404044692306207, "dsfb-alt": 0.03145442967136875, "alternate": 0.24376218135504912, "unknown": 0.0, "oneh-out": 0.011308156924798828, "dsfb": 0.0, "roll-out": 0.17089596881573108}, "reddit": {"roll-in": 0.30298949488116356, "redirect": 0.0412251795474283, "dsfb-red": 0.023762795686479203, "sfR": 0.10397777127267367, "sft": 0.0, "sfb": 0.01844627773510754, "sfT": 7.633820822838234e-05, "bad-redirect": 0.00043188397491327206, "oneh-in": 0.01357246895108193, "dsfb-alt": 0.025373726658647035, "alternate": 0.21000985691829996, "unknown": 0.10299492620608657, "oneh-out": 0.012023492540449793, "dsfb": 0.0, "roll-out": 0.1451157874194408}, "akl": {"roll-in": 0.2636310050066744, "redirect": 0.03160312336705913, "dsfb-red": 0.021024390529546425, "sfR": 0.13064861186637447, "sft": 0.0, "sfb": 0.024730753228795633, "sfT": 0.0001437241220295625, "bad-redirect": 0.0005934024821701913, "oneh-in": 0.009134326412577474, "dsfb-alt": 0.023193940371611727, "alternate": 0.18391575616887676, "unknown": 0.17055665214757368, "oneh-out": 0.009717154041003699, "dsfb": 0.0, "roll-out": 0.13110716025570687}, "french": {"roll-in": 0.2041379298152711, "redirect": 0.044060238196547426, "dsfb-red": 0.03339108682195552, "sfR": 0.10898279115633469, "sft": 0.0, "sfb": 0.04831967970987011, "sfT": 0.00010314995698040029, "bad-redirect": 0.002160575852725413, "oneh-in": 0.02517533133047129, "dsfb-alt": 0.023126774683024376, "alternate": 0.16965799294634076, "unknown": 0.21022397204101315, "oneh-out": 0.01001249740008923, "dsfb": 0.0, "roll-out": 0.12064798008937655}, "keymash": {"roll-in": 0.32502781050272356, "redirect": 0.04099945405212366, "dsfb-red": 0.021883068637552183, "sfR": 0.099723742164827, "sft": 0.0, "sfb": 0.018139426056901727, "sfT": 0.00012725100877210987, "bad-redirect": 0.000426906610074175, "oneh-in": 0.014761117017564744, "dsfb-alt": 0.02607003731327967, "alternate": 0.20221827242388543, "unknown": 0.0849421007910087, "oneh-out": 0.013041175963515905, "dsfb": 0.0, "roll-out": 0.15263963745777115}, "movie": {"roll-in": 0.293567273933666, "redirect": 0.03530756849437202, "dsfb-red": 0.020321996223405227, "sfR": 0.11567713207251198, "sft": 0.0, "sfb": 0.013845803390986785, "sfT": 3.5794612094973106e-05, "bad-redirect": 0.00037584342699721764, "oneh-in": 0.012015540651954116, "dsfb-alt": 0.02347744919698341, "alternate": 0.1832076157248363, "unknown": 0.15437505568233545, "oneh-out": 0.010702852212074128, "dsfb": 0.0, "roll-out": 0.1370900743777824}, "dutch": {"roll-in": 0.26880950177172386, "redirect": 0.0326948308998795, "dsfb-red": 0.02238887381307556, "sfR": 0.18880787437283908, "sft": 0.0, "sfb": 0.059295092424099576, "sfT": 0.00012465488152066333, "bad-redirect": 0.001877838287832927,