{"english-450k": {"sfT": 0.0005463950497602469, "dsfb-red": 0.03920216382964168, "sfR": 0.11369548401129392, "dsfb": 0.0, "oneh-in": 0.015859489060697503, "alternate": 0.2492113961226708, "redirect": 0.056907526803761446, "unknown": 0.0001543587941537776, "bad-redirect": 0.0010974676387372749, "sfb": 0.04014673440523042, "sft": 0.0, "dsfb-alt": 0.0335183689888505, "roll-in": 0.2743303664091876, "oneh-out": 0.008445589402099397, "roll-out": 0.1668846594839154}, "shai": {"sfT": 0.00010193882710512309, "dsfb-red": 0.027481113953195302, "sfR": 0.09823378925716947, "dsfb": 0.0, "oneh-in": 0.01757661009780368, "alternate": 0.22112154848554, "redirect": 0.04236184885403388, "unknown": 0.06452089138301473, "bad-redirect": 0.0006234609319387064, "sfb": 0.023324182654809386, "sft": 0.0, "dsfb-alt": 0.02816916813768004, "roll-in": 0.3116087377420283, "oneh-out": 0.010842114258802781, "roll-out": 0.15403459541687864}, "tr-quotes": {"sfT": 6.70349737638982e-05, "dsfb-red": 0.021742447007697466, "sfR": 0.09677191928064538, "dsfb": 0.0, "oneh-in": 0.014810106100182612, "alternate": 0.20615219250595224, "redirect": 0.041440327315596034, "unknown": 0.09005801992556807, "bad-redirect": 0.00033748641963893576, "sfb": 0.01735974665403019, "sft": 0.0, "dsfb-alt": 0.025030628048357643, "roll-in": 0.32416957536811447, "oneh-out": 0.012987448279050415, "roll-out": 0.14907306812140264}, "gutenberg": {"sfT": 0.00018924734116010326, "dsfb-red": 0.021906469000755095, "sfR": 0.09863878308844841, "dsfb": 0.0, "oneh-in": 0.013606675448955692, "alternate": 0.19117467093884488, "redirect": 0.03883435004052053, "unknown": 0.09435751190704868, "bad-redirect": 0.0006596188607802597, "sfb": 0.019968530762448932, "sft": 0.0, "dsfb-alt": 0.029861298179929326, "roll-in": 0.33102239407926715, "oneh-out": 0.012303729290297844, "roll-out": 0.14747672106154308}, "english-200": {"sfT": 0.0, "dsfb-red": 0.026726057906458798, "sfR": 0.10690423162583519, "dsfb": 0.0, "oneh-in": 0.008908685968819599, "alternate": 0.24053452115812918, "redirect": 0.044543429844097995, "unknown": 0.0, "bad-redirect": 0.0, "sfb": 0.011135857461024499, "sft": 0.0, "dsfb-alt": 0.035634743875278395, "roll-in": 0.34075723830734966, "oneh-out": 0.015590200445434299, "roll-out": 0.16926503340757237}, "monkeyracer": {"sfT": 6.353910881023508e-05, "dsfb-red": 0.021601341945978073, "sfR": 0.09690789370786869, "dsfb": 0.0, "oneh-in": 0.014687309382673569, "alternate": 0.2056858704662402, "redirect": 0.04139915072649639, "unknown": 0.09001438916433364, "bad-redirect": 0.0003587515835900965, "sfb": 0.017099840467960647, "sft": 0.0, "dsfb-alt": 0.024935678871389023, "roll-in": 0.32499765394059776, "oneh-out": 0.013104696810923253, "roll-out": 0.1491438838231384}, "chained-bigrams": {"sfT": 0.0003538710571784205, "dsfb-red": 0.034834547424890054, "sfR": 0.11914286586209158, "dsfb": 0.0, "oneh-in": 0.016748814531958454, "alternate": 0.21974223902334186, "redirect": 0.0552895931391869, "unknown": 0.0598386218118328, "bad-redirect": 0.0028790170046405807, "sfb": 0.024339835686954626, "sft": 0.0, "dsfb-alt": 0.03822846305034254, "roll-in": 0.2905203462871784, "oneh-out": 0.0059106206119177275, "roll-out": 0.1321711645084861}, "english-5k": {"sfT": 0.00012444518189737422, "dsfb-red": 0.036711328659725394, "sfR": 0.10644211224955408, "dsfb": 0.0, "oneh-in": 0.025884597834653834, "alternate": 0.2516696395237898, "redirect": 0.044095076118969595, "unknown": 0.0022400132741527356, "bad-redirect": 0.00029037209109387317, "sfb": 0.03235574729331729, "sft": 0.0, "dsfb-alt": 0.029825361928070684, "roll-in": 0.2963869415522462, "oneh-out": 0.01103413946156718, "roll-out": 0.16294022483096196}, "mt-quotes": {"sfT": 4.781200320340421e-05, "dsfb-red": 0.02058605562926573, "sfR": 0.0964592223377679, "dsfb": 0.0, "oneh-in": 0.014383942338724138, "alternate": 0.20635361757569237, "redirect": 0.04120199376053358, "unknown": 0.08573289824410418, "bad-redirect": 0.00032422514672308483, "sfb": 0.01577497280692318, "sft": 0.0, "dsfb-alt": 0.024815923787666894, "roll-in": 0.3321051625010459, "oneh-out": 0.013421725774255627, "roll-out": 0.14879244809409403}, "wordle": {"sfT": 0.00022439133849433412, "dsfb-red": 0.04110849321216201, "sfR": 0.13138112868843263, "dsfb": 0.0, "oneh-in": 0.010434197239986537, "alternate": 0.2219679120385953, "redirect": 0.051811960058341745, "unknown": 0.0, "bad-redirect": 0.001750252440255806, "sfb": 0.043397284864804216, "sft": 0.0, "dsfb-alt": 0.03976214518119601, "roll-in": 0.23702457085156514, "oneh-out": 0.015370806686861888, "roll-out": 0.2057668573993044}, "english-1k": {"sfT": 0.0, "dsfb-red": 0.035638673253352154, "sfR": 0.10832745236414962, "dsfb": 0.0, "oneh-in": 0.014820042342978124, "alternate": 0.2081863091037403, "redirect": 0.053634438955539876, "unknown": 0.0, "bad-redirect": 0.0, "sfb": 0.027522935779816515, "sft": 0.0, "dsfb-alt": 0.030698659139026113, "roll-in": 0.30628087508821455, "oneh-out": 0.02081863091037403, "roll-out": 0.19407198306280876}, "english-10k": {"sfT": 0.00011578317670442484, "dsfb-red": 0.03529457169873217, "sfR": 0.10567144593890508, "dsfb": 0.0, "oneh-in": 0.022404044692306207, "alternate": 0.24376218135504912, "redirect": 0.046293973485652534, "unknown": 0.0, "bad-redirect": 0.000675401864109145, "sfb": 0.03265085583064781, "sft": 0.0, "dsfb-alt": 0.03145442967136875, "roll-in": 0.29947318654599486, "oneh-out": 0.011308156924798828, "roll-out": 0.17089596881573108}, "reddit": {"sfT": 7.633820822838234e-05, "dsfb-red": 0.023762795686479203, "sfR": 0.10397777127267367, "dsfb": 0.0, "oneh-in": 0.01357246895108193, "alternate": 0.21000985691829996, "redirect": 0.0412251795474283, "unknown": 0.10299492620608657, "bad-redirect": 0.00043188397491327206, "sfb": 0.01844627773510754, "sft": 0.0, "dsfb-alt": 0.025373726658647035, "roll-in": 0.30298949488116356, "oneh-out": 0.012023492540449793, "roll-out": 0.1451157874194408}, "akl": {"sfT": 0.0001437241220295625, "dsfb-red": 0.021024390529546425, "sfR": 0.13064861186637447, "dsfb": 0.0, "oneh-in": 0.009134326412577474, "alternate": 0.18391575616887676, "redirect": 0.03160312336705913, "unknown": 0.17055665214757368, "bad-redirect": 0.0005934024821701913, "sfb": 0.024730753228795633, "sft": 0.0, "dsfb-alt": 0.023193940371611727, "roll-in": 0.2636310050066744, "oneh-out": 0.009717154041003699, "roll-out": 0.13110716025570687}, "french": {"sfT": 0.00010314995698040029, "dsfb-red": 0.03339108682195552, "sfR": 0.10898279115633469, "dsfb": 0.0, "oneh-in": 0.02517533133047129, "alternate": 0.16965799294634076, "redirect": 0.044060238196547426, "unknown": 0.21022397204101315, "bad-redirect": 0.002160575852725413, "sfb": 0.04831967970987011, "sft": 0.0, "dsfb-alt": 0.023126774683024376, "roll-in": 0.2041379298152711, "oneh-out": 0.01001249740008923, "roll-out": 0.12064798008937655}, "keymash": {"sfT": 0.00012725100877210987, "dsfb-red": 0.021883068637552183, "sfR": 0.099723742164827, "dsfb": 0.0, "oneh-in": 0.014761117017564744, "alternate": 0.20221827242388543, "redirect": 0.04099945405212366, "unknown": 0.0849421007910087, "bad-redirect": 0.000426906610074175, "sfb": 0.018139426056901727, "sft": 0.0, "dsfb-alt": 0.02607003731327967, "roll-in": 0.32502781050272356, "oneh-out": 0.013041175963515905, "roll-out": 0.15263963745777115}, "movie": {"sfT": 3.5794612094973106e-05, "dsfb-red": 0.020321996223405227, "sfR": 0.11567713207251198, "dsfb": 0.0, "oneh-in": 0.012015540651954116, "alternate": 0.1832076157248363, "redirect": 0.03530756849437202, "unknown": 0.15437505568233545, "bad-redirect": 0.00037584342699721764, "sfb": 0.013845803390986785, "sft": 0.0, "dsfb-alt": 0.02347744919698341, "roll-in": 0.293567273933666, "oneh-out": 0.010702852212074128, "roll-out": 0.1370900743777824}, "dutch": {"sfT": 0.00012465488152066333, "dsfb-red": 0.02238887381307556, "sfR": 0.18880787437283908, "dsfb": 0.0, "oneh-in": 0.008716248731530788, "alternate": 0.16915543699873792, "redirect": 0.0326948308998795, "unknown": 0.10090009359515975,