{"english-450k": {"unknown": 0.00015377410175167997, "sfb": 0.0585306329119845, "alternate": 0.35490361053405217, "oneh-in": 0.0010194112030572397, "sfT": 0.0008460499058352886, "roll-in": 0.16390448231042373, "bad-redirect": 0.002294625332032198, "sfR": 0.11369548401129392, "dsfb": 0.0, "dsfb-red": 0.008426002206629125, "sft": 0.0, "oneh-out": 0.0038753412411031743, "roll-out": 0.21779762743517078, "dsfb-alt": 0.05396593932880821, "redirect": 0.02058701947785799}, "shai": {"unknown": 0.024097749651430984, "sfb": 0.047641879897808825, "alternate": 0.3017636253097488, "oneh-in": 0.00037217076986765987, "sfT": 0.0004120708142380264, "roll-in": 0.16617542922059567, "bad-redirect": 0.0026751723802673553, "sfR": 0.09823378925716947, "dsfb": 0.0, "dsfb-red": 0.007351063572857969, "sft": 0.0, "oneh-out": 0.010992878292982516, "roll-out": 0.2704907569993247, "dsfb-alt": 0.04831318295298568, "redirect": 0.02148023088072236}, "tr-quotes": {"unknown": 0.013894731975682485, "sfb": 0.04832759298213171, "alternate": 0.2884121957421234, "oneh-in": 0.0002866323016111509, "sfT": 0.0002276877557153094, "roll-in": 0.16429231871662697, "bad-redirect": 0.0025773791636809133, "sfR": 0.09677191928064538, "dsfb": 0.0, "dsfb-red": 0.007629273479577449, "sft": 0.0, "oneh-out": 0.021999029148655834, "roll-out": 0.28118513210512935, "dsfb-alt": 0.049182866785326275, "redirect": 0.02521324056309378}, "gutenberg": {"unknown": 0.03298207965968062, "sfb": 0.0525260826027704, "alternate": 0.2662372892657923, "oneh-in": 0.0006302561601998634, "sfT": 0.00021861004174049964, "roll-in": 0.1615007257322963, "bad-redirect": 0.0027686185095644735, "sfR": 0.09863878308844841, "dsfb": 0.0, "dsfb-red": 0.0068019169486433105, "sft": 0.0, "oneh-out": 0.012289332095174552, "roll-out": 0.29436164162880774, "dsfb-alt": 0.04574917130881491, "redirect": 0.025295492958066653}, "english-200": {"unknown": 0.0, "sfb": 0.05790645879732739, "alternate": 0.2806236080178174, "oneh-in": 0.0, "sfT": 0.0, "roll-in": 0.16481069042316257, "bad-redirect": 0.0, "sfR": 0.10690423162583519, "dsfb": 0.0, "dsfb-red": 0.004454342984409799, "sft": 0.0, "oneh-out": 0.011135857461024499, "roll-out": 0.3051224944320713, "dsfb-alt": 0.04899777282850779, "redirect": 0.0200445434298441}, "monkeyracer": {"unknown": 0.013491796612290222, "sfb": 0.04832686863631387, "alternate": 0.2879748815240002, "oneh-in": 0.0003010776232854216, "sfT": 0.00023753851447518652, "roll-in": 0.1645721569670144, "bad-redirect": 0.002598260787963151, "sfR": 0.09690789370786869, "dsfb": 0.0, "dsfb-red": 0.007624693057228209, "sft": 0.0, "oneh-out": 0.022437125608020397, "roll-out": 0.281056938861692, "dsfb-alt": 0.04921152853590253, "redirect": 0.025259239563945757}, "chained-bigrams": {"unknown": 0.023159399756770463, "sfb": 0.05037825244836567, "alternate": 0.31280772984249816, "oneh-in": 0.0017297476996758021, "sfT": 0.0005252874958850315, "roll-in": 0.1487888194926463, "bad-redirect": 0.002164132538670964, "sfR": 0.11914286586209158, "dsfb": 0.0, "dsfb-red": 0.013282176780994073, "sft": 0.0, "oneh-out": 0.009705157232377708, "roll-out": 0.24411648785897622, "dsfb-alt": 0.04828878994928281, "redirect": 0.025911153041765226}, "english-5k": {"unknown": 0.002157049819554486, "sfb": 0.049529182395154935, "alternate": 0.3407723897623097, "oneh-in": 0.00024889036379474843, "sfT": 0.0009125980005807441, "roll-in": 0.1733936201103414, "bad-redirect": 0.0021155680922553613, "sfR": 0.10644211224955408, "dsfb": 0.0, "dsfb-red": 0.008296345459824947, "sft": 0.0, "oneh-out": 0.004936325548595843, "roll-out": 0.24088439042601734, "dsfb-alt": 0.0538432820342639, "redirect": 0.01646824573775252}, "mt-quotes": {"unknown": 0.007995063410669249, "sfb": 0.048678595761465916, "alternate": 0.2851507871051027, "oneh-in": 0.0002599777674185104, "sfT": 0.00021067163911499983, "roll-in": 0.16567904997549635, "bad-redirect": 0.0025624245466824448, "sfR": 0.0964592223377679, "dsfb": 0.0, "dsfb-red": 0.007400401620826909, "sft": 0.0, "oneh-out": 0.024068861237613703, "roll-out": 0.28606519166636785, "dsfb-alt": 0.049247857424606446, "redirect": 0.026221895506867}, "wordle": {"unknown": 0.0, "sfb": 0.06570178391114102, "alternate": 0.3184113093234601, "oneh-in": 0.0011668349601705373, "sfT": 0.0012117132278694042, "roll-in": 0.18027600134634802, "bad-redirect": 0.003994165825199147, "sfR": 0.13138112868843263, "dsfb": 0.0, "dsfb-red": 0.009491753618310334, "sft": 0.0, "oneh-out": 0.003926848423650847, "roll-out": 0.19762145181196006, "dsfb-alt": 0.06110176147200718, "redirect": 0.02571524739145069}, "english-1k": {"unknown": 0.0, "sfb": 0.05504587155963303, "alternate": 0.3147494707127735, "oneh-in": 0.00035285815102328866, "sfT": 0.0007057163020465773, "roll-in": 0.17889908256880735, "bad-redirect": 0.0014114326040931546, "sfR": 0.10832745236414962, "dsfb": 0.0, "dsfb-red": 0.008115737473535639, "sft": 0.0, "oneh-out": 0.009527170077628794, "roll-out": 0.25052928722653495, "dsfb-alt": 0.05504587155963303, "redirect": 0.017290049400141144}, "english-10k": {"unknown": 0.0, "sfb": 0.052160321105343396, "alternate": 0.33567472646224505, "oneh-in": 0.00021226915729144556, "sfT": 0.0007139962563439532, "roll-in": 0.1738098454294591, "bad-redirect": 0.003415603712780533, "sfR": 0.10567144593890508, "dsfb": 0.0, "dsfb-red": 0.007699581250844252, "sft": 0.0, "oneh-out": 0.00405241118465487, "roll-out": 0.24383937013951873, "dsfb-alt": 0.053009397734509175, "redirect": 0.019741031628104436}, "reddit": {"unknown": 0.04519937363713543, "sfb": 0.04795635162547381, "alternate": 0.27742859352844523, "oneh-in": 0.00036075234712833675, "sfT": 0.0005162380695797671, "roll-in": 0.16915685422904497, "bad-redirect": 0.0029499960388785474, "sfR": 0.10397777127267367, "dsfb": 0.0, "dsfb-red": 0.007061995951977349, "sft": 0.0, "oneh-out": 0.015048703065158856, "roll-out": 0.25841858172374144, "dsfb-alt": 0.047654781991299765, "redirect": 0.02427000651946278}, "akl": {"unknown": 0.13920166722946467, "sfb": 0.05145810308421787, "alternate": 0.22937117200486354, "oneh-in": 0.0006890950255122052, "sfT": 0.000566866517401453, "roll-in": 0.15032737696460338, "bad-redirect": 0.0036429876995920257, "sfR": 0.13064861186637447, "dsfb": 0.0, "dsfb-red": 0.006899770869109426, "sft": 0.0, "oneh-out": 0.014039847877269829, "roll-out": 0.2102271288335667, "dsfb-alt": 0.042144275941617224, "redirect": 0.02078309608640723}, "french": {"unknown": 0.15842537463172957, "sfb": 0.07327101757529943, "alternate": 0.22166369928885557, "oneh-in": 0.0028039559184576293, "sfT": 0.00048749403779015907, "roll-in": 0.15967457529447215, "bad-redirect": 0.0016921237314671475, "sfR": 0.10898279115633469, "dsfb": 0.0, "dsfb-red": 0.013869691535784203, "sft": 0.0, "oneh-out": 0.003430751089145938, "roll-out": 0.1953166533635433, "dsfb-alt": 0.046377584005677035, "redirect": 0.01400428837144316}, "keymash": {"unknown": 0.012376186820900362, "sfb": 0.049233825781054376, "alternate": 0.28752981162745833, "oneh-in": 0.0003776481550656164, "sfT": 0.00027502637379778585, "roll-in": 0.16577522546005344, "bad-redirect": 0.002520390947937918, "sfR": 0.099723742164827, "dsfb": 0.0, "dsfb-red": 0.007844408960112965, "sft": 0.0, "oneh-out": 0.020967682348643133, "roll-out": 0.2800794703074138, "dsfb-alt": 0.048564731767188125, "redirect": 0.02473184928554716}, "movie": {"unknown": 0.030282373430185833, "sfb": 0.04567339864183135, "alternate": 0.2772095309997791, "oneh-in": 0.0004536177496006335, "sfT": 0.0003147820298940282, "roll-in": 0.16046474566283134, "bad-redirect": 0.003284287257552367, "sfR": 0.11567713207251198, "dsfb": 0.0, "dsfb-red": 0.010073814543640409, "sft": 0.0, "oneh-out": 0.03374221220440987, "roll-out": 0.24967110410191778, "dsfb-alt": 0.04978464671704846, "redirect": 0.02336835458879689}, "dutch": {"unknown": 0.07360268279108878, "sfb": 0.0531861425514638, "alternate": 0.27772031755149695, "oneh-in": 0.0006786626309947621, "sfT": 0.0005112428052239863, "roll-in": 0.12983548245258408, "bad-redirect": 0.0014382827979598628,