{"english-450k": {"alternate": 0.21311365660196654, "sfR": 0.11369548401129392, "sfT": 0.00016459091119048637, "dsfb": 0.0, "bad-redirect": 0.00110857679437713, "sfb": 0.029168549863445088, "roll-out": 0.20788796825821887, "oneh-in": 0.014942983720409449, "dsfb-red": 0.036836498370754624, "roll-in": 0.2730341033537371, "redirect": 0.0657857885834131, "oneh-out": 0.007069223487561546, "dsfb-alt": 0.0370388019418804, "sft": 0.0, "unknown": 0.00015377410175167997}, "shai": {"alternate": 0.212868691272352, "sfR": 0.09823378925716947, "sfT": 3.7523613364119084e-05, "dsfb": 0.0, "bad-redirect": 0.000625078762819181, "sfb": 0.018475535765209238, "roll-out": 0.219321293626861, "oneh-in": 0.018113300334743915, "dsfb-red": 0.025166319207166884, "roll-in": 0.2874922862752517, "redirect": 0.054314247934672454, "oneh-out": 0.009886092320706408, "dsfb-alt": 0.031843935518370045, "sft": 0.0, "unknown": 0.023621906111313578}, "tr-quotes": {"alternate": 0.2099754975613139, "sfR": 0.09677191928064538, "sfT": 2.080395737500289e-05, "dsfb": 0.0, "bad-redirect": 0.001376528512979358, "sfb": 0.01660502531148147, "roll-out": 0.23110653937726822, "oneh-in": 0.016459397609856454, "dsfb-red": 0.023591687663253275, "roll-in": 0.2877510922077622, "redirect": 0.05759344444187606, "oneh-out": 0.01230091768567532, "dsfb-alt": 0.031677492429671064, "sft": 0.0, "unknown": 0.01476965396084233}, "gutenberg": {"alternate": 0.20117598563008376, "sfR": 0.09863878308844841, "sfT": 0.00015836914635620252, "dsfb": 0.0, "bad-redirect": 0.0012906327680918754, "sfb": 0.016094548653615988, "roll-out": 0.23349465769342537, "oneh-in": 0.013994452533394862, "dsfb-red": 0.02106915844226895, "roll-in": 0.2838043299943207, "redirect": 0.053432916458759805, "oneh-out": 0.010491008762208726, "dsfb-alt": 0.02833083845096789, "sft": 0.0, "unknown": 0.03802431837805746}, "english-200": {"alternate": 0.21380846325167038, "sfR": 0.10690423162583519, "sfT": 0.0, "dsfb": 0.0, "bad-redirect": 0.0, "sfb": 0.017817371937639197, "roll-out": 0.22717149220489977, "oneh-in": 0.013363028953229399, "dsfb-red": 0.022271714922048998, "roll-in": 0.30957683741648107, "redirect": 0.04899777282850779, "oneh-out": 0.011135857461024499, "dsfb-alt": 0.028953229398663696, "sft": 0.0, "unknown": 0.0}, "monkeyracer": {"alternate": 0.2097034971925489, "sfR": 0.09690789370786869, "sfT": 1.8572970267607176e-05, "dsfb": 0.0, "bad-redirect": 0.0014291411858548258, "sfb": 0.016596415221233403, "roll-out": 0.23093044715892205, "oneh-in": 0.016433168587828645, "dsfb-red": 0.023608200259630573, "roll-in": 0.2884284530084302, "redirect": 0.0575380843642961, "oneh-out": 0.012434114831787541, "dsfb-alt": 0.031619993118225755, "sft": 0.0, "unknown": 0.014352018393105714}, "chained-bigrams": {"alternate": 0.223667285886908, "sfR": 0.11914286586209158, "sfT": 4.5451328444934745e-05, "dsfb": 0.0, "bad-redirect": 0.0064027935685071645, "sfb": 0.018974631016376114, "roll-out": 0.18774645171218401, "oneh-in": 0.01206148395990154, "dsfb-red": 0.0379343280248346, "roll-in": 0.2545371788620156, "redirect": 0.06476749372933993, "oneh-out": 0.008396158973163587, "dsfb-alt": 0.04267165505818095, "sft": 0.0, "unknown": 0.02365222201805197}, "english-5k": {"alternate": 0.21889907495748123, "sfR": 0.10644211224955408, "sfT": 0.0, "dsfb": 0.0, "bad-redirect": 0.0005392624548886216, "sfb": 0.01986974737628075, "roll-out": 0.193885593396109, "oneh-in": 0.024349773924586218, "dsfb-red": 0.030447587837557556, "roll-in": 0.30696478201352306, "redirect": 0.053801800306964784, "oneh-out": 0.007840046459534575, "dsfb-alt": 0.03480316920396565, "sft": 0.0, "unknown": 0.002157049819554486}, "mt-quotes": {"alternate": 0.2109734523852213, "sfR": 0.0964592223377679, "sfT": 5.9765004004255265e-06, "dsfb": 0.0, "bad-redirect": 0.001452289597303403, "sfb": 0.01618735133455254, "roll-out": 0.233749895411243, "oneh-in": 0.016290445966459878, "dsfb-red": 0.02325605718315583, "roll-in": 0.29108096962742497, "redirect": 0.057317627090281015, "oneh-out": 0.012629839471199245, "dsfb-alt": 0.03172774650075902, "sft": 0.0, "unknown": 0.008869126594231481}, "wordle": {"alternate": 0.1984516997643891, "sfR": 0.13138112868843263, "sfT": 0.00029170874004263433, "dsfb": 0.0, "bad-redirect": 0.0006282957477841356, "sfb": 0.03742847526085493, "roll-out": 0.22472792550207563, "oneh-in": 0.009693705822955234, "dsfb-red": 0.036845057780769665, "roll-in": 0.2500392684842365, "redirect": 0.05845394367777404, "oneh-out": 0.012004936609446876, "dsfb-alt": 0.04005385392123864, "sft": 0.0, "unknown": 0.0}, "english-1k": {"alternate": 0.1803105151729005, "sfR": 0.10832745236414962, "sfT": 0.0, "dsfb": 0.0, "bad-redirect": 0.00035285815102328866, "sfb": 0.017290049400141144, "roll-out": 0.2332392378263938, "oneh-in": 0.015525758645024701, "dsfb-red": 0.025758645024700072, "roll-in": 0.312985179957657, "redirect": 0.061397318278052226, "oneh-out": 0.012702893436838392, "dsfb-alt": 0.03211009174311927, "sft": 0.0, "unknown": 0.0}, "english-10k": {"alternate": 0.21446903764882963, "sfR": 0.10567144593890508, "sfT": 7.718878446961657e-05, "dsfb": 0.0, "bad-redirect": 0.0007139962563439532, "sfb": 0.020377839099978774, "roll-out": 0.20117326952393816, "oneh-in": 0.022056695162192934, "dsfb-red": 0.03126145771019471, "roll-in": 0.30966210609598427, "redirect": 0.05360761081414871, "oneh-out": 0.00810482236930974, "dsfb-alt": 0.03282453059570444, "sft": 0.0, "unknown": 0.0}, "reddit": {"alternate": 0.2141941496389948, "sfR": 0.10397777127267367, "sfT": 4.9368870679591724e-05, "dsfb": 0.0, "bad-redirect": 0.0006597374197872906, "sfb": 0.017516322536046673, "roll-out": 0.21573499779094904, "oneh-in": 0.015018999336441925, "dsfb-red": 0.022565806588272046, "roll-in": 0.2718291597347041, "redirect": 0.05334924524248712, "oneh-out": 0.011031882439159328, "dsfb-alt": 0.032854871065028504, "sft": 0.0, "unknown": 0.041217688064775854}, "akl": {"alternate": 0.17788786716639604, "sfR": 0.13064861186637447, "sfT": 0.00014137689982003724, "dsfb": 0.0, "bad-redirect": 0.0006606812829758468, "sfb": 0.02353952560366046, "roll-out": 0.18423226055312958, "oneh-in": 0.010507426697547546, "dsfb-red": 0.019739298723632448, "roll-in": 0.23969682487298502, "redirect": 0.04066648954610232, "oneh-out": 0.008216834312277358, "dsfb-alt": 0.031112801001290404, "sft": 0.0, "unknown": 0.13295000147380848}, "french": {"alternate": 0.15213048557950867, "sfR": 0.10898279115633469, "sfT": 5.111803242078806e-05, "dsfb": 0.0, "bad-redirect": 0.0013086036517661647, "sfb": 0.05027385077576633, "roll-out": 0.15636496735015462, "oneh-in": 0.027301284154789777, "dsfb-red": 0.029060511540187964, "roll-in": 0.2270631688089272, "redirect": 0.052461214155446134, "oneh-out": 0.011669009301818916, "dsfb-alt": 0.02510917153235576, "sft": 0.0, "unknown": 0.15822382396052298}, "keymash": {"alternate": 0.20710306921223415, "sfR": 0.099723742164827, "sfT": 2.873409875499255e-05, "dsfb": 0.0, "bad-redirect": 0.001428495195248201, "sfb": 0.017338976163012648, "roll-out": 0.22973322441741614, "oneh-in": 0.01650158242786715, "dsfb-red": 0.02299959361774618, "roll-in": 0.2903950117604561, "redirect": 0.0571890662649366, "oneh-out": 0.012138104288358995, "dsfb-alt": 0.03202620549806455, "sft": 0.0, "unknown": 0.013394194891077241}, "movie": {"alternate": 0.20435091405884714, "sfR": 0.11567713207251198, "sfT": 1.5923338468719655e-05, "dsfb": 0.0, "bad-redirect": 0.002303751762259556, "sfb": 0.014224410372594276, "roll-out": 0.21921436353560755, "oneh-in": 0.014558274089083051, "dsfb-red": 0.0256623681110012, "roll-in": 0.2696023863425658, "redirect": 0.05693488367869651, "oneh-out": 0.014037936235320096, "dsfb-alt": 0.03296617975027731, "sft": 0.0, "unknown": 0.030451476652766863}, "dutch": {"alternate": 0.14993597451302562, "sfR": 0.18880787437283908, "sfT": 0.00010426756847564114, "dsfb": 0.0, "bad-redirect": 0.001516837607502732, "sfb": 0.034641057236924136, "roll-out": 0.12018165042130732, "oneh-in": 0.007928907556678614, "dsfb-red": 0.03745199612594432,