{"english-450k": {"roll-out": 0.1743865553490292, "dsfb-red": 0.008948424867903369, "oneh-out": 0.01022539307408462, "sfT": 0.00017423833582509745, "oneh-in": 0.020144114983269026, "dsfb": 0.0, "unknown": 0.00015377410175167997, "dsfb-alt": 0.0308021804349059, "alternate": 0.34580755083461917, "bad-redirect": 0.010258135848602088, "sft": 0.0, "sfb": 0.056868937105223, "roll-in": 0.21017879308963744, "sfR": 0.11369548401129392, "redirect": 0.018356417963855485}, "shai": {"roll-out": 0.17437680225586003, "dsfb-red": 0.006794456212207393, "oneh-out": 0.007442939337070187, "sfT": 8.999861594181135e-05, "oneh-in": 0.025970265042498636, "dsfb": 0.0, "unknown": 0.023260762136131256, "dsfb-alt": 0.027664532626462512, "alternate": 0.32160710675175785, "bad-redirect": 0.007382348087228487, "sft": 0.0, "sfb": 0.05598187936524057, "roll-in": 0.23430237274637705, "sfR": 0.09823378925716947, "redirect": 0.01689274756605472}, "tr-quotes": {"roll-out": 0.17909433438894154, "dsfb-red": 0.007381937541896859, "oneh-out": 0.007759876100876078, "sfT": 3.236171147222672e-05, "oneh-in": 0.03225306858371281, "dsfb": 0.0, "unknown": 0.013835787429786644, "dsfb-alt": 0.026468412658052286, "alternate": 0.3065104828829662, "bad-redirect": 0.008608215251612306, "sft": 0.0, "sfb": 0.0570224913894732, "roll-in": 0.24674995954786066, "sfR": 0.09677191928064538, "redirect": 0.01751115323270382}, "gutenberg": {"roll-out": 0.18768202506400122, "dsfb-red": 0.007865036146431598, "oneh-out": 0.006886974061937491, "sfT": 6.365075738718188e-05, "oneh-in": 0.019999030083696957, "dsfb": 0.0, "unknown": 0.032975828246008664, "dsfb-alt": 0.02561620942311576, "alternate": 0.2967483555940491, "bad-redirect": 0.006594483676801155, "sft": 0.0, "sfb": 0.05139874433726112, "roll-in": 0.24740973621686418, "sfR": 0.09863878308844841, "redirect": 0.018121143303997153}, "english-200": {"roll-out": 0.18040089086859687, "dsfb-red": 0.004454342984409799, "oneh-out": 0.013363028953229399, "sfT": 0.0, "oneh-in": 0.011135857461024499, "dsfb": 0.0, "unknown": 0.0, "dsfb-alt": 0.024498886414253896, "alternate": 0.3273942093541203, "bad-redirect": 0.0066815144766146995, "sft": 0.0, "sfb": 0.07349665924276169, "roll-in": 0.23608017817371937, "sfR": 0.10690423162583519, "redirect": 0.015590200445434299}, "monkeyracer": {"roll-out": 0.17911968031030545, "dsfb-red": 0.007380311869496536, "oneh-out": 0.007742973552090339, "sfT": 3.616841578428766e-05, "oneh-in": 0.03245773182976993, "dsfb": 0.0, "unknown": 0.013436077701487402, "dsfb-alt": 0.02642640411655223, "alternate": 0.3060483366438838, "bad-redirect": 0.008628610976429923, "sft": 0.0, "sfb": 0.05703563664231978, "roll-in": 0.24729421148943492, "sfR": 0.09690789370786869, "redirect": 0.017485962744576693}, "chained-bigrams": {"roll-out": 0.1512009864236882, "dsfb-red": 0.013825644808257077, "oneh-out": 0.011173235141149101, "sfT": 0.00021816637653568677, "oneh-in": 0.017533823904671682, "dsfb": 0.0, "unknown": 0.022916559801936097, "dsfb-alt": 0.03964394727905622, "alternate": 0.305788096816524, "bad-redirect": 0.008121503088417768, "sft": 0.0, "sfb": 0.055410363811912014, "roll-in": 0.2309297588677165, "sfR": 0.11914286586209158, "redirect": 0.024095047818044047}, "english-5k": {"roll-out": 0.18990334757539304, "dsfb-red": 0.007757083004936325, "oneh-out": 0.007591156095739827, "sfT": 4.148172729912474e-05, "oneh-in": 0.028456464927199568, "dsfb": 0.0, "unknown": 0.002157049819554486, "dsfb-alt": 0.030530551292155806, "alternate": 0.3562035923175841, "bad-redirect": 0.006554112913261708, "sft": 0.0, "sfb": 0.049861036213547934, "roll-in": 0.1970382046708425, "sfR": 0.10644211224955408, "redirect": 0.017463807192931512}, "mt-quotes": {"roll-out": 0.18022286369993187, "dsfb-red": 0.007121000227107015, "oneh-out": 0.0077574975197523335, "sfT": 2.540012670180849e-05, "oneh-in": 0.03342507261447986, "dsfb": 0.0, "unknown": 0.007977133909467972, "dsfb-alt": 0.025867787858141787, "alternate": 0.30576074873597014, "bad-redirect": 0.008875103094631907, "sft": 0.0, "sfb": 0.05688881318655049, "roll-in": 0.25247128291557597, "sfR": 0.0964592223377679, "redirect": 0.017148073773920944}, "wordle": {"roll-out": 0.1799169752047571, "dsfb-red": 0.011623471334006508, "oneh-out": 0.00848199259508583, "sfT": 6.731740154830023e-05, "oneh-in": 0.013687871648154382, "dsfb": 0.0, "unknown": 0.0, "dsfb-alt": 0.03594749242679233, "alternate": 0.31809716144956807, "bad-redirect": 0.010815662515426904, "sft": 0.0, "sfb": 0.06339055312464939, "roll-in": 0.2015483002356109, "sfR": 0.13138112868843263, "redirect": 0.02504207337596769}, "english-1k": {"roll-out": 0.21841919548341568, "dsfb-red": 0.00529287226534933, "oneh-out": 0.007057163020465773, "sfT": 0.0, "oneh-in": 0.019760056457304165, "dsfb": 0.0, "unknown": 0.0, "dsfb-alt": 0.024347212420606917, "alternate": 0.31898376852505295, "bad-redirect": 0.005998588567395907, "sft": 0.0, "sfb": 0.06351446718419196, "roll-in": 0.20465772759350742, "sfR": 0.10832745236414962, "redirect": 0.02364149611856034}, "english-10k": {"roll-out": 0.17967619304914995, "dsfb-red": 0.007680284054726848, "oneh-out": 0.006792613033326258, "sfT": 9.64859805870207e-05, "oneh-in": 0.025067057756507978, "dsfb": 0.0, "unknown": 0.0, "dsfb-alt": 0.028733525018814765, "alternate": 0.3447830030296598, "bad-redirect": 0.007178556955674341, "sft": 0.0, "sfb": 0.05740915844927732, "roll-in": 0.21792323575384498, "sfR": 0.10567144593890508, "redirect": 0.018988440979525675}, "reddit": {"roll-out": 0.16542620824036872, "dsfb-red": 0.007058699699610274, "oneh-out": 0.008375627435083025, "sfT": 8.31180000288422e-05, "oneh-in": 0.027210151258653364, "dsfb": 0.0, "unknown": 0.039285409944231534, "dsfb-alt": 0.028952819953264385, "alternate": 0.3008001090759874, "bad-redirect": 0.010026150893069012, "sft": 0.0, "sfb": 0.057151060316361565, "roll-in": 0.23481587902154494, "sfR": 0.10397777127267367, "redirect": 0.016836994889123248}, "akl": {"roll-out": 0.14187428856003675, "dsfb-red": 0.006485177304100649, "oneh-out": 0.006981824816033989, "sfT": 0.00015872163656831863, "oneh-in": 0.022412488329055253, "dsfb": 0.0, "unknown": 0.13277008071454782, "dsfb-alt": 0.02478476404721692, "alternate": 0.25491431119417696, "bad-redirect": 0.006954868822027756, "sft": 0.0, "sfb": 0.04949229212993936, "roll-in": 0.20532998324602203, "sfR": 0.13064861186637447, "redirect": 0.017192587333899747}, "french": {"roll-out": 0.18193629863166524, "dsfb-red": 0.006368629660537162, "oneh-out": 0.005296229672061192, "sfT": 0.0008093488708780225, "oneh-in": 0.028109809024559024, "dsfb": 0.0, "unknown": 0.15807953387545715, "dsfb-alt": 0.01999843200079919, "alternate": 0.23627614542409037, "bad-redirect": 0.009595717639270383, "sft": 0.0, "sfb": 0.05436835723078876, "roll-in": 0.1591798150650864, "sfR": 0.10898279115633469, "redirect": 0.03099889174847237}, "keymash": {"roll-out": 0.1795470685061963, "dsfb-red": 0.007807465118856547, "oneh-out": 0.007955240483882223, "sfT": 5.3363326259271875e-05, "oneh-in": 0.031127238694158357, "dsfb": 0.0, "unknown": 0.01232282349464109, "dsfb-alt": 0.026024883729521824, "alternate": 0.3044541957941489, "bad-redirect": 0.007479075418799489, "sft": 0.0, "sfb": 0.05987365206290305, "roll-in": 0.24613628993526618, "sfR": 0.099723742164827, "redirect": 0.01749496127053975}, "movie": {"roll-out": 0.16307367281276824, "dsfb-red": 0.008580837064899711, "oneh-out": 0.008273161318289243, "sfT": 6.01402122330982e-05, "oneh-in": 0.04214065466503152, "dsfb": 0.0, "unknown": 0.030236445784519856, "dsfb-alt": 0.030770206617818426, "alternate": 0.27959500501979956, "bad-redirect": 0.0077838805544322215, "sft": 0.0, "sfb": 0.05841838611305913, "roll-in": 0.23500334061113246, "sfR": 0.11567713207251198, "redirect": 0.020387137153504535}, "dutch": {"roll-out": 0.18602062206300315, "dsfb-red": 0.007367799212687515, "oneh-out": 0.0044974197407788115, "sfT": 0.000127290708273186, "oneh-in": 0.007576675034729259, "dsfb": 0.0, "unknown": 0.07290361491625476,