{"english-450k": {"dsfb-alt": 0.03101647020027469, "unknown": 0.00015377410175167997, "roll-out": 0.20591463140113933, "bad-redirect": 0.0021271109588312234, "redirect": 0.030903332220468795, "sfT": 4.911416177620197e-05, "dsfb": 0.0, "oneh-in": 0.012510955673884305, "sfb": 0.04546977403392736, "sft": 0.0, "alternate": 0.37144572797419867, "roll-in": 0.16341480242366693, "oneh-out": 0.010549312664846714, "dsfb-red": 0.012749510173940142, "sfR": 0.11369548401129392}, "shai": {"dsfb-alt": 0.022781241707649134, "unknown": 0.023260762136131256, "roll-out": 0.2355527354036821, "bad-redirect": 0.002663421819135487, "redirect": 0.024468596741487346, "sfT": 0.00018613957065709942, "dsfb": 0.0, "oneh-in": 0.01597264689207721, "sfb": 0.0595867936078186, "sft": 0.0, "alternate": 0.3601434861174629, "roll-in": 0.1341495535251219, "oneh-out": 0.01190007889441308, "dsfb-red": 0.011100754327194453, "sfR": 0.09823378925716947}, "tr-quotes": {"dsfb-alt": 0.019243660571877673, "unknown": 0.013835787429786644, "roll-out": 0.23905133954369986, "bad-redirect": 0.002476826703035066, "redirect": 0.02413605788123252, "sfT": 0.00018376829014585887, "dsfb": 0.0, "oneh-in": 0.0165495480918148, "sfb": 0.07057395806846814, "sft": 0.0, "alternate": 0.367597836388433, "roll-in": 0.12907353043156652, "oneh-out": 0.010584591202237582, "dsfb-red": 0.009921176117056934, "sfR": 0.09677191928064538}, "gutenberg": {"dsfb-alt": 0.02331625750217, "unknown": 0.032975828246008664, "roll-out": 0.2523587720404955, "bad-redirect": 0.002499807721670393, "redirect": 0.025577374883638457, "sfT": 0.00042926373880760156, "dsfb": 0.0, "oneh-in": 0.016032034516896436, "sfb": 0.05676169952068706, "sft": 0.0, "alternate": 0.345567160452572, "roll-in": 0.12413147973234856, "oneh-out": 0.011546739925657431, "dsfb-red": 0.010164798630599419, "sfR": 0.09863878308844841}, "english-200": {"dsfb-alt": 0.026726057906458798, "unknown": 0.0, "roll-out": 0.24276169265033407, "bad-redirect": 0.004454342984409799, "redirect": 0.015590200445434299, "sfT": 0.0, "dsfb": 0.0, "oneh-in": 0.022271714922048998, "sfb": 0.062360801781737196, "sft": 0.0, "alternate": 0.39420935412026725, "roll-in": 0.11804008908685969, "oneh-out": 0.0022271714922048997, "dsfb-red": 0.004454342984409799, "sfR": 0.10690423162583519}, "monkeyracer": {"dsfb-alt": 0.019198586108200258, "unknown": 0.013436077701487402, "roll-out": 0.23875162269108655, "bad-redirect": 0.0024985532633686287, "redirect": 0.02424750144673663, "sfT": 0.00018768475217792514, "dsfb": 0.0, "oneh-in": 0.016646268983530662, "sfb": 0.07110906048141138, "sft": 0.0, "alternate": 0.36788166476375184, "roll-in": 0.12872632435053255, "oneh-out": 0.010658929884104665, "dsfb-red": 0.00974983186574284, "sfR": 0.09690789370786869}, "chained-bigrams": {"dsfb-alt": 0.03930046509695093, "unknown": 0.022916559801936097, "roll-out": 0.23420744895328838, "bad-redirect": 0.003269249124574949, "redirect": 0.022677615675254153, "sfT": 0.00025517674398370507, "dsfb": 0.0, "oneh-in": 0.01104207559335086, "sfb": 0.05132299077532824, "sft": 0.0, "alternate": 0.3451301174137675, "roll-in": 0.12073171444358809, "oneh-out": 0.01728514020760868, "dsfb-red": 0.012718580308276882, "sfR": 0.11914286586209158}, "english-5k": {"dsfb-alt": 0.027875720745011823, "unknown": 0.002157049819554486, "roll-out": 0.2104782843157589, "bad-redirect": 0.0012859335462728667, "redirect": 0.022400132741527357, "sfT": 0.0, "dsfb": 0.0, "oneh-in": 0.014394159372796284, "sfb": 0.050856597668726924, "sft": 0.0, "alternate": 0.37175924005475586, "roll-in": 0.16990915501721493, "oneh-out": 0.011241548098062803, "dsfb-red": 0.011200066370763678, "sfR": 0.10644211224955408}, "mt-quotes": {"dsfb-alt": 0.018204420219696156, "unknown": 0.007977133909467972, "roll-out": 0.2416179581884032, "bad-redirect": 0.0024399062884737214, "redirect": 0.024031508110111042, "sfT": 0.00015688313551117007, "dsfb": 0.0, "oneh-in": 0.017021073140411902, "sfb": 0.07291928138559185, "sft": 0.0, "alternate": 0.3720954208053932, "roll-in": 0.12729049377846308, "oneh-out": 0.010172003681524247, "dsfb-red": 0.009614695019184567, "sfR": 0.0964592223377679}, "wordle": {"dsfb-alt": 0.029709413216649837, "unknown": 0.0, "roll-out": 0.19434533826994277, "bad-redirect": 0.002670256928082576, "redirect": 0.032648939750925615, "sfT": 0.0, "dsfb": 0.0, "oneh-in": 0.021272298889262874, "sfb": 0.0572197913160552, "sft": 0.0, "alternate": 0.3439246045102659, "roll-in": 0.1581061371031078, "oneh-out": 0.009244923145966566, "dsfb-red": 0.0194771681813082, "sfR": 0.13138112868843263}, "english-1k": {"dsfb-alt": 0.027522935779816515, "unknown": 0.0, "roll-out": 0.22653493295695132, "bad-redirect": 0.002117148906139732, "redirect": 0.027170077628793227, "sfT": 0.0, "dsfb": 0.0, "oneh-in": 0.020112914608327453, "sfb": 0.05716302046577276, "sft": 0.0, "alternate": 0.3634438955539873, "roll-in": 0.15137614678899083, "oneh-out": 0.007410021171489062, "dsfb-red": 0.008821453775582216, "sfR": 0.10832745236414962}, "english-10k": {"dsfb-alt": 0.02661083344590031, "unknown": 0.0, "roll-out": 0.21035873487582255, "bad-redirect": 0.0014086953165705024, "redirect": 0.025047760560390576, "sfT": 1.929719611740414e-05, "dsfb": 0.0, "oneh-in": 0.013604523262769919, "sfb": 0.05235329306651743, "sft": 0.0, "alternate": 0.3786302850195867, "roll-in": 0.16329287354547384, "oneh-out": 0.010497674687867853, "dsfb-red": 0.012504583084077883, "sfR": 0.10567144593890508}, "reddit": {"dsfb-alt": 0.021020800663445704, "unknown": 0.039285409944231534, "roll-out": 0.22968387628790293, "bad-redirect": 0.002500132505599415, "redirect": 0.02462663855113227, "sfT": 0.00014724509153374435, "dsfb": 0.0, "oneh-in": 0.017722675425708184, "sfb": 0.06539172869146086, "sft": 0.0, "alternate": 0.35128236390738504, "roll-in": 0.12383368384107793, "oneh-out": 0.01072978840119961, "dsfb-red": 0.009797885416649109, "sfR": 0.10397777127267367}, "akl": {"dsfb-alt": 0.019433566853941233, "unknown": 0.13277008071454782, "roll-out": 0.17769976819080535, "bad-redirect": 0.002603390629192185, "redirect": 0.021714399736340234, "sfT": 0.00040478464693318247, "dsfb": 0.0, "oneh-in": 0.018036253118809742, "sfb": 0.06220119089160175, "sft": 0.0, "alternate": 0.30011951314262836, "roll-in": 0.1192227788872452, "oneh-out": 0.006639550402680794, "dsfb-red": 0.008506110918899693, "sfR": 0.13064861186637447}, "french": {"dsfb-alt": 0.01939342042305925, "unknown": 0.15807953387545715, "roll-out": 0.2057450615778276, "bad-redirect": 0.00459708720402236, "redirect": 0.025171466016179218, "sfT": 2.881007513047346e-05, "dsfb": 0.0, "oneh-in": 0.014181583446375049, "sfb": 0.05663277220505828, "sft": 0.0, "alternate": 0.2403122826369348, "roll-in": 0.1423581919935468, "oneh-out": 0.008989912024098348, "dsfb-red": 0.015527087365976033, "sfR": 0.10898279115633469}, "keymash": {"dsfb-alt": 0.019145119513326463, "unknown": 0.01232282349464109, "roll-out": 0.23892403114776306, "bad-redirect": 0.002672271184214307, "redirect": 0.023783624026632404, "sfT": 0.00013135588002282308, "dsfb": 0.0, "oneh-in": 0.016337387577838623, "sfb": 0.07142065489115934, "sft": 0.0, "alternate": 0.36447972809332835, "roll-in": 0.1298370776600592, "oneh-out": 0.01097232085315644, "dsfb-red": 0.010249863513030914, "sfR": 0.099723742164827}, "movie": {"dsfb-alt": 0.020967746817339174, "unknown": 0.030236445784519856, "roll-out": 0.21577860716584446, "bad-redirect": 0.003436677554633172, "redirect": 0.027368665686087305, "sfT": 0.0003134660515081836, "dsfb": 0.0, "oneh-in": 0.014609465648292406, "sfb": 0.0840623305266585, "sft": 0.0, "alternate": 0.3472616924350588, "roll-in": 0.11897747426637166, "oneh-out": 0.012092262191848856, "dsfb-red": 0.009218033799325667, "sfR": 0.11567713207251198}, "dutch": {"dsfb-alt": 0.021855737508090823, "unknown": 0.07290361491625476, "roll-out": 0.1392363468387956, "bad-redirect": 0.0028837020520251955, "redirect": 0.02464720355457196, "sfT": 0.0002133585206004564, "dsfb": 0.0, "oneh-in": 0.009960107927602194,