{"english-450k": {"sfR": 0.11369548401129392, "roll-in": 0.19494872539979805, "alternate": 0.2186582946510585, "bad-redirect": 0.0022037056635060143, "sfb": 0.020053195314742842, "redirect": 0.03392619193931361, "oneh-out": 0.00469975752806085, "oneh-in": 0.006398288956154501, "dsfb-alt": 0.03319006420507267, "sfT": 0.00013594098348770187, "dsfb-red": 0.015933744995763905, "dsfb": 0.0, "roll-out": 0.1528593504885982, "unknown": 0.20329725586314923, "sft": 0.0}, "shai": {"sfR": 0.09823378925716947, "roll-in": 0.19554881313139913, "alternate": 0.20497880486730227, "bad-redirect": 0.002755022784322553, "sfb": 0.009954614038189478, "redirect": 0.025932493722971, "oneh-out": 0.006712898957869207, "oneh-in": 0.006021229811560632, "dsfb-alt": 0.030070986393810072, "sfT": 2.922545688627779e-05, "dsfb-red": 0.01039722624830747, "dsfb": 0.0, "roll-out": 0.19443390317104142, "unknown": 0.21493099215917102, "sft": 0.0}, "tr-quotes": {"sfR": 0.09677191928064538, "roll-in": 0.18320542752132404, "alternate": 0.20823143246804282, "bad-redirect": 0.002230646540764199, "sfb": 0.006823698019000948, "redirect": 0.02868634566930954, "oneh-out": 0.008748064076188715, "oneh-in": 0.006861838607521787, "dsfb-alt": 0.02858001433161508, "sfT": 1.9648181965280506e-05, "dsfb-red": 0.011970365918494718, "dsfb": 0.0, "roll-out": 0.22727167656780933, "unknown": 0.19059892281731813, "sft": 0.0}, "gutenberg": {"sfR": 0.09863878308844841, "roll-in": 0.17662744188742682, "alternate": 0.19290157660652807, "bad-redirect": 0.0023882294594648867, "sfb": 0.007634112714125126, "redirect": 0.026523043279105162, "oneh-out": 0.01163198647572955, "oneh-in": 0.00403879210563904, "dsfb-alt": 0.022471558909344273, "sfT": 0.00015249660624012325, "dsfb-red": 0.018328955449395185, "dsfb": 0.0, "roll-out": 0.22144609974301008, "unknown": 0.2172169236755433, "sft": 0.0}, "english-200": {"sfR": 0.10690423162583519, "roll-in": 0.1759465478841871, "alternate": 0.21380846325167038, "bad-redirect": 0.0, "sfb": 0.0, "redirect": 0.035634743875278395, "oneh-out": 0.0066815144766146995, "oneh-in": 0.004454342984409799, "dsfb-alt": 0.015590200445434299, "sfT": 0.0, "dsfb-red": 0.015590200445434299, "dsfb": 0.0, "roll-out": 0.22717149220489977, "unknown": 0.19821826280623608, "sft": 0.0}, "monkeyracer": {"sfR": 0.09690789370786869, "roll-in": 0.18298285812596776, "alternate": 0.20794297511612994, "bad-redirect": 0.00219943068958506, "sfb": 0.006745898306145111, "redirect": 0.028793969063296683, "oneh-out": 0.008821183352362481, "oneh-in": 0.00694433583058323, "dsfb-alt": 0.028482138667751067, "sfT": 1.8572970267607176e-05, "dsfb-red": 0.011970768099848287, "dsfb": 0.0, "roll-out": 0.2278883901340382, "unknown": 0.1903015859361559, "sft": 0.0}, "chained-bigrams": {"sfR": 0.11914286586209158, "roll-in": 0.17416429616345336, "alternate": 0.22298616526492607, "bad-redirect": 0.003211461006980675, "sfb": 0.011160249047307691, "redirect": 0.03352684777506008, "oneh-out": 0.00658070305413448, "oneh-in": 0.005447017061779393, "dsfb-alt": 0.03749604735768702, "sfT": 2.5972187682819852e-05, "dsfb-red": 0.015797583158075175, "dsfb": 0.0, "roll-out": 0.17625505727192037, "unknown": 0.1942057347889013, "sft": 0.0}, "english-5k": {"sfR": 0.10644211224955408, "roll-in": 0.2300576596009458, "alternate": 0.21441904840917575, "bad-redirect": 0.0013274152735719916, "sfb": 0.011531920189156676, "redirect": 0.026257933380345957, "oneh-out": 0.003484465093126478, "oneh-in": 0.008296345459824947, "dsfb-alt": 0.0315261127473348, "sfT": 0.0, "dsfb-red": 0.010453395279379434, "dsfb": 0.0, "roll-out": 0.14016675654374247, "unknown": 0.2160368357738416, "sft": 0.0}, "mt-quotes": {"sfR": 0.0964592223377679, "roll-in": 0.18253726347999666, "alternate": 0.2089070773717742, "bad-redirect": 0.0022142933983576576, "sfb": 0.005907770645820634, "redirect": 0.029226581083180932, "oneh-out": 0.008958774100237864, "oneh-in": 0.006772869078782228, "dsfb-alt": 0.028403318153022317, "sfT": 7.470625500531909e-06, "dsfb-red": 0.01209942506066148, "dsfb": 0.0, "roll-out": 0.2357415641696848, "unknown": 0.18276437049521282, "sft": 0.0}, "wordle": {"sfR": 0.13138112868843263, "roll-in": 0.16075395489734096, "alternate": 0.2041512397621452, "bad-redirect": 0.003971726691349714, "sfb": 0.025468416919106923, "redirect": 0.03392797038034332, "oneh-out": 0.009334679681364299, "oneh-in": 0.006372714013239089, "dsfb-alt": 0.039537753842701674, "sfT": 0.0001795130707954673, "dsfb-red": 0.02196791203859531, "dsfb": 0.0, "roll-out": 0.17531695276562326, "unknown": 0.1876360372489622, "sft": 0.0}, "english-1k": {"sfR": 0.10832745236414962, "roll-in": 0.20289343683839098, "alternate": 0.20112914608327453, "bad-redirect": 0.0, "sfb": 0.007410021171489062, "redirect": 0.024700070571630206, "oneh-out": 0.008115737473535639, "oneh-in": 0.0067043048694424845, "dsfb-alt": 0.025758645024700072, "sfT": 0.0, "dsfb-red": 0.01587861679604799, "dsfb": 0.0, "roll-out": 0.1743119266055046, "unknown": 0.22477064220183487, "sft": 0.0}, "english-10k": {"sfR": 0.10567144593890508, "roll-in": 0.2288261515601783, "alternate": 0.2120375909380367, "bad-redirect": 0.0037436560467764032, "sfb": 0.011983558788907972, "redirect": 0.026166997935200016, "oneh-out": 0.004438355107002952, "oneh-in": 0.006946990602265491, "dsfb-alt": 0.03313328573358291, "sfT": 7.718878446961657e-05, "dsfb-red": 0.009860867215993515, "dsfb": 0.0, "roll-out": 0.14521140078346617, "unknown": 0.21190251056521486, "sft": 0.0}, "reddit": {"sfR": 0.10397777127267367, "roll-in": 0.17949922060487356, "alternate": 0.2053453227021703, "bad-redirect": 0.0025475910482026343, "sfb": 0.009812456350408108, "redirect": 0.02821839245143225, "oneh-out": 0.00711203905609566, "oneh-in": 0.007486500816477965, "dsfb-alt": 0.031431863935197174, "sfT": 4.611007572577952e-05, "dsfb-red": 0.01019279892467258, "dsfb": 0.0, "roll-out": 0.2148434738978952, "unknown": 0.19948645886417513, "sft": 0.0}, "akl": {"sfR": 0.13064861186637447, "roll-in": 0.15057129041357636, "alternate": 0.1712950635470881, "bad-redirect": 0.0021658684093366766, "sfb": 0.017197677099954085, "redirect": 0.02492253363711495, "oneh-out": 0.004715865910162714, "oneh-in": 0.007808887092261868, "dsfb-alt": 0.028514475430550353, "sfT": 0.00014098157818474876, "dsfb-red": 0.008710146297912951, "dsfb": 0.0, "roll-out": 0.188908297808537, "unknown": 0.26440030090894573, "sft": 0.0}, "french": {"sfR": 0.10898279115633469, "roll-in": 0.15650611124916874, "alternate": 0.14306409127067757, "bad-redirect": 0.003420443584367069, "sfb": 0.03817102736293442, "redirect": 0.022316571847360897, "oneh-out": 0.012325318694039744, "oneh-in": 0.0027864121857598735, "dsfb-alt": 0.0239296064542239, "sfT": 5.460880075432957e-05, "dsfb-red": 0.010714591290281314, "dsfb": 0.0, "roll-out": 0.14324796337264134, "unknown": 0.3344804627314561, "sft": 0.0}, "keymash": {"sfR": 0.099723742164827, "roll-in": 0.18297053112929113, "alternate": 0.2072713689335134, "bad-redirect": 0.0022864132866472642, "sfb": 0.0075734874575658934, "redirect": 0.028175836264895553, "oneh-out": 0.00917438724534405, "oneh-in": 0.006510325803631169, "dsfb-alt": 0.02832771650117194, "sfT": 2.462922750427933e-05, "dsfb-red": 0.013045280834766618, "dsfb": 0.0, "roll-out": 0.22334193988005566, "unknown": 0.19157434127078604, "sft": 0.0}, "movie": {"sfR": 0.11567713207251198, "roll-in": 0.1538023418888159, "alternate": 0.2073183137210881, "bad-redirect": 0.001869742090608007, "sfb": 0.006884804121223192, "redirect": 0.028751364176094227, "oneh-out": 0.009772323895443412, "oneh-in": 0.009193556601348957, "dsfb-alt": 0.03361311472475852, "sfT": 1.3686175212783836e-05, "dsfb-red": 0.013966347011130151, "dsfb": 0.0, "roll-out": 0.23499610273001031, "unknown": 0.18414117079175446, "sft": 0.0}, "dutch": {"sfR": 0.18880787437283908, "roll-in": 0.18189171600533893, "alternate": 0.17043384883529988, "bad-redirect": 0.0016034971360397523, "sfb": 0.018621219466860826, "redirect": 0.02360775541277782, "oneh-out": 0.009119799186580279,