{"english-450k": {"unknown": 0.00015377410175167997, "alternate": 0.3115936902334735, "sft": 0.0, "sfT": 6.460851043178949e-05, "dsfb-red": 0.016147157722529542, "sfb": 0.02160409191130684, "oneh-out": 0.00613576206761266, "roll-in": 0.2393669301485528, "dsfb": 0.0, "dsfb-alt": 0.03381042284369827, "redirect": 0.03612112721678815, "sfR": 0.11369548401129392, "bad-redirect": 0.0031015008469269445, "oneh-in": 0.010996894698652459, "roll-out": 0.2072085556869814}, "shai": {"unknown": 0.023260762136131256, "alternate": 0.29442633265141893, "sft": 0.0, "sfT": 2.915578952778845e-05, "dsfb-red": 0.010332288529377797, "sfb": 0.011137337431218966, "oneh-out": 0.008088299042027377, "roll-in": 0.23000556487377977, "dsfb": 0.0, "dsfb-alt": 0.03048709017402287, "redirect": 0.02764652748470182, "sfR": 0.09823378925716947, "bad-redirect": 0.003911961513893374, "oneh-in": 0.008698004541073242, "roll-out": 0.25374288657565736}, "tr-quotes": {"unknown": 0.013835787429786644, "alternate": 0.2908081181664779, "sft": 0.0, "sfT": 1.618085573611336e-05, "dsfb-red": 0.011339312544786297, "sfb": 0.009736252051501353, "oneh-out": 0.010262129862925037, "roll-in": 0.2147939252444465, "dsfb": 0.0, "dsfb-alt": 0.0270370541596357, "redirect": 0.030876540070733455, "sfR": 0.09677191928064538, "bad-redirect": 0.0033725526455699126, "oneh-in": 0.007344952728785743, "roll-out": 0.28380527495896996}, "gutenberg": {"unknown": 0.032975828246008664, "alternate": 0.2703359433932598, "sft": 0.0, "sfT": 3.4098620028847435e-06, "dsfb-red": 0.01877640511888484, "sfb": 0.009727010236784607, "oneh-out": 0.01269283243218258, "roll-in": 0.20955098558272459, "dsfb": 0.0, "dsfb-alt": 0.024906958126515732, "redirect": 0.02779189081773416, "sfR": 0.09863878308844841, "bad-redirect": 0.003464040921375023, "oneh-in": 0.006344806003478817, "roll-out": 0.28479110617059994}, "english-200": {"unknown": 0.0, "alternate": 0.3028953229398664, "sft": 0.0, "sfT": 0.0, "dsfb-red": 0.015590200445434299, "sfb": 0.0, "oneh-out": 0.0066815144766146995, "roll-in": 0.21603563474387527, "dsfb": 0.0, "dsfb-alt": 0.022271714922048998, "redirect": 0.035634743875278395, "sfR": 0.10690423162583519, "bad-redirect": 0.0022271714922048997, "oneh-in": 0.0066815144766146995, "roll-out": 0.28507795100222716}, "monkeyracer": {"unknown": 0.013436077701487402, "alternate": 0.2904724572626179, "sft": 0.0, "sfT": 1.955049501853387e-05, "dsfb-red": 0.011320714140482037, "sfb": 0.009633506420382564, "oneh-out": 0.01036469493407573, "roll-in": 0.2148042213428844, "dsfb": 0.0, "dsfb-alt": 0.026944492234543378, "redirect": 0.03097873688161784, "sfR": 0.09690789370786869, "bad-redirect": 0.0033402020739165114, "oneh-in": 0.00740866008727341, "roll-out": 0.2843687927178316}, "chained-bigrams": {"unknown": 0.022916559801936097, "alternate": 0.30056444056881687, "sft": 0.0, "sfT": 3.0517320527313326e-05, "dsfb-red": 0.01675920340703158, "sfb": 0.01240042100916234, "oneh-out": 0.007760489679626572, "roll-in": 0.19969820317912562, "dsfb": 0.0, "dsfb-alt": 0.04225934657871618, "redirect": 0.03603251458176012, "sfR": 0.11914286586209158, "bad-redirect": 0.007052747565269731, "oneh-in": 0.007987746321851246, "roll-out": 0.22739494412408473}, "english-5k": {"unknown": 0.002157049819554486, "alternate": 0.3165470610196209, "sft": 0.0, "sfT": 4.148172729912474e-05, "dsfb-red": 0.010826730825071556, "sfb": 0.01339859791761729, "oneh-out": 0.004355581366408097, "roll-in": 0.2686356659891318, "dsfb": 0.0, "dsfb-alt": 0.03293649147550504, "redirect": 0.028083129381507446, "sfR": 0.10644211224955408, "bad-redirect": 0.0019081594557597379, "oneh-in": 0.01331563446301904, "roll-out": 0.20135230430995146}, "mt-quotes": {"unknown": 0.007977133909467972, "alternate": 0.29021587119446335, "sft": 0.0, "sfT": 1.942362630138296e-05, "dsfb-red": 0.011262715004601905, "sfb": 0.008697302207719249, "oneh-out": 0.010557487957351694, "roll-in": 0.2140633030922413, "dsfb": 0.0, "dsfb-alt": 0.026703003789101253, "redirect": 0.03152006311184423, "sfR": 0.0964592223377679, "bad-redirect": 0.0034080993533426567, "oneh-in": 0.0071060589761059514, "roll-out": 0.29201031543969114}, "wordle": {"unknown": 0.0, "alternate": 0.2897789745315831, "sft": 0.0, "sfT": 2.2439133849433412e-05, "dsfb-red": 0.02221474251093908, "sfb": 0.02582744306069786, "oneh-out": 0.012476158420284976, "roll-in": 0.20269269606193202, "dsfb": 0.0, "dsfb-alt": 0.040300684393582406, "redirect": 0.037069449119264, "sfR": 0.13138112868843263, "bad-redirect": 0.006193200942443622, "oneh-in": 0.008324918658139795, "roll-out": 0.22371816447885112}, "english-1k": {"unknown": 0.0, "alternate": 0.30980945659844744, "sft": 0.0, "sfT": 0.00035285815102328866, "dsfb-red": 0.016231474947071278, "sfb": 0.009527170077628794, "oneh-out": 0.008115737473535639, "roll-in": 0.24805928016937193, "dsfb": 0.0, "dsfb-alt": 0.02364149611856034, "redirect": 0.027522935779816515, "sfR": 0.10832745236414962, "bad-redirect": 0.001058574453069866, "oneh-in": 0.011644318983768526, "roll-out": 0.23570924488355682}, "english-10k": {"unknown": 0.0, "alternate": 0.3121514443951294, "sft": 0.0, "sfT": 1.929719611740414e-05, "dsfb-red": 0.010227513942224195, "sfb": 0.013546631674417707, "oneh-out": 0.006175102757569325, "roll-in": 0.26900291387661374, "dsfb": 0.0, "dsfb-alt": 0.0344840894618012, "redirect": 0.027923042781883792, "sfR": 0.10567144593890508, "bad-redirect": 0.004457652303120356, "oneh-in": 0.011732695239381717, "roll-out": 0.2046081704328361}, "reddit": {"unknown": 0.039285409944231534, "alternate": 0.2825071445333621, "sft": 0.0, "sfT": 4.47990662616022e-05, "dsfb-red": 0.009735144249434908, "sfb": 0.01138016146767135, "oneh-out": 0.008248759176363923, "roll-in": 0.20875072597149077, "dsfb": 0.0, "dsfb-alt": 0.030103436773852927, "redirect": 0.029705264470875643, "sfR": 0.10397777127267367, "bad-redirect": 0.004064616285322106, "oneh-in": 0.008400873731621754, "roll-out": 0.2637958930568377}, "akl": {"unknown": 0.13277008071454782, "alternate": 0.234291369785266, "sft": 0.0, "sfT": 0.00012114137361370894, "dsfb-red": 0.008341360627393225, "sfb": 0.017428001367714028, "oneh-out": 0.006074388709831523, "roll-in": 0.17558111600928344, "dsfb": 0.0, "dsfb-alt": 0.02721665920950053, "redirect": 0.02732435964751443, "sfR": 0.13064861186637447, "bad-redirect": 0.004473360794515446, "oneh-in": 0.007986559459721827, "roll-out": 0.2277429904347236}, "french": {"unknown": 0.15807953387545715, "alternate": 0.21148620690311273, "sft": 0.0, "sfT": 0.0003043710277434731, "dsfb-red": 0.011817344483236918, "sfb": 0.03973541594070296, "oneh-out": 0.011663705731046067, "roll-in": 0.1936600665526219, "dsfb": 0.0, "dsfb-alt": 0.025612051918122516, "redirect": 0.022429984363605143, "sfR": 0.10898279115633469, "bad-redirect": 0.0031470999438285934, "oneh-in": 0.00728476907511254, "roll-out": 0.2057966590290753}, "keymash": {"unknown": 0.01232282349464109, "alternate": 0.2909286450230488, "sft": 0.0, "sfT": 2.873409875499255e-05, "dsfb-red": 0.012240726069626826, "sfb": 0.009625923082922504, "oneh-out": 0.010565938599335831, "roll-in": 0.21457393488853221, "dsfb": 0.0, "dsfb-alt": 0.0271660379372201, "redirect": 0.03091378538912127, "sfR": 0.099723742164827, "bad-redirect": 0.0033659944255848414, "oneh-in": 0.007286146470015968, "roll-out": 0.2812575683563685}, "movie": {"unknown": 0.030236445784519856, "alternate": 0.28297075277516814, "sft": 0.0, "sfT": 2.474039365387847e-05, "dsfb-red": 0.013324807548030908, "sfb": 0.012372302392356586, "oneh-out": 0.010790891166087132, "roll-in": 0.18014085969446403, "dsfb": 0.0, "dsfb-alt": 0.02848093061780316, "redirect": 0.03076796945456249, "sfR": 0.11567713207251198, "bad-redirect": 0.0027668445562382704, "oneh-in": 0.0062795856615732604, "roll-out": 0.2861667378830303}, "dutch": {"unknown": 0.07290361491625476, "alternate": 0.2403139732276746, "sft": 0.0, "sfT": 2.6716883409923524e-05, "dsfb-red": 0.018380050284402122, "sfb": 0.020871318973803434, "oneh-out": 0.010364250098861435,