{"english-450k": {"roll-in": 0.24047141409611525, "sft": 0.0, "sfR": 0.11369548401129392, "roll-out": 0.20358667860218757, "oneh-in": 0.011231064005692565, "dsfb-alt": 0.03652339558943134, "redirect": 0.03390572770524019, "dsfb-red": 0.015460436496265863, "sfb": 0.02246300504998828, "unknown": 0.00015377410175167997, "alternate": 0.31387515998645854, "dsfb": 0.0, "bad-redirect": 0.0027042023597015964, "oneh-out": 0.005794009358586588, "sfT": 0.00013564863728665304}, "shai": {"roll-in": 0.2321271333306292, "sft": 0.0, "sfR": 0.09823378925716947, "roll-out": 0.25050355953756975, "oneh-in": 0.008905531990786569, "dsfb-alt": 0.03183778543877896, "redirect": 0.027259629809331276, "dsfb-red": 0.010497733024154757, "sfb": 0.011381668598258688, "unknown": 0.023621906111313578, "alternate": 0.2939811853235337, "dsfb": 0.0, "bad-redirect": 0.0036476667782376513, "oneh-out": 0.007969659400928836, "sfT": 3.275139930759935e-05}, "tr-quotes": {"roll-in": 0.2162606042393842, "sft": 0.0, "sfR": 0.09677191928064538, "roll-out": 0.28165553269688637, "oneh-in": 0.007414299253369085, "dsfb-alt": 0.02787267978086498, "redirect": 0.0305020688379834, "dsfb-red": 0.011324287464459907, "sfb": 0.009612584082661057, "unknown": 0.0147164882919951, "alternate": 0.2904267122812695, "dsfb": 0.0, "bad-redirect": 0.0032176787406671134, "oneh-out": 0.010203185317029195, "sfT": 2.195973278472527e-05}, "gutenberg": {"roll-in": 0.21004333176858556, "sft": 0.0, "sfR": 0.09863878308844841, "roll-out": 0.282757691796213, "oneh-in": 0.006486883586932348, "dsfb-alt": 0.023966783397609232, "redirect": 0.027033385958870244, "dsfb-red": 0.018482399239524997, "sfb": 0.009122328041606379, "unknown": 0.03781669566943737, "alternate": 0.26958937305140596, "dsfb": 0.0, "bad-redirect": 0.0032499773623050365, "oneh-out": 0.012658923248931671, "sfT": 0.00015344379012981345}, "english-200": {"roll-in": 0.21603563474387527, "sft": 0.0, "sfR": 0.10690423162583519, "roll-out": 0.28507795100222716, "oneh-in": 0.0066815144766146995, "dsfb-alt": 0.017817371937639197, "redirect": 0.035634743875278395, "dsfb-red": 0.015590200445434299, "sfb": 0.0, "unknown": 0.0, "alternate": 0.30734966592427615, "dsfb": 0.0, "bad-redirect": 0.0022271714922048997, "oneh-out": 0.0066815144766146995, "sfT": 0.0}, "monkeyracer": {"roll-in": 0.21618448629119288, "sft": 0.0, "sfR": 0.09690789370786869, "roll-out": 0.2823032829191235, "oneh-in": 0.007482951968343838, "dsfb-alt": 0.027740197381797706, "redirect": 0.03057697420898697, "dsfb-red": 0.01126988285343385, "sfb": 0.009559214539312135, "unknown": 0.014307052254563085, "alternate": 0.2901625819165741, "dsfb": 0.0, "bad-redirect": 0.003179888014764534, "oneh-out": 0.010305065924269203, "sfT": 2.052801976946056e-05}, "chained-bigrams": {"roll-in": 0.203532996690494, "sft": 0.0, "sfR": 0.11914286586209158, "roll-out": 0.2231432970004071, "oneh-in": 0.00850459285673936, "dsfb-alt": 0.041435378924478725, "redirect": 0.03688440233775661, "dsfb-red": 0.017644855007015736, "sfb": 0.012501063236433265, "unknown": 0.023346399508086764, "alternate": 0.30073261048406313, "dsfb": 0.0, "bad-redirect": 0.005629471680251203, "oneh-out": 0.007468302568194848, "sfT": 3.376384398766581e-05}, "english-5k": {"roll-in": 0.27344754635583024, "sft": 0.0, "sfR": 0.10644211224955408, "roll-out": 0.19513004521508276, "oneh-in": 0.013688970008711162, "dsfb-alt": 0.03579873065914465, "redirect": 0.027294976562824078, "dsfb-red": 0.01086821255237068, "sfb": 0.012734890280831294, "unknown": 0.002157049819554486, "alternate": 0.31658854274692, "dsfb": 0.0, "bad-redirect": 0.0017007508192641142, "oneh-out": 0.004148172729912474, "sfT": 0.0}, "mt-quotes": {"roll-in": 0.21512413191331684, "sft": 0.0, "sfR": 0.0964592223377679, "roll-out": 0.2903055187004698, "oneh-in": 0.007167318105210313, "dsfb-alt": 0.027412713211651785, "redirect": 0.031182390839220187, "dsfb-red": 0.011161114497794672, "sfb": 0.008639031328815099, "unknown": 0.008869126594231481, "alternate": 0.2899260109250427, "dsfb": 0.0, "bad-redirect": 0.003255698593131806, "oneh-out": 0.010485769952546587, "sfT": 1.1953000800851053e-05}, "wordle": {"roll-in": 0.20118927409401996, "sft": 0.0, "sfR": 0.13138112868843263, "roll-out": 0.22414450802199035, "oneh-in": 0.007943453382699427, "dsfb-alt": 0.04270167171547178, "redirect": 0.036082127229888926, "dsfb-red": 0.02237181644788511, "sfb": 0.028587456524178167, "unknown": 0.0, "alternate": 0.287445304611242, "dsfb": 0.0, "bad-redirect": 0.005407831257713452, "oneh-out": 0.012565914955682711, "sfT": 0.0001795130707954673}, "english-1k": {"roll-in": 0.25299929428369794, "sft": 0.0, "sfR": 0.10832745236414962, "roll-out": 0.23112208892025407, "oneh-in": 0.012350035285815103, "dsfb-alt": 0.027170077628793227, "redirect": 0.027522935779816515, "dsfb-red": 0.016937191249117856, "sfb": 0.009174311926605505, "unknown": 0.0, "alternate": 0.30592801693719124, "dsfb": 0.0, "bad-redirect": 0.00035285815102328866, "oneh-out": 0.008115737473535639, "sfT": 0.0}, "english-10k": {"roll-in": 0.27149225217575884, "sft": 0.0, "sfR": 0.10567144593890508, "roll-out": 0.20051716485594642, "oneh-in": 0.01202215318114278, "dsfb-alt": 0.03689623897647672, "redirect": 0.027228343721657243, "dsfb-red": 0.010227513942224195, "sfb": 0.013623820458887324, "unknown": 0.0, "alternate": 0.31203566121842496, "dsfb": 0.0, "bad-redirect": 0.0040910055768896775, "oneh-out": 0.0061172111692171125, "sfT": 7.718878446961657e-05}, "reddit": {"roll-in": 0.21075634570720253, "sft": 0.0, "sfR": 0.10397777127267367, "roll-out": 0.2607824816173062, "oneh-in": 0.008473166539217819, "dsfb-alt": 0.031104298856219157, "redirect": 0.030310126780233797, "dsfb-red": 0.009900219069681464, "sfb": 0.011907074900030847, "unknown": 0.03965035752164523, "alternate": 0.2815554265771959, "dsfb": 0.0, "bad-redirect": 0.003385138808745632, "oneh-out": 0.008151969220494375, "sfT": 4.56231293533708e-05}, "akl": {"roll-in": 0.1777013247697443, "sft": 0.0, "sfR": 0.13064861186637447, "roll-out": 0.22546341764003708, "oneh-in": 0.008054703026604677, "dsfb-alt": 0.027605285084591293, "redirect": 0.027641086400187104, "dsfb-red": 0.008600963403766718, "sfb": 0.020070602961606388, "unknown": 0.13078072341536742, "alternate": 0.23386128455367433, "dsfb": 0.0, "bad-redirect": 0.003367053198160677, "oneh-out": 0.0060709543531249546, "sfT": 0.00013398932676058405}, "french": {"roll-in": 0.19470476512200469, "sft": 0.0, "sfR": 0.10898279115633469, "roll-out": 0.20215807987845774, "oneh-in": 0.007383004989116968, "dsfb-alt": 0.026746536644685164, "redirect": 0.024708587138783943, "dsfb-red": 0.01244764540409711, "sfb": 0.039907557263245415, "unknown": 0.15819760574342556, "alternate": 0.2098048401315747, "dsfb": 0.0, "bad-redirect": 0.002989670786537374, "oneh-out": 0.01164983254874195, "sfT": 0.0003190831929947081}, "keymash": {"roll-in": 0.21640470746635032, "sft": 0.0, "sfR": 0.099723742164827, "roll-out": 0.27856477281590064, "oneh-in": 0.007360034152528806, "dsfb-alt": 0.027798188109829935, "redirect": 0.030035342941468642, "dsfb-red": 0.01212989454585757, "sfb": 0.010336065809295891, "unknown": 0.013394194891077241, "alternate": 0.2905099481554761, "dsfb": 0.0, "bad-redirect": 0.0031976947043055996, "oneh-out": 0.01050026065932442, "sfT": 4.5153583757845434e-05}, "movie": {"roll-in": 0.18138656483450452, "sft": 0.0, "sfR": 0.11567713207251198, "roll-out": 0.2848752366951624, "oneh-in": 0.00626984742151801, "dsfb-alt": 0.028861379969150835, "redirect": 0.030724805363506788, "dsfb-red": 0.013408503773370625, "sfb": 0.012183327896149303, "unknown": 0.030434368933750885, "alternate": 0.28274782603660603, "dsfb": 0.0, "bad-redirect": 0.0026952553320483243, "oneh-out": 0.01071061648455061, "sfT": 2.513518716963185e-05}, "dutch": {"roll-in": 0.21573318533494848, "sft": 0.0, "sfR": 0.18880787437283908, "roll-out": 0.17473541051065145, "oneh-in": 0.0072388050789620175, "dsfb-alt": 0.024040963401491748, "redirect": 0.022487295942630638, "dsfb-red": 0.013538233778754584,