{"english-450k": {"roll-out": 0.1748572327327178, "sfT": 0.000338536900814535, "redirect": 0.01643336465335634, "unknown": 0.00015377410175167997, "dsfb-alt": 0.06744514562056621, "sfb": 0.050677044567008965, "roll-in": 0.19057376450110244, "dsfb": 0.0, "bad-redirect": 0.0012094362337389734, "dsfb-red": 0.006665493383913124, "sfR": 0.11369548401129392, "oneh-in": 0.00275536294488514, "alternate": 0.3702988538274842, "oneh-out": 0.004896506521366707, "sft": 0.0}, "shai": {"roll-out": 0.20512885674626188, "sfT": 0.00040122979917532424, "redirect": 0.013829497035731305, "unknown": 0.023621906111313578, "dsfb-alt": 0.0683150221712498, "sfb": 0.03280066187086892, "roll-in": 0.20637057291029662, "dsfb": 0.0, "bad-redirect": 0.0018341441581752479, "dsfb-red": 0.0063742923731581885, "sfR": 0.09823378925716947, "oneh-in": 0.009102350019336562, "alternate": 0.3273897413421277, "oneh-out": 0.006597936205135382, "sft": 0.0}, "tr-quotes": {"roll-out": 0.2234229444534338, "sfT": 0.0002762303229236495, "redirect": 0.015266637387022953, "unknown": 0.01476965396084233, "dsfb-alt": 0.06781627794087053, "sfb": 0.03354175816555327, "roll-in": 0.20101477080973626, "dsfb": 0.0, "bad-redirect": 0.0012031622015210004, "dsfb-red": 0.006554402348535633, "sfR": 0.09677191928064538, "oneh-in": 0.016660502531148147, "alternate": 0.3141513141166409, "oneh-out": 0.008550426481126187, "sft": 0.0}, "gutenberg": {"roll-out": 0.2312727537249901, "sfT": 0.00030025729303179545, "redirect": 0.0135962564261691, "unknown": 0.03802431837805746, "dsfb-alt": 0.06366610176619486, "sfb": 0.03488042561139773, "roll-in": 0.20857481786600984, "dsfb": 0.0, "bad-redirect": 0.0008585274776152031, "dsfb-red": 0.009443802253767234, "sfR": 0.09863878308844841, "oneh-in": 0.007647373288580789, "alternate": 0.28384600608546706, "oneh-out": 0.009250576740270432, "sft": 0.0}, "english-200": {"roll-out": 0.2182628062360802, "sfT": 0.0, "redirect": 0.013363028953229399, "unknown": 0.0, "dsfb-alt": 0.08240534521158129, "sfb": 0.022271714922048998, "roll-in": 0.21158129175946547, "dsfb": 0.0, "bad-redirect": 0.0022271714922048997, "dsfb-red": 0.008908685968819599, "sfR": 0.10690423162583519, "oneh-in": 0.004454342984409799, "alternate": 0.32293986636971045, "oneh-out": 0.0066815144766146995, "sft": 0.0}, "monkeyracer": {"roll-out": 0.22362833726949966, "sfT": 0.0002825046530178144, "redirect": 0.015348116114300014, "unknown": 0.014352018393105714, "dsfb-alt": 0.06784021771431252, "sfb": 0.03355940222406431, "roll-in": 0.20143363779970908, "dsfb": 0.0, "bad-redirect": 0.0011837824733722257, "dsfb-red": 0.006567011276725526, "sfR": 0.09690789370786869, "oneh-in": 0.017039233933403192, "alternate": 0.31339639019659976, "oneh-out": 0.00846145424402146, "sft": 0.0}, "chained-bigrams": {"roll-out": 0.19909759633896043, "sfT": 0.0003227044319590367, "redirect": 0.017473438568309126, "unknown": 0.02365222201805197, "dsfb-alt": 0.06826205158206335, "sfb": 0.0352033524899861, "roll-in": 0.18228904577533148, "dsfb": 0.0, "bad-redirect": 0.0020089487172661154, "dsfb-red": 0.009462966582235412, "sfR": 0.11914286586209158, "oneh-in": 0.0049970489101745395, "alternate": 0.3320531209154677, "oneh-out": 0.006034637808103193, "sft": 0.0}, "english-5k": {"roll-out": 0.17011656365371053, "sfT": 0.00020740863649562367, "redirect": 0.013813415190608537, "unknown": 0.002157049819554486, "dsfb-alt": 0.07188783340938316, "sfb": 0.03272908283900942, "roll-in": 0.21516571950056002, "dsfb": 0.0, "bad-redirect": 0.001244451818973742, "dsfb-red": 0.006429667731364334, "sfR": 0.10644211224955408, "oneh-in": 0.002032604637657112, "alternate": 0.37175924005475586, "oneh-out": 0.006014850458373086, "sft": 0.0}, "mt-quotes": {"roll-out": 0.2284173629289633, "sfT": 0.0002435423913173402, "redirect": 0.015266970272887008, "unknown": 0.008869126594231481, "dsfb-alt": 0.0684354119601726, "sfb": 0.03268548068992721, "roll-in": 0.2033130729969759, "dsfb": 0.0, "bad-redirect": 0.0010907113230776587, "dsfb-red": 0.006535303187865314, "sfR": 0.0964592223377679, "oneh-in": 0.018485315738516153, "alternate": 0.3114981891203787, "oneh-out": 0.00870029045791946, "sft": 0.0}, "wordle": {"roll-out": 0.18548188039941657, "sfT": 0.0005385392123864019, "redirect": 0.021294738023112308, "unknown": 0.0, "dsfb-alt": 0.07308425894760462, "sfb": 0.06188713115673735, "roll-in": 0.1711881521373275, "dsfb": 0.0, "bad-redirect": 0.000875126220127903, "dsfb-red": 0.011152249523168406, "sfR": 0.13138112868843263, "oneh-in": 0.00664198361943229, "alternate": 0.3306630764052508, "oneh-out": 0.005811735667003254, "sft": 0.0}, "english-1k": {"roll-out": 0.21877205363443897, "sfT": 0.0, "redirect": 0.016584333098094567, "unknown": 0.0, "dsfb-alt": 0.07621736062103035, "sfb": 0.02364149611856034, "roll-in": 0.19760056457304165, "dsfb": 0.0, "bad-redirect": 0.0014114326040931546, "dsfb-red": 0.01058574453069866, "sfR": 0.10832745236414962, "oneh-in": 0.0014114326040931546, "alternate": 0.33733239237826396, "oneh-out": 0.008115737473535639, "sft": 0.0}, "english-10k": {"roll-out": 0.1664383165126107, "sfT": 0.00027016074564365796, "redirect": 0.013450145693830686, "unknown": 0.0, "dsfb-alt": 0.0694506088265375, "sfb": 0.03708921093765076, "roll-in": 0.22402114972694467, "dsfb": 0.0, "bad-redirect": 0.0012543177476312692, "dsfb-red": 0.0065224522876826, "sfR": 0.10567144593890508, "oneh-in": 0.00438046351865074, "alternate": 0.36600991875880434, "oneh-out": 0.005441809305107968, "sft": 0.0}, "reddit": {"roll-out": 0.21281084736722142, "sfT": 0.0003531110348228461, "redirect": 0.01534633967094037, "unknown": 0.041217688064775854, "dsfb-alt": 0.06537270032552366, "sfb": 0.03550902845396212, "roll-in": 0.18891781225482954, "dsfb": 0.0, "bad-redirect": 0.001711541584190125, "dsfb-red": 0.006841559074929247, "sfR": 0.10397777127267367, "oneh-in": 0.011890293978889377, "alternate": 0.3083893181196304, "oneh-out": 0.007661988797611416, "sft": 0.0}, "akl": {"roll-out": 0.1812360437564717, "sfT": 0.0004816747049967889, "redirect": 0.01674172300885325, "unknown": 0.13295000147380848, "dsfb-alt": 0.057188932585381505, "sfb": 0.0351341609210579, "roll-in": 0.1600808511808492, "dsfb": 0.0, "bad-redirect": 0.0022155553973719957, "dsfb-red": 0.006425063707934597, "sfR": 0.13064861186637447, "oneh-in": 0.012937913526505439, "alternate": 0.25805781000758204, "oneh-out": 0.00590165786281267, "sft": 0.0}, "french": {"roll-out": 0.11845826456107715, "sfT": 0.00033875434673693986, "redirect": 0.02277958556130124, "unknown": 0.15822382396052298, "dsfb-alt": 0.048353748410258406, "sfb": 0.03044131267092124, "roll-in": 0.24018310922675543, "dsfb": 0.0, "bad-redirect": 0.0022662877040621893, "dsfb-red": 0.010349828472183738, "sfR": 0.10898279115633469, "oneh-in": 0.004614016681348119, "alternate": 0.25169322115112563, "oneh-out": 0.003315256097372241, "sft": 0.0}, "keymash": {"roll-out": 0.2238181049451384, "sfT": 0.0003201799575556313, "redirect": 0.016140353757804385, "unknown": 0.013394194891077241, "dsfb-alt": 0.06858008398566579, "sfb": 0.03305242331074286, "roll-in": 0.20253434751019034, "dsfb": 0.0, "bad-redirect": 0.0010508470401825846, "dsfb-red": 0.006929022671203918, "sfR": 0.099723742164827, "oneh-in": 0.015820173800248756, "alternate": 0.3105335101164552, "oneh-out": 0.008103015848907899, "sft": 0.0}, "movie": {"roll-out": 0.22815525228687433, "sfT": 0.00040137340768260285, "redirect": 0.019693353348487264, "unknown": 0.030451476652766863, "dsfb-alt": 0.06445596334947556, "sfb": 0.031788510692784974, "roll-in": 0.16685737386774865, "dsfb": 0.0, "bad-redirect": 0.002034502584515751, "dsfb-red": 0.0061978634038123105, "sfR": 0.11567713207251198, "oneh-in": 0.025294683749996216, "alternate": 0.30015966765755453, "oneh-out": 0.008832846925788953, "sft": 0.0}, "dutch": {"roll-out": 0.12421383777486876, "sfT": 0.0007864804967289031, "redirect": 0.013911768084254938, "unknown": 0.07325981014373002, "dsfb-alt": 0.0465189532619145, "sfb": 0.05600791164020183, "roll-in": 0.20349378656738937,