{"english-450k": {"redirect": 0.01308483126654314, "sft": 0.0, "oneh-out": 0.0029866087899147577, "oneh-in": 0.006445356694523362, "dsfb-red": 0.007377941075869102, "bad-redirect": 0.005841954135558595, "roll-out": 0.12809528849015467, "sfT": 0.0002394315386589846, "sfR": 0.11369548401129392, "dsfb-alt": 0.06800937378859043, "unknown": 0.00015377410175167997, "alternate": 0.3613583223070091, "sfb": 0.0480389124487444, "roll-in": 0.24467272135138785, "dsfb": 0.0}, "shai": {"redirect": 0.010810175645344222, "sft": 0.0, "oneh-out": 0.0022715506684505638, "oneh-in": 0.014306168843332974, "dsfb-red": 0.0068016474317670154, "bad-redirect": 0.005374612223741831, "roll-out": 0.10171297714012707, "sfT": 0.00039133703426983806, "sfR": 0.09823378925716947, "dsfb-alt": 0.06448157964078272, "unknown": 0.024097749651430984, "alternate": 0.3166865515369703, "sfb": 0.035065346434099476, "roll-in": 0.31976651449251353, "dsfb": 0.0}, "tr-quotes": {"redirect": 0.01087006772843901, "sft": 0.0, "oneh-out": 0.001971752848986385, "oneh-in": 0.023391738517371304, "dsfb-red": 0.007071033956681538, "bad-redirect": 0.006414553523959224, "roll-out": 0.0942373038071242, "sfT": 0.00022306465407641987, "sfR": 0.09677191928064538, "dsfb-alt": 0.06639236263609255, "unknown": 0.013869304916668592, "alternate": 0.3027831071866115, "sfb": 0.03893113890108874, "roll-in": 0.33707265204225517, "dsfb": 0.0}, "gutenberg": {"redirect": 0.01183127396612037, "sft": 0.0, "oneh-out": 0.001977719961673151, "oneh-in": 0.016796033042320555, "dsfb-red": 0.00772655786175889, "bad-redirect": 0.006070501549024533, "roll-out": 0.09586277654454435, "sfT": 0.0003694017169791805, "sfR": 0.09863878308844841, "dsfb-alt": 0.05688350736890122, "unknown": 0.03294532892476064, "alternate": 0.2792887255186116, "sfb": 0.03499541373560612, "roll-in": 0.356613976721251, "dsfb": 0.0}, "english-200": {"redirect": 0.011135857461024499, "sft": 0.0, "oneh-out": 0.0, "oneh-in": 0.015590200445434299, "dsfb-red": 0.004454342984409799, "bad-redirect": 0.0066815144766146995, "roll-out": 0.0935412026726058, "sfT": 0.0, "sfR": 0.10690423162583519, "dsfb-alt": 0.07349665924276169, "unknown": 0.0, "alternate": 0.30734966592427615, "sfb": 0.028953229398663696, "roll-in": 0.3518930957683742, "dsfb": 0.0}, "monkeyracer": {"redirect": 0.010819243943256644, "sft": 0.0, "oneh-out": 0.0019794876206265543, "oneh-in": 0.02376264917027699, "dsfb-red": 0.007087054444218528, "bad-redirect": 0.006337292960257754, "roll-out": 0.09414638628650078, "sfT": 0.00022678574221499288, "sfR": 0.09690789370786869, "dsfb-alt": 0.06653033454807075, "unknown": 0.013465403444015202, "alternate": 0.3017589580368175, "sfb": 0.03913129330434647, "roll-in": 0.3378472167915292, "dsfb": 0.0}, "chained-bigrams": {"redirect": 0.018660367545413992, "sft": 0.0, "oneh-out": 0.0016401436521700737, "oneh-in": 0.011175832359917382, "dsfb-red": 0.011783581551695368, "bad-redirect": 0.005981394823353412, "roll-out": 0.09267331078514572, "sfT": 0.00037919394016916984, "sfR": 0.11914286586209158, "dsfb-alt": 0.06610830791846552, "unknown": 0.02302629229489601, "alternate": 0.3159451701145828, "sfb": 0.034007982551884315, "roll-in": 0.2994755566002147, "dsfb": 0.0}, "english-5k": {"redirect": 0.012651926826233045, "sft": 0.0, "oneh-out": 0.003982245820715975, "oneh-in": 0.005600033185381839, "dsfb-red": 0.006761521549757332, "bad-redirect": 0.004106691002613349, "roll-out": 0.12469407226116895, "sfT": 0.00024889036379474843, "sfR": 0.10644211224955408, "dsfb-alt": 0.06566557431451446, "unknown": 0.002157049819554486, "alternate": 0.36412660223171694, "sfb": 0.031609076201933047, "roll-in": 0.27195420417306176, "dsfb": 0.0}, "mt-quotes": {"redirect": 0.010420028448141907, "sft": 0.0, "oneh-out": 0.0019558097560392535, "oneh-in": 0.02518049031209285, "dsfb-red": 0.007040317471701271, "bad-redirect": 0.006508408936063399, "roll-out": 0.09283746309511003, "sfT": 0.00019722451321404238, "sfR": 0.0964592223377679, "dsfb-alt": 0.06753594864990856, "unknown": 0.007981616284768291, "alternate": 0.2989789149065873, "sfb": 0.039652586031723266, "roll-in": 0.34525196925688195, "dsfb": 0.0}, "wordle": {"redirect": 0.018916189835072365, "sft": 0.0, "oneh-out": 0.00289464826657691, "oneh-in": 0.012184449680242343, "dsfb-red": 0.009222484012117131, "bad-redirect": 0.0050039268484236505, "roll-out": 0.13784359923706946, "sfT": 0.0006731740154830024, "sfR": 0.13138112868843263, "dsfb-alt": 0.0758891506787838, "unknown": 0.0, "alternate": 0.3190620442050937, "sfb": 0.06296420958151015, "roll-in": 0.22396499495119487, "dsfb": 0.0}, "english-1k": {"redirect": 0.012702893436838392, "sft": 0.0, "oneh-out": 0.0045871559633027525, "oneh-in": 0.01058574453069866, "dsfb-red": 0.007057163020465773, "bad-redirect": 0.0038814396612561752, "roll-out": 0.13443895553987298, "sfT": 0.0, "sfR": 0.10832745236414962, "dsfb-alt": 0.06669019054340156, "unknown": 0.0, "alternate": 0.3327452364149612, "sfb": 0.025405786873676783, "roll-in": 0.29357798165137616, "dsfb": 0.0}, "english-10k": {"redirect": 0.011732695239381717, "sft": 0.0, "oneh-out": 0.003396306516663129, "oneh-in": 0.008278497134366377, "dsfb-red": 0.006657532660504429, "bad-redirect": 0.003647170066189383, "roll-out": 0.12101271685224137, "sfT": 0.0003280523339958704, "sfR": 0.10567144593890508, "dsfb-alt": 0.06591922193705255, "unknown": 0.0, "alternate": 0.35688234499527216, "sfb": 0.036240134308484974, "roll-in": 0.28023388201694294, "dsfb": 0.0}, "reddit": {"redirect": 0.01169113291257421, "sft": 0.0, "oneh-out": 0.0018609966631063395, "oneh-in": 0.01718598560848725, "dsfb-red": 0.007759602816572733, "bad-redirect": 0.0066810540591006815, "roll-out": 0.10015988696850973, "sfT": 0.0002489045111273801, "sfR": 0.10397777127267367, "dsfb-alt": 0.0610401137057237, "unknown": 0.04459645911326691, "alternate": 0.29655397416599666, "sfb": 0.04073238981855067, "roll-in": 0.30751172838431007, "dsfb": 0.0}, "akl": {"redirect": 0.014537038956451689, "sft": 0.0, "oneh-out": 0.0032770681109281405, "oneh-in": 0.015554868629308459, "dsfb-red": 0.005897062248802441, "bad-redirect": 0.004087378632860671, "roll-out": 0.09684255868667037, "sfT": 0.00027692280551956964, "sfR": 0.13064861186637447, "dsfb-alt": 0.04995291595785703, "unknown": 0.13886339544766876, "alternate": 0.24985510844376624, "sfb": 0.03674727085385248, "roll-in": 0.2534597993599397, "dsfb": 0.0}, "french": {"redirect": 0.025245251570010514, "sft": 0.0, "oneh-out": 0.0022699282907791443, "oneh-in": 0.009763184628250326, "dsfb-red": 0.0052911508288634645, "bad-redirect": 0.004128829846662532, "roll-out": 0.12302481877855978, "sfT": 0.0011041315220830124, "sfR": 0.10898279115633469, "dsfb-alt": 0.04125028954275325, "unknown": 0.15831740052280324, "alternate": 0.25204832068349303, "sfb": 0.03793149773153244, "roll-in": 0.23064240489787458, "dsfb": 0.0}, "keymash": {"redirect": 0.011432066433236321, "sft": 0.0, "oneh-out": 0.002204315861633, "oneh-in": 0.02240438728639276, "dsfb-red": 0.007376453637531659, "bad-redirect": 0.006132677648565552, "roll-out": 0.09660404001428495, "sfT": 0.00021755817628780073, "sfR": 0.099723742164827, "dsfb-alt": 0.06541933312261661, "unknown": 0.01235976733589751, "alternate": 0.30054635836346993, "sfb": 0.03773608140780665, "roll-in": 0.33784321854745025, "dsfb": 0.0}, "movie": {"redirect": 0.012391778872467087, "sft": 0.0, "oneh-out": 0.001390199566806235, "oneh-in": 0.03338347649642863, "dsfb-red": 0.008462925401528034, "bad-redirect": 0.004945973165358343, "roll-out": 0.0879484147000576, "sfT": 0.00025398382846800774, "sfR": 0.11567713207251198, "dsfb-alt": 0.06154923029082201, "unknown": 0.030203677922712325, "alternate": 0.29190387725395844, "sfb": 0.0395529147671067, "roll-in": 0.3123364156617746, "dsfb": 0.0}, "dutch": {"redirect": 0.01096754960168713, "sft": 0.0, "oneh-out": 0.0019571641215278945, "oneh-in": 0.01111908274376583, "dsfb-red": 0.006976943759956298, "bad-redirect": 0.0037811024418908682, "roll-out": 0.09286801224845381,