{"akl": {"dsfb-red": 0.015552027255054824, "sfR": 0.13064861186637447, "bad-redirect": 0.00650528929229595, "oneh-out": 0.0038001280496191905, "roll-out": 0.10795912660899303, "dsfb": 0.0, "sfb": 0.06341033152833593, "sfT": 0.0010304058423793836, "redirect": 0.014265329454997486, "dsfb-alt": 0.045809871097227305, "unknown": 0.13237676039503798, "oneh-in": 0.001884967679862017, "roll-in": 0.20120512318061556, "alternate": 0.27555202774920684, "sft": 0.0}, "shai": {"dsfb-red": 0.01039207860459687, "sfR": 0.09823378925716947, "bad-redirect": 0.007269881748173864, "oneh-out": 0.0026922331422796334, "roll-out": 0.14459540371924612, "dsfb": 0.0, "sfb": 0.05948847361294612, "sfT": 0.00045274494036938565, "redirect": 0.014116847796638195, "dsfb-alt": 0.05618501003055146, "unknown": 0.023260762136131256, "oneh-in": 0.0027855525689761034, "roll-in": 0.23322071346806278, "alternate": 0.34730650897485876, "sft": 0.0}, "mt-quotes": {"dsfb-red": 0.019295131542773812, "sfR": 0.0964592223377679, "bad-redirect": 0.008265500053788503, "oneh-out": 0.0034753349828474437, "roll-out": 0.13201939972029977, "dsfb": 0.0, "sfb": 0.05923757784391771, "sfT": 0.0003107780208221274, "redirect": 0.01673270699609137, "dsfb-alt": 0.055170569321428144, "unknown": 0.007917368905463717, "oneh-in": 0.001452289597303403, "roll-in": 0.26505331038357177, "alternate": 0.3346108102939243, "sft": 0.0}}