{"english-450k": {"roll-in": 0.203379697491845, "roll-out": 0.23427572105728758, "sfT": 0.00035227717226382957, "oneh-in": 0.01767057377619495, "oneh-out": 0.03699495001172308, "sfR": 0.11369548401129392, "bad-redirect": 0.019248950915657537, "sft": 0.0, "alternate": 0.19155224723601283, "sfb": 0.04664588280074677, "unknown": 0.0, "dsfb": 0.0, "dsfb-red": 0.027863224075762104, "redirect": 0.07119799380342992, "dsfb-alt": 0.037122997647782464}, "shai": {"roll-in": 0.18789736326077916, "roll-out": 0.27001627971351544, "sfT": 0.00025197909483832995, "oneh-in": 0.012446913472831124, "oneh-out": 0.0696186300424847, "sfR": 0.09823378925716947, "bad-redirect": 0.013159749884894042, "sft": 0.0, "alternate": 0.17653947058380937, "sfb": 0.031079843282502996, "unknown": 0.016772683614515952, "dsfb": 0.0, "dsfb-red": 0.028463493375253474, "redirect": 0.06257113811383523, "dsfb-alt": 0.03294866630357072}, "tr-quotes": {"roll-in": 0.17899840502993458, "roll-out": 0.29500936178081877, "sfT": 0.0003397979704583805, "oneh-in": 0.01412935438385613, "oneh-out": 0.07748780656942743, "sfR": 0.09677191928064538, "bad-redirect": 0.009796352372806917, "sft": 0.0, "alternate": 0.1659196504935161, "sfb": 0.03052980744781674, "unknown": 0.010735997780911213, "dsfb": 0.0, "dsfb-red": 0.026370171748225885, "redirect": 0.06400106331337695, "dsfb-alt": 0.029910311828205544}, "gutenberg": {"roll-in": 0.17212926559528802, "roll-out": 0.28079058029410436, "sfT": 0.00022334596118895068, "oneh-in": 0.012426484322401695, "oneh-out": 0.0845778382459973, "sfR": 0.09863878308844841, "bad-redirect": 0.009915120957277082, "sft": 0.0, "alternate": 0.1613768340795248, "sfb": 0.027131703646620087, "unknown": 0.030721151714990094, "dsfb": 0.0, "dsfb-red": 0.027756845013815624, "redirect": 0.06077283385674715, "dsfb-alt": 0.0335392132235964}, "english-200": {"roll-in": 0.21158129175946547, "roll-out": 0.311804008908686, "sfT": 0.0, "oneh-in": 0.011135857461024499, "oneh-out": 0.09799554565701558, "sfR": 0.10690423162583519, "bad-redirect": 0.0022271714922048997, "sft": 0.0, "alternate": 0.15367483296213807, "sfb": 0.0066815144766146995, "unknown": 0.0, "dsfb": 0.0, "dsfb-red": 0.0200445434298441, "redirect": 0.0467706013363029, "dsfb-alt": 0.031180400890868598}, "monkeyracer": {"roll-in": 0.17895447862739886, "roll-out": 0.29596125873907125, "sfT": 0.000341156138073416, "oneh-in": 0.01411936750238516, "oneh-out": 0.07738476938236076, "sfR": 0.09690789370786869, "bad-redirect": 0.009639371568888125, "sft": 0.0, "alternate": 0.1657657146878959, "sfb": 0.03044207579335909, "unknown": 0.01033830176580071, "dsfb": 0.0, "dsfb-red": 0.026270977681154887, "redirect": 0.06405621940347529, "dsfb-alt": 0.029818415002267857}, "chained-bigrams": {"roll-in": 0.1731689120705093, "roll-out": 0.28143332712165176, "sfT": 0.00043243692491895053, "oneh-in": 0.013660072111779102, "oneh-out": 0.05812445742476669, "sfR": 0.11914286586209158, "bad-redirect": 0.012717931003584811, "sft": 0.0, "alternate": 0.14950889839615247, "sfb": 0.033837864722561846, "unknown": 0.017076064096761982, "dsfb": 0.0, "dsfb-red": 0.03691037452543943, "redirect": 0.06893732846181666, "dsfb-alt": 0.03504946727796539}, "english-5k": {"roll-in": 0.21392126768158626, "roll-out": 0.2369436263326005, "sfT": 0.00029037209109387317, "oneh-in": 0.01742232546563239, "oneh-out": 0.045049155846849466, "sfR": 0.10644211224955408, "bad-redirect": 0.022026797195835234, "sft": 0.0, "alternate": 0.1901937196664869, "sfb": 0.037706890114904384, "unknown": 0.0, "dsfb": 0.0, "dsfb-red": 0.027294976562824078, "redirect": 0.06798855104326544, "dsfb-alt": 0.034720205749367405}, "mt-quotes": {"roll-in": 0.17755435627114188, "roll-out": 0.30294880529756996, "sfT": 0.00031675452122255295, "oneh-in": 0.014252459329914775, "oneh-out": 0.08015383512030695, "sfR": 0.0964592223377679, "bad-redirect": 0.009021527354442333, "sft": 0.0, "alternate": 0.16413561874708646, "sfb": 0.029142910077574975, "unknown": 0.006137865911237016, "dsfb": 0.0, "dsfb-red": 0.025694469346529445, "redirect": 0.06483606459401632, "dsfb-alt": 0.029346111091189443}, "wordle": {"roll-in": 0.20859418826433299, "roll-out": 0.2192752159766633, "sfT": 0.0009200044878267698, "oneh-in": 0.017704476607202962, "oneh-out": 0.029776730618198136, "sfR": 0.13138112868843263, "bad-redirect": 0.008010770784247728, "sft": 0.0, "alternate": 0.1955570514978122, "sfb": 0.06285201391226299, "unknown": 0.0, "dsfb": 0.0, "dsfb-red": 0.029888926287445303, "redirect": 0.05109390777515988, "dsfb-alt": 0.044945585100415124}, "english-1k": {"roll-in": 0.20359915314043756, "roll-out": 0.27769936485532815, "sfT": 0.0, "oneh-in": 0.011997177134791814, "oneh-out": 0.06069160197600565, "sfR": 0.10832745236414962, "bad-redirect": 0.008821453775582216, "sft": 0.0, "alternate": 0.19336626676076218, "sfb": 0.028228652081863093, "unknown": 0.0, "dsfb": 0.0, "dsfb-red": 0.02646436132674665, "redirect": 0.05187014820042343, "dsfb-alt": 0.02893436838390967}, "english-10k": {"roll-in": 0.20516778912024083, "roll-out": 0.2357538449663264, "sfT": 0.00023156635340884968, "oneh-in": 0.01611315875803246, "oneh-out": 0.042897666968989404, "sfR": 0.10567144593890508, "bad-redirect": 0.02078308021844426, "sft": 0.0, "alternate": 0.1990119835587889, "sfb": 0.03813125952799058, "unknown": 0.0, "dsfb": 0.0, "dsfb-red": 0.026456455876961077, "redirect": 0.07373458636460123, "dsfb-alt": 0.03604716234731094}, "reddit": {"roll-in": 0.17556881423126994, "roll-out": 0.2796768623872696, "sfT": 0.0003590667635315374, "oneh-in": 0.012012667348017014, "oneh-out": 0.06726145293185729, "sfR": 0.10397777127267367, "bad-redirect": 0.009255314785546009, "sft": 0.0, "alternate": 0.1632954058295347, "sfb": 0.029406579057522787, "unknown": 0.041052351042636465, "dsfb": 0.0, "dsfb-red": 0.02792405209801781, "redirect": 0.05992039925107648, "dsfb-alt": 0.030289263001046746}, "akl": {"roll-in": 0.15633268321866822, "roll-out": 0.23756626362720004, "sfT": 0.00034617821450166756, "oneh-in": 0.010191317634930006, "oneh-out": 0.0508049329123125, "sfR": 0.13064861186637447, "bad-redirect": 0.00602892672177335, "sft": 0.0, "alternate": 0.14418808138377792, "sfb": 0.03569984147355349, "unknown": 0.13144916288543582, "dsfb": 0.0, "dsfb-red": 0.02357147253331221, "redirect": 0.04673228001036632, "dsfb-alt": 0.02644024751779398}, "french": {"roll-in": 0.1455899543058425, "roll-out": 0.24102508854154095, "sfT": 0.0011595942876228007, "oneh-in": 0.011851922566128823, "oneh-out": 0.0327396315453573, "sfR": 0.10898279115633469, "bad-redirect": 0.019068074821637842, "sft": 0.0, "alternate": 0.148954066178046, "sfb": 0.02696931658082148, "unknown": 0.15037208219521925, "dsfb": 0.0, "dsfb-red": 0.022957375036898396, "redirect": 0.05918874873528939, "dsfb-alt": 0.031141354049260554}, "keymash": {"roll-in": 0.18058970580387745, "roll-out": 0.29170446568943365, "sfT": 0.00041048712507132213, "oneh-in": 0.013829311243652843, "oneh-out": 0.0779268758235398, "sfR": 0.099723742164827, "bad-redirect": 0.010426372976811583, "sft": 0.0, "alternate": 0.16245027974697573, "sfb": 0.031394055325454716, "unknown": 0.009691601022933916, "dsfb": 0.0, "dsfb-red": 0.027059311284701557, "redirect": 0.06464351245623182, "dsfb-alt": 0.03015027933648861}, "movie": {"roll-in": 0.171152858916984, "roll-out": 0.2948520636317661, "sfT": 0.00034741829386297426, "oneh-in": 0.012465605259912969, "oneh-out": 0.06914532072959421, "sfR": 0.11567713207251198, "bad-redirect": 0.008252237261954315, "sft": 0.0, "alternate": 0.1554069143346762, "sfb": 0.03296381098918279, "unknown": 0.024744473186874588, "dsfb": 0.0, "dsfb-red": 0.026873726215171152, "redirect": 0.05584485878170142, "dsfb-alt": 0.032273580325807294}, "dutch": {"roll-in": 0.16660135673713194, "roll-out": 0.21228859010846302, "sfT": 0.00032271843463879435, "oneh-in": 0.010233247716181634, "oneh-out": 0.0321605290932695, "sfR": 0.18880787437283908, "bad-redirect": 0.007476065348277527, "sft": 0.0, "alternate": 0.16201250787654964,