{"english-450k": {"sfb": 0.0303812019053956, "sfT": 0.00112348645063062, "redirect": 0.016825985601364907, "unknown": 0.00015377410175167997, "dsfb": 0.0, "oneh-in": 0.011674845538884676, "dsfb-alt": 0.04481813435178954, "dsfb-red": 0.007899779044741248, "sfR": 0.11369548401129392, "sft": 0.0, "roll-in": 0.2689421335776568, "oneh-out": 0.009144881515008177, "alternate": 0.33346791003454945, "roll-out": 0.15558606350578055, "bad-redirect": 0.006286320361152803}, "shai": {"sfb": 0.01531701512215165, "sfT": 0.0011132224621187609, "redirect": 0.014966212879296193, "unknown": 0.023260762136131256, "dsfb": 0.0, "oneh-in": 0.009121005389776485, "dsfb-alt": 0.03838689256643092, "dsfb-red": 0.005109860779847122, "sfR": 0.09823378925716947, "sft": 0.0, "roll-in": 0.29818802167305075, "oneh-out": 0.007292434620280385, "alternate": 0.32098646347742915, "roll-out": 0.1619729238585313, "bad-redirect": 0.006051395777786516}, "tr-quotes": {"sfb": 0.01138901088740436, "sfT": 0.0007466309146806592, "redirect": 0.017040752640946812, "unknown": 0.013835787429786644, "dsfb": 0.0, "oneh-in": 0.008378215945077552, "dsfb-alt": 0.03872887820438732, "dsfb-red": 0.006050484269896674, "sfR": 0.09677191928064538, "sft": 0.0, "roll-in": 0.3073541989320635, "oneh-out": 0.007605002195973279, "alternate": 0.31740944499664825, "roll-out": 0.17034280298652366, "bad-redirect": 0.0043468713159658815}, "gutenberg": {"sfb": 0.012995362966549632, "sfT": 0.000908538786990846, "redirect": 0.01760492808411599, "unknown": 0.032975828246008664, "dsfb": 0.0, "oneh-in": 0.011230759380056778, "dsfb-alt": 0.032653406849958114, "dsfb-red": 0.00842292745745913, "sfR": 0.09863878308844841, "sft": 0.0, "roll-in": 0.3123857933025006, "oneh-out": 0.006088876916484523, "alternate": 0.2966377245157333, "roll-out": 0.16461620298226531, "bad-redirect": 0.0048408674234287075}, "english-200": {"sfb": 0.0, "sfT": 0.0, "redirect": 0.017817371937639197, "unknown": 0.0, "dsfb": 0.0, "oneh-in": 0.013363028953229399, "dsfb-alt": 0.028953229398663696, "dsfb-red": 0.008908685968819599, "sfR": 0.10690423162583519, "sft": 0.0, "roll-in": 0.3028953229398664, "oneh-out": 0.0022271714922048997, "alternate": 0.34743875278396436, "roll-out": 0.16926503340757237, "bad-redirect": 0.0022271714922048997}, "monkeyracer": {"sfb": 0.011303118694965357, "sfT": 0.0006989301969125858, "redirect": 0.017091042745202307, "unknown": 0.013436077701487402, "dsfb": 0.0, "oneh-in": 0.008391072461954736, "dsfb-alt": 0.03866501399815443, "dsfb-red": 0.00608411404976774, "sfR": 0.09690789370786869, "sft": 0.0, "roll-in": 0.30749702832475717, "oneh-out": 0.007714625334313465, "alternate": 0.31690081642867196, "roll-out": 0.17100915745186668, "bad-redirect": 0.0043011089040774515}, "chained-bigrams": {"sfb": 0.016870883814067705, "sfT": 0.0006298255513083814, "redirect": 0.023684687252655493, "unknown": 0.022916559801936097, "dsfb": 0.0, "oneh-in": 0.010024615140876393, "dsfb-alt": 0.048492022317900875, "dsfb-red": 0.010788846763443367, "sfR": 0.11914286586209158, "sft": 0.0, "roll-in": 0.27694922891821294, "oneh-out": 0.0072170216523635665, "alternate": 0.32273559858425604, "roll-out": 0.1338541622703328, "bad-redirect": 0.006693682070554746}, "english-5k": {"sfb": 0.018417886920811383, "sfT": 0.0017837142738623636, "redirect": 0.012983780644626042, "unknown": 0.002157049819554486, "dsfb": 0.0, "oneh-in": 0.013606006554112914, "dsfb-alt": 0.04318247811838885, "dsfb-red": 0.004936325548595843, "sfR": 0.10644211224955408, "sft": 0.0, "roll-in": 0.2864313270004563, "oneh-out": 0.006595594640560833, "alternate": 0.33969386485253245, "roll-out": 0.15837723482805824, "bad-redirect": 0.0053926245488862155}, "mt-quotes": {"sfb": 0.010188439057625417, "sfT": 0.0006125912910436165, "redirect": 0.017340815911834666, "unknown": 0.007977133909467972, "dsfb": 0.0, "oneh-in": 0.008187805548582972, "dsfb-alt": 0.03892644123307156, "dsfb-red": 0.00608258328253308, "sfR": 0.0964592223377679, "sft": 0.0, "roll-in": 0.31261430057015815, "oneh-out": 0.007606590884641589, "alternate": 0.317429865767801, "roll-out": 0.17244444842877804, "bad-redirect": 0.004129761776694039}, "wordle": {"sfb": 0.039223605968809604, "sfT": 0.001682935038707506, "redirect": 0.021070346684617974, "unknown": 0.0, "dsfb": 0.0, "oneh-in": 0.010277123303040503, "dsfb-alt": 0.05340513856165152, "dsfb-red": 0.01216201054639291, "sfR": 0.13138112868843263, "sft": 0.0, "roll-in": 0.22344889487265793, "oneh-out": 0.010725905980029172, "alternate": 0.3115898126332324, "roll-out": 0.17612476158420284, "bad-redirect": 0.008908336138225064}, "english-1k": {"sfb": 0.016584333098094567, "sfT": 0.0014114326040931546, "redirect": 0.015525758645024701, "unknown": 0.0, "dsfb": 0.0, "oneh-in": 0.014114326040931546, "dsfb-alt": 0.03634438955539873, "dsfb-red": 0.0067043048694424845, "sfR": 0.10832745236414962, "sft": 0.0, "roll-in": 0.2911079745942131, "oneh-out": 0.0024700070571630206, "alternate": 0.3267466478475653, "roll-out": 0.17537050105857446, "bad-redirect": 0.00529287226534933}, "english-10k": {"sfb": 0.019605951255282607, "sfT": 0.0016981532583315645, "redirect": 0.014530788676405318, "unknown": 0.0, "dsfb": 0.0, "oneh-in": 0.011211670944211806, "dsfb-alt": 0.04131529688736227, "dsfb-red": 0.004785704637116227, "sfR": 0.10567144593890508, "sft": 0.0, "roll-in": 0.2855985025375813, "oneh-out": 0.008239902742131568, "alternate": 0.33717990775940254, "roll-out": 0.1627332548580691, "bad-redirect": 0.007429420505200594}, "reddit": {"sfb": 0.01376848359468307, "sfT": 0.0008079938614791146, "redirect": 0.015794517620622704, "unknown": 0.039285409944231534, "dsfb": 0.0, "oneh-in": 0.008016972703097373, "dsfb-alt": 0.03942036900421527, "dsfb-red": 0.004890514790340557, "sfR": 0.10397777127267367, "sft": 0.0, "roll-in": 0.2878683491787556, "oneh-out": 0.008335922577025083, "alternate": 0.3121008608275429, "roll-out": 0.16116479070576697, "bad-redirect": 0.004568043919566198}, "akl": {"sfb": 0.02124851318915278, "sfT": 0.0008535241181900011, "redirect": 0.014177815127985502, "unknown": 0.13277008071454782, "dsfb": 0.0, "oneh-in": 0.00723945098423104, "dsfb-alt": 0.036378584013741576, "dsfb-red": 0.0038992796572699783, "sfR": 0.13064861186637447, "sft": 0.0, "roll-in": 0.23816641128477234, "oneh-out": 0.007994218816405541, "alternate": 0.2631456982841534, "roll-out": 0.13965893082348238, "bad-redirect": 0.003818881119693187}, "french": {"sfb": 0.048614687088650216, "sfT": 0.007229860637591383, "redirect": 0.015609727186267084, "unknown": 0.15807953387545715, "dsfb": 0.0, "oneh-in": 0.010777230356386622, "dsfb-alt": 0.030793610599518788, "dsfb-red": 0.006051209451598347, "sfR": 0.10898279115633469, "sft": 0.0, "roll-in": 0.24344965936767982, "oneh-out": 0.005020309155327999, "alternate": 0.23087642121276694, "roll-out": 0.12670254547276338, "bad-redirect": 0.007812414439657597}, "keymash": {"sfb": 0.011945175339575474, "sfT": 0.0008948619326554823, "redirect": 0.017010586462955588, "unknown": 0.01232282349464109, "dsfb": 0.0, "oneh-in": 0.009006087524064808, "dsfb-alt": 0.03809320520661869, "dsfb-red": 0.006354340696104067, "sfR": 0.099723742164827, "sft": 0.0, "roll-in": 0.3068062870208076, "oneh-out": 0.007261517242511689, "alternate": 0.317392749976397, "roll-out": 0.16882514479933336, "bad-redirect": 0.004363478139508155}, "movie": {"sfb": 0.010994999413731629, "sfT": 0.0004680935118449241, "redirect": 0.017373546649920402, "unknown": 0.030236445784519856, "dsfb": 0.0, "oneh-in": 0.006497511682269126, "dsfb-alt": 0.04346400252983685, "dsfb-red": 0.007782038184692039, "sfR": 0.11567713207251198, "sft": 0.0, "roll-in": 0.281177995420132, "oneh-out": 0.009415693752879525, "alternate": 0.3023485345067298, "roll-out": 0.16986359489237204, "bad-redirect": 0.004700411598559741}, "dutch": {"sfb": 0.030330512233660914, "sfT": 0.0004580242079349574, "redirect": 0.01950402419021933, "unknown": 0.07290361491625476, "dsfb": 0.0, "oneh-in": 0.009259820758760206, "dsfb-alt": 0.029367700306426516,