{"english-450k": {"oneh-in": 0.014232582451860813, "sfT": 8.887324511884165e-05, "dsfb-alt": 0.04163857706918256, "oneh-out": 0.005674732108558669, "alternate": 0.30737425751373587, "roll-in": 0.2279829690797117, "unknown": 0.00015377410175167997, "roll-out": 0.1844669447073936, "dsfb-red": 0.023008230714944327, "sft": 0.0, "redirect": 0.0393106242702308, "sfb": 0.04064167652360608, "bad-redirect": 0.0017312742026111194, "dsfb": 0.0, "sfR": 0.11369548401129392}, "shai": {"oneh-in": 0.013645331373564737, "sfT": 3.096327043970631e-05, "dsfb-alt": 0.036466922093005616, "oneh-out": 0.008755147256669722, "alternate": 0.27998581030723924, "roll-in": 0.2127579627468508, "unknown": 0.04054004355912885, "roll-out": 0.24147165869930112, "dsfb-red": 0.020171928203607036, "sft": 0.0, "redirect": 0.027642064903349698, "sfb": 0.018953883459823455, "bad-redirect": 0.0013444948698505372, "dsfb": 0.0, "sfR": 0.09823378925716947}, "tr-quotes": {"oneh-in": 0.011372830031668247, "sfT": 2.195973278472527e-05, "dsfb-alt": 0.03146945285592104, "oneh-out": 0.009955849379348606, "alternate": 0.26494648759852985, "roll-in": 0.20453063960611173, "unknown": 0.03985691500427637, "roll-out": 0.2687281847391415, "dsfb-red": 0.02537273756963547, "sft": 0.0, "redirect": 0.030365687339636162, "sfb": 0.015176486905064608, "bad-redirect": 0.0014308499572363098, "dsfb": 0.0, "sfR": 0.09677191928064538}, "gutenberg": {"oneh-in": 0.009550455159746351, "sfT": 4.432820603750166e-05, "dsfb-alt": 0.031715126488831, "oneh-out": 0.012829984659409722, "alternate": 0.253176760047632, "roll-in": 0.19193147086670737, "unknown": 0.04775909552273753, "roll-out": 0.2840077850938261, "dsfb-red": 0.021262383955765754, "sft": 0.0, "redirect": 0.030581915683205636, "sfb": 0.01686328309848856, "bad-redirect": 0.001638628129164057, "dsfb": 0.0, "sfR": 0.09863878308844841}, "english-200": {"oneh-in": 0.0066815144766146995, "sfT": 0.0, "dsfb-alt": 0.035634743875278395, "oneh-out": 0.011135857461024499, "alternate": 0.29398663697104677, "roll-in": 0.19376391982182628, "unknown": 0.0, "roll-out": 0.2806236080178174, "dsfb-red": 0.028953229398663696, "sft": 0.0, "redirect": 0.028953229398663696, "sfb": 0.011135857461024499, "bad-redirect": 0.0022271714922048997, "dsfb": 0.0, "sfR": 0.10690423162583519}, "monkeyracer": {"oneh-in": 0.011247399784162535, "sfT": 2.1505544520387257e-05, "dsfb-alt": 0.03131989301969126, "oneh-out": 0.010019628696998607, "alternate": 0.2643226926505779, "roll-in": 0.20472887373508297, "unknown": 0.03994068379811377, "roll-out": 0.269349124919843, "dsfb-red": 0.0255720474842423, "sft": 0.0, "redirect": 0.030167391338348688, "sfb": 0.014962971362434897, "bad-redirect": 0.0014398939581150194, "dsfb": 0.0, "sfR": 0.09690789370786869}, "chained-bigrams": {"oneh-in": 0.009194154439718228, "sfT": 6.687838328326112e-05, "dsfb-alt": 0.0514119455181419, "oneh-out": 0.008275388300438476, "alternate": 0.2648130749187233, "roll-in": 0.20477706448050106, "unknown": 0.03551761596094822, "roll-out": 0.2094325791226465, "dsfb-red": 0.03318661211641514, "sft": 0.0, "redirect": 0.03986211365559191, "sfb": 0.02063100728584795, "bad-redirect": 0.0036886999556524896, "dsfb": 0.0, "sfR": 0.11914286586209158}, "english-5k": {"oneh-in": 0.024557182561081844, "sfT": 4.148172729912474e-05, "dsfb-alt": 0.03837059775169038, "oneh-out": 0.005143734185091467, "alternate": 0.3235159912058738, "roll-in": 0.2482266561579624, "unknown": 0.002157049819554486, "roll-out": 0.17476251711121252, "dsfb-red": 0.01937196664869125, "sft": 0.0, "redirect": 0.03127722238354005, "sfb": 0.024681627742979217, "bad-redirect": 0.0014518604554693657, "dsfb": 0.0, "sfR": 0.10644211224955408}, "mt-quotes": {"oneh-in": 0.01092653685707797, "sfT": 8.96475060063829e-06, "dsfb-alt": 0.030662435304383166, "oneh-out": 0.0102780865636318, "alternate": 0.2629869353701247, "roll-in": 0.20492672810509077, "unknown": 0.035092516226198585, "roll-out": 0.2770600996880267, "dsfb-red": 0.026492332149986253, "sft": 0.0, "redirect": 0.029791360371021144, "sfb": 0.013901339931389775, "bad-redirect": 0.0014134423447006372, "dsfb": 0.0, "sfR": 0.0964592223377679}, "wordle": {"oneh-in": 0.006888814091776057, "sfT": 0.00011219566924716706, "dsfb-alt": 0.04976999887804331, "oneh-out": 0.014787389206776618, "alternate": 0.2865028609895658, "roll-in": 0.18397845843150454, "unknown": 0.0, "roll-out": 0.22764501290250197, "dsfb-red": 0.026545495343879726, "sft": 0.0, "redirect": 0.037967014473241335, "sfb": 0.033366992034107486, "bad-redirect": 0.0010546392909233703, "dsfb": 0.0, "sfR": 0.13138112868843263}, "english-1k": {"oneh-in": 0.015172900494001412, "sfT": 0.0, "dsfb-alt": 0.03387438249823571, "oneh-out": 0.009880028228652082, "alternate": 0.2964008468595625, "roll-in": 0.24135497529992944, "unknown": 0.0, "roll-out": 0.22265349329569514, "dsfb-red": 0.02117148906139732, "sft": 0.0, "redirect": 0.03458009880028229, "sfb": 0.016231474947071278, "bad-redirect": 0.00035285815102328866, "dsfb": 0.0, "sfR": 0.10832745236414962}, "english-10k": {"oneh-in": 0.021690048435962256, "sfT": 1.929719611740414e-05, "dsfb-alt": 0.04035043708149206, "oneh-out": 0.0066189382682696205, "alternate": 0.31386889484957836, "roll-in": 0.25234943362729395, "unknown": 0.0, "roll-out": 0.18351633507651338, "dsfb-red": 0.018853360606703846, "sft": 0.0, "redirect": 0.03239999228112155, "sfb": 0.023909225989463732, "bad-redirect": 0.0007525906485787615, "dsfb": 0.0, "sfR": 0.10567144593890508}, "reddit": {"oneh-in": 0.012369261922273245, "sfT": 3.21759179922377e-05, "dsfb-alt": 0.03310156558877341, "oneh-out": 0.009318730186198929, "alternate": 0.25577652307929155, "roll-in": 0.19833962524232604, "unknown": 0.06884736235196597, "roll-out": 0.2503776362761563, "dsfb-red": 0.02408436757933527, "sft": 0.0, "redirect": 0.02669765893039982, "sfb": 0.01565135538713454, "bad-redirect": 0.0014259662654790418, "dsfb": 0.0, "sfR": 0.10397777127267367}, "akl": {"oneh-in": 0.009566289421936738, "sfT": 0.00010846637368227255, "dsfb-alt": 0.029752795745489263, "oneh-out": 0.00742231194815416, "alternate": 0.22384151180085732, "roll-in": 0.17357132552307908, "unknown": 0.14711348619251477, "roll-out": 0.21341206229587042, "dsfb-red": 0.022497729556664327, "sft": 0.0, "redirect": 0.020496858514856175, "sfb": 0.020042535125500905, "bad-redirect": 0.001526015635020091, "dsfb": 0.0, "sfR": 0.13064861186637447}, "french": {"oneh-in": 0.016399989195098188, "sfT": 2.967902175427349e-05, "dsfb-alt": 0.030320349308152937, "oneh-out": 0.014819075649639104, "alternate": 0.21111536145864856, "roll-in": 0.1747127153843389, "unknown": 0.17027564919564084, "roll-out": 0.16829849598972893, "dsfb-red": 0.019184573596580413, "sft": 0.0, "redirect": 0.025761106227780904, "sfb": 0.057812442156058526, "bad-redirect": 0.002287771660243728, "dsfb": 0.0, "sfR": 0.10898279115633469}, "keymash": {"oneh-in": 0.011169354673190676, "sfT": 2.873409875499255e-05, "dsfb-alt": 0.03188253500428959, "oneh-out": 0.010085668663002385, "alternate": 0.26519110228107695, "roll-in": 0.20352772635286295, "unknown": 0.037136770205202514, "roll-out": 0.26991170421939714, "dsfb-red": 0.025109497440612777, "sft": 0.0, "redirect": 0.029797260408927273, "sfb": 0.01494583622384684, "bad-redirect": 0.0014900682640088994, "dsfb": 0.0, "sfR": 0.099723742164827}, "movie": {"oneh-in": 0.008663085714014999, "sfT": 1.5002153598628435e-05, "dsfb-alt": 0.030638871974911136, "oneh-out": 0.009618354424299593, "alternate": 0.23322953334485252, "roll-in": 0.178432324956122, "unknown": 0.07954602430427841, "roll-out": 0.2730206401997971, "dsfb-red": 0.028642532763584878, "sft": 0.0, "redirect": 0.028662535635049717, "sfb": 0.01270642930452253, "bad-redirect": 0.0011475331524564909, "dsfb": 0.0, "sfR": 0.11567713207251198}, "dutch": {"oneh-in": 0.0050882573416112875, "sfT": 4.9166237791953225e-05, "dsfb-alt": 0.026156366782142178, "oneh-out": 0.0067382131655135315, "alternate": 0.21686205434759181, "roll-in": 0.22780173949503799, "unknown": 0.09049399302255418,