{"english-450k": {"sfR": 0.11369548401129392, "alternate": 0.3072286691056136, "redirect": 0.037636942269226294, "sfT": 0.00012073898103316317, "sfb": 0.04404838680442799, "oneh-out": 0.006308538672432513, "dsfb": 0.0, "roll-out": 0.17998790856112462, "roll-in": 0.23159958393288665, "oneh-in": 0.014445995178626452, "sft": 0.0, "bad-redirect": 0.0017502767056792926, "unknown": 0.00015377410175167997, "dsfb-alt": 0.044017982799518914, "dsfb-red": 0.019005718876384917}, "shai": {"sfR": 0.09823378925716947, "alternate": 0.29104514351940297, "redirect": 0.028097360443121555, "sfT": 3.321197795538998e-05, "sfb": 0.020698617304195244, "oneh-out": 0.008492129755919635, "dsfb": 0.0, "roll-out": 0.24095461465745488, "roll-in": 0.21656425435955107, "oneh-in": 0.013606282819131461, "sft": 0.0, "bad-redirect": 0.0014173437043775562, "unknown": 0.02405265164803555, "dsfb-alt": 0.040086447128822374, "dsfb-red": 0.016718153424862825}, "tr-quotes": {"sfR": 0.09677191928064538, "alternate": 0.2811920667575877, "redirect": 0.031201312960865445, "sfT": 2.4271283604170037e-05, "sfb": 0.0165033170754259, "oneh-out": 0.01028755692193893, "dsfb": 0.0, "roll-out": 0.27015672314555833, "roll-in": 0.20931670557777213, "oneh-in": 0.0114479554333002, "sft": 0.0, "bad-redirect": 0.0014851714014932618, "unknown": 0.013894731975682485, "dsfb-alt": 0.035155220637525714, "dsfb-red": 0.022563047548600355}, "gutenberg": {"sfR": 0.09863878308844841, "alternate": 0.26520372220536237, "redirect": 0.030173489989971217, "sfT": 3.2772562583281146e-05, "sfb": 0.017189493230097868, "oneh-out": 0.012978692530091086, "dsfb": 0.0, "roll-out": 0.28280827141592246, "roll-in": 0.19725767531521332, "oneh-in": 0.0093659437380347, "sft": 0.0, "bad-redirect": 0.0017598676670444037, "unknown": 0.03298056416545711, "dsfb-alt": 0.03390065859590218, "dsfb-red": 0.017710065495871605}, "english-200": {"sfR": 0.10690423162583519, "alternate": 0.3051224944320713, "redirect": 0.028953229398663696, "sfT": 0.0, "sfb": 0.011135857461024499, "oneh-out": 0.008908685968819599, "dsfb": 0.0, "roll-out": 0.26948775055679286, "roll-in": 0.19821826280623608, "oneh-in": 0.0066815144766146995, "sft": 0.0, "bad-redirect": 0.0022271714922048997, "unknown": 0.0, "dsfb-alt": 0.0400890868596882, "dsfb-red": 0.022271714922048998}, "monkeyracer": {"sfR": 0.09690789370786869, "alternate": 0.28070894005036207, "redirect": 0.031051073713186418, "sfT": 2.248306927131395e-05, "sfb": 0.01630120274645354, "oneh-out": 0.010358829785570171, "dsfb": 0.0, "roll-out": 0.2709434677886044, "roll-in": 0.20951483491562006, "oneh-in": 0.011343197209753351, "sft": 0.0, "bad-redirect": 0.0015073431659289613, "unknown": 0.013491796612290222, "dsfb-alt": 0.03504230727122011, "dsfb-red": 0.022806629963870687}, "chained-bigrams": {"sfR": 0.11914286586209158, "alternate": 0.27617850424872525, "redirect": 0.03747397099815662, "sfT": 7.272212551189558e-05, "sfb": 0.021453027026009198, "oneh-out": 0.008335773636801031, "dsfb": 0.0, "roll-out": 0.20733207844379845, "roll-in": 0.20962801983495974, "oneh-in": 0.00911688718136184, "sft": 0.0, "bad-redirect": 0.004378910843323427, "unknown": 0.023159399756770463, "dsfb-alt": 0.05390722344976882, "dsfb-red": 0.029820616592721685}, "english-5k": {"sfR": 0.10644211224955408, "alternate": 0.32650267557141077, "redirect": 0.029452026382378562, "sfT": 4.148172729912474e-05, "sfb": 0.027834239017712696, "oneh-out": 0.00551706973078359, "dsfb": 0.0, "roll-out": 0.1697017463807193, "roll-in": 0.24980296179532915, "oneh-in": 0.024349773924586218, "sft": 0.0, "bad-redirect": 0.0014933421827684904, "unknown": 0.002157049819554486, "dsfb-alt": 0.04119135520803086, "dsfb-red": 0.01551416600987265}, "mt-quotes": {"sfR": 0.0964592223377679, "alternate": 0.27986307837582625, "redirect": 0.030719212058187208, "sfT": 1.0458875700744673e-05, "sfb": 0.01506376925927254, "oneh-out": 0.01050967595414829, "dsfb": 0.0, "roll-out": 0.27887396755955585, "roll-in": 0.20970045779993068, "oneh-in": 0.011052043365486906, "sft": 0.0, "bad-redirect": 0.0014881485997059562, "unknown": 0.007995063410669249, "dsfb-alt": 0.03444556005785252, "dsfb-red": 0.023819342345895937}, "wordle": {"sfR": 0.13138112868843263, "alternate": 0.29042970941321666, "redirect": 0.03563334455290026, "sfT": 0.0003141478738920678, "sfb": 0.040659710535173345, "oneh-out": 0.015056658812969819, "dsfb": 0.0, "roll-out": 0.21848984629193313, "roll-in": 0.1864243240210928, "oneh-in": 0.006238079210142488, "sft": 0.0, "bad-redirect": 0.0012341523617188377, "unknown": 0.0, "dsfb-alt": 0.05360709076629642, "dsfb-red": 0.020531807472231572}, "english-1k": {"sfR": 0.10832745236414962, "alternate": 0.3002822865208186, "redirect": 0.03458009880028229, "sfT": 0.0, "sfb": 0.015172900494001412, "oneh-out": 0.010938602681721948, "dsfb": 0.0, "roll-out": 0.2148906139731828, "roll-in": 0.24770642201834864, "oneh-in": 0.013761467889908258, "sft": 0.0, "bad-redirect": 0.00035285815102328866, "unknown": 0.0, "dsfb-alt": 0.038108680310515175, "dsfb-red": 0.01587861679604799}, "english-10k": {"sfR": 0.10567144593890508, "alternate": 0.3172652013662415, "redirect": 0.030528164257733352, "sfT": 5.789158835221242e-05, "sfb": 0.026224889523552227, "oneh-out": 0.006966287798382895, "dsfb": 0.0, "roll-out": 0.17826749773257947, "roll-in": 0.255359796221609, "oneh-in": 0.02134269890584898, "sft": 0.0, "bad-redirect": 0.0006946990602265491, "unknown": 0.0, "dsfb-alt": 0.042492425850523916, "dsfb-red": 0.015129001756044846}, "reddit": {"sfR": 0.10397777127267367, "alternate": 0.2718270995769747, "redirect": 0.027732607258834658, "sfT": 3.659589275717838e-05, "sfb": 0.017584981974556303, "oneh-out": 0.008474777207988093, "dsfb": 0.0, "roll-out": 0.25041820265471926, "roll-in": 0.2017264496346685, "oneh-in": 0.012741551152686343, "sft": 0.0, "bad-redirect": 0.0015246665494249632, "unknown": 0.045191657410003416, "dsfb-alt": 0.038262373073214076, "dsfb-red": 0.02050126634149886}, "akl": {"sfR": 0.13064861186637447, "alternate": 0.2311656110302445, "redirect": 0.02057374857291978, "sfT": 0.00010191885909780735, "sfb": 0.020382388193837957, "oneh-out": 0.006620871455413415, "dsfb": 0.0, "roll-out": 0.2093699974054547, "roll-in": 0.17681854685054293, "oneh-in": 0.010051867928082001, "sft": 0.0, "bad-redirect": 0.0015858080323574713, "unknown": 0.13912786562167676, "dsfb-alt": 0.034255039726982975, "dsfb-red": 0.019297724457015233}, "french": {"sfR": 0.10898279115633469, "alternate": 0.21517028589677306, "redirect": 0.029747368900786865, "sfT": 8.68646987033204e-05, "sfb": 0.0544712674783557, "oneh-out": 0.01718759941854287, "dsfb": 0.0, "roll-out": 0.1727723425915551, "roll-in": 0.17917038160075638, "oneh-in": 0.014359058303367036, "sft": 0.0, "bad-redirect": 0.001799064093547917, "unknown": 0.15839527611850174, "dsfb-alt": 0.031195213758097813, "dsfb-red": 0.016662485984677504}, "keymash": {"sfR": 0.099723742164827, "alternate": 0.280506376917488, "redirect": 0.03061002491656849, "sfT": 3.694384125641899e-05, "sfb": 0.016337387577838623, "oneh-out": 0.010459211946817287, "dsfb": 0.0, "roll-out": 0.2712786263458847, "roll-in": 0.20853156440748236, "oneh-in": 0.01103389392191714, "sft": 0.0, "bad-redirect": 0.0015639559465217374, "unknown": 0.012376186820900362, "dsfb-alt": 0.03527726352862942, "dsfb-red": 0.022264821663868513}, "movie": {"sfR": 0.11567713207251198, "alternate": 0.2586264686154289, "redirect": 0.031751926493658496, "sfT": 2.684595907122983e-05, "sfb": 0.014811599928358137, "oneh-out": 0.011183973909938914, "dsfb": 0.0, "roll-out": 0.28109403599911514, "roll-in": 0.1836038568168141, "oneh-in": 0.008875089831974563, "sft": 0.0, "bad-redirect": 0.0012891324267733698, "unknown": 0.030282373430185833, "dsfb-alt": 0.037384840376427725, "dsfb-red": 0.02539272413974164}, "dutch": {"sfR": 0.18880787437283908, "alternate": 0.21785579689488133, "redirect": 0.03330530272039914, "sfT": 0.0003201184694747414, "sfb": 0.04159917366293384, "oneh-out": 0.00622225456140578, "dsfb": 0.0,