{"akl": {"dsfb-red": 0.009604734450968542, "sfR": 0.13064861186637447, "bad-redirect": 0.0017393904876670397, "oneh-out": 0.014024455041095785, "roll-out": 0.19899396573643616, "dsfb": 0.0, "sfb": 0.022845686718524796, "sfT": 0.0003018280685427429, "redirect": 0.01895147211970695, "dsfb-alt": 0.03793570651993843, "unknown": 0.12423987988349773, "oneh-in": 0.00489549017819691, "roll-in": 0.16659009368949804, "alternate": 0.26922868523955246, "sft": 0.0}, "shai": {"dsfb-red": 0.00643841730623882, "sfR": 0.09823378925716947, "bad-redirect": 0.0024206542972529696, "oneh-out": 0.012523501122263737, "roll-out": 0.22951536598740477, "dsfb": 0.0, "sfb": 0.0198785357345556, "sfT": 0.0001944609495877705, "redirect": 0.018300957105652563, "dsfb-alt": 0.047756343367806806, "unknown": 0.015546460696927484, "oneh-in": 0.004494454168631544, "roll-in": 0.20668413795003954, "alternate": 0.33801292205646893, "sft": 0.0}, "mt-quotes": {"dsfb-red": 0.008410430188498822, "sfR": 0.0964592223377679, "bad-redirect": 0.0019931628835419134, "oneh-out": 0.023692341712386895, "roll-out": 0.2579621926584669, "dsfb": 0.0, "sfb": 0.01635618747086456, "sfT": 0.0001299888837092552, "redirect": 0.020990963531394558, "dsfb-alt": 0.0420715745687955, "unknown": 0.00522794372527223, "oneh-in": 0.00464971731153106, "roll-in": 0.19610989588936303, "alternate": 0.3259463788384074, "sft": 0.0}}