{"english-450k": {"oneh-in": 0.008118746349326814, "sfT": 7.601001227269352e-05, "dsfb-alt": 0.03330203280007437, "oneh-out": 0.008186278321769092, "alternate": 0.24303324385590608, "roll-in": 0.2392230958176368, "unknown": 0.04373323759969736, "roll-out": 0.22215095471498877, "dsfb-red": 0.01869261609506163, "sft": 0.0, "redirect": 0.04518152067969322, "sfb": 0.021652036688278847, "bad-redirect": 0.002954743054000436, "dsfb": 0.0, "sfR": 0.11369548401129392}, "shai": {"oneh-in": 0.009229117518925524, "sfT": 6.647814163404944e-05, "dsfb-alt": 0.03048795714559518, "oneh-out": 0.010410045042269509, "alternate": 0.2208843156482486, "roll-in": 0.25498300813126445, "unknown": 0.076389929598812, "roll-out": 0.22427747595469827, "dsfb-red": 0.019947997961378274, "sft": 0.0, "redirect": 0.03764144408977738, "sfb": 0.015082491571023704, "bad-redirect": 0.0023659499392036185, "dsfb": 0.0, "sfR": 0.09823378925716947}, "tr-quotes": {"oneh-in": 0.009936201197383324, "sfT": 7.165807540278773e-05, "dsfb-alt": 0.030838399482212616, "oneh-out": 0.011594738910334943, "alternate": 0.22177134139294052, "roll-in": 0.2572051039042093, "unknown": 0.08152724162640716, "roll-out": 0.21502276877557153, "dsfb-red": 0.022142345299461408, "sft": 0.0, "redirect": 0.03465476988511593, "sfb": 0.01640969926723839, "bad-redirect": 0.002053812903076674, "dsfb": 0.0, "sfR": 0.09677191928064538}, "gutenberg": {"oneh-in": 0.008204885726052444, "sfT": 0.00011290431965107261, "dsfb-alt": 0.02857350696350652, "oneh-out": 0.009801080016958381, "alternate": 0.2097154167059748, "roll-in": 0.26630188720706915, "unknown": 0.0822293905098994, "roll-out": 0.2193363423471141, "dsfb-red": 0.023792690998684172, "sft": 0.0, "redirect": 0.035187313191657354, "sfb": 0.016481567990943406, "bad-redirect": 0.0016242309340407661, "dsfb": 0.0, "sfR": 0.09863878308844841}, "english-200": {"oneh-in": 0.011135857461024499, "sfT": 0.0, "dsfb-alt": 0.022271714922048998, "oneh-out": 0.011135857461024499, "alternate": 0.23162583518930957, "roll-in": 0.2873051224944321, "unknown": 0.0467706013363029, "roll-out": 0.21158129175946547, "dsfb-red": 0.024498886414253896, "sft": 0.0, "redirect": 0.031180400890868598, "sfb": 0.011135857461024499, "bad-redirect": 0.004454342984409799, "dsfb": 0.0, "sfR": 0.10690423162583519}, "monkeyracer": {"oneh-in": 0.010054819588031968, "sfT": 7.3314356319502e-05, "dsfb-alt": 0.030602389852511066, "oneh-out": 0.011745937407135148, "alternate": 0.22149733331247948, "roll-in": 0.25710855998873894, "unknown": 0.08148157561349453, "roll-out": 0.2150466474811142, "dsfb-red": 0.02228463174687583, "sft": 0.0, "redirect": 0.034700173608395765, "sfb": 0.01646347185510737, "bad-redirect": 0.0020332514819275224, "dsfb": 0.0, "sfR": 0.09690789370786869}, "chained-bigrams": {"oneh-in": 0.014122377052533294, "sfT": 4.804854721321673e-05, "dsfb-alt": 0.03758435279580861, "oneh-out": 0.007019633025974136, "alternate": 0.2395609661394096, "roll-in": 0.2180793697069493, "unknown": 0.07380062060542468, "roll-out": 0.19627247162376169, "dsfb-red": 0.022834747410735216, "sft": 0.0, "redirect": 0.05128662971257229, "sfb": 0.01610665219150073, "bad-redirect": 0.004141265326025626, "dsfb": 0.0, "sfR": 0.11914286586209158}, "english-5k": {"oneh-in": 0.007010411913552081, "sfT": 0.0, "dsfb-alt": 0.03040610611025843, "oneh-out": 0.008254863732525822, "alternate": 0.23188285560210728, "roll-in": 0.2481851744306633, "unknown": 0.053138092670178785, "roll-out": 0.24038660969842784, "dsfb-red": 0.019828265648981623, "sft": 0.0, "redirect": 0.03741651802381051, "sfb": 0.014062305554403286, "bad-redirect": 0.0029866843655369808, "dsfb": 0.0, "sfR": 0.10644211224955408}, "mt-quotes": {"oneh-in": 0.010076379675117438, "sfT": 7.171800480510633e-05, "dsfb-alt": 0.030518999294772954, "oneh-out": 0.012298143698975628, "alternate": 0.22392901112824373, "roll-in": 0.2600898268010184, "unknown": 0.07725373830100046, "roll-out": 0.21463405888048195, "dsfb-red": 0.02249704163230179, "sft": 0.0, "redirect": 0.03417661753983337, "sfb": 0.01607678607714467, "bad-redirect": 0.001918456628536594, "dsfb": 0.0, "sfR": 0.0964592223377679}, "wordle": {"oneh-in": 0.0061707618085941884, "sfT": 0.0, "dsfb-alt": 0.036216762032985524, "oneh-out": 0.015931785033097723, "alternate": 0.2080556490519466, "roll-in": 0.215325928419163, "unknown": 0.05351733423089869, "roll-out": 0.23213283967238865, "dsfb-red": 0.02479524290362392, "sft": 0.0, "redirect": 0.047009985414563, "sfb": 0.02694939975316953, "bad-redirect": 0.0025131829911365423, "dsfb": 0.0, "sfR": 0.13138112868843263}, "english-1k": {"oneh-in": 0.006351446718419196, "sfT": 0.0, "dsfb-alt": 0.02611150317572336, "oneh-out": 0.012702893436838392, "alternate": 0.20359915314043756, "roll-in": 0.26958362738179253, "unknown": 0.04022582921665491, "roll-out": 0.2487649964714185, "dsfb-red": 0.026817219477769938, "sft": 0.0, "redirect": 0.04163726182074806, "sfb": 0.014467184191954835, "bad-redirect": 0.0014114326040931546, "dsfb": 0.0, "sfR": 0.10832745236414962}, "english-10k": {"oneh-in": 0.006541749483800004, "sfT": 1.929719611740414e-05, "dsfb-alt": 0.029852762393624208, "oneh-out": 0.011192373748094403, "alternate": 0.23118040948650162, "roll-in": 0.24547963180949808, "unknown": 0.04976746878678528, "roll-out": 0.24588487292796357, "dsfb-red": 0.018583199861060187, "sft": 0.0, "redirect": 0.03863298662704309, "sfb": 0.01393257559676579, "bad-redirect": 0.0032612261438413, "dsfb": 0.0, "sfR": 0.10567144593890508}, "reddit": {"oneh-in": 0.008856992652915676, "sfT": 0.00012574453632123626, "dsfb-alt": 0.03254105285671772, "oneh-out": 0.011355889063877437, "alternate": 0.2207868791176232, "roll-in": 0.24066968610874973, "unknown": 0.10604133762670204, "roll-out": 0.20704476554187673, "dsfb-red": 0.01757816472534258, "sft": 0.0, "redirect": 0.03446962269334908, "sfb": 0.01427629374627884, "bad-redirect": 0.002275800057572044, "dsfb": 0.0, "sfR": 0.10397777127267367}, "akl": {"oneh-in": 0.007705461069429523, "sfT": 0.0002432957589178446, "dsfb-alt": 0.028247583911526226, "oneh-out": 0.00985640608703406, "alternate": 0.18898293947479988, "roll-in": 0.20616334596081232, "unknown": 0.1900358292351863, "roll-out": 0.1752024225902793, "dsfb-red": 0.01550468748922903, "sft": 0.0, "redirect": 0.027012525000078447, "sfb": 0.018095823147727272, "bad-redirect": 0.0023010684086053317, "dsfb": 0.0, "sfR": 0.13064861186637447}, "french": {"oneh-in": 0.013005509136576731, "sfT": 0.00042481002616982577, "dsfb-alt": 0.023641385848212435, "oneh-out": 0.009261832389994392, "alternate": 0.1639750970085269, "roll-in": 0.16234195677460977, "unknown": 0.24443479014781727, "roll-out": 0.1966977840947201, "dsfb-red": 0.012249315828133924, "sft": 0.0, "redirect": 0.03363812235436653, "sfb": 0.02834719625307819, "bad-redirect": 0.002999408981459271, "dsfb": 0.0, "sfR": 0.10898279115633469}, "keymash": {"oneh-in": 0.010024095594241687, "sfT": 7.388768251283799e-05, "dsfb-alt": 0.031221650732924763, "oneh-out": 0.011698883064532681, "alternate": 0.2199390016132144, "roll-in": 0.2591035782162692, "unknown": 0.07557478459688112, "roll-out": 0.2167372020376581, "dsfb-red": 0.02274509160020196, "sft": 0.0, "redirect": 0.034148423934683286, "sfb": 0.016936698780442752, "bad-redirect": 0.002072959981610177, "dsfb": 0.0, "sfR": 0.099723742164827}, "movie": {"oneh-in": 0.00991773950707924, "sfT": 5.81662446543313e-05, "dsfb-alt": 0.034296765496204785, "oneh-out": 0.011145284145395083, "alternate": 0.20965707050841115, "roll-in": 0.2481315409883182, "unknown": 0.11860057805666577, "roll-out": 0.18429119232774074, "dsfb-red": 0.021514799032334775, "sft": 0.0, "redirect": 0.02939382482406356, "sfb": 0.01560513489502243, "bad-redirect": 0.0017107719015979795, "dsfb": 0.0, "sfR": 0.11567713207251198}, "dutch": {"oneh-in": 0.00955428026168488, "sfT": 7.729965394642974e-05, "dsfb-alt": 0.02396703473686147, "oneh-out": 0.006755534312744394, "alternate": 0.17722173030084395, "roll-in": 0.19198901243963196, "unknown": 0.14832880156416772,