{"english-450k": {"sfb": 0.024849427089149806, "sfT": 2.134127267656395e-05, "redirect": 0.028331562689842313, "unknown": 0.00015377410175167997, "dsfb": 0.0, "oneh-in": 0.011824234447620624, "dsfb-alt": 0.0400669238923441, "dsfb-red": 0.017523231290866345, "sfR": 0.11369548401129392, "sft": 0.0, "roll-in": 0.2269925001505583, "oneh-out": 0.011465233312732671, "alternate": 0.3096808690400111, "roll-out": 0.21276664166132161, "bad-redirect": 0.0026287770398310006}, "shai": {"sfb": 0.015121919425519865, "sfT": 4.466451760927635e-05, "redirect": 0.02509806841830016, "unknown": 0.023260762136131256, "dsfb": 0.0, "oneh-in": 0.020072830256564755, "dsfb-alt": 0.03972088314678479, "dsfb-red": 0.011473428250206757, "sfR": 0.09823378925716947, "sft": 0.0, "roll-in": 0.2614663376612761, "oneh-out": 0.008242809631930316, "alternate": 0.2831336021770895, "roll-out": 0.21069643207138397, "bad-redirect": 0.0034344730500338585}, "tr-quotes": {"sfb": 0.013927093687154711, "sfT": 4.623101638889531e-06, "redirect": 0.029040012944684588, "unknown": 0.013835787429786644, "dsfb": 0.0, "oneh-in": 0.028761471070941496, "dsfb-alt": 0.03446059961628256, "dsfb-red": 0.012319410092230877, "sfR": 0.09677191928064538, "sft": 0.0, "roll-in": 0.2579910311828206, "oneh-out": 0.007252490696007952, "alternate": 0.27963639305610133, "roll-out": 0.22195973278472528, "bad-redirect": 0.0040394350569797274}, "gutenberg": {"sfb": 0.014732119346685595, "sfT": 3.978172336698867e-06, "redirect": 0.029479583072384172, "unknown": 0.032975828246008664, "dsfb": 0.0, "oneh-in": 0.018349793494968368, "dsfb-alt": 0.03141051214990662, "dsfb-red": 0.018678276867912933, "sfR": 0.09863878308844841, "sft": 0.0, "roll-in": 0.27754458110413605, "oneh-out": 0.008429178871131085, "alternate": 0.25768232437411037, "roll-out": 0.20844637973056787, "bad-redirect": 0.003628661481403181}, "english-200": {"sfb": 0.0022271714922048997, "sfT": 0.0, "redirect": 0.026726057906458798, "unknown": 0.0, "dsfb": 0.0, "oneh-in": 0.024498886414253896, "dsfb-alt": 0.031180400890868598, "dsfb-red": 0.015590200445434299, "sfR": 0.10690423162583519, "sft": 0.0, "roll-in": 0.24276169265033407, "oneh-out": 0.0066815144766146995, "alternate": 0.289532293986637, "roll-out": 0.2516703786191537, "bad-redirect": 0.0022271714922048997}, "monkeyracer": {"sfb": 0.0138388178988692, "sfT": 5.865148505560161e-06, "redirect": 0.029095046686582103, "unknown": 0.013436077701487402, "dsfb": 0.0, "oneh-in": 0.02924363044872296, "dsfb-alt": 0.034350219747564005, "dsfb-red": 0.012351025227958772, "sfR": 0.09690789370786869, "sft": 0.0, "roll-in": 0.2579140403835025, "oneh-out": 0.007264963948887186, "alternate": 0.27949289926020926, "roll-out": 0.22204670222250028, "bad-redirect": 0.004052817617342071}, "chained-bigrams": {"sfb": 0.017447466380626307, "sfT": 7.07742114356841e-05, "redirect": 0.033147653834890906, "unknown": 0.022916559801936097, "dsfb": 0.0, "oneh-in": 0.015336576826705122, "dsfb-alt": 0.05004645775071764, "dsfb-red": 0.01766238623370164, "sfR": 0.11914286586209158, "sft": 0.0, "roll-in": 0.2383974121312193, "oneh-out": 0.010314854338231904, "alternate": 0.2902911417308775, "roll-out": 0.18133781440144822, "bad-redirect": 0.003888036496118132}, "english-5k": {"sfb": 0.01584601982826565, "sfT": 0.0, "redirect": 0.024266810469987972, "unknown": 0.002157049819554486, "dsfb": 0.0, "oneh-in": 0.009872651097191687, "dsfb-alt": 0.04040320238934749, "dsfb-red": 0.0115734019164558, "sfR": 0.10644211224955408, "sft": 0.0, "roll-in": 0.236445845605011, "oneh-out": 0.011946737462147923, "alternate": 0.3127722238354005, "roll-out": 0.22628282241672543, "bad-redirect": 0.0019911229103579875}, "mt-quotes": {"sfb": 0.013112441878533606, "sfT": 4.482375300319145e-06, "redirect": 0.0289845328169637, "unknown": 0.007977133909467972, "dsfb": 0.0, "oneh-in": 0.03125410884402529, "dsfb-alt": 0.03359241462569178, "dsfb-red": 0.012304120199376054, "sfR": 0.0964592223377679, "sft": 0.0, "roll-in": 0.2609295251072782, "oneh-out": 0.0072629421116171215, "alternate": 0.27914440420267506, "roll-out": 0.22489122769271225, "bad-redirect": 0.004083443898590741}, "wordle": {"sfb": 0.03033770896443397, "sfT": 0.00011219566924716706, "redirect": 0.027645012902501962, "unknown": 0.0, "dsfb": 0.0, "oneh-in": 0.02466060810052732, "dsfb-alt": 0.04552900258050039, "dsfb-red": 0.023224503534163582, "sfR": 0.13138112868843263, "sft": 0.0, "roll-in": 0.223920116683496, "oneh-out": 0.0073375967687647255, "alternate": 0.2821496690227757, "roll-out": 0.20089756535397735, "bad-redirect": 0.0028048917311791766}, "english-1k": {"sfb": 0.014467184191954835, "sfT": 0.0, "redirect": 0.027875793930839804, "unknown": 0.0, "dsfb": 0.0, "oneh-in": 0.01305575158786168, "dsfb-alt": 0.03493295695130558, "dsfb-red": 0.013761467889908258, "sfR": 0.10832745236414962, "sft": 0.0, "roll-in": 0.23782639378969656, "oneh-out": 0.0077628793225123505, "alternate": 0.3009880028228652, "roll-out": 0.23888496824276642, "bad-redirect": 0.002117148906139732}, "english-10k": {"sfb": 0.018679685841647208, "sfT": 0.0, "redirect": 0.021921614789371106, "unknown": 0.0, "dsfb": 0.0, "oneh-in": 0.01416414195017464, "dsfb-alt": 0.04310993612628085, "dsfb-red": 0.011597614866559889, "sfR": 0.10567144593890508, "sft": 0.0, "roll-in": 0.25078636074178423, "oneh-out": 0.010613457864572278, "alternate": 0.30493429304722025, "roll-out": 0.21643735165280484, "bad-redirect": 0.002084097180679647}, "reddit": {"sfb": 0.014814144743310902, "sfT": 9.049711044149742e-05, "redirect": 0.02794334266584785, "unknown": 0.039285409944231534, "dsfb": 0.0, "oneh-in": 0.024896331926620177, "dsfb-alt": 0.03603283292102086, "dsfb-red": 0.011223739309888363, "sfR": 0.10397777127267367, "sft": 0.0, "roll-in": 0.24136583213422788, "oneh-out": 0.007600933213994015, "alternate": 0.27147084211943784, "roll-out": 0.2173039764602632, "bad-redirect": 0.003994346178042202}, "akl": {"sfb": 0.019861082494903502, "sfT": 0.0001895814317230244, "redirect": 0.024096731448599553, "unknown": 0.13277008071454782, "dsfb": 0.0, "oneh-in": 0.022403025317410535, "dsfb-alt": 0.028861345457913773, "dsfb-red": 0.011996652712883605, "sfR": 0.13064861186637447, "sft": 0.0, "roll-in": 0.1993413299158437, "oneh-out": 0.008188544107752027, "alternate": 0.22796264101833075, "roll-out": 0.19013671037499147, "bad-redirect": 0.003543663138725799}, "french": {"sfb": 0.026092279764317106, "sfT": 0.00019077872943913107, "redirect": 0.027358035358426923, "unknown": 0.15807953387545715, "dsfb": 0.0, "oneh-in": 0.012349349562739318, "dsfb-alt": 0.031023431999675555, "dsfb-red": 0.011202190200939861, "sfR": 0.10898279115633469, "sft": 0.0, "roll-in": 0.25160538263293014, "oneh-out": 0.00584907448869645, "alternate": 0.20469338147177774, "roll-out": 0.1566508807530615, "bad-redirect": 0.0059228900062044286}, "keymash": {"sfb": 0.0143752591199977, "sfT": 1.2314613752139664e-05, "redirect": 0.029316990472593826, "unknown": 0.01232282349464109, "dsfb": 0.0, "oneh-in": 0.02751084712228001, "dsfb-alt": 0.034784678978543836, "dsfb-red": 0.013525550771100065, "sfR": 0.099723742164827, "sft": 0.0, "roll-in": 0.2606716390340417, "oneh-out": 0.0073928731225345115, "alternate": 0.27922155221601475, "roll-out": 0.21725031094399724, "bad-redirect": 0.003891417945676134}, "movie": {"sfb": 0.013610506455597771, "sfT": 3.6847394803648786e-06, "redirect": 0.03384235815957264, "unknown": 0.030236445784519856, "dsfb": 0.0, "oneh-in": 0.03688424219845243, "dsfb-alt": 0.03670658511636341, "dsfb-red": 0.01375776443697378, "sfR": 0.11567713207251198, "sft": 0.0, "roll-in": 0.22095040222221374, "oneh-out": 0.005932562161226039, "alternate": 0.26653655149706357, "roll-out": 0.21958941737557325, "bad-redirect": 0.0062723477804511145}, "dutch": {"sfb": 0.035812278785550176, "sfT": 0.00023073346021402412, "redirect": 0.02136629854865641, "unknown": 0.07290361491625476, "dsfb": 0.0, "oneh-in": 0.0084247657404491, "dsfb-alt": 0.02626712529813083, "dsfb-red": 0.018456614775784922,