{"english-450k": {"unknown": 0.00015377410175167997, "roll-out": 0.21276664166132161, "bad-redirect": 0.0026287770398310006, "dsfb-alt": 0.0400669238923441, "roll-in": 0.2269925001505583, "sfT": 2.134127267656395e-05, "redirect": 0.028331562689842313, "sft": 0.0, "oneh-in": 0.011824234447620624, "oneh-out": 0.011465233312732671, "alternate": 0.3096808690400111, "sfR": 0.11369548401129392, "dsfb": 0.0, "dsfb-red": 0.017523231290866345, "sfb": 0.024849427089149806}, "shai": {"unknown": 0.023260762136131256, "roll-out": 0.21069643207138397, "bad-redirect": 0.0034344730500338585, "dsfb-alt": 0.03972088314678479, "roll-in": 0.2614663376612761, "sfT": 4.466451760927635e-05, "redirect": 0.02509806841830016, "sft": 0.0, "oneh-in": 0.020072830256564755, "oneh-out": 0.008242809631930316, "alternate": 0.2831336021770895, "sfR": 0.09823378925716947, "dsfb": 0.0, "dsfb-red": 0.011473428250206757, "sfb": 0.015121919425519865}, "tr-quotes": {"unknown": 0.013835787429786644, "roll-out": 0.22195973278472528, "bad-redirect": 0.0040394350569797274, "dsfb-alt": 0.03446059961628256, "roll-in": 0.2579910311828206, "sfT": 4.623101638889531e-06, "redirect": 0.029040012944684588, "sft": 0.0, "oneh-in": 0.028761471070941496, "oneh-out": 0.007252490696007952, "alternate": 0.27963639305610133, "sfR": 0.09677191928064538, "dsfb": 0.0, "dsfb-red": 0.012319410092230877, "sfb": 0.013927093687154711}, "gutenberg": {"unknown": 0.032975828246008664, "roll-out": 0.20844637973056787, "bad-redirect": 0.003628661481403181, "dsfb-alt": 0.03141051214990662, "roll-in": 0.27754458110413605, "sfT": 3.978172336698867e-06, "redirect": 0.029479583072384172, "sft": 0.0, "oneh-in": 0.018349793494968368, "oneh-out": 0.008429178871131085, "alternate": 0.25768232437411037, "sfR": 0.09863878308844841, "dsfb": 0.0, "dsfb-red": 0.018678276867912933, "sfb": 0.014732119346685595}, "english-200": {"unknown": 0.0, "roll-out": 0.2516703786191537, "bad-redirect": 0.0022271714922048997, "dsfb-alt": 0.031180400890868598, "roll-in": 0.24276169265033407, "sfT": 0.0, "redirect": 0.026726057906458798, "sft": 0.0, "oneh-in": 0.024498886414253896, "oneh-out": 0.0066815144766146995, "alternate": 0.289532293986637, "sfR": 0.10690423162583519, "dsfb": 0.0, "dsfb-red": 0.015590200445434299, "sfb": 0.0022271714922048997}, "monkeyracer": {"unknown": 0.013436077701487402, "roll-out": 0.22204670222250028, "bad-redirect": 0.004052817617342071, "dsfb-alt": 0.034350219747564005, "roll-in": 0.2579140403835025, "sfT": 5.865148505560161e-06, "redirect": 0.029095046686582103, "sft": 0.0, "oneh-in": 0.02924363044872296, "oneh-out": 0.007264963948887186, "alternate": 0.27949289926020926, "sfR": 0.09690789370786869, "dsfb": 0.0, "dsfb-red": 0.012351025227958772, "sfb": 0.0138388178988692}, "chained-bigrams": {"unknown": 0.022916559801936097, "roll-out": 0.18133781440144822, "bad-redirect": 0.003888036496118132, "dsfb-alt": 0.05004645775071764, "roll-in": 0.2383974121312193, "sfT": 7.07742114356841e-05, "redirect": 0.033147653834890906, "sft": 0.0, "oneh-in": 0.015336576826705122, "oneh-out": 0.010314854338231904, "alternate": 0.2902911417308775, "sfR": 0.11914286586209158, "dsfb": 0.0, "dsfb-red": 0.01766238623370164, "sfb": 0.017447466380626307}, "english-5k": {"unknown": 0.002157049819554486, "roll-out": 0.22628282241672543, "bad-redirect": 0.0019911229103579875, "dsfb-alt": 0.04040320238934749, "roll-in": 0.236445845605011, "sfT": 0.0, "redirect": 0.024266810469987972, "sft": 0.0, "oneh-in": 0.009872651097191687, "oneh-out": 0.011946737462147923, "alternate": 0.3127722238354005, "sfR": 0.10644211224955408, "dsfb": 0.0, "dsfb-red": 0.0115734019164558, "sfb": 0.01584601982826565}, "mt-quotes": {"unknown": 0.007977133909467972, "roll-out": 0.22489122769271225, "bad-redirect": 0.004083443898590741, "dsfb-alt": 0.03359241462569178, "roll-in": 0.2609295251072782, "sfT": 4.482375300319145e-06, "redirect": 0.0289845328169637, "sft": 0.0, "oneh-in": 0.03125410884402529, "oneh-out": 0.0072629421116171215, "alternate": 0.27914440420267506, "sfR": 0.0964592223377679, "dsfb": 0.0, "dsfb-red": 0.012304120199376054, "sfb": 0.013112441878533606}, "wordle": {"unknown": 0.0, "roll-out": 0.20089756535397735, "bad-redirect": 0.0028048917311791766, "dsfb-alt": 0.04552900258050039, "roll-in": 0.223920116683496, "sfT": 0.00011219566924716706, "redirect": 0.027645012902501962, "sft": 0.0, "oneh-in": 0.02466060810052732, "oneh-out": 0.0073375967687647255, "alternate": 0.2821496690227757, "sfR": 0.13138112868843263, "dsfb": 0.0, "dsfb-red": 0.023224503534163582, "sfb": 0.03033770896443397}, "english-1k": {"unknown": 0.0, "roll-out": 0.23888496824276642, "bad-redirect": 0.002117148906139732, "dsfb-alt": 0.03493295695130558, "roll-in": 0.23782639378969656, "sfT": 0.0, "redirect": 0.027875793930839804, "sft": 0.0, "oneh-in": 0.01305575158786168, "oneh-out": 0.0077628793225123505, "alternate": 0.3009880028228652, "sfR": 0.10832745236414962, "dsfb": 0.0, "dsfb-red": 0.013761467889908258, "sfb": 0.014467184191954835}, "english-10k": {"unknown": 0.0, "roll-out": 0.21643735165280484, "bad-redirect": 0.002084097180679647, "dsfb-alt": 0.04310993612628085, "roll-in": 0.25078636074178423, "sfT": 0.0, "redirect": 0.021921614789371106, "sft": 0.0, "oneh-in": 0.01416414195017464, "oneh-out": 0.010613457864572278, "alternate": 0.30493429304722025, "sfR": 0.10567144593890508, "dsfb": 0.0, "dsfb-red": 0.011597614866559889, "sfb": 0.018679685841647208}, "reddit": {"unknown": 0.039285409944231534, "roll-out": 0.2173039764602632, "bad-redirect": 0.003994346178042202, "dsfb-alt": 0.03603283292102086, "roll-in": 0.24136583213422788, "sfT": 9.049711044149742e-05, "redirect": 0.02794334266584785, "sft": 0.0, "oneh-in": 0.024896331926620177, "oneh-out": 0.007600933213994015, "alternate": 0.27147084211943784, "sfR": 0.10397777127267367, "dsfb": 0.0, "dsfb-red": 0.011223739309888363, "sfb": 0.014814144743310902}, "akl": {"unknown": 0.13277008071454782, "roll-out": 0.19013671037499147, "bad-redirect": 0.003543663138725799, "dsfb-alt": 0.028861345457913773, "roll-in": 0.1993413299158437, "sfT": 0.0001895814317230244, "redirect": 0.024096731448599553, "sft": 0.0, "oneh-in": 0.022403025317410535, "oneh-out": 0.008188544107752027, "alternate": 0.22796264101833075, "sfR": 0.13064861186637447, "dsfb": 0.0, "dsfb-red": 0.011996652712883605, "sfb": 0.019861082494903502}, "french": {"unknown": 0.15807953387545715, "roll-out": 0.1566508807530615, "bad-redirect": 0.0059228900062044286, "dsfb-alt": 0.031023431999675555, "roll-in": 0.25160538263293014, "sfT": 0.00019077872943913107, "redirect": 0.027358035358426923, "sft": 0.0, "oneh-in": 0.012349349562739318, "oneh-out": 0.00584907448869645, "alternate": 0.20469338147177774, "sfR": 0.10898279115633469, "dsfb": 0.0, "dsfb-red": 0.011202190200939861, "sfb": 0.026092279764317106}, "keymash": {"unknown": 0.01232282349464109, "roll-out": 0.21725031094399724, "bad-redirect": 0.003891417945676134, "dsfb-alt": 0.034784678978543836, "roll-in": 0.2606716390340417, "sfT": 1.2314613752139664e-05, "redirect": 0.029316990472593826, "sft": 0.0, "oneh-in": 0.02751084712228001, "oneh-out": 0.0073928731225345115, "alternate": 0.27922155221601475, "sfR": 0.099723742164827, "dsfb": 0.0, "dsfb-red": 0.013525550771100065, "sfb": 0.0143752591199977}, "movie": {"unknown": 0.030236445784519856, "roll-out": 0.21958941737557325, "bad-redirect": 0.0062723477804511145, "dsfb-alt": 0.03670658511636341, "roll-in": 0.22095040222221374, "sfT": 3.6847394803648786e-06, "redirect": 0.03384235815957264, "sft": 0.0, "oneh-in": 0.03688424219845243, "oneh-out": 0.005932562161226039, "alternate": 0.26653655149706357, "sfR": 0.11567713207251198, "dsfb": 0.0, "dsfb-red": 0.01375776443697378, "sfb": 0.013610506455597771}, "dutch": {"unknown": 0.07290361491625476, "roll-out": 0.13881940208045268, "bad-redirect": 0.0021399864995464046, "dsfb-alt": 0.02626712529813083, "roll-in": 0.23887807522534796, "sfT": 0.00023073346021402412, "redirect": 0.02136629854865641, "sft": 0.0,