{"english-450k": {"roll-out": 0.18571467829347, "sft": 0.0, "dsfb-alt": 0.04012042324713603, "redirect": 0.041628929644547945, "sfb": 0.03949801818510309, "alternate": 0.3109601760158007, "sfT": 0.00021341272676563949, "sfR": 0.11369548401129392, "roll-in": 0.22533957472982827, "unknown": 0.00015377410175167997, "oneh-in": 0.013026069680132328, "oneh-out": 0.004506809035368628, "bad-redirect": 0.0014003383030238537, "dsfb-red": 0.02374231202577792, "dsfb": 0.0}, "shai": {"roll-out": 0.234108155632544, "sft": 0.0, "dsfb-alt": 0.03325330618060938, "redirect": 0.031131137810395174, "sfb": 0.019108208270103753, "alternate": 0.30312418237614, "sfT": 4.9777327640632854e-05, "sfR": 0.09823378925716947, "roll-in": 0.2166756331137315, "unknown": 0.023260762136131256, "oneh-in": 0.013003129922192398, "oneh-out": 0.007811874445176898, "bad-redirect": 0.0013240281480898914, "dsfb-red": 0.018916015380075694, "dsfb": 0.0}, "tr-quotes": {"roll-out": 0.2610191627562932, "sft": 0.0, "dsfb-alt": 0.03070895263632371, "redirect": 0.03532627539816463, "sfb": 0.018997480409606804, "alternate": 0.284787684057234, "sfT": 2.6582834423614803e-05, "sfR": 0.09677191928064538, "roll-in": 0.2108273040382793, "unknown": 0.013835787429786644, "oneh-in": 0.010974087515314025, "oneh-out": 0.00985182959247359, "bad-redirect": 0.0014216037539585308, "dsfb-red": 0.02545133029749659, "dsfb": 0.0}, "gutenberg": {"roll-out": 0.2711766638137488, "sft": 0.0, "dsfb-alt": 0.02849716394199749, "redirect": 0.033438811731289236, "sfb": 0.017978307973431872, "alternate": 0.27299809843362305, "sfT": 7.577471117521652e-06, "sfR": 0.09863878308844841, "roll-in": 0.20006948541014768, "unknown": 0.032975828246008664, "oneh-in": 0.009010370905844996, "oneh-out": 0.011574018821680509, "bad-redirect": 0.00198075095012016, "dsfb-red": 0.021654139212541623, "dsfb": 0.0}, "english-200": {"roll-out": 0.2383073496659243, "sft": 0.0, "dsfb-alt": 0.026726057906458798, "redirect": 0.031180400890868598, "sfb": 0.013363028953229399, "alternate": 0.3184855233853007, "sfT": 0.0, "sfR": 0.10690423162583519, "roll-in": 0.22048997772828507, "unknown": 0.0, "oneh-in": 0.0066815144766146995, "oneh-out": 0.011135857461024499, "bad-redirect": 0.0022271714922048997, "dsfb-red": 0.024498886414253896, "dsfb": 0.0}, "monkeyracer": {"roll-out": 0.2618251169119602, "sft": 0.0, "dsfb-alt": 0.0305779517337379, "redirect": 0.03523292459765081, "sfb": 0.018814418881086068, "alternate": 0.28433555687630013, "sfT": 2.7370693025947417e-05, "sfR": 0.09690789370786869, "roll-in": 0.21091660540844895, "unknown": 0.013436077701487402, "oneh-in": 0.010875940378810392, "oneh-out": 0.009906235825891112, "bad-redirect": 0.0014389164333640928, "dsfb-red": 0.025704990850368332, "dsfb": 0.0}, "chained-bigrams": {"roll-out": 0.21027083148010953, "sft": 0.0, "dsfb-alt": 0.05241901709554324, "redirect": 0.038571945232447835, "sfb": 0.019986247726621945, "alternate": 0.28501229458434435, "sfT": 7.272212551189558e-05, "sfR": 0.11914286586209158, "roll-in": 0.20405503766291866, "unknown": 0.022916559801936097, "oneh-in": 0.00845005126260544, "oneh-out": 0.007862430516281639, "bad-redirect": 0.0037373978075577767, "dsfb-red": 0.02750259884203001, "dsfb": 0.0}, "english-5k": {"roll-out": 0.17214916829136764, "sft": 0.0, "dsfb-alt": 0.04056912929854399, "redirect": 0.032438710747915545, "sfb": 0.022317169286929107, "alternate": 0.33583606421371387, "sfT": 4.148172729912474e-05, "sfR": 0.10644211224955408, "roll-in": 0.2426681046998797, "unknown": 0.002157049819554486, "oneh-in": 0.02293939519641598, "oneh-out": 0.003982245820715975, "bad-redirect": 0.0013688970008711163, "dsfb-red": 0.01709047164723939, "dsfb": 0.0}, "mt-quotes": {"roll-out": 0.26897688289645116, "sft": 0.0, "dsfb-alt": 0.030348669033360826, "redirect": 0.03507757497519752, "sfb": 0.018043054708884666, "alternate": 0.2826765159393266, "sfT": 1.4941251001063817e-05, "sfR": 0.0964592223377679, "roll-in": 0.21147697254395717, "unknown": 0.007977133909467972, "oneh-in": 0.010650123713558288, "oneh-out": 0.010218321559627545, "bad-redirect": 0.0014358542212022328, "dsfb-red": 0.026644732910197106, "dsfb": 0.0}, "wordle": {"roll-out": 0.2206888814091776, "sft": 0.0, "dsfb-alt": 0.04389094580949175, "redirect": 0.044945585100415124, "sfb": 0.04229776730618198, "alternate": 0.2911926399640974, "sfT": 0.0006058566139347021, "sfR": 0.13138112868843263, "roll-in": 0.17913160552002694, "unknown": 0.0, "oneh-in": 0.00572197913160552, "oneh-out": 0.01059127117693257, "bad-redirect": 0.0008526870862784697, "dsfb-red": 0.028699652193425334, "dsfb": 0.0}, "english-1k": {"roll-out": 0.20148200423429782, "sft": 0.0, "dsfb-alt": 0.03211009174311927, "redirect": 0.03493295695130558, "sfb": 0.017642907551164433, "alternate": 0.31827805222300637, "sfT": 0.00035285815102328866, "sfR": 0.10832745236414962, "roll-in": 0.24735356386732535, "unknown": 0.0, "oneh-in": 0.013408609738884969, "oneh-out": 0.008468595624558928, "bad-redirect": 0.00035285815102328866, "dsfb-red": 0.017290049400141144, "dsfb": 0.0}, "english-10k": {"roll-out": 0.18008143416761543, "sft": 0.0, "dsfb-alt": 0.03890314737268675, "redirect": 0.03334555489087435, "sfb": 0.023735551224407094, "alternate": 0.3285733582910403, "sfT": 1.929719611740414e-05, "sfR": 0.10567144593890508, "roll-in": 0.2464637888114857, "unknown": 0.0, "oneh-in": 0.020570811061152813, "oneh-out": 0.004669921460411802, "bad-redirect": 0.0006175102757569325, "dsfb-red": 0.017348179309546324, "dsfb": 0.0}, "reddit": {"roll-out": 0.24120877320041945, "sft": 0.0, "dsfb-alt": 0.03194473083758335, "redirect": 0.03311246569603272, "sfb": 0.01911429324322578, "alternate": 0.2795571110370703, "sfT": 6.64119937138969e-05, "sfR": 0.10397777127267367, "roll-in": 0.20485639108685869, "unknown": 0.039285409944231534, "oneh-in": 0.012168789846493902, "oneh-out": 0.009018846135621681, "bad-redirect": 0.0014509129027116732, "dsfb-red": 0.024238092803363375, "dsfb": 0.0}, "akl": {"roll-out": 0.20269642463453688, "sft": 0.0, "dsfb-alt": 0.03060184778768006, "redirect": 0.026381344594136002, "sfb": 0.025001301472946175, "alternate": 0.23476746057216433, "sfT": 0.00020218230884784424, "sfR": 0.13064861186637447, "roll-in": 0.17747890693469012, "unknown": 0.13277008071454782, "oneh-in": 0.009492463106546618, "oneh-out": 0.006672090314785477, "bad-redirect": 0.0015644853716540996, "dsfb-red": 0.021722800321090117, "dsfb": 0.0}, "french": {"roll-out": 0.1772920036550292, "sft": 0.0, "dsfb-alt": 0.02699189421120194, "redirect": 0.024644524798036204, "sfb": 0.04749967875193137, "alternate": 0.23360404466487522, "sfT": 5.092326852235012e-05, "sfR": 0.10898279115633469, "roll-in": 0.1812082262337892, "unknown": 0.15807953387545715, "oneh-in": 0.014163605240365394, "oneh-out": 0.011355769025777347, "bad-redirect": 0.0016962886825260513, "dsfb-red": 0.014430716436153854, "dsfb": 0.0}, "keymash": {"roll-out": 0.26210834397179134, "sft": 0.0, "dsfb-alt": 0.03007228678272506, "redirect": 0.03441934543723036, "sfb": 0.017687890219323273, "alternate": 0.2861259456597144, "sfT": 2.462922750427933e-05, "sfR": 0.099723742164827, "roll-in": 0.21011193983900694, "unknown": 0.01232282349464109, "oneh-in": 0.010775287033122206, "oneh-out": 0.009983046881734554, "bad-redirect": 0.0014613341652539068, "dsfb-red": 0.025183385123125613, "dsfb": 0.0}, "movie": {"roll-out": 0.2665210229521106, "sft": 0.0, "dsfb-alt": 0.03163283044973956, "redirect": 0.03721323679491358, "sfb": 0.02128752956509941, "alternate": 0.26053042614406885, "sfT": 3.4873427224881885e-05, "sfR": 0.11567713207251198, "roll-in": 0.18469993521438408, "unknown": 0.030236445784519856, "oneh-in": 0.008691510847149243, "oneh-out": 0.011979614442020559, "bad-redirect": 0.0013325597135062416, "dsfb-red": 0.030162882592751145, "dsfb": 0.0}, "dutch": {"roll-out": 0.15849068471929467, "sft": 0.0, "dsfb-alt": 0.030376056451017427, "redirect": 0.037581904730175794, "sfb": 0.028985971627960835, "alternate": 0.22227111152885878, "sfT": 0.00010670615649158047,