{"english-450k": {"roll-out": 0.20267075795430162, "redirect": 0.02955503154123163, "sfT": 3.654327513110265e-05, "sft": 0.0, "oneh-out": 0.008061154147720196, "dsfb": 0.0, "oneh-in": 0.006402966495371283, "dsfb-alt": 0.03524262688263645, "sfR": 0.11369548401129392, "dsfb-red": 0.011448861925473936, "unknown": 0.00015377410175167997, "roll-in": 0.21668261902437055, "sfb": 0.0228044654128133, "alternate": 0.3483667494786005, "bad-redirect": 0.004878965749303778}, "shai": {"roll-out": 0.24412118188041798, "redirect": 0.023346267207450505, "sfT": 3.634700908741024e-05, "sft": 0.0, "oneh-out": 0.010010289868848875, "dsfb": 0.0, "oneh-in": 0.007855702954484301, "dsfb-alt": 0.030179226246449673, "sfR": 0.09823378925716947, "dsfb-red": 0.008396000412430762, "unknown": 0.023260762136131256, "roll-in": 0.2345701044050516, "sfb": 0.014149730789845162, "alternate": 0.3015427178567967, "bad-redirect": 0.0042978799758362635}, "tr-quotes": {"roll-out": 0.28034257183144173, "redirect": 0.02851760245949007, "sfT": 4.8542567208340074e-05, "sft": 0.0, "oneh-out": 0.012288204156168374, "dsfb": 0.0, "oneh-in": 0.009539770231848547, "dsfb-alt": 0.026752733408843994, "sfR": 0.09677191928064538, "dsfb-red": 0.008712235038487321, "unknown": 0.013835787429786644, "roll-in": 0.21924366057187766, "sfb": 0.01465869952150898, "alternate": 0.28542682785881046, "bad-redirect": 0.0038614456438824806}, "gutenberg": {"roll-out": 0.2827277607852988, "redirect": 0.02311602282788949, "sfT": 2.652114891132578e-05, "sft": 0.0, "oneh-out": 0.014409887387412987, "dsfb": 0.0, "oneh-in": 0.007116760873576335, "dsfb-alt": 0.02609775771263426, "sfR": 0.09863878308844841, "dsfb-red": 0.013787398135108583, "unknown": 0.032975828246008664, "roll-in": 0.21081111902956842, "sfb": 0.012464561114767242, "alternate": 0.2737243990402375, "bad-redirect": 0.004103200610137974}, "english-200": {"roll-out": 0.30066815144766146, "redirect": 0.026726057906458798, "sfT": 0.0, "sft": 0.0, "oneh-out": 0.008908685968819599, "dsfb": 0.0, "oneh-in": 0.0022271714922048997, "dsfb-alt": 0.028953229398663696, "sfR": 0.10690423162583519, "dsfb-red": 0.0066815144766146995, "unknown": 0.0, "roll-in": 0.22048997772828507, "sfb": 0.013363028953229399, "alternate": 0.2806236080178174, "bad-redirect": 0.004454342984409799}, "monkeyracer": {"roll-out": 0.2810217479706586, "redirect": 0.028432284905453808, "sfT": 5.1808811799114756e-05, "sft": 0.0, "oneh-out": 0.012377418396233793, "dsfb": 0.0, "oneh-in": 0.009582675133334375, "dsfb-alt": 0.026717706492328387, "sfR": 0.09690789370786869, "dsfb-red": 0.00873320612477908, "unknown": 0.013436077701487402, "roll-in": 0.21932038569216572, "sfb": 0.014635500570874455, "alternate": 0.28489665608333203, "bad-redirect": 0.0038866384096845332}, "chained-bigrams": {"roll-out": 0.22442697237663048, "redirect": 0.032413939532851245, "sfT": 5.1944375365639704e-05, "sft": 0.0, "oneh-out": 0.008285777175511603, "dsfb": 0.0, "oneh-in": 0.008785741788405885, "dsfb-alt": 0.04260932180774218, "sfR": 0.11914286586209158, "dsfb-red": 0.01620794372346373, "unknown": 0.022916559801936097, "roll-in": 0.20417386042156757, "sfb": 0.01538397606922627, "alternate": 0.29829447136533843, "bad-redirect": 0.007306625699869295}, "english-5k": {"roll-out": 0.1953789355788775, "redirect": 0.0231468038329116, "sfT": 0.0, "sft": 0.0, "oneh-out": 0.008877089642012694, "dsfb": 0.0, "oneh-in": 0.0038163189115194758, "dsfb-alt": 0.031235740656240928, "sfR": 0.10644211224955408, "dsfb-red": 0.008711162732816195, "unknown": 0.002157049819554486, "roll-in": 0.2578089351640602, "sfb": 0.016053428464761273, "alternate": 0.34068942630771143, "bad-redirect": 0.005682996639980089}, "mt-quotes": {"roll-out": 0.28929698425789796, "redirect": 0.028990509317364126, "sfT": 4.6317878103297835e-05, "sft": 0.0, "oneh-out": 0.012747875354107648, "dsfb": 0.0, "oneh-in": 0.009871684536402863, "dsfb-alt": 0.02635039026547615, "sfR": 0.0964592223377679, "dsfb-red": 0.008897514971133502, "unknown": 0.007977133909467972, "roll-in": 0.21920906993700767, "sfb": 0.014203153201611264, "alternate": 0.2821969017821924, "bad-redirect": 0.0037532422514672307}, "wordle": {"roll-out": 0.21514641534836756, "redirect": 0.03289577022326938, "sfT": 0.00013463480309660046, "sft": 0.0, "oneh-out": 0.00848199259508583, "dsfb": 0.0, "oneh-in": 0.014495680466733983, "dsfb-alt": 0.04119824974755974, "sfR": 0.13138112868843263, "dsfb-red": 0.014944463143722652, "unknown": 0.0, "roll-in": 0.1955794906316616, "sfb": 0.029821608885897005, "alternate": 0.31259957365645685, "bad-redirect": 0.003320991809716145}, "english-1k": {"roll-out": 0.2459421312632322, "redirect": 0.021877205363443897, "sfT": 0.0, "sft": 0.0, "oneh-out": 0.014114326040931546, "dsfb": 0.0, "oneh-in": 0.004234297812279464, "dsfb-alt": 0.022935779816513763, "sfR": 0.10832745236414962, "dsfb-red": 0.010232886379675371, "unknown": 0.0, "roll-in": 0.22265349329569514, "sfb": 0.013408609738884969, "alternate": 0.3327452364149612, "bad-redirect": 0.0035285815102328866}, "english-10k": {"roll-out": 0.18799328457575115, "redirect": 0.024160089538989984, "sfT": 0.0, "sft": 0.0, "oneh-out": 0.008278497134366377, "dsfb": 0.0, "oneh-in": 0.008374983114953397, "dsfb-alt": 0.03369290442098763, "sfR": 0.10567144593890508, "dsfb-red": 0.008046930780957527, "unknown": 0.0, "roll-in": 0.2669960054804037, "sfb": 0.01541845969780591, "alternate": 0.3369869357982285, "bad-redirect": 0.00438046351865074}, "reddit": {"roll-out": 0.25995860581260394, "redirect": 0.028648853044641556, "sfT": 7.424059308569863e-05, "sft": 0.0, "oneh-out": 0.01054392471659253, "dsfb": 0.0, "oneh-in": 0.008974833675038586, "dsfb-alt": 0.028979414716680554, "sfR": 0.10397777127267367, "dsfb-red": 0.00951830328405998, "unknown": 0.039285409944231534, "roll-in": 0.2188528779560688, "sfb": 0.014006637828204197, "alternate": 0.2724847393816193, "bad-redirect": 0.00469438777449963}, "akl": {"roll-out": 0.22424150317296263, "redirect": 0.02630877836645836, "sfT": 0.0001067368415278855, "sft": 0.0, "oneh-out": 0.007496261801555309, "dsfb": 0.0, "oneh-in": 0.010188896289913865, "dsfb-alt": 0.025521396499372562, "sfR": 0.13064861186637447, "dsfb-red": 0.008362263258859103, "unknown": 0.13277008071454782, "roll-in": 0.18295337035536918, "sfb": 0.01942998425162143, "alternate": 0.227364124062504, "bad-redirect": 0.004607992518933374}, "french": {"roll-out": 0.17791454398362858, "redirect": 0.018975921534000018, "sfT": 1.3064163033683232e-05, "sft": 0.0, "oneh-out": 0.01239660228086803, "dsfb": 0.0, "oneh-in": 0.003056010366713004, "dsfb-alt": 0.029147286347861238, "sfR": 0.10898279115633469, "dsfb-red": 0.00692527986411113, "unknown": 0.15807953387545715, "roll-in": 0.1978121182487136, "sfb": 0.03698573922255615, "alternate": 0.24463018328346553, "bad-redirect": 0.0050809256732572226}, "keymash": {"roll-out": 0.28109337350633995, "redirect": 0.027847446564838493, "sfT": 1.6419485002852885e-05, "sft": 0.0, "oneh-out": 0.01233513810839323, "dsfb": 0.0, "oneh-in": 0.00895682906905625, "dsfb-alt": 0.026858172593416607, "sfR": 0.099723742164827, "dsfb-red": 0.009034821622819801, "unknown": 0.01232282349464109, "roll-in": 0.21735703759651578, "sfb": 0.013923723282419247, "alternate": 0.2866185302098, "bad-redirect": 0.0039119423019297}, "movie": {"roll-out": 0.2917650415342518, "redirect": 0.031668888257511706, "sfT": 7.672153989474015e-05, "sft": 0.0, "oneh-out": 0.012770649049751748, "dsfb": 0.0, "oneh-in": 0.011321756846936842, "dsfb-alt": 0.0277887259868489, "sfR": 0.11567713207251198, "dsfb-red": 0.009950507368886771, "unknown": 0.030236445784519856, "roll-in": 0.1855608482744036, "sfb": 0.015673697368924933, "alternate": 0.2643001778281593, "bad-redirect": 0.0032094080873978094}, "dutch": {"roll-out": 0.1695221396716348, "redirect": 0.015498607512450515, "sfT": 1.382464235506781e-05, "sft": 0.0, "oneh-out": 0.008357991462718525, "dsfb": 0.0, "oneh-in": 0.0050036060620285705, "dsfb-alt": 0.03147802927230848, "sfR": 0.18880787437283908,