{"english-450k": {"redirect": 0.04929307765124385, "sfb": 0.11352036863686567, "dsfb-alt": 0.053160233198717655, "oneh-in": 0.012161894309832012, "roll-in": 0.20899391393678657, "dsfb-red": 0.01937992201372741, "bad-redirect": 0.010685253648334416, "sft": 0.0, "oneh-out": 0.013229834982263357, "unknown": 0.0001543587941537776, "sfR": 0.11369548401129392, "dsfb": 0.0, "alternate": 0.21029485453145383, "roll-out": 0.1947525610988943, "sfT": 0.0006782431864332652}, "shai": {"redirect": 0.048560769133830374, "sfb": 0.09658470869600354, "dsfb-alt": 0.060556408421638, "oneh-in": 0.011079258076691686, "roll-in": 0.17789905617759047, "dsfb-red": 0.024985718191509687, "bad-redirect": 0.007846901644861815, "sft": 0.0, "oneh-out": 0.019543114496291064, "unknown": 0.031793109309943265, "sfR": 0.09823378925716947, "dsfb": 0.0, "alternate": 0.19872566790096582, "roll-out": 0.22365484716065262, "sfT": 0.0005366515328521848}, "tr-quotes": {"redirect": 0.05553963153879938, "sfb": 0.08942927810267909, "dsfb-alt": 0.06123991585955017, "oneh-in": 0.015130255888675713, "roll-in": 0.16988164859804442, "dsfb-red": 0.03637456369478283, "bad-redirect": 0.007749474122188576, "sft": 0.0, "oneh-out": 0.0206548623471487, "unknown": 0.039616513719054114, "sfR": 0.09677191928064538, "dsfb": 0.0, "alternate": 0.18086035921499735, "roll-out": 0.22620374008922586, "sfT": 0.0005478375442084094}, "gutenberg": {"redirect": 0.05205836319804138, "sfb": 0.0929727290603216, "dsfb-alt": 0.05620475539354922, "oneh-in": 0.011224129092828947, "roll-in": 0.16608187533317192, "dsfb-red": 0.02827590178536586, "bad-redirect": 0.009804489878961264, "sft": 0.0, "oneh-out": 0.018224386347973385, "unknown": 0.04011588984327138, "sfR": 0.09863878308844841, "dsfb": 0.0, "alternate": 0.1883740376138089, "roll-out": 0.23702575923419045, "sfT": 0.0009989001300672918}, "english-200": {"redirect": 0.042316258351893093, "sfb": 0.09131403118040089, "dsfb-alt": 0.08685968819599109, "oneh-in": 0.022271714922048998, "roll-in": 0.2026726057906459, "dsfb-red": 0.022271714922048998, "bad-redirect": 0.004454342984409799, "sft": 0.0, "oneh-out": 0.008908685968819599, "unknown": 0.0, "sfR": 0.10690423162583519, "dsfb": 0.0, "alternate": 0.18262806236080179, "roll-out": 0.22939866369710468, "sfT": 0.0}, "monkeyracer": {"redirect": 0.055394372585513864, "sfb": 0.08930177362090808, "dsfb-alt": 0.061346520793906505, "oneh-in": 0.015069521560285907, "roll-in": 0.17006291349296965, "dsfb-red": 0.036920132317750286, "bad-redirect": 0.00776936672036536, "sft": 0.0, "oneh-out": 0.020553435412984655, "unknown": 0.03912933825484461, "sfR": 0.09690789370786869, "dsfb": 0.0, "alternate": 0.1805605517931714, "roll-out": 0.22643676587891207, "sfT": 0.0005474138605189484}, "chained-bigrams": {"redirect": 0.051173650696152026, "sfb": 0.09405438186517967, "dsfb-alt": 0.0521800729688613, "oneh-in": 0.008541603224187379, "roll-in": 0.16072693556105444, "dsfb-red": 0.02144069023685986, "bad-redirect": 0.01024408012679622, "sft": 0.0, "oneh-out": 0.01599756900323289, "unknown": 0.033665798979163164, "sfR": 0.11914286586209158, "dsfb": 0.0, "alternate": 0.2028349941465182, "roll-out": 0.22862797373432658, "sfT": 0.0013693835955766768}, "english-5k": {"redirect": 0.04878251130377069, "sfb": 0.10818434479611731, "dsfb-alt": 0.062347036130584475, "oneh-in": 0.010370431824781184, "roll-in": 0.19811672958061974, "dsfb-red": 0.021321607831750113, "bad-redirect": 0.006927448458953831, "sft": 0.0, "oneh-out": 0.019994192558178123, "unknown": 0.0022400132741527356, "sfR": 0.10644211224955408, "dsfb": 0.0, "alternate": 0.20886049695109304, "roll-out": 0.2059567760401543, "sfT": 0.00045629900029037207}, "mt-quotes": {"redirect": 0.056512293661323675, "sfb": 0.08803833327356833, "dsfb-alt": 0.062034580031316865, "oneh-in": 0.015780949307323603, "roll-in": 0.1692007028364471, "dsfb-red": 0.03845280357633784, "bad-redirect": 0.007764968145252866, "sft": 0.0, "oneh-out": 0.021334612304419024, "unknown": 0.03468910244916987, "sfR": 0.0964592223377679, "dsfb": 0.0, "alternate": 0.1789946928676444, "roll-out": 0.23023272492559257, "sfT": 0.000505014283835957}, "wordle": {"redirect": 0.05228318186917985, "sfb": 0.1427802086839448, "dsfb-alt": 0.05423538651408056, "oneh-in": 0.009559071019858633, "roll-in": 0.18312577134522606, "dsfb-red": 0.02472792550207562, "bad-redirect": 0.010075171098395602, "sft": 0.0, "oneh-out": 0.0097385840906541, "unknown": 0.0, "sfR": 0.13138112868843263, "dsfb": 0.0, "alternate": 0.19387411645910468, "roll-out": 0.1857062717379109, "sfT": 0.0025131829911365423}, "english-1k": {"redirect": 0.059280169371912494, "sfb": 0.11609033168666197, "dsfb-alt": 0.06351446718419196, "oneh-in": 0.011997177134791814, "roll-in": 0.19654199011997178, "dsfb-red": 0.022582921665490474, "bad-redirect": 0.006351446718419196, "sft": 0.0, "oneh-out": 0.012702893436838392, "unknown": 0.0, "sfR": 0.10832745236414962, "dsfb": 0.0, "alternate": 0.20748059280169373, "roll-out": 0.19442484121383205, "sfT": 0.0007057163020465773}, "english-10k": {"redirect": 0.046757106192470234, "sfb": 0.10897126647498119, "dsfb-alt": 0.05802666872503425, "oneh-in": 0.010073136373284962, "roll-in": 0.1990891723432585, "dsfb-red": 0.0186410914494124, "bad-redirect": 0.007564500878022423, "sft": 0.0, "oneh-out": 0.019123521352347503, "unknown": 0.0, "sfR": 0.10567144593890508, "dsfb": 0.0, "alternate": 0.21165164701568862, "roll-out": 0.21377433858860306, "sfT": 0.0006561046679917408}, "reddit": {"redirect": 0.05167418717881438, "sfb": 0.08936383640324928, "dsfb-alt": 0.06212311989537395, "oneh-in": 0.01389123153794333, "roll-in": 0.16876156614688886, "dsfb-red": 0.029871088439387444, "bad-redirect": 0.008017047617923897, "sft": 0.0, "oneh-out": 0.02156689229139545, "unknown": 0.06027826737738363, "sfR": 0.10397777127267367, "dsfb": 0.0, "alternate": 0.17400890025596524, "roll-out": 0.21591194661119972, "sfT": 0.0005541449718011229}, "akl": {"redirect": 0.04428536262594175, "sfb": 0.09228529087506494, "dsfb-alt": 0.054547566371599424, "oneh-in": 0.013393867617606272, "roll-in": 0.14214841940650708, "dsfb-red": 0.024188816682019557, "bad-redirect": 0.006271456545022823, "sft": 0.0, "oneh-out": 0.01657208061211009, "unknown": 0.15113620503040356, "sfR": 0.13064861186637447, "dsfb": 0.0, "alternate": 0.14538896968137546, "roll-out": 0.17717023486033645, "sfT": 0.0019631178256381055}, "french": {"redirect": 0.038378136296165655, "sfb": 0.1076385906566694, "dsfb-alt": 0.03560583700212336, "oneh-in": 0.007293443559512199, "roll-in": 0.1527069567552083, "dsfb-red": 0.018516098951626387, "bad-redirect": 0.004381528513966586, "sft": 0.0, "oneh-out": 0.0125582862802482, "unknown": 0.1845785256052277, "sfR": 0.10898279115633469, "dsfb": 0.0, "alternate": 0.16347981241479922, "roll-out": 0.16510448791005347, "sfT": 0.0007755048980648454}, "keymash": {"redirect": 0.054139146925656675, "sfb": 0.09171103348343479, "dsfb-alt": 0.061322671614404814, "oneh-in": 0.013931933024920674, "roll-in": 0.17181349106985258, "dsfb-red": 0.03678375127764118, "bad-redirect": 0.0074010828650359385, "sft": 0.0, "oneh-out": 0.020269854236021886, "unknown": 0.03457533054475746, "sfR": 0.099723742164827, "dsfb": 0.0, "alternate": 0.18208387893913708, "roll-out": 0.22561193368170007, "sfT": 0.0006321501726098361}, "movie": {"redirect": 0.05710951401049809, "sfb": 0.08504826153333327, "dsfb-alt": 0.05726545744922067, "oneh-in": 0.016130736662328764, "roll-in": 0.15863356173892856, "dsfb-red": 0.046373235947423506, "bad-redirect": 0.007708474992923326, "sft": 0.0, "oneh-out": 0.018301179814102262, "unknown": 0.08496732886260383, "sfR": 0.11567713207251198, "dsfb": 0.0, "alternate": 0.15535045886192347, "roll-out": 0.19672508250855483, "sfT": 0.0007095755456474081}, "dutch": {"redirect": 0.05518807986619611, "sfb": 0.12233264642851392, "dsfb-alt": 0.045724690800487675, "oneh-in": 0.012939219735751016, "roll-in": 0.14446381886684626, "dsfb-red": 0.016353565712362305, "bad-redirect": 0.0036726749291527425, "sft": 0.0,