{"english-450k": {"dsfb": 0.0, "roll-out": 0.15519431959637514, "sfb": 0.07655933078446425, "sft": 0.0, "bad-redirect": 0.004170903250363532, "redirect": 0.04812807804006429, "oneh-in": 0.01563876767890564, "dsfb-red": 0.019787744964190515, "dsfb-alt": 0.033921806746297876, "alternate": 0.2997884582889211, "sfR": 0.11369548401129392, "sfT": 8.448805210310934e-05, "unknown": 0.00015377410175167997, "roll-in": 0.22813118860364345, "oneh-out": 0.004745655881625515}, "shai": {"dsfb": 0.0, "roll-out": 0.1583791796157644, "sfb": 0.12037204382045885, "sft": 0.0, "bad-redirect": 0.004294365644641357, "redirect": 0.043503545913730755, "oneh-in": 0.016304035164366973, "dsfb-red": 0.016621637040493454, "dsfb-alt": 0.02480971909192159, "alternate": 0.27482724043258167, "sfR": 0.09823378925716947, "sfT": 0.00032789716354768484, "unknown": 0.024052709704167625, "roll-in": 0.21396257330167237, "oneh-out": 0.004311263849483827}, "tr-quotes": {"dsfb": 0.0, "roll-out": 0.1646344282379048, "sfb": 0.1380874228519914, "sft": 0.0, "bad-redirect": 0.005055361642125702, "redirect": 0.04972954855412496, "oneh-in": 0.01441598668546728, "dsfb-red": 0.017314671413051017, "dsfb-alt": 0.022504103002704515, "alternate": 0.26195649661357806, "sfR": 0.09677191928064538, "sfT": 0.0006414553523959224, "unknown": 0.013890108874043596, "roll-in": 0.2096299207138069, "oneh-out": 0.005368576778160468}, "gutenberg": {"dsfb": 0.0, "roll-out": 0.1625958597455561, "sfb": 0.1449704724894228, "sft": 0.0, "bad-redirect": 0.007243304641238947, "redirect": 0.04594997429342924, "oneh-in": 0.014257959091506678, "dsfb-red": 0.01672025833114534, "dsfb-alt": 0.024474095088927308, "alternate": 0.2500749222456745, "sfR": 0.09863878308844841, "sfT": 0.0004233911986915223, "unknown": 0.03296484091288825, "roll-in": 0.19530439269789418, "oneh-out": 0.006381746175176735}, "english-200": {"dsfb": 0.0, "roll-out": 0.18040089086859687, "sfb": 0.09799554565701558, "sft": 0.0, "bad-redirect": 0.008908685968819599, "redirect": 0.042316258351893093, "oneh-in": 0.015590200445434299, "dsfb-red": 0.0066815144766146995, "dsfb-alt": 0.024498886414253896, "alternate": 0.3051224944320713, "sfR": 0.10690423162583519, "sfT": 0.0, "unknown": 0.0, "roll-in": 0.2071269487750557, "oneh-out": 0.004454342984409799}, "monkeyracer": {"dsfb": 0.0, "roll-out": 0.16507558221374166, "sfb": 0.13783392245491655, "sft": 0.0, "bad-redirect": 0.005089971378075293, "redirect": 0.04980195348546225, "oneh-in": 0.014373523937626101, "dsfb-red": 0.017401895615996997, "dsfb-alt": 0.022349148380436994, "alternate": 0.2621633404757808, "sfR": 0.09690789370786869, "sfT": 0.000644188810860691, "unknown": 0.013484953939033737, "roll-in": 0.20944836323255706, "oneh-out": 0.005425262367643149}, "chained-bigrams": {"dsfb": 0.0, "roll-out": 0.1325802264644905, "sfb": 0.12714879271532079, "sft": 0.0, "bad-redirect": 0.006052169034789096, "redirect": 0.042928779716240865, "oneh-in": 0.012871816215605519, "dsfb-red": 0.019184356431914885, "dsfb-alt": 0.04528121061561227, "alternate": 0.25880765582176324, "sfR": 0.11914286586209158, "sfT": 0.0007122872472013344, "unknown": 0.023120441475246233, "roll-in": 0.20631721521009228, "oneh-out": 0.005852183189631383}, "english-5k": {"dsfb": 0.0, "roll-out": 0.14916829136765256, "sfb": 0.08022566059650724, "sft": 0.0, "bad-redirect": 0.0035259468204256023, "redirect": 0.0430995146637906, "oneh-in": 0.025096445015970466, "dsfb-red": 0.014974903554984029, "dsfb-alt": 0.02874683701829344, "alternate": 0.30451736010287467, "sfR": 0.10644211224955408, "sfT": 4.148172729912474e-05, "unknown": 0.002157049819554486, "roll-in": 0.2386443771518646, "oneh-out": 0.0033600199112291036}, "mt-quotes": {"dsfb": 0.0, "roll-out": 0.16669206679336848, "sfb": 0.1426994059358602, "sft": 0.0, "bad-redirect": 0.005239896726073081, "redirect": 0.0506403820179056, "oneh-in": 0.014197176701210838, "dsfb-red": 0.01703003789101254, "dsfb-alt": 0.02158413119613679, "alternate": 0.2615615400246232, "sfR": 0.0964592223377679, "sfT": 0.0006424737930457442, "unknown": 0.00799058103536893, "roll-in": 0.20990664706374534, "oneh-out": 0.005356438483881378}, "wordle": {"dsfb": 0.0, "roll-out": 0.18155503197576572, "sfb": 0.07315157634915292, "sft": 0.0, "bad-redirect": 0.0035678222820599123, "redirect": 0.05192415572758891, "oneh-in": 0.008751262201279031, "dsfb-red": 0.02098059014922024, "dsfb-alt": 0.03482553573432066, "alternate": 0.28241893862896894, "sfR": 0.13138112868843263, "sfT": 0.0, "unknown": 0.0, "roll-in": 0.2008078088185796, "oneh-out": 0.010636149444631437}, "english-1k": {"dsfb": 0.0, "roll-out": 0.1520818630910374, "sfb": 0.0903316866619619, "sft": 0.0, "bad-redirect": 0.0056457304163726185, "redirect": 0.0529287226534933, "oneh-in": 0.01799576570218772, "dsfb-red": 0.011997177134791814, "dsfb-alt": 0.027522935779816515, "alternate": 0.29675370501058573, "sfR": 0.10832745236414962, "sfT": 0.0, "unknown": 0.0, "roll-in": 0.23147494707127736, "oneh-out": 0.004940014114326041}, "english-10k": {"dsfb": 0.0, "roll-out": 0.15017078018563904, "sfb": 0.08801451149148029, "sft": 0.0, "bad-redirect": 0.002817390633141005, "redirect": 0.042531020242758726, "oneh-in": 0.024488141872985855, "dsfb-red": 0.016942938191080836, "dsfb-alt": 0.026958182976013587, "alternate": 0.29478396788946565, "sfR": 0.10567144593890508, "sfT": 3.859439223480828e-05, "unknown": 0.0, "roll-in": 0.24426390845410162, "oneh-out": 0.0033191177321935123}, "reddit": {"dsfb": 0.0, "roll-out": 0.15576189595941264, "sfb": 0.12071460503873377, "sft": 0.0, "bad-redirect": 0.004995919951260414, "redirect": 0.04646715724640816, "oneh-in": 0.014332854440304776, "dsfb-red": 0.01657014827704327, "dsfb-alt": 0.023219251162631287, "alternate": 0.25659095961585177, "sfR": 0.10397777127267367, "sfT": 0.0008314422021812576, "unknown": 0.04413374768723884, "roll-in": 0.20687534566169177, "oneh-out": 0.005528901484568388}, "akl": {"dsfb": 0.0, "roll-out": 0.13414725775388178, "sfb": 0.10204842576377314, "sft": 0.0, "bad-redirect": 0.004774793541422901, "redirect": 0.0393168367756253, "oneh-in": 0.011468923037375709, "dsfb-red": 0.01437053442518863, "dsfb-alt": 0.021726209970194477, "alternate": 0.21328919139010233, "sfR": 0.13064861186637447, "sfT": 0.0009998178308489385, "unknown": 0.1386736163551281, "roll-in": 0.1832983378973628, "oneh-out": 0.005237443392721432}, "french": {"dsfb": 0.0, "roll-out": 0.177052024568477, "sfb": 0.05599276305295287, "sft": 0.0, "bad-redirect": 0.0036456355964763496, "redirect": 0.03352426038297204, "oneh-in": 0.016353365714179814, "dsfb-red": 0.018865700149322484, "dsfb-alt": 0.024116564814885978, "alternate": 0.2101236686333176, "sfR": 0.10898279115633469, "sfT": 0.00018520548557613776, "unknown": 0.15841440792606368, "roll-in": 0.18538135737642722, "oneh-out": 0.007362255143014157}, "keymash": {"dsfb": 0.0, "roll-out": 0.16592710569632985, "sfb": 0.13839162934654556, "sft": 0.0, "bad-redirect": 0.005332227754676474, "redirect": 0.050366770246251226, "oneh-in": 0.014605131910037641, "dsfb-red": 0.01753600998304688, "dsfb-alt": 0.0224782749689056, "alternate": 0.2604048224027453, "sfR": 0.099723742164827, "sfT": 0.0005295283913420056, "unknown": 0.012376186820900362, "roll-in": 0.20654480672213715, "oneh-out": 0.005783763592254929}, "movie": {"dsfb": 0.0, "roll-out": 0.16498434183117602, "sfb": 0.12879256745935502, "sft": 0.0, "bad-redirect": 0.00460566115477893, "redirect": 0.049570931827187296, "oneh-in": 0.011725104222198213, "dsfb-red": 0.023509690667436602, "dsfb-alt": 0.025158216791384132, "alternate": 0.23922986839294957, "sfR": 0.11567713207251198, "sfT": 0.0015296932757057624, "unknown": 0.030144722091026487, "roll-in": 0.1976417930521342, "oneh-out": 0.007430277162155778}, "dutch": {"dsfb": 0.0, "roll-out": 0.1363707010965649, "sfb": 0.08629359688827562, "sft": 0.0, "bad-redirect": 0.0037457787772482176, "redirect": 0.048379057994249165, "oneh-in": 0.008191504038247963, "dsfb-red": 0.03646325627024633, "dsfb-alt": 0.02621600460376728,