{"english-450k": {"roll-out": 0.17427926429324428, "alternate": 0.36145713532296364, "unknown": 0.00015377410175167997, "redirect": 0.03352947814449036, "dsfb": 0.0, "sfR": 0.11369548401129392, "dsfb-alt": 0.052500407822950464, "sft": 0.0, "oneh-out": 0.004761150230281103, "sfT": 0.0001461731005244106, "oneh-in": 0.0023279527989517636, "dsfb-red": 0.013188614167915473, "roll-in": 0.2171410178676151, "sfb": 0.024671388252711073, "bad-redirect": 0.0021481598853067383}, "shai": {"roll-out": 0.21037828059720717, "alternate": 0.33106402879212593, "unknown": 0.023621906111313578, "redirect": 0.03284987411882403, "dsfb": 0.0, "sfR": 0.09823378925716947, "dsfb-alt": 0.04663541879216617, "sft": 0.0, "oneh-out": 0.013212437759956007, "sfT": 4.298476018792228e-05, "oneh-in": 0.0021274669598681955, "dsfb-red": 0.009264396295182765, "roll-in": 0.21708453406315825, "sfb": 0.01440239494704197, "bad-redirect": 0.0010824875457985474}, "tr-quotes": {"roll-out": 0.2227317907584198, "alternate": 0.3312810614641363, "unknown": 0.01476965396084233, "redirect": 0.031113474029726543, "dsfb": 0.0, "sfR": 0.09677191928064538, "dsfb-alt": 0.04741337463304131, "sft": 0.0, "oneh-out": 0.023435657982940755, "sfT": 2.542705901389242e-05, "oneh-in": 0.0022271792145350314, "dsfb-red": 0.009770925313793024, "roll-in": 0.20809389519428584, "sfb": 0.011415593721827974, "bad-redirect": 0.0009500473867917987}, "gutenberg": {"roll-out": 0.2344484718703434, "alternate": 0.31328239757248133, "unknown": 0.03802431837805746, "redirect": 0.02770228722176947, "dsfb": 0.0, "sfR": 0.09863878308844841, "dsfb-alt": 0.04159993756163799, "sft": 0.0, "oneh-out": 0.014425800076759782, "sfT": 0.0001532543533518754, "oneh-in": 0.001720464817233291, "dsfb-red": 0.007151806677494873, "roll-in": 0.21064858227409758, "sfb": 0.01096270633927445, "bad-redirect": 0.0012411897690500465}, "english-200": {"roll-out": 0.2026726057906459, "alternate": 0.32962138084632514, "unknown": 0.0, "redirect": 0.028953229398663696, "dsfb": 0.0, "sfR": 0.10690423162583519, "dsfb-alt": 0.0467706013363029, "sft": 0.0, "oneh-out": 0.0200445434298441, "sfT": 0.0, "oneh-in": 0.004454342984409799, "dsfb-red": 0.0022271714922048997, "roll-in": 0.24944320712694878, "sfb": 0.008908685968819599, "bad-redirect": 0.0}, "monkeyracer": {"roll-out": 0.22334681014123278, "alternate": 0.3311042510596368, "unknown": 0.014352018393105714, "redirect": 0.031050096188435492, "dsfb": 0.0, "sfR": 0.09690789370786869, "dsfb-alt": 0.04744318626147614, "sft": 0.0, "oneh-out": 0.02401973817977071, "sfT": 2.3460594022240643e-05, "oneh-in": 0.002254172075636955, "dsfb-red": 0.00976742731125952, "roll-in": 0.20741999937438416, "sfb": 0.011342219685002423, "bad-redirect": 0.0009687270281683532}, "chained-bigrams": {"roll-out": 0.2001962198779437, "alternate": 0.33138758360609544, "unknown": 0.02365222201805197, "redirect": 0.03680648577470815, "dsfb": 0.0, "sfR": 0.11914286586209158, "dsfb-alt": 0.06233909418099628, "sft": 0.0, "oneh-out": 0.007159233534769292, "sfT": 3.0517320527313326e-05, "oneh-in": 0.004326966467957788, "dsfb-red": 0.018111705080614424, "roll-in": 0.1782659539032627, "sfb": 0.0157618714000113, "bad-redirect": 0.002819280972970095}, "english-5k": {"roll-out": 0.17177583274567554, "alternate": 0.35408802422532876, "unknown": 0.002157049819554486, "redirect": 0.03422242502177791, "dsfb": 0.0, "sfR": 0.10644211224955408, "dsfb-alt": 0.04932177375865931, "sft": 0.0, "oneh-out": 0.005682996639980089, "sfT": 0.0, "oneh-in": 0.0015348239100676153, "dsfb-red": 0.010536358733977683, "roll-in": 0.24536441697432282, "sfb": 0.01700750819264114, "bad-redirect": 0.0018666777284606132}, "mt-quotes": {"roll-out": 0.2271742508456748, "alternate": 0.3327879776717945, "unknown": 0.008869126594231481, "redirect": 0.030750588685289442, "dsfb": 0.0, "sfR": 0.0964592223377679, "dsfb-alt": 0.048179557978030384, "sft": 0.0, "oneh-out": 0.02573929309953264, "sfT": 7.470625500531909e-06, "oneh-in": 0.0023143997800647853, "dsfb-red": 0.009696871899690417, "roll-in": 0.2067301371009192, "sfb": 0.010412557822641375, "bad-redirect": 0.0008785455588625525}, "wordle": {"roll-out": 0.1982497475597442, "alternate": 0.32449231459665656, "unknown": 0.0, "redirect": 0.03538651408055649, "dsfb": 0.0, "sfR": 0.13138112868843263, "dsfb-alt": 0.055940760686637496, "sft": 0.0, "oneh-out": 0.007719062044205094, "sfT": 0.0002019522046449007, "oneh-in": 0.001750252440255806, "dsfb-red": 0.016156176371592057, "roll-in": 0.1959833950409514, "sfb": 0.03071917423987434, "bad-redirect": 0.002019522046449007}, "english-1k": {"roll-out": 0.19336626676076218, "alternate": 0.323923782639379, "unknown": 0.0, "redirect": 0.03458009880028229, "dsfb": 0.0, "sfR": 0.10832745236414962, "dsfb-alt": 0.03881439661256175, "sft": 0.0, "oneh-out": 0.008821453775582216, "sfT": 0.0, "oneh-in": 0.0024700070571630206, "dsfb-red": 0.01058574453069866, "roll-in": 0.2674664784756528, "sfb": 0.011644318983768526, "bad-redirect": 0.0}, "english-10k": {"roll-out": 0.17546940429555585, "alternate": 0.3543351151077748, "unknown": 0.0, "redirect": 0.03651029505412864, "dsfb": 0.0, "sfR": 0.10567144593890508, "dsfb-alt": 0.05111827251500357, "sft": 0.0, "oneh-out": 0.0049786765982902685, "sfT": 7.718878446961657e-05, "oneh-in": 0.0018525308272707975, "dsfb-red": 0.010323999922811215, "roll-in": 0.24102197950637771, "sfb": 0.01738677370178113, "bad-redirect": 0.0012543177476312692}, "reddit": {"roll-out": 0.20926407982024936, "alternate": 0.3208826764520413, "unknown": 0.041217688064775854, "redirect": 0.030740212799310485, "dsfb": 0.0, "sfR": 0.10397777127267367, "dsfb-alt": 0.04895088340499873, "sft": 0.0, "oneh-out": 0.01781927809451142, "sfT": 0.00011499425871498223, "oneh-in": 0.002567256190165294, "dsfb-red": 0.009577523454427531, "roll-in": 0.20066157283303715, "sfb": 0.013154631506141986, "bad-redirect": 0.001071431848952232}, "akl": {"roll-out": 0.16989604498740443, "alternate": 0.27394373579884235, "unknown": 0.13295000147380848, "redirect": 0.02505489226212997, "dsfb": 0.0, "sfR": 0.13064861186637447, "dsfb-alt": 0.043655516430518404, "sft": 0.0, "oneh-out": 0.015270755911547081, "sfT": 0.0002487561390052665, "oneh-in": 0.0030508205975321107, "dsfb-red": 0.010680997603041387, "roll-in": 0.1732291005249303, "sfb": 0.01996623804989023, "bad-redirect": 0.0014045283549755044}, "french": {"roll-out": 0.19247148240780854, "alternate": 0.25143482938525186, "unknown": 0.15822382396052298, "redirect": 0.024101567994706256, "dsfb": 0.0, "sfR": 0.10898279115633469, "dsfb-alt": 0.03794388771184076, "sft": 0.0, "oneh-out": 0.012297212765311314, "sfT": 5.4024509059015756e-05, "oneh-in": 0.0002520993937703988, "dsfb-red": 0.00804771919264731, "roll-in": 0.15864665638403175, "sfb": 0.04569435224995675, "bad-redirect": 0.0018495528887583672}, "keymash": {"roll-out": 0.22273852380620082, "alternate": 0.3291573109809411, "unknown": 0.013394194891077241, "redirect": 0.031184706891668343, "dsfb": 0.0, "sfR": 0.099723742164827, "dsfb-alt": 0.04625368925303658, "sft": 0.0, "oneh-out": 0.022806664668962657, "sfT": 2.873409875499255e-05, "oneh-in": 0.002150952535373728, "dsfb-red": 0.010118507633008091, "roll-in": 0.2096316699026735, "sfb": 0.011834343815806217, "bad-redirect": 0.0009769593576697466}, "movie": {"roll-out": 0.20732502521085594, "alternate": 0.3158433664622119, "unknown": 0.030451476652766863, "redirect": 0.02764265238602015, "dsfb": 0.0, "sfR": 0.11567713207251198, "dsfb-alt": 0.050768735353983054, "sft": 0.0, "oneh-out": 0.03489158772660654, "sfT": 2.0002871464837914e-05, "oneh-in": 0.0013892783819361438, "dsfb-red": 0.010616129236446968, "roll-in": 0.19371280798335655, "sfb": 0.010902617731045339, "bad-redirect": 0.0007591879307937495}, "dutch": {"roll-out": 0.15491232576781722, "alternate": 0.26401195639704217, "unknown": 0.07325981014373002, "redirect": 0.023377506084008137, "dsfb": 0.0, "sfR": 0.18880787437283908, "dsfb-alt": 0.03652667748945499, "sft": 0.0, "oneh-out": 0.0027494183340004185,