{"english-450k": {"oneh-out": 0.026862523029571986, "alternate": 0.21769676799580892, "unknown": 0.00015377410175167997, "roll-in": 0.2113443773932191, "sft": 0.0, "oneh-in": 0.014730155686045906, "sfR": 0.11369548401129392, "dsfb-red": 0.026592395139802875, "roll-out": 0.25430991386896223, "sfT": 0.00017686945163453683, "bad-redirect": 0.011460848119716939, "sfb": 0.039618172473734156, "redirect": 0.045551338624019985, "dsfb-alt": 0.03780738010443776, "dsfb": 0.0}, "shai": {"oneh-out": 0.02969456591507456, "alternate": 0.22815063274991307, "unknown": 0.023260762136131256, "roll-in": 0.19772543428309036, "sft": 0.0, "oneh-in": 0.015040524728351488, "sfR": 0.09823378925716947, "dsfb-red": 0.023417761398895787, "roll-out": 0.2831729061785039, "sfT": 9.526624232536638e-05, "bad-redirect": 0.010684778270472218, "sfb": 0.022769967206800277, "redirect": 0.03365553841566519, "dsfb-alt": 0.03409807321760708, "dsfb": 0.0}, "tr-quotes": {"oneh-out": 0.0294433785626777, "alternate": 0.21874552137028733, "unknown": 0.013835787429786644, "roll-in": 0.1824530177295948, "sft": 0.0, "oneh-in": 0.015114075032939598, "sfR": 0.09677191928064538, "dsfb-red": 0.027898106839878874, "roll-out": 0.3103176070825917, "sfT": 9.592935900695777e-05, "bad-redirect": 0.012571369131550356, "sfb": 0.02782760453988581, "redirect": 0.03240331938697672, "dsfb-alt": 0.03252236425417813, "dsfb": 0.0}, "gutenberg": {"oneh-out": 0.03402189813378253, "alternate": 0.23153682859343572, "unknown": 0.032975828246008664, "roll-in": 0.1801509659570744, "sft": 0.0, "oneh-in": 0.012710071178974942, "sfR": 0.09863878308844841, "dsfb-red": 0.025611662940445246, "roll-out": 0.2872289680658846, "sfT": 0.00011100995187169219, "bad-redirect": 0.010930123213469107, "sfb": 0.025137313248488388, "redirect": 0.029663147310206132, "dsfb-alt": 0.0312834000719102, "dsfb": 0.0}, "english-200": {"oneh-out": 0.031180400890868598, "alternate": 0.2182628062360802, "unknown": 0.0, "roll-in": 0.1915367483296214, "sft": 0.0, "oneh-in": 0.015590200445434299, "sfR": 0.10690423162583519, "dsfb-red": 0.026726057906458798, "roll-out": 0.311804008908686, "sfT": 0.0, "bad-redirect": 0.011135857461024499, "sfb": 0.013363028953229399, "redirect": 0.042316258351893093, "dsfb-alt": 0.031180400890868598, "dsfb": 0.0}, "monkeyracer": {"oneh-out": 0.02931596728029154, "alternate": 0.21868303955456153, "unknown": 0.013436077701487402, "roll-in": 0.18228295040430423, "sft": 0.0, "oneh-in": 0.015081251857297027, "sfR": 0.09690789370786869, "dsfb-red": 0.028052027777343322, "roll-out": 0.3113602061404195, "sfT": 9.579742559081596e-05, "bad-redirect": 0.012518181960367237, "sfb": 0.027666883025478206, "redirect": 0.03226418192908644, "dsfb-alt": 0.03233554123590409, "dsfb": 0.0}, "chained-bigrams": {"oneh-out": 0.03024980699418028, "alternate": 0.21030524462878927, "unknown": 0.022916559801936097, "roll-in": 0.19317269102381715, "sft": 0.0, "oneh-in": 0.016566359913486643, "sfR": 0.11914286586209158, "dsfb-red": 0.037818102484953986, "roll-out": 0.260684146381847, "sfT": 0.00010908318826784338, "bad-redirect": 0.008494203981666233, "sfb": 0.023821690542682367, "redirect": 0.032048380991215555, "dsfb-alt": 0.044670864205066003, "dsfb": 0.0}, "english-5k": {"oneh-out": 0.027709793835815323, "alternate": 0.24810221097606505, "unknown": 0.002157049819554486, "roll-in": 0.22777616459949393, "sft": 0.0, "oneh-in": 0.01700750819264114, "sfR": 0.10644211224955408, "dsfb-red": 0.023105322105612478, "roll-out": 0.24353922097316133, "sfT": 0.0, "bad-redirect": 0.007591156095739827, "sfb": 0.02206827892313436, "redirect": 0.03708466420541751, "dsfb-alt": 0.03741651802381051, "dsfb": 0.0}, "mt-quotes": {"oneh-out": 0.029193710330978593, "alternate": 0.21877129128267653, "unknown": 0.007977133909467972, "roll-in": 0.18158699991632898, "sft": 0.0, "oneh-in": 0.015148934389978604, "sfR": 0.0964592223377679, "dsfb-red": 0.02861697804233753, "roll-out": 0.3185579302183813, "sfT": 8.217688050585099e-05, "bad-redirect": 0.012919699740619883, "sfb": 0.027078029189227956, "redirect": 0.03176360550316157, "dsfb-alt": 0.03184428825856731, "dsfb": 0.0}, "wordle": {"oneh-out": 0.031078200381465276, "alternate": 0.1932906989790194, "unknown": 0.0, "roll-in": 0.20729271850106587, "sft": 0.0, "oneh-in": 0.019903511724447435, "sfR": 0.13138112868843263, "dsfb-red": 0.03291820935711882, "roll-out": 0.24429485021878156, "sfT": 0.0006282957477841356, "bad-redirect": 0.01335128464041288, "sfb": 0.04117581061371031, "redirect": 0.04243240210927858, "dsfb-alt": 0.042252889038483114, "dsfb": 0.0}, "english-1k": {"oneh-out": 0.030698659139026113, "alternate": 0.2424135497529993, "unknown": 0.0, "roll-in": 0.23253352152434723, "sft": 0.0, "oneh-in": 0.020112914608327453, "sfR": 0.10832745236414962, "dsfb-red": 0.022230063514467185, "roll-out": 0.24629498941425548, "sfT": 0.0, "bad-redirect": 0.010232886379675371, "sfb": 0.017642907551164433, "redirect": 0.03705010585744531, "dsfb-alt": 0.032462949894142556, "dsfb": 0.0}, "english-10k": {"oneh-out": 0.028482661469288514, "alternate": 0.24202543370448273, "unknown": 0.0, "roll-in": 0.23146986742826267, "sft": 0.0, "oneh-in": 0.01574651203180178, "sfR": 0.10567144593890508, "dsfb-red": 0.023214526929237183, "roll-out": 0.2469269215183034, "sfT": 0.0, "bad-redirect": 0.008683738252831863, "sfb": 0.023098743752532756, "redirect": 0.03894174176492156, "dsfb-alt": 0.03573840720943247, "dsfb": 0.0}, "reddit": {"oneh-out": 0.028413583031941622, "alternate": 0.21298783364488535, "unknown": 0.039285409944231534, "roll-in": 0.17793218972104902, "sft": 0.0, "oneh-in": 0.014451219866213358, "sfR": 0.10397777127267367, "dsfb-red": 0.024577157308212895, "roll-out": 0.29300087631618327, "sfT": 0.0001250328454692543, "bad-redirect": 0.012199542382782175, "sfb": 0.024286937270257297, "redirect": 0.03370582857951937, "dsfb-alt": 0.03505661781658116, "dsfb": 0.0}, "akl": {"oneh-out": 0.02147243818794149, "alternate": 0.17812464011833162, "unknown": 0.13277008071454782, "roll-in": 0.1606466058561514, "sft": 0.0, "oneh-in": 0.011506750376352374, "sfR": 0.13064861186637447, "dsfb-red": 0.02468850322902418, "roll-out": 0.24222120059032393, "sfT": 0.00028801651890985214, "bad-redirect": 0.009207337377094813, "sfb": 0.026455590938763617, "redirect": 0.032162602311401126, "dsfb-alt": 0.029807621914783332, "dsfb": 0.0}, "french": {"oneh-out": 0.016841623825725384, "alternate": 0.2196316226635842, "unknown": 0.15807953387545715, "roll-in": 0.18122395716404766, "sft": 0.0, "oneh-in": 0.017270478948247382, "sfR": 0.10898279115633469, "dsfb-red": 0.019729957457721665, "roll-out": 0.16911172515673736, "sfT": 0.00043657076926780896, "bad-redirect": 0.01113137105110016, "sfb": 0.04446115219056275, "redirect": 0.02688285639175338, "dsfb-alt": 0.026216359349460414, "dsfb": 0.0}, "keymash": {"oneh-out": 0.02887776924876751, "alternate": 0.22107605094966196, "unknown": 0.01232282349464109, "roll-in": 0.18686194907496725, "sft": 0.0, "oneh-in": 0.014523034485023378, "sfR": 0.099723742164827, "dsfb-red": 0.02812247293863628, "roll-out": 0.30692122341582756, "sfT": 0.00012725100877210987, "bad-redirect": 0.01172351229203696, "sfb": 0.025770381711977604, "redirect": 0.031829171678030316, "dsfb-alt": 0.03212061753683096, "dsfb": 0.0}, "movie": {"oneh-out": 0.03180127568312767, "alternate": 0.19951864142602577, "unknown": 0.030236445784519856, "roll-in": 0.1595242159104682, "sft": 0.0, "oneh-in": 0.014643549488485782, "sfR": 0.11567713207251198, "dsfb-red": 0.028318144091474182, "roll-out": 0.31163118284480046, "sfT": 0.0001501531338248688, "bad-redirect": 0.012402043503876675, "sfb": 0.03316647166060286, "redirect": 0.02970281654905987, "dsfb-alt": 0.0332279278512218, "dsfb": 0.0}, "dutch": {"oneh-out": 0.02929352061067695, "alternate": 0.1584927467606317, "unknown": 0.07290361491625476, "roll-in": 0.19973726724439447, "sft": 0.0, "oneh-in": 0.01825969879349782, "sfR": 0.18880787437283908, "dsfb-red": 0.028747456203048888, "roll-out": 0.1806986906109233,