{"english-450k": {"roll-in": 0.22581083680591896, "dsfb-red": 0.010719458153857128, "bad-redirect": 0.0016748513858086968, "oneh-in": 0.003313159496486291, "sfR": 0.11369548401129392, "dsfb-alt": 0.05479503315498266, "oneh-out": 0.004749748728440199, "unknown": 0.0001543587941537776, "sfT": 0.0007422670044629571, "roll-out": 0.16618419798620243, "alternate": 0.3441148663305465, "redirect": 0.029577542198712392, "sft": 0.0, "sfb": 0.0444681959491341, "dsfb": 0.0}, "shai": {"roll-in": 0.2216703143979517, "dsfb-red": 0.00957911471674955, "bad-redirect": 0.0008004315041368477, "oneh-in": 0.0032444050144397212, "sfR": 0.09823378925716947, "dsfb-alt": 0.04579416995677218, "oneh-out": 0.013179589600428284, "unknown": 0.06456276146546681, "sfT": 0.00013061855634990106, "roll-out": 0.19481866825116043, "alternate": 0.29370106835668325, "redirect": 0.021464741504684897, "sft": 0.0, "sfb": 0.03282032741800694, "dsfb": 0.0}, "tr-quotes": {"roll-in": 0.19770925313793022, "dsfb-red": 0.010017105476063892, "bad-redirect": 0.0008194447654931694, "oneh-in": 0.0037551143061880215, "sfR": 0.09677191928064538, "dsfb-alt": 0.04384549594322831, "oneh-out": 0.021543653637225213, "unknown": 0.09006264302720696, "sfT": 8.783893113890109e-05, "roll-out": 0.21373407919373108, "alternate": 0.2753715817942258, "redirect": 0.018076327408058066, "sft": 0.0, "sfb": 0.028205543098865027, "dsfb": 0.0}, "gutenberg": {"roll-in": 0.19158025508041024, "dsfb-red": 0.010461835498406269, "bad-redirect": 0.0013601560655951365, "oneh-in": 0.0032359590407376212, "sfR": 0.09863878308844841, "dsfb-alt": 0.03969477188591511, "oneh-out": 0.014978955468338863, "unknown": 0.09436925698728084, "sfT": 8.202612484717188e-05, "roll-out": 0.23542880719617276, "alternate": 0.26296685273146997, "redirect": 0.017504905465364706, "sft": 0.0, "sfb": 0.029697435367012918, "dsfb": 0.0}, "english-200": {"roll-in": 0.22271714922049, "dsfb-red": 0.013363028953229399, "bad-redirect": 0.0, "oneh-in": 0.008908685968819599, "sfR": 0.10690423162583519, "dsfb-alt": 0.051224944320712694, "oneh-out": 0.017817371937639197, "unknown": 0.0, "sfT": 0.0, "roll-out": 0.22271714922049, "alternate": 0.3028953229398664, "redirect": 0.013363028953229399, "sft": 0.0, "sfb": 0.0400890868596882, "dsfb": 0.0}, "monkeyracer": {"roll-in": 0.1974277413704115, "dsfb-red": 0.009970752459452272, "bad-redirect": 0.0008230758402802759, "oneh-in": 0.0037986611821011307, "sfR": 0.09690789370786869, "dsfb-alt": 0.04360151399033423, "oneh-out": 0.02194836323255705, "unknown": 0.0900202543128392, "sfT": 8.797722758340242e-05, "roll-out": 0.21405641490842547, "alternate": 0.27518592520762625, "redirect": 0.018030444030842863, "sft": 0.0, "sfb": 0.02814098252967765, "dsfb": 0.0}, "chained-bigrams": {"roll-in": 0.183362346431324, "dsfb-red": 0.013639943666324915, "bad-redirect": 0.0028790170046405807, "oneh-in": 0.005122364715744145, "sfR": 0.11914286586209158, "dsfb-alt": 0.056379775717173265, "oneh-out": 0.005904776869689094, "unknown": 0.05987563217928082, "sfT": 0.00018180531377973898, "roll-out": 0.1965341414146661, "alternate": 0.29525507610175644, "redirect": 0.027268199848192565, "sft": 0.0, "sfb": 0.034454054875336745, "dsfb": 0.0}, "english-5k": {"roll-in": 0.2584311610735471, "dsfb-red": 0.008877089642012694, "bad-redirect": 0.0012859335462728667, "oneh-in": 0.003111129547434355, "sfR": 0.10644211224955408, "dsfb-alt": 0.05284772057908491, "oneh-out": 0.00551706973078359, "unknown": 0.0022400132741527356, "sfT": 0.00024889036379474843, "roll-out": 0.16372837764964532, "alternate": 0.3406064628531132, "redirect": 0.02497199983407309, "sft": 0.0, "sfb": 0.0316920396565313, "dsfb": 0.0}, "mt-quotes": {"roll-in": 0.1963818266575824, "dsfb-red": 0.00999270866951148, "bad-redirect": 0.0007560273006538291, "oneh-in": 0.003868289884175422, "sfR": 0.0964592223377679, "dsfb-alt": 0.043637417673706984, "oneh-out": 0.023601200081280405, "unknown": 0.0857358864943044, "sfT": 6.723562950478718e-05, "roll-out": 0.2200323328671663, "alternate": 0.2739000251013017, "redirect": 0.017724806062562007, "sft": 0.0, "sfb": 0.027843021240482425, "dsfb": 0.0}, "wordle": {"roll-in": 0.18745652417816672, "dsfb-red": 0.013441041175810613, "bad-redirect": 0.0006507348816335689, "oneh-in": 0.003500504880511612, "sfR": 0.13138112868843263, "dsfb-alt": 0.05921687422865477, "oneh-out": 0.006305396611690789, "unknown": 0.0, "sfT": 0.000493660944687535, "roll-out": 0.18922921575227197, "alternate": 0.3255918321552788, "redirect": 0.030068439358240773, "sft": 0.0, "sfb": 0.05266464714462022, "dsfb": 0.0}, "english-1k": {"roll-in": 0.23888496824276642, "dsfb-red": 0.008468595624558928, "bad-redirect": 0.0007057163020465773, "oneh-in": 0.003175723359209598, "sfR": 0.10832745236414962, "dsfb-alt": 0.045871559633027525, "oneh-out": 0.011291460832745237, "unknown": 0.0, "sfT": 0.0, "roll-out": 0.19724770642201836, "alternate": 0.3295695130557516, "redirect": 0.021524347212420608, "sft": 0.0, "sfb": 0.03493295695130558, "dsfb": 0.0}, "english-10k": {"roll-in": 0.2685590783659134, "dsfb-red": 0.008625846664479651, "bad-redirect": 0.0006946990602265491, "oneh-in": 0.002894579417610621, "sfR": 0.10567144593890508, "dsfb-alt": 0.051002489338299144, "oneh-out": 0.004669921460411802, "unknown": 0.0, "sfT": 0.00015437756893923313, "roll-out": 0.15686690723837826, "alternate": 0.33663958626811524, "redirect": 0.02823179791976226, "sft": 0.0, "sfb": 0.035989270758958726, "dsfb": 0.0}, "reddit": {"roll-in": 0.19699909933649812, "dsfb-red": 0.01150665515225783, "bad-redirect": 0.0008846317290135946, "oneh-in": 0.0031989005500059277, "sfR": 0.10397777127267367, "dsfb-alt": 0.044082955434855284, "oneh-out": 0.01761464824585997, "unknown": 0.10396709590989395, "sfT": 0.0001747388328682059, "roll-out": 0.20013428482654502, "alternate": 0.2671648128056408, "redirect": 0.018369677324986323, "sft": 0.0, "sfb": 0.03192472857890132, "dsfb": 0.0}, "akl": {"roll-in": 0.17184522772539862, "dsfb-red": 0.011289298769341512, "bad-redirect": 0.0007644037970346579, "oneh-in": 0.003601973079930847, "sfR": 0.13064861186637447, "dsfb-alt": 0.03764035184317353, "oneh-out": 0.015151912344938486, "unknown": 0.17107002670620014, "sfT": 0.0002553777763963483, "roll-out": 0.172310743658553, "alternate": 0.236023545653089, "redirect": 0.01641758397551892, "sft": 0.0, "sfb": 0.03298094280405046, "dsfb": 0.0}, "french": {"roll-in": 0.17460496600298772, "dsfb-red": 0.004918642400343396, "bad-redirect": 0.0019907567151258724, "oneh-in": 0.0011876402889978638, "sfR": 0.10898279115633469, "dsfb-alt": 0.04158706628682912, "oneh-out": 0.007137557531570142, "unknown": 0.21023212216107084, "sfT": 0.00010860334613666256, "roll-out": 0.15332212601934367, "alternate": 0.22959987869505133, "redirect": 0.0207837350211393, "sft": 0.0, "sfb": 0.045544114375069396, "dsfb": 0.0}, "keymash": {"roll-in": 0.19660280855290974, "dsfb-red": 0.010221129414275922, "bad-redirect": 0.0009112814176583351, "oneh-in": 0.0038585789756704282, "sfR": 0.099723742164827, "dsfb-alt": 0.044607635881500574, "oneh-out": 0.020902004408631724, "unknown": 0.0849421007910087, "sfT": 7.79925537635512e-05, "roll-out": 0.21427017441597945, "alternate": 0.27654517616054974, "redirect": 0.018036804275633894, "sft": 0.0, "sfb": 0.029300570987590976, "dsfb": 0.0}, "movie": {"roll-in": 0.16213880176746426, "dsfb-red": 0.009962745967875126, "bad-redirect": 0.0006785184557414755, "oneh-in": 0.0031045246100459946, "sfR": 0.11567713207251198, "dsfb-alt": 0.04221434945463882, "oneh-out": 0.030931019176568635, "unknown": 0.15450046842250645, "sfT": 0.00010290950977304768, "roll-out": 0.2047416280416044, "alternate": 0.23744013778820092, "redirect": 0.013840144683927653, "sft": 0.0, "sfb": 0.024667620049141265, "dsfb": 0.0}, "dutch": {"roll-in": 0.20453963600272534, "dsfb-red": 0.0066820718487642225, "bad-redirect": 0.0009462976657441034, "oneh-in": 0.005127866466076067, "sfR": 0.18880787437283908, "dsfb-alt": 0.04017242036566699, "oneh-out": 0.007569789609743078,