{"english-450k": {"dsfb-alt": 0.02890806939831059, "oneh-out": 0.01272261432344365, "roll-out": 0.23206763020076582, "roll-in": 0.21729566900796995, "sfT": 8.185693629366994e-06, "sfR": 0.11369548401129392, "unknown": 0.0, "sft": 0.0, "alternate": 0.26000043267237755, "dsfb": 0.0, "oneh-in": 0.009714956607053378, "bad-redirect": 0.026785343632495098, "dsfb-red": 0.021155925185098998, "redirect": 0.05165406557091413, "sfb": 0.02599162369664755}, "shai": {"dsfb-alt": 0.03245130329049771, "oneh-out": 0.011028838261189429, "roll-out": 0.2507626098692948, "roll-in": 0.2320938362036801, "sfT": 0.00013343621395991434, "sfR": 0.09823378925716947, "unknown": 0.009820694023128945, "sft": 0.0, "alternate": 0.24831932916216795, "dsfb": 0.0, "oneh-in": 0.008655832566734363, "bad-redirect": 0.02107271166723897, "dsfb-red": 0.020937862754065246, "redirect": 0.04618263901811754, "sfb": 0.020307117712755597}, "tr-quotes": {"dsfb-alt": 0.03446291116710201, "oneh-out": 0.011383232010355748, "roll-out": 0.2585458033794873, "roll-in": 0.2339196967245325, "sfT": 7.165807540278773e-05, "sfR": 0.09677191928064538, "unknown": 0.00834354268278588, "sft": 0.0, "alternate": 0.2420228381220961, "dsfb": 0.0, "oneh-in": 0.008379371720487274, "bad-redirect": 0.019099188645662374, "dsfb-red": 0.022072998774878064, "redirect": 0.046886341046207904, "sfb": 0.01804049837035667}, "gutenberg": {"dsfb-alt": 0.0339859051459743, "oneh-out": 0.011343663699707851, "roll-out": 0.25746522982659337, "roll-in": 0.22740388640916145, "sfT": 0.00011820854943333777, "sfR": 0.09863878308844841, "unknown": 0.025353839485671572, "sft": 0.0, "alternate": 0.23859675843363062, "dsfb": 0.0, "oneh-in": 0.008004651051771935, "bad-redirect": 0.0171572889778484, "dsfb-red": 0.021801710462555357, "redirect": 0.04228702475521927, "sfb": 0.01784305011398411}, "english-200": {"dsfb-alt": 0.0378619153674833, "oneh-out": 0.008908685968819599, "roll-out": 0.24944320712694878, "roll-in": 0.22939866369710468, "sfT": 0.0, "sfR": 0.10690423162583519, "unknown": 0.0, "sft": 0.0, "alternate": 0.2650334075723831, "dsfb": 0.0, "oneh-in": 0.0066815144766146995, "bad-redirect": 0.017817371937639197, "dsfb-red": 0.0200445434298441, "redirect": 0.0467706013363029, "sfb": 0.011135857461024499}, "monkeyracer": {"dsfb-alt": 0.0343717252920844, "oneh-out": 0.011241534635656974, "roll-out": 0.2581163880069443, "roll-in": 0.23423448081705428, "sfT": 6.842673256486855e-05, "sfR": 0.09690789370786869, "unknown": 0.008234668501806465, "sft": 0.0, "alternate": 0.24235575644775326, "dsfb": 0.0, "oneh-in": 0.008426263352988097, "bad-redirect": 0.01915068739540485, "dsfb-red": 0.022046115707649718, "redirect": 0.04678433457935155, "sfb": 0.018061724822872514}, "chained-bigrams": {"dsfb-alt": 0.039409548285218775, "oneh-out": 0.012698451862822696, "roll-out": 0.24076477703850832, "roll-in": 0.2062087813265165, "sfT": 0.0001396005087951567, "sfR": 0.11914286586209158, "unknown": 0.008893526367289588, "sft": 0.0, "alternate": 0.2515295995283451, "dsfb": 0.0, "oneh-in": 0.009993448515657009, "bad-redirect": 0.0177403027967501, "dsfb-red": 0.0243359398588022, "redirect": 0.04774272470325152, "sfb": 0.021400433345951486}, "english-5k": {"dsfb-alt": 0.03239722902061642, "oneh-out": 0.014974903554984029, "roll-out": 0.21860870286638737, "roll-in": 0.2400132741527357, "sfT": 4.148172729912474e-05, "sfR": 0.10644211224955408, "unknown": 0.0, "sft": 0.0, "alternate": 0.25834819761894884, "dsfb": 0.0, "oneh-in": 0.009997096279089061, "bad-redirect": 0.02741942174472145, "dsfb-red": 0.022483096196125606, "redirect": 0.04849213921267682, "sfb": 0.020782345376861494}, "mt-quotes": {"dsfb-alt": 0.034972986218190075, "oneh-out": 0.010899642605276054, "roll-out": 0.26248490933648894, "roll-in": 0.2348719833614229, "sfT": 4.482375300319145e-05, "sfR": 0.0964592223377679, "unknown": 0.004915671579349996, "sft": 0.0, "alternate": 0.24277441101588554, "dsfb": 0.0, "oneh-in": 0.00823860580198659, "bad-redirect": 0.018727364004733387, "dsfb-red": 0.02213695748317615, "redirect": 0.04647924361410932, "sfb": 0.016994178888609986}, "wordle": {"dsfb-alt": 0.03920116683496017, "oneh-out": 0.014383484797486816, "roll-out": 0.2093346796813643, "roll-in": 0.20596880960394928, "sfT": 0.0, "sfR": 0.13138112868843263, "unknown": 0.0, "sft": 0.0, "alternate": 0.27559744193874114, "dsfb": 0.0, "oneh-in": 0.008549309996634129, "bad-redirect": 0.025625490856052955, "dsfb-red": 0.019566924716705934, "redirect": 0.0481543812408841, "sfb": 0.022237181644788512}, "english-1k": {"dsfb-alt": 0.037755822159491886, "oneh-out": 0.014467184191954835, "roll-out": 0.22477064220183487, "roll-in": 0.23888496824276642, "sfT": 0.0, "sfR": 0.10832745236414962, "unknown": 0.0, "sft": 0.0, "alternate": 0.2702893436838391, "dsfb": 0.0, "oneh-in": 0.011997177134791814, "bad-redirect": 0.01834862385321101, "dsfb-red": 0.020465772759350742, "redirect": 0.043048694424841216, "sfb": 0.011644318983768526}, "english-10k": {"dsfb-alt": 0.03193685957430385, "oneh-out": 0.0130449045753652, "roll-out": 0.23378553096235116, "roll-in": 0.22548773663186739, "sfT": 0.0, "sfR": 0.10567144593890508, "unknown": 0.0, "sft": 0.0, "alternate": 0.266532872773586, "dsfb": 0.0, "oneh-in": 0.00922405974411918, "bad-redirect": 0.024912680187568745, "dsfb-red": 0.02091816059126609, "redirect": 0.04617819030894811, "sfb": 0.02230755871171919}, "reddit": {"dsfb-alt": 0.034019347128524065, "oneh-out": 0.010735257183535893, "roll-out": 0.247711529972392, "roll-in": 0.22528955985104684, "sfT": 0.00019249364675449308, "sfR": 0.10397777127267367, "unknown": 0.023821641282714134, "sft": 0.0, "alternate": 0.23714610470058697, "dsfb": 0.0, "oneh-in": 0.0083789236874501, "bad-redirect": 0.01656052172183488, "dsfb-red": 0.022034922670106757, "redirect": 0.048303619303827754, "sfb": 0.02182830757855241}, "akl": {"dsfb-alt": 0.03604676091612132, "oneh-out": 0.011375627131447632, "roll-out": 0.2195871591922917, "roll-in": 0.20273113881563565, "sfT": 0.0005860643243151491, "sfR": 0.13064861186637447, "unknown": 0.05285003056206855, "sft": 0.0, "alternate": 0.2257553379600954, "dsfb": 0.0, "oneh-in": 0.006387779936206453, "bad-redirect": 0.014130895391397204, "dsfb-red": 0.02230436786180386, "redirect": 0.047027437026313575, "sfb": 0.030568789015929066}, "french": {"dsfb-alt": 0.023345749232221984, "oneh-out": 0.009519624882334514, "roll-out": 0.16626737820211138, "roll-in": 0.2564114514999764, "sfT": 0.00048617563601611763, "sfR": 0.10898279115633469, "unknown": 0.1010178466205235, "sft": 0.0, "alternate": 0.2029289853521518, "dsfb": 0.0, "oneh-in": 0.009132164579149749, "bad-redirect": 0.019198057251087655, "dsfb-red": 0.02212378555158402, "redirect": 0.03229363719977276, "sfb": 0.048292352836735435}, "keymash": {"dsfb-alt": 0.03444397466473464, "oneh-out": 0.010791706518125058, "roll-out": 0.2542393057841741, "roll-in": 0.2337559982431151, "sfT": 3.694384125641899e-05, "sfR": 0.099723742164827, "unknown": 0.008103015848907899, "sft": 0.0, "alternate": 0.24450665604873303, "dsfb": 0.0, "oneh-in": 0.008197427887674302, "bad-redirect": 0.018615591121984458, "dsfb-red": 0.022396177543891334, "redirect": 0.04687762968314499, "sfb": 0.01831183064943168}, "movie": {"dsfb-alt": 0.03654300900300293, "oneh-out": 0.010589414875214323, "roll-out": 0.23828591709678323, "roll-in": 0.23441654584888436, "sfT": 7.843231179633814e-05, "sfR": 0.11567713207251198, "unknown": 0.023825262284362138, "sft": 0.0, "alternate": 0.22711418178583268, "dsfb": 0.0, "oneh-in": 0.010373462822097225, "bad-redirect": 0.01577042178028451, "dsfb-red": 0.0227501079431271, "redirect": 0.045290843725066324, "sfb": 0.01928526845103685}, "dutch": {"dsfb-alt": 0.021461762097162742, "oneh-out": 0.007601186430448296, "roll-out": 0.15293572466533875, "roll-in": 0.2602407876151574, "sfT": 0.0008160125148336978, "sfR": 0.18880787437283908, "unknown": 0.012462852325313809, "sft": 0.0, "alternate": 0.2163910841062193, "dsfb": 0.0, "oneh-in": 0.008203194916089084,