{"akl": {"roll-out": 0.17540052814476323, "dsfb": 0.0, "sfb": 0.018966914371085403, "dsfb-alt": 0.04154234933668612, "oneh-out": 0.006641848209685909, "bad-redirect": 0.0010539521872812527, "alternate": 0.2761035508456387, "sfT": 0.0002485337705854167, "redirect": 0.03370830990537903, "dsfb-red": 0.010511256375889403, "sfR": 0.13064861186637447, "roll-in": 0.16867749075422994, "unknown": 0.13277008071454782, "sft": 0.0, "oneh-in": 0.0037265735178533305}, "english-450k": {"roll-out": 0.1755039025294378, "dsfb": 0.0, "sfb": 0.024354192624573102, "dsfb-alt": 0.05074019134643551, "oneh-out": 0.004572879276805662, "bad-redirect": 0.001381628146156729, "alternate": 0.36321735179947856, "sfT": 0.00014208025370972713, "redirect": 0.03383030238536959, "dsfb-red": 0.013192999360931204, "sfR": 0.11369548401129392, "roll-in": 0.21624994664681832, "unknown": 0.00015377410175167997, "sft": 0.0, "oneh-in": 0.002965267517238194}, "shai": {"roll-out": 0.21731844221928623, "dsfb": 0.0, "sfb": 0.013861249869567223, "dsfb-alt": 0.04459080567358582, "oneh-out": 0.007105191983113871, "bad-redirect": 0.0007475191453641946, "alternate": 0.33325882925397404, "sfT": 3.666438260941723e-05, "redirect": 0.038658243057338094, "dsfb-red": 0.009266923672132407, "sfR": 0.09823378925716947, "roll-in": 0.21086320411638101, "unknown": 0.023260762136131256, "sft": 0.0, "oneh-in": 0.002798375233346947}, "tr-quotes": {"roll-out": 0.2296606643397055, "dsfb": 0.0, "sfb": 0.011266498693973786, "dsfb-alt": 0.04674302489540232, "oneh-out": 0.008874043595848456, "bad-redirect": 0.0013441668015071312, "alternate": 0.33232819398534474, "sfT": 2.542705901389242e-05, "redirect": 0.04464760407757565, "dsfb-red": 0.00977901574166108, "sfR": 0.09677191928064538, "roll-in": 0.2018330597998197, "unknown": 0.013835787429786644, "sft": 0.0, "oneh-in": 0.002890594299715679}, "gutenberg": {"roll-out": 0.2358158265335002, "dsfb": 0.0, "sfb": 0.011604897016484409, "dsfb-alt": 0.04186723285530857, "oneh-out": 0.008428610560797271, "bad-redirect": 0.0011360523572944336, "alternate": 0.3153538887392338, "sfT": 0.00016840929558691872, "redirect": 0.032416421440757626, "dsfb-red": 0.007218109549773187, "sfR": 0.09863878308844841, "roll-in": 0.21105113542721593, "unknown": 0.032975828246008664, "sft": 0.0, "oneh-in": 0.003324804889590563}, "english-200": {"roll-out": 0.20044543429844097, "dsfb": 0.0, "sfb": 0.008908685968819599, "dsfb-alt": 0.042316258351893093, "oneh-out": 0.013363028953229399, "bad-redirect": 0.0, "alternate": 0.33407572383073497, "sfT": 0.0, "redirect": 0.035634743875278395, "dsfb-red": 0.0022271714922048997, "sfR": 0.10690423162583519, "roll-in": 0.2516703786191537, "unknown": 0.0, "sft": 0.0, "oneh-in": 0.004454342984409799}, "monkeyracer": {"roll-out": 0.23021880914024742, "dsfb": 0.0, "sfb": 0.01116626522983562, "dsfb-alt": 0.0468263681436414, "oneh-out": 0.00899909285703114, "bad-redirect": 0.0014086131660853653, "alternate": 0.3320905735333219, "sfT": 2.3460594022240643e-05, "redirect": 0.04497102616638253, "dsfb-red": 0.009777202558768789, "sfR": 0.09690789370786869, "roll-in": 0.20122738007726357, "unknown": 0.013436077701487402, "sft": 0.0, "oneh-in": 0.002947237124043981}, "chained-bigrams": {"roll-out": 0.20481082832448871, "dsfb": 0.0, "sfb": 0.015395663553683539, "dsfb-alt": 0.06042559325346453, "oneh-out": 0.006335265880531833, "bad-redirect": 0.002246594234563917, "alternate": 0.3336276847937386, "sfT": 2.662149237489035e-05, "redirect": 0.037211002597868074, "dsfb-red": 0.018099368291465086, "sfR": 0.11914286586209158, "roll-in": 0.17427078213295294, "unknown": 0.022916559801936097, "sft": 0.0, "oneh-in": 0.005491169780840187}, "english-5k": {"roll-out": 0.18687518148255694, "dsfb": 0.0, "sfb": 0.01601194673746215, "dsfb-alt": 0.046708424938814455, "oneh-out": 0.004977807275894968, "bad-redirect": 0.0008296345459824947, "alternate": 0.3567013730451736, "sfT": 0.0, "redirect": 0.03463724229476915, "dsfb-red": 0.010536358733977683, "sfR": 0.10644211224955408, "roll-in": 0.2312606296926204, "unknown": 0.002157049819554486, "sft": 0.0, "oneh-in": 0.002862239183639607}, "mt-quotes": {"roll-out": 0.2340083790535614, "dsfb": 0.0, "sfb": 0.010310957315834141, "dsfb-alt": 0.04764764944239251, "oneh-out": 0.009138069112250631, "bad-redirect": 0.001440336596502552, "alternate": 0.33366502910555695, "sfT": 7.470625500531909e-06, "redirect": 0.0461460537167856, "dsfb-red": 0.009711813150691482, "sfR": 0.0964592223377679, "roll-in": 0.20051009430917632, "unknown": 0.007977133909467972, "sft": 0.0, "oneh-in": 0.002977791324512019}, "wordle": {"roll-out": 0.1989229215752272, "dsfb": 0.0, "sfb": 0.030696735106024907, "dsfb-alt": 0.05535734320655223, "oneh-out": 0.006260518343991922, "bad-redirect": 0.0018400089756535397, "alternate": 0.32507573207674184, "sfT": 0.0001795130707954673, "redirect": 0.03556602715135196, "dsfb-red": 0.016223493773140356, "sfR": 0.13138112868843263, "roll-in": 0.19537753842701672, "unknown": 0.0, "sft": 0.0, "oneh-in": 0.003119039605071244}, "english-1k": {"roll-out": 0.21383203952011293, "dsfb": 0.0, "sfb": 0.011644318983768526, "dsfb-alt": 0.03916725476358504, "oneh-out": 0.0077628793225123505, "bad-redirect": 0.0, "alternate": 0.32357092448835567, "sfT": 0.0, "redirect": 0.03387438249823571, "dsfb-red": 0.01058574453069866, "sfR": 0.10832745236414962, "roll-in": 0.24700070571630206, "unknown": 0.0, "sft": 0.0, "oneh-in": 0.004234297812279464}, "english-10k": {"roll-out": 0.18998089577584376, "dsfb": 0.0, "sfb": 0.01611315875803246, "dsfb-alt": 0.04895698654985431, "oneh-out": 0.004669921460411802, "bad-redirect": 0.0008490766291657822, "alternate": 0.35649640107292413, "sfT": 7.718878446961657e-05, "redirect": 0.03666467262306787, "dsfb-red": 0.01034329711892862, "sfR": 0.10567144593890508, "roll-in": 0.22778410296983848, "unknown": 0.0, "sft": 0.0, "oneh-in": 0.0023928523185581135}, "reddit": {"roll-out": 0.21552793321043556, "dsfb": 0.0, "sfb": 0.012481259587927252, "dsfb-alt": 0.047232374741941835, "oneh-out": 0.008047912526451957, "bad-redirect": 0.0007440165996272613, "alternate": 0.32366564988518365, "sfT": 0.00014481035967170075, "redirect": 0.04057210954720168, "dsfb-red": 0.00962666758062755, "sfR": 0.10397777127267367, "roll-in": 0.19567928738020418, "unknown": 0.039285409944231534, "sft": 0.0, "oneh-in": 0.0030147973638221695}, "french": {"roll-out": 0.16523746670717157, "dsfb": 0.0, "sfb": 0.045625315938879675, "dsfb-alt": 0.03622977064168847, "oneh-out": 0.005729025018066974, "bad-redirect": 0.0014114240083030547, "alternate": 0.25319615422801783, "sfT": 5.060864991718115e-05, "redirect": 0.029093816166820854, "dsfb-red": 0.008036557723082982, "sfR": 0.10898279115633469, "roll-in": 0.18602890239321834, "unknown": 0.15807953387545715, "sft": 0.0, "oneh-in": 0.002298633493041228}, "keymash": {"roll-out": 0.22818158308464656, "dsfb": 0.0, "sfb": 0.01174814151954124, "dsfb-alt": 0.0455763854966689, "oneh-out": 0.008620229626497765, "bad-redirect": 0.0013751318689889291, "alternate": 0.3303066749311408, "sfT": 2.873409875499255e-05, "redirect": 0.04382360547261435, "dsfb-red": 0.010118507633008091, "sfR": 0.099723742164827, "roll-in": 0.20481255105433618, "unknown": 0.01232282349464109, "sft": 0.0, "oneh-in": 0.0033618895543341284}, "movie": {"roll-out": 0.21372673366663555, "dsfb": 0.0, "sfb": 0.010758254902118186, "dsfb-alt": 0.05019154723395161, "oneh-out": 0.010232916330489021, "bad-redirect": 0.0023906063357252995, "alternate": 0.31651793698279584, "sfT": 1.7765708208902093e-05, "redirect": 0.04961291153769574, "dsfb-red": 0.010619155986734411, "sfR": 0.11567713207251198, "roll-in": 0.18756126701872597, "unknown": 0.030236445784519856, "sft": 0.0, "oneh-in": 0.002457326439887621}, "dutch": {"roll-out": 0.14204762641290625, "dsfb": 0.0, "sfb": 0.02847646810977763, "dsfb-alt": 0.03556449314001881, "oneh-out": 0.0013399682531701914, "bad-redirect": 0.0012192760771754295, "alternate": 0.2651216932522369, "sfT": 4.615386436049876e-05,