{"english-450k": {"dsfb": 0.0, "dsfb-alt": 0.03510697824534979, "roll-in": 0.24441954954127956, "oneh-in": 0.011558784097068293, "sft": 0.0, "redirect": 0.03708733141125451, "bad-redirect": 0.0019318236965306108, "dsfb-red": 0.01670612365893489, "roll-out": 0.20046880636800188, "alternate": 0.3096016432195269, "sfR": 0.11369548401129392, "sfT": 0.00013594098348770187, "sfb": 0.022066583601366076, "unknown": 0.00015377410175167997, "oneh-out": 0.0070671770641542045}, "shai": {"dsfb": 0.0, "dsfb-alt": 0.03121885288514206, "roll-in": 0.24072983292528904, "oneh-in": 0.008903143948553906, "sft": 0.0, "redirect": 0.02965496389218218, "bad-redirect": 0.0033084641505706685, "dsfb-red": 0.010695623155943725, "roll-out": 0.24427578148972345, "alternate": 0.288495817481429, "sfR": 0.09823378925716947, "sfT": 3.606059883584296e-05, "sfb": 0.011275921288889481, "unknown": 0.023260762136131256, "oneh-out": 0.009910986790139933}, "tr-quotes": {"dsfb": 0.0, "dsfb-alt": 0.028003282402163612, "roll-in": 0.23745405792746355, "oneh-in": 0.008145905087723353, "sft": 0.0, "redirect": 0.035062758604747925, "bad-redirect": 0.0036129539307921685, "dsfb-red": 0.011128961420216823, "roll-out": 0.2680116039851136, "alternate": 0.2775132336284413, "sfR": 0.09677191928064538, "sfT": 2.542705901389242e-05, "sfb": 0.00901735974665403, "unknown": 0.013835787429786644, "oneh-out": 0.011416749497237698}, "gutenberg": {"dsfb": 0.0, "dsfb-alt": 0.02437805064251272, "roll-in": 0.2176482712189082, "oneh-in": 0.009158510466192545, "sft": 0.0, "redirect": 0.028506635780894393, "bad-redirect": 0.003132905433539327, "dsfb-red": 0.018958643299261235, "roll-out": 0.2774443690486068, "alternate": 0.2670946801227399, "sfR": 0.09863878308844841, "sfT": 0.0001739029621471219, "sfb": 0.009837451878322485, "unknown": 0.032975828246008664, "oneh-out": 0.012051967812418187}, "english-200": {"dsfb": 0.0, "dsfb-alt": 0.017817371937639197, "roll-in": 0.22271714922049, "oneh-in": 0.011135857461024499, "sft": 0.0, "redirect": 0.028953229398663696, "bad-redirect": 0.0022271714922048997, "dsfb-red": 0.015590200445434299, "roll-out": 0.27839643652561247, "alternate": 0.30734966592427615, "sfR": 0.10690423162583519, "sfT": 0.0, "sfb": 0.0, "unknown": 0.0, "oneh-out": 0.008908685968819599}, "monkeyracer": {"dsfb": 0.0, "dsfb-alt": 0.027900511440949686, "roll-in": 0.23790704130628587, "oneh-in": 0.008192634937516617, "sft": 0.0, "redirect": 0.03519382360761374, "bad-redirect": 0.003621729202183399, "dsfb-red": 0.011099793546772605, "roll-out": 0.2680881179911475, "alternate": 0.27729053599637143, "sfR": 0.09690789370786869, "sfT": 2.541564352409403e-05, "sfb": 0.008922845926458858, "unknown": 0.013436077701487402, "oneh-out": 0.011413578991820073}, "chained-bigrams": {"dsfb": 0.0, "dsfb-alt": 0.040353637307489275, "roll-in": 0.20488030392654027, "oneh-in": 0.009649317028859645, "sft": 0.0, "redirect": 0.03660455201547423, "bad-redirect": 0.005095093918677185, "dsfb-red": 0.017729264616984902, "roll-out": 0.22495615570066793, "alternate": 0.29718091381843753, "sfR": 0.11914286586209158, "sfT": 5.1944375365639704e-05, "sfb": 0.012673778284524017, "unknown": 0.022916559801936097, "oneh-out": 0.0087656133429517}, "english-5k": {"dsfb": 0.0, "dsfb-alt": 0.03397353465798316, "roll-in": 0.2731156925374373, "oneh-in": 0.01277637200813042, "sft": 0.0, "redirect": 0.02916165429128469, "bad-redirect": 0.0006637076367859958, "dsfb-red": 0.0115734019164558, "roll-out": 0.1967063508524495, "alternate": 0.3138922304724769, "sfR": 0.10644211224955408, "sfT": 0.0, "sfb": 0.01277637200813042, "unknown": 0.002157049819554486, "oneh-out": 0.006761521549757332}, "mt-quotes": {"dsfb": 0.0, "dsfb-alt": 0.02767119685397019, "roll-in": 0.23917655777482938, "oneh-in": 0.007877027527760844, "sft": 0.0, "redirect": 0.03586049652765327, "bad-redirect": 0.0038189837558719117, "dsfb-red": 0.011035607989385736, "roll-out": 0.27426757987592787, "alternate": 0.2762189072566668, "sfR": 0.0964592223377679, "sfT": 1.1953000800851053e-05, "sfb": 0.008048851914273078, "unknown": 0.007977133909467972, "oneh-out": 0.011576481275624245}, "wordle": {"dsfb": 0.0, "dsfb-alt": 0.04200605856613935, "roll-in": 0.2039044092898014, "oneh-in": 0.00868394479973073, "sft": 0.0, "redirect": 0.037069449119264, "bad-redirect": 0.005295635588466285, "dsfb-red": 0.02270840345562661, "roll-out": 0.2194771681813082, "alternate": 0.28708627846965107, "sfR": 0.13138112868843263, "sfT": 0.0001795130707954673, "sfb": 0.0282733086502861, "unknown": 0.0, "oneh-out": 0.013934702120498148}, "english-1k": {"dsfb": 0.0, "dsfb-alt": 0.026817219477769938, "roll-in": 0.24135497529992944, "oneh-in": 0.011291460832745237, "sft": 0.0, "redirect": 0.028228652081863093, "bad-redirect": 0.00035285815102328866, "dsfb-red": 0.017642907551164433, "roll-out": 0.2399435426958363, "alternate": 0.3048694424841214, "sfR": 0.10832745236414962, "sfT": 0.0, "sfb": 0.009174311926605505, "unknown": 0.0, "oneh-out": 0.011997177134791814}, "english-10k": {"dsfb": 0.0, "dsfb-alt": 0.03525597730649736, "roll-in": 0.2699291792902491, "oneh-in": 0.01103799617915517, "sft": 0.0, "redirect": 0.028251095115879664, "bad-redirect": 0.003724358850658999, "dsfb-red": 0.01090291580633334, "roll-out": 0.20346963586190928, "alternate": 0.30964280889986684, "sfR": 0.10567144593890508, "sfT": 7.718878446961657e-05, "sfb": 0.013179984948187028, "unknown": 0.0, "oneh-out": 0.008857413017888501}, "reddit": {"dsfb": 0.0, "dsfb-alt": 0.030764260458624824, "roll-in": 0.22644856713220612, "oneh-in": 0.00848286800925273, "sft": 0.0, "redirect": 0.03635380549526473, "bad-redirect": 0.0030234500262857397, "dsfb-red": 0.010302698975183901, "roll-out": 0.25105157005556994, "alternate": 0.26957482277493133, "sfR": 0.10397777127267367, "sfT": 4.183993061388767e-05, "sfb": 0.011127735959697321, "unknown": 0.039285409944231534, "oneh-out": 0.009565199965464266}, "akl": {"dsfb": 0.0, "dsfb-alt": 0.02693706798294276, "roll-in": 0.19245628477764876, "oneh-in": 0.00712339937667167, "sft": 0.0, "redirect": 0.03339820479009743, "bad-redirect": 0.0029972792235527295, "dsfb-red": 0.009187299511706128, "roll-out": 0.21462137588582003, "alternate": 0.22392393636181496, "sfR": 0.13064861186637447, "sfT": 0.00012674999931436404, "sfb": 0.01833131130434817, "unknown": 0.13277008071454782, "oneh-out": 0.007478398205160711}, "french": {"dsfb": 0.0, "dsfb-alt": 0.027733704954837023, "roll-in": 0.2296919420916591, "oneh-in": 0.008630962159277228, "sft": 0.0, "redirect": 0.026043319116617475, "bad-redirect": 0.003022510976181679, "dsfb-red": 0.011143835940600188, "roll-out": 0.16012993328902006, "alternate": 0.21934493020508353, "sfR": 0.10898279115633469, "sfT": 4.710289974529826e-05, "sfb": 0.034949003245560585, "unknown": 0.15807953387545715, "oneh-out": 0.012200430089626001}, "keymash": {"dsfb": 0.0, "dsfb-alt": 0.028044480384872728, "roll-in": 0.23750374569501628, "oneh-in": 0.00856276142898778, "sft": 0.0, "redirect": 0.03346291043581418, "bad-redirect": 0.0036122867006276346, "dsfb-red": 0.01210526531835329, "roll-out": 0.2640827870433844, "alternate": 0.27983728290362175, "sfR": 0.099723742164827, "sfT": 2.462922750427933e-05, "sfb": 0.009318057739119012, "unknown": 0.01232282349464109, "oneh-out": 0.011399227463230615}, "movie": {"dsfb": 0.0, "dsfb-alt": 0.029594511527904863, "roll-in": 0.2223648157913195, "oneh-in": 0.0069452075291334585, "sft": 0.0, "redirect": 0.04166650765261171, "bad-redirect": 0.00429969618007006, "dsfb-red": 0.01155626419529435, "roll-out": 0.2606891331374017, "alternate": 0.25660433622774004, "sfR": 0.11567713207251198, "sfT": 2.2898023913696032e-05, "sfb": 0.009495310445223124, "unknown": 0.030236445784519856, "oneh-out": 0.010847741432355618}, "dutch": {"dsfb": 0.0, "dsfb-alt": 0.02181078500694406, "roll-in": 0.2258298003990606, "oneh-in": 0.008181893132538084, "sft": 0.0, "redirect": 0.028345770550599822, "bad-redirect": 0.003408375022131083, "dsfb-red": 0.018288746680158275, "roll-out": 0.1640298477435297,