{"english-450k": {"sfT": 0.0002476172322883516, "sfb": 0.028778560031245962, "sft": 0.0, "oneh-out": 0.006859611261409541, "dsfb-alt": 0.04104014439563562, "sfR": 0.11369548401129392, "dsfb": 0.0, "roll-out": 0.20908307952810645, "roll-in": 0.2586699651114044, "redirect": 0.047225312971225536, "oneh-in": 0.007844233266541972, "dsfb-red": 0.022409213348995295, "unknown": 0.00015377410175167997, "alternate": 0.2624690039940338, "bad-redirect": 0.001524000746067505}, "shai": {"sfT": 5.255241075379153e-05, "sfb": 0.015950345596543014, "sft": 0.0, "oneh-out": 0.01062340132764311, "dsfb-alt": 0.03823160789476699, "sfR": 0.09823378925716947, "dsfb": 0.0, "roll-out": 0.23613559187684793, "roll-in": 0.26272862117770035, "redirect": 0.0402396224276876, "oneh-in": 0.0094171884235763, "dsfb-red": 0.018292070647036366, "unknown": 0.024097749651430984, "alternate": 0.24352567304086872, "bad-redirect": 0.0024717862679753395}, "tr-quotes": {"sfT": 2.542705901389242e-05, "sfb": 0.014123575506807517, "sft": 0.0, "oneh-out": 0.012699660202029542, "dsfb-alt": 0.03617345877349114, "sfR": 0.09677191928064538, "dsfb": 0.0, "roll-out": 0.2528339613046393, "roll-in": 0.25140195557199324, "redirect": 0.04068791752386676, "oneh-in": 0.010660872379279259, "dsfb-red": 0.019152354314509606, "unknown": 0.013894731975682485, "alternate": 0.24894246550010402, "bad-redirect": 0.0026317006079378657}, "gutenberg": {"sfT": 2.784720635689207e-05, "sfb": 0.01500528718047225, "sft": 0.0, "oneh-out": 0.012482747045449293, "dsfb-alt": 0.03440948578144376, "sfR": 0.09863878308844841, "dsfb": 0.0, "roll-out": 0.25838702918803985, "roll-in": 0.24044528251275005, "redirect": 0.040207956117349265, "oneh-in": 0.009651993272721142, "dsfb-red": 0.026125036608657337, "unknown": 0.03298207965968062, "alternate": 0.2293994134279608, "bad-redirect": 0.0022370589106703296}, "english-200": {"sfT": 0.0, "sfb": 0.013363028953229399, "sft": 0.0, "oneh-out": 0.013363028953229399, "dsfb-alt": 0.042316258351893093, "sfR": 0.10690423162583519, "dsfb": 0.0, "roll-out": 0.24944320712694878, "roll-in": 0.2561247216035635, "redirect": 0.035634743875278395, "oneh-in": 0.011135857461024499, "dsfb-red": 0.026726057906458798, "unknown": 0.0, "alternate": 0.24498886414253898, "bad-redirect": 0.0}, "monkeyracer": {"sfT": 2.541564352409403e-05, "sfb": 0.014041165522311026, "sft": 0.0, "oneh-out": 0.01278015859361559, "dsfb-alt": 0.03618601122980434, "sfR": 0.09690789370786869, "dsfb": 0.0, "roll-out": 0.25300588860909956, "roll-in": 0.2518084207892144, "redirect": 0.040798950529427405, "oneh-in": 0.010740064438431582, "dsfb-red": 0.01915753006866134, "unknown": 0.013491796612290222, "alternate": 0.2484037020817367, "bad-redirect": 0.002653002174015046}, "chained-bigrams": {"sfT": 6.168394574669716e-05, "sfb": 0.01759355993634217, "sft": 0.0, "oneh-out": 0.009281810573147744, "dsfb-alt": 0.04757520409269733, "sfR": 0.11914286586209158, "dsfb": 0.0, "roll-out": 0.21089351467980513, "roll-in": 0.22042465825470794, "redirect": 0.047183024058686754, "oneh-in": 0.009412970120945986, "dsfb-red": 0.02885834703907321, "unknown": 0.023159399756770463, "alternate": 0.2637384756533466, "bad-redirect": 0.0026744860266383745}, "english-5k": {"sfT": 4.148172729912474e-05, "sfb": 0.018334923466213134, "sft": 0.0, "oneh-out": 0.007923009914132825, "dsfb-alt": 0.039034305388476374, "sfR": 0.10644211224955408, "dsfb": 0.0, "roll-out": 0.20836271622350355, "roll-in": 0.29207284191313726, "redirect": 0.03895134193387813, "oneh-in": 0.00850375409632057, "dsfb-red": 0.01953789355788775, "unknown": 0.002157049819554486, "alternate": 0.2583067158916497, "bad-redirect": 0.0003318538183929979}, "mt-quotes": {"sfT": 1.1953000800851053e-05, "sfb": 0.01319760700923967, "sft": 0.0, "oneh-out": 0.013146806755836052, "dsfb-alt": 0.036257933804281564, "sfR": 0.0964592223377679, "dsfb": 0.0, "roll-out": 0.256952164090795, "roll-in": 0.25237864715936936, "redirect": 0.04059388484479028, "oneh-in": 0.01076068897096616, "dsfb-red": 0.019395237924480942, "unknown": 0.007995063410669249, "alternate": 0.25005976500400423, "bad-redirect": 0.002791025686998721}, "wordle": {"sfT": 0.0003141478738920678, "sfb": 0.03406260518343992, "sft": 0.0, "oneh-out": 0.01038931897228767, "dsfb-alt": 0.046426567934477726, "sfR": 0.13138112868843263, "dsfb": 0.0, "roll-out": 0.23285089195557052, "roll-in": 0.22380792101424885, "redirect": 0.046808033209918096, "oneh-in": 0.009065410075171098, "dsfb-red": 0.0286098956580276, "unknown": 0.0, "alternate": 0.23253674408167846, "bad-redirect": 0.00374733535285538}, "english-1k": {"sfT": 0.0, "sfb": 0.016937191249117856, "sft": 0.0, "oneh-out": 0.014114326040931546, "dsfb-alt": 0.032462949894142556, "sfR": 0.10832745236414962, "dsfb": 0.0, "roll-out": 0.2508821453775582, "roll-in": 0.2699364855328158, "redirect": 0.04199011997177135, "oneh-in": 0.007057163020465773, "dsfb-red": 0.022935779816513763, "unknown": 0.0, "alternate": 0.23535638673253353, "bad-redirect": 0.0}, "english-10k": {"sfT": 3.859439223480828e-05, "sfb": 0.018177958742594702, "sft": 0.0, "oneh-out": 0.00820130834989676, "dsfb-alt": 0.03946276606009147, "sfR": 0.10567144593890508, "dsfb": 0.0, "roll-out": 0.211574458231219, "roll-in": 0.29370332490689105, "redirect": 0.03940487447173926, "oneh-in": 0.007062773778969916, "dsfb-red": 0.01831303911541653, "unknown": 0.0, "alternate": 0.2549545551031435, "bad-redirect": 0.0034349009088979372}, "reddit": {"sfT": 6.753571611176319e-05, "sfb": 0.013956931840805244, "sft": 0.0, "oneh-out": 0.011233103663203917, "dsfb-alt": 0.04026263639882931, "sfR": 0.10397777127267367, "dsfb": 0.0, "roll-out": 0.24054888595097912, "roll-in": 0.23681288355220637, "redirect": 0.038076771590499825, "oneh-in": 0.009254678009520552, "dsfb-red": 0.017205912952342747, "unknown": 0.04519937363713543, "alternate": 0.24065290518760826, "bad-redirect": 0.002750610228083808}, "akl": {"sfT": 0.0010453292341115231, "sfb": 0.020252525036645697, "sft": 0.0, "oneh-out": 0.008083116769141035, "dsfb-alt": 0.0353732316799986, "sfR": 0.13064861186637447, "dsfb": 0.0, "roll-out": 0.20264977668157286, "roll-in": 0.20459732871782146, "redirect": 0.03122932205329168, "oneh-in": 0.0072543002531565625, "dsfb-red": 0.014391165273030247, "unknown": 0.13920166722946467, "alternate": 0.2026281822372452, "bad-redirect": 0.0026454429681459957}, "french": {"sfT": 4.058580006679802e-05, "sfb": 0.04674123816773735, "sft": 0.0, "oneh-out": 0.01069620857463644, "dsfb-alt": 0.029514775860536944, "sfR": 0.10898279115633469, "dsfb": 0.0, "roll-out": 0.1689634349208344, "roll-in": 0.22326109285649018, "redirect": 0.03813321320296078, "oneh-in": 0.014026071964391526, "dsfb-red": 0.014182227665423729, "unknown": 0.15842537463172957, "alternate": 0.18402604035271264, "bad-redirect": 0.003006944846144985}, "keymash": {"sfT": 4.104871250713221e-06, "sfb": 0.014354734763744135, "sft": 0.0, "oneh-out": 0.012556801155931744, "dsfb-alt": 0.03663187104136479, "sfR": 0.099723742164827, "dsfb": 0.0, "roll-out": 0.2504217755210108, "roll-in": 0.25226486271258103, "redirect": 0.040876307914602256, "oneh-in": 0.010824545488130765, "dsfb-red": 0.019678752775919184, "unknown": 0.012376186820900362, "alternate": 0.24759351922926937, "bad-redirect": 0.002692795540467873}, "movie": {"sfT": 2.3161219590864952e-05, "sfb": 0.013023053704156741, "sft": 0.0, "oneh-out": 0.01350075385821833, "dsfb-alt": 0.04147200604718388, "sfR": 0.11567713207251198, "dsfb": 0.0, "roll-out": 0.2420360607029246, "roll-in": 0.22519917003875162, "redirect": 0.04006838350084203, "oneh-in": 0.010885773207706527, "dsfb-red": 0.02216910348577671, "unknown": 0.030282373430185833, "alternate": 0.24215884148632388, "bad-redirect": 0.0035041872458269996}, "dutch": {"sfT": 3.81746609259914e-05, "sfb": 0.029155686595393672, "sft": 0.0, "oneh-out": 0.006904377835687868, "dsfb-alt": 0.02671275932724951, "sfR": 0.18880787437283908, "dsfb": 0.0, "roll-out": 0.13879980372235398, "roll-in": 0.2628726516621541,