{"english-450k": {"roll-out": 0.16705012743370903, "alternate": 0.34334979632240176, "unknown": 0.039786856231739325, "redirect": 0.035613614211767404, "dsfb": 0.0, "sfR": 0.11369548401129392, "dsfb-alt": 0.0446035522402197, "sft": 0.0, "oneh-out": 0.004388701170144904, "sfT": 7.074778065381474e-05, "oneh-in": 0.008108221886089057, "dsfb-red": 0.013694080749528884, "roll-in": 0.19317564569043694, "sfb": 0.03555689904876393, "bad-redirect": 0.0009062732232513458}, "shai": {"roll-out": 0.16564265583736604, "alternate": 0.32903328334829374, "unknown": 0.06117620407643841, "redirect": 0.03117063920265863, "dsfb": 0.0, "sfR": 0.09823378925716947, "dsfb-alt": 0.03416091317496446, "sft": 0.0, "oneh-out": 0.0042312547586676255, "sfT": 8.12205287721546e-05, "oneh-in": 0.008244686780200723, "dsfb-red": 0.010303167573529252, "roll-in": 0.22492602874691955, "sfb": 0.032045688318146366, "bad-redirect": 0.0007504683968735767}, "tr-quotes": {"roll-out": 0.1498971359885347, "alternate": 0.3222290284551906, "unknown": 0.0668338688426065, "redirect": 0.03247844478860868, "dsfb": 0.0, "sfR": 0.09677191928064538, "dsfb-alt": 0.03425949469499087, "sft": 0.0, "oneh-out": 0.004344559765146437, "sfT": 1.5025080326390976e-05, "oneh-in": 0.010509465800605626, "dsfb-red": 0.008171332146737246, "roll-in": 0.23964309655347774, "sfb": 0.034507986408081184, "bad-redirect": 0.00033864219504865816}, "gutenberg": {"roll-out": 0.1546501235317229, "alternate": 0.2927610902920092, "unknown": 0.06953561089382712, "redirect": 0.03511438003215121, "dsfb": 0.0, "sfR": 0.09863878308844841, "dsfb-alt": 0.03581756935185722, "sft": 0.0, "oneh-out": 0.004178975321313191, "sfT": 2.500565468782145e-05, "oneh-in": 0.009633049594927338, "dsfb-red": 0.007705530379407768, "roll-in": 0.2572956839103388, "sfb": 0.03394498680193968, "bad-redirect": 0.0006992111473693104}, "english-200": {"roll-out": 0.1358574610244989, "alternate": 0.34075723830734966, "unknown": 0.031180400890868598, "redirect": 0.0400890868596882, "dsfb": 0.0, "sfR": 0.10690423162583519, "dsfb-alt": 0.035634743875278395, "sft": 0.0, "oneh-out": 0.0, "sfT": 0.0, "oneh-in": 0.015590200445434299, "dsfb-red": 0.004454342984409799, "roll-in": 0.26280623608017817, "sfb": 0.026726057906458798, "bad-redirect": 0.0}, "monkeyracer": {"roll-out": 0.1497040055054194, "alternate": 0.32196439463847226, "unknown": 0.06663688474592176, "redirect": 0.03267962994823029, "dsfb": 0.0, "sfR": 0.09690789370786869, "dsfb-alt": 0.03419772588641944, "sft": 0.0, "oneh-out": 0.004353895240627493, "sfT": 1.7595445516680483e-05, "oneh-in": 0.010581705428781457, "dsfb-red": 0.008160376620736038, "roll-in": 0.23994224783771526, "sfb": 0.03453888202449286, "bad-redirect": 0.0003147629697983953}, "chained-bigrams": {"roll-out": 0.1404433062854642, "alternate": 0.30828986779507167, "unknown": 0.05441497971896794, "redirect": 0.035939014706101974, "dsfb": 0.0, "sfR": 0.11914286586209158, "dsfb-alt": 0.050998338429292994, "sft": 0.0, "oneh-out": 0.004317876202268801, "sfT": 0.0002090761108466998, "oneh-in": 0.009468810324464047, "dsfb-red": 0.01657350226509942, "roll-in": 0.2251262735299904, "sfb": 0.03229771399297063, "bad-redirect": 0.0027783747773696536}, "english-5k": {"roll-out": 0.20218193885593397, "alternate": 0.34633094122039243, "unknown": 0.03426390674907703, "redirect": 0.029991288837267184, "dsfb": 0.0, "sfR": 0.10644211224955408, "dsfb-alt": 0.038660969842784255, "sft": 0.0, "oneh-out": 0.004480026548305471, "sfT": 4.148172729912474e-05, "oneh-in": 0.0078815281868337, "dsfb-red": 0.012237109553241797, "roll-in": 0.18339071638943047, "sfb": 0.033226863566598916, "bad-redirect": 0.0008711162732816195}, "mt-quotes": {"roll-out": 0.1470981102305734, "alternate": 0.3237455325659507, "unknown": 0.06279957208257132, "redirect": 0.033169577222361676, "dsfb": 0.0, "sfR": 0.0964592223377679, "dsfb-alt": 0.03381802751580784, "sft": 0.0, "oneh-out": 0.0042672212859038265, "sfT": 1.0458875700744673e-05, "oneh-in": 0.01086079535267329, "dsfb-red": 0.007761979895052653, "roll-in": 0.2453189060613667, "sfb": 0.0344410776825522, "bad-redirect": 0.00024951889171776577}, "wordle": {"roll-out": 0.1391001907326377, "alternate": 0.3077302816111298, "unknown": 0.06258274430606979, "redirect": 0.03617188376528666, "dsfb": 0.0, "sfR": 0.13138112868843263, "dsfb-alt": 0.04689778974531583, "sft": 0.0, "oneh-out": 0.004712218108381017, "sfT": 0.00011219566924716706, "oneh-in": 0.009985414562997869, "dsfb-red": 0.019589363850555368, "roll-in": 0.18566139347021204, "sfb": 0.05477392572646696, "bad-redirect": 0.0013014697632671378}, "english-1k": {"roll-out": 0.17007762879322513, "alternate": 0.3249823570924488, "unknown": 0.027522935779816515, "redirect": 0.0374029640084686, "dsfb": 0.0, "sfR": 0.10832745236414962, "dsfb-alt": 0.032462949894142556, "sft": 0.0, "oneh-out": 0.0028228652081863093, "sfT": 0.0, "oneh-in": 0.011997177134791814, "dsfb-red": 0.013761467889908258, "roll-in": 0.23712067748764998, "sfb": 0.032815808045165845, "bad-redirect": 0.0007057163020465773}, "english-10k": {"roll-out": 0.19360876864591575, "alternate": 0.36417668512765095, "unknown": 0.02763358484012273, "redirect": 0.030721136218907392, "dsfb": 0.0, "sfR": 0.10567144593890508, "dsfb-alt": 0.038690878215395304, "sft": 0.0, "oneh-out": 0.004650624264294398, "sfT": 5.789158835221242e-05, "oneh-in": 0.006136508365334517, "dsfb-red": 0.01142394010150325, "roll-in": 0.1813357519152467, "sfb": 0.03512089693367554, "bad-redirect": 0.0007718878446961656}, "reddit": {"roll-out": 0.14980946350308846, "alternate": 0.313665119862786, "unknown": 0.08606518676172609, "redirect": 0.031892477746082566, "dsfb": 0.0, "sfR": 0.10397777127267367, "dsfb-alt": 0.033356238541543175, "sft": 0.0, "oneh-out": 0.0040268592127538, "sfT": 0.00013836768459060079, "oneh-in": 0.01122793454017373, "dsfb-red": 0.010109006691205019, "roll-in": 0.2220166434524348, "sfb": 0.03326885039640244, "bad-redirect": 0.0004460803345396493}, "akl": {"roll-out": 0.11759469614751407, "alternate": 0.26630661595711336, "unknown": 0.18084912270593312, "redirect": 0.025912196643457414, "dsfb": 0.0, "sfR": 0.13064861186637447, "dsfb-alt": 0.028330873238561066, "sft": 0.0, "oneh-out": 0.00282496840577137, "sfT": 0.0002494479518670213, "oneh-in": 0.009283535622296665, "dsfb-red": 0.00914257875171412, "roll-in": 0.19107090481438252, "sfb": 0.037025280793869096, "bad-redirect": 0.0007611671011457335}, "french": {"roll-out": 0.18495185803485653, "alternate": 0.22590869831001717, "unknown": 0.16590263036585215, "redirect": 0.029832031269254003, "dsfb": 0.0, "sfR": 0.10898279115633469, "dsfb-alt": 0.03248276792699434, "sft": 0.0, "oneh-out": 0.005996690541874066, "sfT": 0.0005319900976640573, "oneh-in": 0.012228356236294334, "dsfb-red": 0.014191875969315577, "roll-in": 0.18177227746550384, "sfb": 0.03454674088609454, "bad-redirect": 0.0026712917399447107}, "keymash": {"roll-out": 0.15111673022375655, "alternate": 0.3191126910304458, "unknown": 0.06443005915119472, "redirect": 0.031796332708024615, "dsfb": 0.0, "sfR": 0.099723742164827, "dsfb-alt": 0.03356963708833272, "sft": 0.0, "oneh-out": 0.004617980157052374, "sfT": 3.283897000570577e-05, "oneh-in": 0.010241653770529487, "dsfb-red": 0.008661278339004897, "roll-in": 0.2406727063005669, "sfb": 0.03549071683366651, "bad-redirect": 0.0005336332625927188}, "movie": {"roll-out": 0.14099971456428811, "alternate": 0.30308864075092884, "unknown": 0.09781351507170305, "redirect": 0.027924008564913727, "dsfb": 0.0, "sfR": 0.11567713207251198, "dsfb-alt": 0.036058860554850705, "sft": 0.0, "oneh-out": 0.00527694172939826, "sfT": 1.2633392504108155e-05, "oneh-in": 0.011239376599982972, "dsfb-red": 0.007854548593752076, "roll-in": 0.21642751610790445, "sfb": 0.037419450607975434, "bad-redirect": 0.00020766138928627782}, "dutch": {"roll-out": 0.17918312608981127, "alternate": 0.2735913397706558, "unknown": 0.07613770261842312, "redirect": 0.03297419267405843, "dsfb": 0.0, "sfR": 0.18880787437283908,