{"english-450k": {"dsfb": 0.0, "oneh-out": 0.006315262635056636, "sft": 0.0, "oneh-in": 0.016136340913090737, "sfT": 0.0002753901213879896, "bad-redirect": 0.0031064707323447743, "redirect": 0.03656900159679495, "unknown": 0.00015377410175167997, "roll-out": 0.1708541362017563, "dsfb-red": 0.01524760846190232, "dsfb-alt": 0.03989239321031795, "alternate": 0.3201360462281201, "sfb": 0.02682948790885347, "sfR": 0.11369548401129392, "roll-in": 0.2507886038773292}, "shai": {"dsfb": 0.0, "oneh-out": 0.007570840866439004, "sft": 0.0, "oneh-in": 0.015505519512588582, "sfT": 5.3581939495911766e-05, "bad-redirect": 0.0024110247201462208, "redirect": 0.026641343613964807, "unknown": 0.02403961224077163, "roll-out": 0.18351827436739715, "dsfb-red": 0.011767598671427992, "dsfb-alt": 0.034381212973734164, "alternate": 0.30302468577699077, "sfb": 0.014424007309808886, "sfR": 0.09823378925716947, "roll-in": 0.2784285087500654}, "tr-quotes": {"dsfb": 0.0, "oneh-out": 0.009980120662952775, "sft": 0.0, "oneh-in": 0.012052425972585008, "sfT": 3.236171147222672e-05, "bad-redirect": 0.0029530061718406877, "redirect": 0.029435288134809643, "unknown": 0.013892420424863041, "roll-out": 0.189987517625575, "dsfb-red": 0.013440512239661589, "dsfb-alt": 0.03357527565243522, "alternate": 0.29470539284806174, "sfb": 0.010571877672730635, "sfR": 0.09677191928064538, "roll-in": 0.29260188160236705}, "gutenberg": {"dsfb": 0.0, "oneh-out": 0.009585690400442827, "sft": 0.0, "oneh-in": 0.012865598773662074, "sfT": 0.00016992478981042304, "bad-redirect": 0.0037355038241602364, "redirect": 0.025759613064014857, "unknown": 0.03298056416545711, "roll-out": 0.18195061534748577, "dsfb-red": 0.009362533876031814, "dsfb-alt": 0.03353030969503331, "alternate": 0.285598106844616, "sfb": 0.01194626209032876, "sfR": 0.09863878308844841, "roll-in": 0.2938764940405084}, "english-200": {"dsfb": 0.0, "oneh-out": 0.004454342984409799, "sft": 0.0, "oneh-in": 0.0066815144766146995, "sfT": 0.0, "bad-redirect": 0.0022271714922048997, "redirect": 0.028953229398663696, "unknown": 0.0, "roll-out": 0.2026726057906459, "dsfb-red": 0.008908685968819599, "dsfb-alt": 0.0334075723830735, "alternate": 0.3028953229398664, "sfb": 0.0, "sfR": 0.10690423162583519, "roll-in": 0.3028953229398664}, "monkeyracer": {"dsfb": 0.0, "oneh-out": 0.010014741073243974, "sft": 0.0, "oneh-in": 0.011936554733565854, "sfT": 2.9325742527800803e-05, "bad-redirect": 0.00303325930212553, "redirect": 0.029296416785273, "unknown": 0.01348984156278837, "roll-out": 0.1901617998967734, "dsfb-red": 0.013420437305472575, "dsfb-alt": 0.03353203153103836, "alternate": 0.2942066018111579, "sfb": 0.01046831255767396, "sfR": 0.09690789370786869, "roll-in": 0.2935027839904906}, "chained-bigrams": {"dsfb": 0.0, "oneh-out": 0.005997627440655174, "sft": 0.0, "oneh-in": 0.013965894621744305, "sfT": 5.7138812902203675e-05, "bad-redirect": 0.005530777367056487, "redirect": 0.04097696981187695, "unknown": 0.02315875045207839, "roll-out": 0.14761098078123042, "dsfb-red": 0.017966910134282702, "dsfb-alt": 0.043476143571656294, "alternate": 0.2877711902209519, "sfb": 0.014593122954284405, "sfR": 0.11914286586209158, "roll-in": 0.2797516279691892}, "english-5k": {"dsfb": 0.0, "oneh-out": 0.00551706973078359, "sft": 0.0, "oneh-in": 0.0275023851993197, "sfT": 0.0, "bad-redirect": 0.002447421910648359, "redirect": 0.027792757290413573, "unknown": 0.002157049819554486, "roll-out": 0.16895507528933504, "dsfb-red": 0.013108225826523417, "dsfb-alt": 0.03791429875140001, "alternate": 0.32563155929812915, "sfb": 0.01796158792052101, "sfR": 0.10644211224955408, "roll-in": 0.26457045671381757}, "mt-quotes": {"dsfb": 0.0, "oneh-out": 0.010094309176318714, "sft": 0.0, "oneh-in": 0.011489822019818074, "sfT": 1.1953000800851053e-05, "bad-redirect": 0.00302261507751521, "redirect": 0.029181757330177742, "unknown": 0.007995063410669249, "roll-out": 0.19201898136527176, "dsfb-red": 0.013592056035667755, "dsfb-alt": 0.03361034412689306, "alternate": 0.29402589019973463, "sfb": 0.009550447639879991, "sfR": 0.0964592223377679, "roll-in": 0.29894753827948506}, "wordle": {"dsfb": 0.0, "oneh-out": 0.014114215191293616, "sft": 0.0, "oneh-in": 0.007292718501065859, "sfT": 0.0008302479524290362, "bad-redirect": 0.0036127005497587792, "redirect": 0.033524065971053514, "unknown": 0.0, "roll-out": 0.19474924267923258, "dsfb-red": 0.016874228654773924, "dsfb-alt": 0.05161000785369685, "alternate": 0.3076629642095815, "sfb": 0.030943565578368675, "sfR": 0.13138112868843263, "roll-in": 0.20740491417031304}, "english-1k": {"dsfb": 0.0, "oneh-out": 0.008821453775582216, "sft": 0.0, "oneh-in": 0.017290049400141144, "sfT": 0.0, "bad-redirect": 0.0028228652081863093, "redirect": 0.02858151023288638, "unknown": 0.0, "roll-out": 0.19760056457304165, "dsfb-red": 0.012350035285815103, "dsfb-alt": 0.03387438249823571, "alternate": 0.30875088214537755, "sfb": 0.012702893436838392, "sfR": 0.10832745236414962, "roll-in": 0.26887791107974596}, "english-10k": {"dsfb": 0.0, "oneh-out": 0.008046930780957527, "sft": 0.0, "oneh-in": 0.024063603558402966, "sfT": 7.718878446961657e-05, "bad-redirect": 0.002354257926323305, "redirect": 0.02823179791976226, "unknown": 0.0, "roll-out": 0.17840257810540128, "dsfb-red": 0.011925667200555759, "dsfb-alt": 0.03755234364446846, "alternate": 0.31904054340904264, "sfb": 0.017965689585303254, "sfR": 0.10567144593890508, "roll-in": 0.26666795314640784}, "reddit": {"dsfb": 0.0, "oneh-out": 0.007737090911202145, "sft": 0.0, "oneh-in": 0.011808899019870596, "sfT": 5.480019560261205e-05, "bad-redirect": 0.0021004244486783805, "redirect": 0.027999790987633996, "unknown": 0.045076887895768004, "roll-out": 0.18062140724879608, "dsfb-red": 0.01345938502044332, "dsfb-alt": 0.03276677122903579, "alternate": 0.2867189684528047, "sfb": 0.012753125493384365, "sfR": 0.10397777127267367, "roll-in": 0.27492467782410634}, "akl": {"dsfb": 0.0, "oneh-out": 0.006466646602446502, "sft": 0.0, "oneh-in": 0.008437250831552882, "sfT": 0.00017725233822246542, "bad-redirect": 0.0020168815680373367, "redirect": 0.022496593006962873, "unknown": 0.1390258726397723, "roll-out": 0.1522758184745314, "dsfb-red": 0.01179496455607987, "dsfb-alt": 0.029437180834915835, "alternate": 0.2422911972273722, "sfb": 0.019889940974279558, "sfR": 0.13064861186637447, "roll-in": 0.2350417890794523}, "french": {"dsfb": 0.0, "oneh-out": 0.006258647985273092, "sft": 0.0, "oneh-in": 0.018796319255963555, "sfT": 7.252707941061988e-05, "bad-redirect": 0.004179423514741373, "redirect": 0.024538168727650748, "unknown": 0.1583924745147319, "roll-out": 0.13747964099260493, "dsfb-red": 0.014890793709779289, "dsfb-alt": 0.025881110752895356, "alternate": 0.22913058759084592, "sfb": 0.05209486326248437, "sfR": 0.10898279115633469, "roll-in": 0.21930265145728417}, "keymash": {"dsfb": 0.0, "oneh-out": 0.010019990722990974, "sft": 0.0, "oneh-in": 0.012445969632162487, "sfT": 2.873409875499255e-05, "bad-redirect": 0.003251058030564871, "redirect": 0.028668420814981138, "unknown": 0.012376186820900362, "roll-out": 0.1891688867178681, "dsfb-red": 0.013505026414846499, "dsfb-alt": 0.03338902275330134, "alternate": 0.29301391961841117, "sfb": 0.011050313406919992, "sfR": 0.099723742164827, "roll-in": 0.2933587288034711}, "movie": {"dsfb": 0.0, "oneh-out": 0.010359381853368687, "sft": 0.0, "oneh-in": 0.008080238886924426, "sfT": 3.382064451620621e-05, "bad-redirect": 0.0037123750264676154, "redirect": 0.02922893273231723, "unknown": 0.030282373430185833, "roll-out": 0.18923032240549267, "dsfb-red": 0.017884409459305278, "dsfb-alt": 0.03515675737135423, "alternate": 0.28142566255234797, "sfb": 0.010597442343367975, "sfR": 0.11567713207251198, "roll-in": 0.26833115122183987}, "dutch": {"dsfb": 0.0, "oneh-out": 0.007853060297065206, "sft": 0.0, "oneh-in": 0.006937496012639632, "sfT": 5.61771783377788e-05, "bad-redirect": 0.003153201889374961, "redirect": 0.03131921622777043, "unknown": 0.07351390742883206, "roll-out": 0.15176271003728925,