{"english-450k": {"oneh-out": 0.007010169554949684, "alternate": 0.3096720986539796, "unknown": 0.00015377410175167997, "roll-in": 0.21965373346562975, "sft": 0.0, "oneh-in": 0.011077289903940885, "sfR": 0.11369548401129392, "dsfb-red": 0.021761081821270057, "roll-out": 0.19521417575035038, "sfT": 0.00012249305823945609, "bad-redirect": 0.003729752832980861, "sfb": 0.038762182797063206, "redirect": 0.039806735773410644, "dsfb-alt": 0.039341028275139876, "dsfb": 0.0}, "shai": {"oneh-out": 0.007334773022197878, "alternate": 0.29025886610026586, "unknown": 0.024097749651430984, "roll-in": 0.22388045716030272, "sft": 0.0, "oneh-in": 0.010447959566922928, "sfR": 0.09823378925716947, "dsfb-red": 0.020234597862977002, "roll-out": 0.23957527836754208, "sfT": 5.588483273486492e-05, "bad-redirect": 0.0037967897590840817, "sfb": 0.019116448370449523, "redirect": 0.0316993989719575, "dsfb-alt": 0.031268007076965094, "dsfb": 0.0}, "tr-quotes": {"oneh-out": 0.007468620697626037, "alternate": 0.2702399389750584, "unknown": 0.013894731975682485, "roll-in": 0.2180578350015025, "sft": 0.0, "oneh-in": 0.008404798779501167, "sfR": 0.09677191928064538, "dsfb-red": 0.023871385312406092, "roll-out": 0.27194355192898917, "sfT": 0.00010170823605556969, "bad-redirect": 0.003572501791451885, "sfb": 0.01783592612283581, "redirect": 0.03685536626522734, "dsfb-alt": 0.030981715633018193, "dsfb": 0.0}, "gutenberg": {"oneh-out": 0.010072732356521532, "alternate": 0.26197022584273794, "unknown": 0.03298207965968062, "roll-in": 0.20981278720983496, "sft": 0.0, "oneh-in": 0.007004993174592891, "sfR": 0.09863878308844841, "dsfb-red": 0.02138589673498136, "roll-out": 0.2721778371851513, "sfT": 9.301345796757827e-05, "bad-redirect": 0.0035409522532178677, "sfb": 0.01922214985737305, "redirect": 0.03581851653574691, "dsfb-alt": 0.027280032643745573, "dsfb": 0.0}, "english-200": {"oneh-out": 0.011135857461024499, "alternate": 0.3051224944320713, "unknown": 0.0, "roll-in": 0.22048997772828507, "sft": 0.0, "oneh-in": 0.0066815144766146995, "sfR": 0.10690423162583519, "dsfb-red": 0.028953229398663696, "roll-out": 0.2561247216035635, "sfT": 0.0, "bad-redirect": 0.0022271714922048997, "sfb": 0.008908685968819599, "redirect": 0.028953229398663696, "dsfb-alt": 0.024498886414253896, "dsfb": 0.0}, "monkeyracer": {"oneh-out": 0.007447761077310477, "alternate": 0.2698114941270313, "unknown": 0.013491796612290222, "roll-in": 0.21797726668439246, "sft": 0.0, "oneh-in": 0.008308960382876894, "sfR": 0.09690789370786869, "dsfb-red": 0.024161479268655084, "roll-out": 0.27289362966670316, "sfT": 9.481990083988927e-05, "bad-redirect": 0.0036109764299232057, "sfb": 0.017709815912538906, "redirect": 0.03669432410028622, "dsfb-alt": 0.030889782129283512, "dsfb": 0.0}, "chained-bigrams": {"oneh-out": 0.007547517740627449, "alternate": 0.27146260427021723, "unknown": 0.023159399756770463, "roll-in": 0.2134316467211087, "sft": 0.0, "oneh-in": 0.008681203732982536, "sfR": 0.11914286586209158, "dsfb-red": 0.03298208113841293, "roll-out": 0.20880015635256985, "sfT": 0.00011882275864890083, "bad-redirect": 0.003142634709621202, "sfb": 0.019981702593777455, "redirect": 0.043591070502152766, "dsfb-alt": 0.04795829386101893, "dsfb": 0.0}, "english-5k": {"oneh-out": 0.006097813912971336, "alternate": 0.32708341975359856, "unknown": 0.002157049819554486, "roll-in": 0.2490148089766458, "sft": 0.0, "oneh-in": 0.01767121582942714, "sfR": 0.10644211224955408, "dsfb-red": 0.019662338739785123, "roll-out": 0.17434769983822127, "sfT": 0.0, "bad-redirect": 0.00394076409341685, "sfb": 0.02372754801509935, "redirect": 0.035052059567760405, "dsfb-alt": 0.03480316920396565, "dsfb": 0.0}, "mt-quotes": {"oneh-out": 0.007457178374630951, "alternate": 0.2677621591900647, "unknown": 0.007995063410669249, "roll-in": 0.21877278540777662, "sft": 0.0, "oneh-in": 0.008011498786770418, "sfR": 0.0964592223377679, "dsfb-red": 0.024717311531059872, "roll-out": 0.2805458935465749, "sfT": 9.412988130670205e-05, "bad-redirect": 0.0036695712458612736, "sfb": 0.01670431861918935, "redirect": 0.03692580772402912, "dsfb-alt": 0.030885059944299017, "dsfb": 0.0}, "wordle": {"oneh-out": 0.011982497475597442, "alternate": 0.29424436216762034, "unknown": 0.0, "roll-in": 0.1883765286659935, "sft": 0.0, "oneh-in": 0.00756198810725906, "sfR": 0.13138112868843263, "dsfb-red": 0.02374060361270055, "roll-out": 0.22360596880960396, "sfT": 0.0005834174800852687, "bad-redirect": 0.006036127005497588, "sfb": 0.03211040053853921, "redirect": 0.0383484797486817, "dsfb-alt": 0.04202849769998878, "dsfb": 0.0}, "english-1k": {"oneh-out": 0.01058574453069866, "alternate": 0.3038108680310515, "unknown": 0.0, "roll-in": 0.24805928016937193, "sft": 0.0, "oneh-in": 0.008115737473535639, "sfR": 0.10832745236414962, "dsfb-red": 0.0187014820042343, "roll-out": 0.21383203952011293, "sfT": 0.0, "bad-redirect": 0.004234297812279464, "sfb": 0.019054340155257588, "redirect": 0.03881439661256175, "dsfb-alt": 0.02646436132674665, "dsfb": 0.0}, "english-10k": {"oneh-out": 0.006966287798382895, "alternate": 0.31933000135080375, "unknown": 0.0, "roll-in": 0.2455761177900851, "sft": 0.0, "oneh-in": 0.016441211092028327, "sfR": 0.10567144593890508, "dsfb-red": 0.018621794253294997, "roll-out": 0.19036683969819185, "sfT": 0.0, "bad-redirect": 0.004496246695355165, "sfb": 0.02311804094865016, "redirect": 0.03452268385403601, "dsfb-alt": 0.034889330580266685, "dsfb": 0.0}, "reddit": {"oneh-out": 0.007565049012088819, "alternate": 0.2643763331327489, "unknown": 0.04519937363713543, "roll-in": 0.21343795938005733, "sft": 0.0, "oneh-in": 0.009696001252575899, "sfR": 0.10397777127267367, "dsfb-red": 0.023162990127911447, "roll-out": 0.2496162768941886, "sfT": 0.0001250328454692543, "bad-redirect": 0.0029201050230953044, "sfb": 0.017042598630519514, "redirect": 0.033260909424790853, "dsfb-alt": 0.02961959936674497, "dsfb": 0.0}, "akl": {"oneh-out": 0.006407496602766466, "alternate": 0.22529142802108437, "unknown": 0.13920166722946467, "roll-in": 0.1835481070480585, "sft": 0.0, "oneh-in": 0.0077333312447173605, "sfR": 0.13064861186637447, "dsfb-red": 0.020532486877236546, "roll-out": 0.21216309300438094, "sfT": 0.0001800442972716902, "bad-redirect": 0.002924120013422158, "sfb": 0.019844133079790507, "redirect": 0.025447125447142744, "dsfb-alt": 0.0260783552682896, "dsfb": 0.0}, "french": {"oneh-out": 0.021102443668175472, "alternate": 0.22937679912214817, "unknown": 0.15842537463172957, "roll-in": 0.199185683151528, "sft": 0.0, "oneh-in": 0.010976998188830581, "sfR": 0.10898279115633469, "dsfb-red": 0.017192123933721964, "roll-out": 0.17022514541859204, "sfT": 0.0001871681063988585, "bad-redirect": 0.005143624666715897, "sfb": 0.024713920673233476, "redirect": 0.029770470895509275, "dsfb-alt": 0.024717456387082042, "dsfb": 0.0}, "keymash": {"oneh-out": 0.007786940762602981, "alternate": 0.2721693834072894, "unknown": 0.012376186820900362, "roll-in": 0.21787425137410565, "sft": 0.0, "oneh-in": 0.00809070123515576, "sfR": 0.099723742164827, "dsfb-red": 0.023857511709145244, "roll-out": 0.27187793754848877, "sfT": 9.44120387664041e-05, "bad-redirect": 0.0038298448769154354, "sfb": 0.01650158242786715, "redirect": 0.035429143764905816, "dsfb-alt": 0.03038836186902998, "dsfb": 0.0}, "movie": {"oneh-out": 0.008231050009942217, "alternate": 0.23885323537892084, "unknown": 0.030282373430185833, "roll-in": 0.19610328272124328, "sft": 0.0, "oneh-in": 0.007244724209751689, "sfR": 0.11567713207251198, "dsfb-red": 0.025274286085015626, "roll-out": 0.28648783660917637, "sfT": 0.00026174810094449085, "bad-redirect": 0.00271223145322572, "sfb": 0.01987745872466692, "redirect": 0.035361392010353064, "dsfb-alt": 0.03363324919406194, "dsfb": 0.0}, "dutch": {"oneh-out": 0.01183283593907819, "alternate": 0.2219266430408131, "unknown": 0.07360268279108878, "roll-in": 0.22473453369481336, "sft": 0.0, "oneh-in": 0.0031373331364771204, "sfR": 0.18880787437283908, "dsfb-red": 0.01587791553369449,