{"english-450k": {"unknown": 0.00015377410175167997, "redirect": 0.057215075007264804, "dsfb": 0.0, "oneh-in": 0.015756583197928317, "bad-redirect": 0.0020633794870025804, "sfT": 0.0003280124375767774, "dsfb-red": 0.026630692492140274, "sfb": 0.038059967222143935, "roll-in": 0.26660950323948823, "roll-out": 0.18846770246874672, "dsfb-alt": 0.037948583319544336, "alternate": 0.2458102404196688, "sfR": 0.11369548401129392, "oneh-out": 0.007261002595449573, "sft": 0.0}, "shai": {"unknown": 0.024097749651430984, "redirect": 0.04671551690238488, "dsfb": 0.0, "oneh-in": 0.016144075038866647, "bad-redirect": 0.0013173826561717695, "sfT": 6.766635713717317e-05, "dsfb-red": 0.020650817755453948, "sfb": 0.021719484071409972, "roll-in": 0.2804011903210055, "roll-out": 0.21627030842204054, "dsfb-alt": 0.03166373702522857, "alternate": 0.2335253146410134, "sfR": 0.09823378925716947, "oneh-out": 0.009192967900687167, "sft": 0.0}, "tr-quotes": {"unknown": 0.013894731975682485, "redirect": 0.04997804026721527, "dsfb": 0.0, "oneh-in": 0.013646240262592172, "bad-redirect": 0.0018561753080141468, "sfT": 3.236171147222672e-05, "dsfb-red": 0.01725457109174545, "sfb": 0.01854903955063452, "roll-in": 0.28718476225699824, "roll-out": 0.2311874436559488, "dsfb-alt": 0.029998150759344443, "alternate": 0.22860775294144842, "sfR": 0.09677191928064538, "oneh-out": 0.011038810938258477, "sft": 0.0}, "gutenberg": {"unknown": 0.03298207965968062, "redirect": 0.04827815229428776, "dsfb": 0.0, "oneh-in": 0.010979755649288873, "bad-redirect": 0.001554518199759567, "sfT": 0.00016026351413558294, "dsfb-red": 0.017553401280516846, "sfb": 0.021412228447114746, "roll-in": 0.2776036853788527, "roll-out": 0.2313530749188358, "dsfb-alt": 0.03448052457317052, "alternate": 0.21503593805114263, "sfR": 0.09863878308844841, "oneh-out": 0.009967594944765918, "sft": 0.0}, "english-200": {"unknown": 0.0, "redirect": 0.044543429844097995, "dsfb": 0.0, "oneh-in": 0.0066815144766146995, "bad-redirect": 0.0, "sfT": 0.0, "dsfb-red": 0.017817371937639197, "sfb": 0.0066815144766146995, "roll-in": 0.30957683741648107, "roll-out": 0.22939866369710468, "dsfb-alt": 0.0334075723830735, "alternate": 0.2383073496659243, "sfR": 0.10690423162583519, "oneh-out": 0.0066815144766146995, "sft": 0.0}, "monkeyracer": {"unknown": 0.013491796612290222, "redirect": 0.049809773683469664, "dsfb": 0.0, "oneh-in": 0.013595414235888453, "bad-redirect": 0.001910083363310759, "sfT": 3.03032672787275e-05, "dsfb-red": 0.01714969423025791, "sfb": 0.018427319079719097, "roll-in": 0.28803548805855766, "roll-out": 0.23119437884167227, "dsfb-alt": 0.029949403318892034, "alternate": 0.2283204560739478, "sfR": 0.09690789370786869, "oneh-out": 0.01117799552684674, "sft": 0.0}, "chained-bigrams": {"unknown": 0.023159399756770463, "redirect": 0.05533114863947941, "dsfb": 0.0, "oneh-in": 0.010929745881622665, "bad-redirect": 0.006671605711024349, "sfT": 0.00013115954779824025, "dsfb-red": 0.03060173013728249, "sfb": 0.02279059469167442, "roll-in": 0.24792985431550624, "roll-out": 0.19302335094464093, "dsfb-alt": 0.044643593407999047, "alternate": 0.2370085493948805, "sfR": 0.11914286586209158, "oneh-out": 0.008636401709229672, "sft": 0.0}, "english-5k": {"unknown": 0.002157049819554486, "redirect": 0.04438544821006347, "dsfb": 0.0, "oneh-in": 0.023976438378894096, "bad-redirect": 0.00078815281868337, "sfT": 0.0, "dsfb-red": 0.02576015265275646, "sfb": 0.02600904301655121, "roll-in": 0.29725805782552783, "roll-out": 0.18032106856929522, "dsfb-alt": 0.033932052930684034, "alternate": 0.2505911146140125, "sfR": 0.10644211224955408, "oneh-out": 0.008379308914423197, "sft": 0.0}, "mt-quotes": {"unknown": 0.007995063410669249, "redirect": 0.04955863544542857, "dsfb": 0.0, "oneh-in": 0.013344031269050096, "bad-redirect": 0.0018975388771351048, "sfT": 2.3906001601702106e-05, "dsfb-red": 0.016547435483678177, "sfb": 0.01731392166003275, "roll-in": 0.29144404202675084, "roll-out": 0.23484508910962096, "dsfb-alt": 0.02978388974552061, "alternate": 0.22938555599383226, "sfR": 0.0964592223377679, "oneh-out": 0.011401668638911799, "sft": 0.0}, "wordle": {"unknown": 0.0, "redirect": 0.04804218557163693, "dsfb": 0.0, "oneh-in": 0.009065410075171098, "bad-redirect": 0.003119039605071244, "sfT": 0.000493660944687535, "dsfb-red": 0.03222259620778638, "sfb": 0.053674408167844724, "roll-in": 0.2294177044766072, "roll-out": 0.21016492763379332, "dsfb-alt": 0.046000224391338496, "alternate": 0.22434646022663526, "sfR": 0.13138112868843263, "oneh-out": 0.012072254010995176, "sft": 0.0}, "english-1k": {"unknown": 0.0, "redirect": 0.05222300635144672, "dsfb": 0.0, "oneh-in": 0.013408609738884969, "bad-redirect": 0.0, "sfT": 0.0, "dsfb-red": 0.025052928722653495, "sfb": 0.020465772759350742, "roll-in": 0.294636556104446, "roll-out": 0.2205363443895554, "dsfb-alt": 0.034227240649259, "alternate": 0.21700776287932252, "sfR": 0.10832745236414962, "oneh-out": 0.014114326040931546, "sft": 0.0}, "english-10k": {"unknown": 0.0, "redirect": 0.04552208564095637, "dsfb": 0.0, "oneh-in": 0.021439184886436, "bad-redirect": 0.001370100924335694, "sfT": 3.859439223480828e-05, "dsfb-red": 0.02464251944192509, "sfb": 0.02879141660716698, "roll-in": 0.30084328747033057, "roll-out": 0.18712491075046794, "dsfb-alt": 0.035391057679319195, "alternate": 0.2410026823102603, "sfR": 0.10567144593890508, "oneh-out": 0.008162713957661952, "sft": 0.0}, "reddit": {"unknown": 0.04519937363713543, "redirect": 0.04690278696264766, "dsfb": 0.0, "oneh-in": 0.012106647997891897, "bad-redirect": 0.0012545611423911726, "sfT": 8.401697794713522e-05, "dsfb-red": 0.018292065564707027, "sfb": 0.019868198599954263, "roll-in": 0.2696630724405771, "roll-out": 0.2186112401831143, "dsfb-alt": 0.03019251050259046, "alternate": 0.22371683544040646, "sfR": 0.10397777127267367, "oneh-out": 0.01013091927796341, "sft": 0.0}, "akl": {"unknown": 0.13920166722946467, "redirect": 0.03659803693653109, "dsfb": 0.0, "oneh-in": 0.008426774808217739, "bad-redirect": 0.0011303233856985431, "sfT": 0.00011886827421080027, "dsfb-red": 0.0178001225645315, "sfb": 0.023231001774920018, "roll-in": 0.23628440851717497, "roll-out": 0.18381749403490538, "dsfb-alt": 0.026133354390799106, "alternate": 0.18913654663771165, "sfR": 0.13064861186637447, "oneh-out": 0.007472789579460056, "sft": 0.0}, "french": {"unknown": 0.15842537463172957, "redirect": 0.04351567833651495, "dsfb": 0.0, "oneh-in": 0.02298272430737201, "bad-redirect": 0.001723885228750873, "sfT": 4.94550483648949e-05, "dsfb-red": 0.023626389028032713, "sfb": 0.04552149179917391, "roll-in": 0.23554691942466205, "roll-out": 0.13629707954680478, "dsfb-alt": 0.027342604064935303, "alternate": 0.18467138303926756, "sfR": 0.10898279115633469, "oneh-out": 0.0113142243880567, "sft": 0.0}, "keymash": {"unknown": 0.012376186820900362, "redirect": 0.04968536161863283, "dsfb": 0.0, "oneh-in": 0.01360764819611433, "bad-redirect": 0.0020319112691030445, "sfT": 3.283897000570577e-05, "dsfb-red": 0.017146047214229125, "sfb": 0.01842266217320094, "roll-in": 0.28867096583515656, "roll-out": 0.23060345712256736, "dsfb-alt": 0.03111902895165693, "alternate": 0.2257802334029793, "sfR": 0.099723742164827, "oneh-out": 0.010799916260626485, "sft": 0.0}, "movie": {"unknown": 0.030282373430185833, "redirect": 0.049791621402493436, "dsfb": 0.0, "oneh-in": 0.01100565883865697, "bad-redirect": 0.0026218237381181956, "sfT": 3.961094941392245e-05, "dsfb-red": 0.017938627768802073, "sfb": 0.017874144827895688, "roll-in": 0.2694020944322402, "roll-out": 0.22463119376742108, "dsfb-alt": 0.030676245761069122, "alternate": 0.2182180362996846, "sfR": 0.11567713207251198, "oneh-out": 0.011841436711506876, "sft": 0.0}, "dutch": {"unknown": 0.07360268279108878, "redirect": 0.049848540374177665, "dsfb": 0.0, "oneh-in": 0.00749519750572611, "bad-redirect": 0.0038476436192963893, "sfT": 0.0003476422386252331, "dsfb-red": 0.024523355558791864, "sfb": 0.036068689143108505, "roll-in": 0.292070726655119,