{"english-450k": {"sfT": 9.676659254715983e-05, "dsfb": 0.0, "oneh-in": 0.025595202248025348, "alternate": 0.31429292270775727, "unknown": 0.00015377410175167997, "sfb": 0.024795927734357872, "roll-in": 0.2572754737324015, "roll-out": 0.15510632338985944, "oneh-out": 0.0092629893802319, "sft": 0.0, "dsfb-red": 0.016446520232403537, "sfR": 0.11369548401129392, "redirect": 0.03510873232255609, "bad-redirect": 0.007723201939307759, "dsfb-alt": 0.040446681607506516}, "shai": {"sfT": 2.650842990519356e-05, "dsfb": 0.0, "oneh-in": 0.021930103977758464, "alternate": 0.29320738223197496, "unknown": 0.024368391857526844, "sfb": 0.016362335132196135, "roll-in": 0.2971641746910562, "roll-out": 0.15437723109715562, "oneh-out": 0.01204768854541677, "sft": 0.0, "dsfb-red": 0.013499726594322017, "sfR": 0.09823378925716947, "redirect": 0.02704393192663067, "bad-redirect": 0.007742772166373083, "dsfb-alt": 0.033995964092514534}, "tr-quotes": {"sfT": 1.271352950694621e-05, "dsfb": 0.0, "oneh-in": 0.02387485263863526, "alternate": 0.27905966112664987, "unknown": 0.014823975405099282, "sfb": 0.015552113913224383, "roll-in": 0.30329742724393793, "roll-out": 0.15982293520723054, "oneh-out": 0.02115762465037794, "sft": 0.0, "dsfb-red": 0.01373639074455052, "sfR": 0.09677191928064538, "redirect": 0.0331407040983796, "bad-redirect": 0.008868264718799843, "dsfb-alt": 0.029881417442962483}, "gutenberg": {"sfT": 7.38803433958361e-06, "dsfb": 0.0, "oneh-in": 0.018656681075227995, "alternate": 0.26211590272497226, "unknown": 0.038012004987491486, "sfb": 0.014146949139634985, "roll-in": 0.3200445327977577, "roll-out": 0.15255779431939723, "oneh-out": 0.012395606127597793, "sft": 0.0, "dsfb-red": 0.011651498463857168, "sfR": 0.09863878308844841, "redirect": 0.03094089837739822, "bad-redirect": 0.013097848263414112, "dsfb-alt": 0.02773411260046306}, "english-200": {"sfT": 0.0, "dsfb": 0.0, "oneh-in": 0.024498886414253896, "alternate": 0.30066815144766146, "unknown": 0.0, "sfb": 0.013363028953229399, "roll-in": 0.3207126948775056, "roll-out": 0.1514476614699332, "oneh-out": 0.008908685968819599, "sft": 0.0, "dsfb-red": 0.008908685968819599, "sfR": 0.10690423162583519, "redirect": 0.028953229398663696, "bad-redirect": 0.011135857461024499, "dsfb-alt": 0.024498886414253896}, "monkeyracer": {"sfT": 1.1730297011120321e-05, "dsfb": 0.0, "oneh-in": 0.02387310946713171, "alternate": 0.2787040367862114, "unknown": 0.014400894630652049, "sfb": 0.01558858720302798, "roll-in": 0.30309816694558706, "roll-out": 0.16031210410247587, "oneh-out": 0.021569083629197492, "sft": 0.0, "dsfb-red": 0.013798739384081205, "sfR": 0.09690789370786869, "redirect": 0.03305206687833336, "bad-redirect": 0.00889254265918013, "dsfb-alt": 0.02979104430924191}, "chained-bigrams": {"sfT": 3.2465234603524814e-05, "dsfb": 0.0, "oneh-in": 0.026644867343804887, "alternate": 0.2832046303216201, "unknown": 0.023856103691362106, "sfb": 0.016038475198833328, "roll-in": 0.28515968674944436, "roll-out": 0.1279721110648662, "oneh-out": 0.009348039651738936, "sft": 0.0, "dsfb-red": 0.019290842401414446, "sfR": 0.11914286586209158, "redirect": 0.03433068698384335, "bad-redirect": 0.011310887735868046, "dsfb-alt": 0.04366833776050916}, "english-5k": {"sfT": 0.0, "dsfb": 0.0, "oneh-in": 0.029037209109387317, "alternate": 0.33629236321400424, "unknown": 0.002157049819554486, "sfb": 0.01821047828431576, "roll-in": 0.2535363172522504, "roll-out": 0.16488986601402084, "oneh-out": 0.0076326378230389515, "sft": 0.0, "dsfb-red": 0.013191189281121667, "sfR": 0.10644211224955408, "redirect": 0.024391255651885345, "bad-redirect": 0.006678558095159082, "dsfb-alt": 0.037540963205707885}, "mt-quotes": {"sfT": 8.96475060063829e-06, "dsfb": 0.0, "oneh-in": 0.02448721626564349, "alternate": 0.27686436929991276, "unknown": 0.00888257372013244, "sfb": 0.015255017272086157, "roll-in": 0.3087325635600818, "roll-out": 0.16096956765996104, "oneh-out": 0.022961714538434874, "sft": 0.0, "dsfb-red": 0.013553208783064988, "sfR": 0.0964592223377679, "redirect": 0.03345196686628178, "bad-redirect": 0.009026009729742651, "dsfb-alt": 0.02934760521628955}, "wordle": {"sfT": 6.731740154830023e-05, "dsfb": 0.0, "oneh-in": 0.023112307864916415, "alternate": 0.2910804442948502, "unknown": 0.0, "sfb": 0.03004600022439134, "roll-in": 0.2442724110849321, "roll-out": 0.16854033434309434, "oneh-out": 0.008594188264332997, "sft": 0.0, "dsfb-red": 0.01743520700100976, "sfR": 0.13138112868843263, "redirect": 0.031010882979916974, "bad-redirect": 0.01045663637383597, "dsfb-alt": 0.04400314147873892}, "english-1k": {"sfT": 0.0, "dsfb": 0.0, "oneh-in": 0.02646436132674665, "alternate": 0.31157374735356386, "unknown": 0.0, "sfb": 0.01587861679604799, "roll-in": 0.27593507410021173, "roll-out": 0.18419195483415668, "oneh-out": 0.007410021171489062, "sft": 0.0, "dsfb-red": 0.008468595624558928, "sfR": 0.10832745236414962, "redirect": 0.02399435426958363, "bad-redirect": 0.009174311926605505, "dsfb-alt": 0.02858151023288638}, "english-10k": {"sfT": 3.859439223480828e-05, "dsfb": 0.0, "oneh-in": 0.028637039038227747, "alternate": 0.3204685359217306, "unknown": 0.0, "sfb": 0.01765693444742479, "roll-in": 0.27664460353910575, "roll-out": 0.15680901565002606, "oneh-out": 0.006599641072152216, "sft": 0.0, "dsfb-red": 0.013064201771482603, "sfR": 0.10567144593890508, "redirect": 0.02713185774107022, "bad-redirect": 0.006773315837208854, "dsfb-alt": 0.04050481465043129}, "reddit": {"sfT": 8.300562778905559e-05, "dsfb": 0.0, "oneh-in": 0.022311620581874695, "alternate": 0.2715249306241885, "unknown": 0.04606306667213545, "sfb": 0.01597607370270463, "roll-in": 0.2885433317657406, "roll-out": 0.15039690811527967, "oneh-out": 0.016236103065570887, "sft": 0.0, "dsfb-red": 0.014727543203848675, "sfR": 0.10397777127267367, "redirect": 0.03096990165743435, "bad-redirect": 0.00870345471595388, "dsfb-alt": 0.030486288994805967}, "akl": {"sfT": 0.00015059283544269957, "dsfb": 0.0, "oneh-in": 0.01805433908362419, "alternate": 0.22877818955193086, "unknown": 0.13877677059433619, "sfb": 0.018493788496451728, "roll-in": 0.2505305895804632, "roll-out": 0.1297988433037197, "oneh-out": 0.01590146687304762, "sft": 0.0, "dsfb-red": 0.013433622149554968, "sfR": 0.13064861186637447, "redirect": 0.024096509080179702, "bad-redirect": 0.006715526279462796, "dsfb-alt": 0.024621150305411905}, "french": {"sfT": 0.00016411105719147493, "dsfb": 0.0, "oneh-in": 0.02397130091032796, "alternate": 0.2237421896493086, "unknown": 0.15852829986113484, "sfb": 0.016972145601355484, "roll-in": 0.20484836858941932, "roll-out": 0.17674864234206406, "oneh-out": 0.013474021185188362, "sft": 0.0, "dsfb-red": 0.01224808731738993, "sfR": 0.10898279115633469, "redirect": 0.02315891072626664, "bad-redirect": 0.007351318401024949, "dsfb-alt": 0.029809813202993737}, "keymash": {"sfT": 4.5153583757845434e-05, "dsfb": 0.0, "oneh-in": 0.022650679561435554, "alternate": 0.2784375218071285, "unknown": 0.013447558217336513, "sfb": 0.016370226547844327, "roll-in": 0.3043515740128811, "roll-out": 0.15979442804776428, "oneh-out": 0.02079938262736389, "sft": 0.0, "dsfb-red": 0.01414538632995776, "sfR": 0.099723742164827, "redirect": 0.03119291663416977, "bad-redirect": 0.00914975801783977, "dsfb-alt": 0.02989167244769368}, "movie": {"sfT": 2.0529262819175754e-05, "dsfb": 0.0, "oneh-in": 0.02120870245978732, "alternate": 0.25245097684417594, "unknown": 0.030359752959273494, "sfb": 0.016021905249819415, "roll-in": 0.2800530970959121, "roll-out": 0.15893571037631848, "oneh-out": 0.03413095221958837, "sft": 0.0, "dsfb-red": 0.01780624034318611, "sfR": 0.11567713207251198, "redirect": 0.03429452833294885, "bad-redirect": 0.00971442084646625, "dsfb-alt": 0.029326051937192562}, "dutch": {"sfT": 0.00010944956800951222, "dsfb": 0.0, "oneh-in": 0.01234180153343435, "alternate": 0.22372511963336258, "unknown": 0.07385244082398598, "sfb": 0.030634510919118528, "roll-in": 0.24183995554023707, "roll-out": 0.14453200967732138, "oneh-out": 0.013422490501968639,