{"english-450k": {"dsfb-red": 0.016446520232403537, "sfR": 0.11369548401129392, "roll-out": 0.15510632338985944, "redirect": 0.03510873232255609, "sfb": 0.024795927734357872, "oneh-out": 0.0092629893802319, "dsfb": 0.0, "bad-redirect": 0.007723201939307759, "alternate": 0.31429292270775727, "unknown": 0.00015377410175167997, "sfT": 9.676659254715983e-05, "dsfb-alt": 0.040446681607506516, "roll-in": 0.2572754737324015, "oneh-in": 0.025595202248025348, "sft": 0.0}, "shai": {"dsfb-red": 0.013499726594322017, "sfR": 0.09823378925716947, "roll-out": 0.15437723109715562, "redirect": 0.02704393192663067, "sfb": 0.016362335132196135, "oneh-out": 0.01204768854541677, "dsfb": 0.0, "bad-redirect": 0.007742772166373083, "alternate": 0.29320738223197496, "unknown": 0.024368391857526844, "sfT": 2.650842990519356e-05, "dsfb-alt": 0.033995964092514534, "roll-in": 0.2971641746910562, "oneh-in": 0.021930103977758464, "sft": 0.0}, "tr-quotes": {"dsfb-red": 0.01373639074455052, "sfR": 0.09677191928064538, "roll-out": 0.15982293520723054, "redirect": 0.0331407040983796, "sfb": 0.015552113913224383, "oneh-out": 0.02115762465037794, "dsfb": 0.0, "bad-redirect": 0.008868264718799843, "alternate": 0.27905966112664987, "unknown": 0.014823975405099282, "sfT": 1.271352950694621e-05, "dsfb-alt": 0.029881417442962483, "roll-in": 0.30329742724393793, "oneh-in": 0.02387485263863526, "sft": 0.0}, "gutenberg": {"dsfb-red": 0.011651498463857168, "sfR": 0.09863878308844841, "roll-out": 0.15255779431939723, "redirect": 0.03094089837739822, "sfb": 0.014146949139634985, "oneh-out": 0.012395606127597793, "dsfb": 0.0, "bad-redirect": 0.013097848263414112, "alternate": 0.26211590272497226, "unknown": 0.038012004987491486, "sfT": 7.38803433958361e-06, "dsfb-alt": 0.02773411260046306, "roll-in": 0.3200445327977577, "oneh-in": 0.018656681075227995, "sft": 0.0}, "english-200": {"dsfb-red": 0.008908685968819599, "sfR": 0.10690423162583519, "roll-out": 0.1514476614699332, "redirect": 0.028953229398663696, "sfb": 0.013363028953229399, "oneh-out": 0.008908685968819599, "dsfb": 0.0, "bad-redirect": 0.011135857461024499, "alternate": 0.30066815144766146, "unknown": 0.0, "sfT": 0.0, "dsfb-alt": 0.024498886414253896, "roll-in": 0.3207126948775056, "oneh-in": 0.024498886414253896, "sft": 0.0}, "monkeyracer": {"dsfb-red": 0.013798739384081205, "sfR": 0.09690789370786869, "roll-out": 0.16031210410247587, "redirect": 0.03305206687833336, "sfb": 0.01558858720302798, "oneh-out": 0.021569083629197492, "dsfb": 0.0, "bad-redirect": 0.00889254265918013, "alternate": 0.2787040367862114, "unknown": 0.014400894630652049, "sfT": 1.1730297011120321e-05, "dsfb-alt": 0.02979104430924191, "roll-in": 0.30309816694558706, "oneh-in": 0.02387310946713171, "sft": 0.0}, "chained-bigrams": {"dsfb-red": 0.019290842401414446, "sfR": 0.11914286586209158, "roll-out": 0.1279721110648662, "redirect": 0.03433068698384335, "sfb": 0.016038475198833328, "oneh-out": 0.009348039651738936, "dsfb": 0.0, "bad-redirect": 0.011310887735868046, "alternate": 0.2832046303216201, "unknown": 0.023856103691362106, "sfT": 3.2465234603524814e-05, "dsfb-alt": 0.04366833776050916, "roll-in": 0.28515968674944436, "oneh-in": 0.026644867343804887, "sft": 0.0}, "english-5k": {"dsfb-red": 0.013191189281121667, "sfR": 0.10644211224955408, "roll-out": 0.16488986601402084, "redirect": 0.024391255651885345, "sfb": 0.01821047828431576, "oneh-out": 0.0076326378230389515, "dsfb": 0.0, "bad-redirect": 0.006678558095159082, "alternate": 0.33629236321400424, "unknown": 0.002157049819554486, "sfT": 0.0, "dsfb-alt": 0.037540963205707885, "roll-in": 0.2535363172522504, "oneh-in": 0.029037209109387317, "sft": 0.0}, "mt-quotes": {"dsfb-red": 0.013553208783064988, "sfR": 0.0964592223377679, "roll-out": 0.16096956765996104, "redirect": 0.03345196686628178, "sfb": 0.015255017272086157, "oneh-out": 0.022961714538434874, "dsfb": 0.0, "bad-redirect": 0.009026009729742651, "alternate": 0.27686436929991276, "unknown": 0.00888257372013244, "sfT": 8.96475060063829e-06, "dsfb-alt": 0.02934760521628955, "roll-in": 0.3087325635600818, "oneh-in": 0.02448721626564349, "sft": 0.0}, "wordle": {"dsfb-red": 0.01743520700100976, "sfR": 0.13138112868843263, "roll-out": 0.16854033434309434, "redirect": 0.031010882979916974, "sfb": 0.03004600022439134, "oneh-out": 0.008594188264332997, "dsfb": 0.0, "bad-redirect": 0.01045663637383597, "alternate": 0.2910804442948502, "unknown": 0.0, "sfT": 6.731740154830023e-05, "dsfb-alt": 0.04400314147873892, "roll-in": 0.2442724110849321, "oneh-in": 0.023112307864916415, "sft": 0.0}, "english-1k": {"dsfb-red": 0.008468595624558928, "sfR": 0.10832745236414962, "roll-out": 0.18419195483415668, "redirect": 0.02399435426958363, "sfb": 0.01587861679604799, "oneh-out": 0.007410021171489062, "dsfb": 0.0, "bad-redirect": 0.009174311926605505, "alternate": 0.31157374735356386, "unknown": 0.0, "sfT": 0.0, "dsfb-alt": 0.02858151023288638, "roll-in": 0.27593507410021173, "oneh-in": 0.02646436132674665, "sft": 0.0}, "english-10k": {"dsfb-red": 0.013064201771482603, "sfR": 0.10567144593890508, "roll-out": 0.15680901565002606, "redirect": 0.02713185774107022, "sfb": 0.01765693444742479, "oneh-out": 0.006599641072152216, "dsfb": 0.0, "bad-redirect": 0.006773315837208854, "alternate": 0.3204685359217306, "unknown": 0.0, "sfT": 3.859439223480828e-05, "dsfb-alt": 0.04050481465043129, "roll-in": 0.27664460353910575, "oneh-in": 0.028637039038227747, "sft": 0.0}, "reddit": {"dsfb-red": 0.014727543203848675, "sfR": 0.10397777127267367, "roll-out": 0.15039690811527967, "redirect": 0.03096990165743435, "sfb": 0.01597607370270463, "oneh-out": 0.016236103065570887, "dsfb": 0.0, "bad-redirect": 0.00870345471595388, "alternate": 0.2715249306241885, "unknown": 0.04606306667213545, "sfT": 8.300562778905559e-05, "dsfb-alt": 0.030486288994805967, "roll-in": 0.2885433317657406, "oneh-in": 0.022311620581874695, "sft": 0.0}, "akl": {"dsfb-red": 0.013433622149554968, "sfR": 0.13064861186637447, "roll-out": 0.1297988433037197, "redirect": 0.024096509080179702, "sfb": 0.018493788496451728, "oneh-out": 0.01590146687304762, "dsfb": 0.0, "bad-redirect": 0.006715526279462796, "alternate": 0.22877818955193086, "unknown": 0.13877677059433619, "sfT": 0.00015059283544269957, "dsfb-alt": 0.024621150305411905, "roll-in": 0.2505305895804632, "oneh-in": 0.01805433908362419, "sft": 0.0}, "french": {"dsfb-red": 0.01224808731738993, "sfR": 0.10898279115633469, "roll-out": 0.17674864234206406, "redirect": 0.02315891072626664, "sfb": 0.016972145601355484, "oneh-out": 0.013474021185188362, "dsfb": 0.0, "bad-redirect": 0.007351318401024949, "alternate": 0.2237421896493086, "unknown": 0.15852829986113484, "sfT": 0.00016411105719147493, "dsfb-alt": 0.029809813202993737, "roll-in": 0.20484836858941932, "oneh-in": 0.02397130091032796, "sft": 0.0}, "keymash": {"dsfb-red": 0.01414538632995776, "sfR": 0.099723742164827, "roll-out": 0.15979442804776428, "redirect": 0.03119291663416977, "sfb": 0.016370226547844327, "oneh-out": 0.02079938262736389, "dsfb": 0.0, "bad-redirect": 0.00914975801783977, "alternate": 0.2784375218071285, "unknown": 0.013447558217336513, "sfT": 4.5153583757845434e-05, "dsfb-alt": 0.02989167244769368, "roll-in": 0.3043515740128811, "oneh-in": 0.022650679561435554, "sft": 0.0}, "movie": {"dsfb-red": 0.01780624034318611, "sfR": 0.11567713207251198, "roll-out": 0.15893571037631848, "redirect": 0.03429452833294885, "sfb": 0.016021905249819415, "oneh-out": 0.03413095221958837, "dsfb": 0.0, "bad-redirect": 0.00971442084646625, "alternate": 0.25245097684417594, "unknown": 0.030359752959273494, "sfT": 2.0529262819175754e-05, "dsfb-alt": 0.029326051937192562, "roll-in": 0.2800530970959121, "oneh-in": 0.02120870245978732, "sft": 0.0}, "dutch": {"dsfb-red": 0.011864465860108461, "sfR": 0.18880787437283908, "roll-out": 0.14453200967732138, "redirect": 0.022526456797239545, "sfb": 0.030634510919118528, "oneh-out": 0.013422490501968639, "dsfb": 0.0, "bad-redirect": 0.006945475216074139,