{"english-450k": {"oneh-in": 0.003641464280264117, "roll-in": 0.18195159799356955, "bad-redirect": 0.003797284805423139, "unknown": 0.00015377410175167997, "alternate": 0.3785938849360434, "sfR": 0.11369548401129392, "roll-out": 0.18945904843650327, "sft": 0.0, "redirect": 0.0142977756546947, "dsfb": 0.0, "dsfb-red": 0.006761967630259235, "oneh-out": 0.006022039395404669, "sfb": 0.040732596192132264, "dsfb-alt": 0.05915011451200695, "sfT": 0.0017429680506530721}, "shai": {"oneh-in": 0.004022295257696463, "roll-in": 0.19118539552326844, "bad-redirect": 0.002536147295993074, "unknown": 0.023260762136131256, "alternate": 0.33600537584301376, "sfR": 0.09823378925716947, "roll-out": 0.22971333739777863, "sft": 0.0, "redirect": 0.012832739044962694, "dsfb": 0.0, "dsfb-red": 0.008129627267246774, "oneh-out": 0.013454106085737915, "sfb": 0.02056624158224789, "dsfb-alt": 0.059845677511964984, "sfT": 0.00021450579678867536}, "tr-quotes": {"oneh-in": 0.0038082799750352512, "roll-in": 0.17920528882827488, "bad-redirect": 0.0024086359538614457, "unknown": 0.013835787429786644, "alternate": 0.31941240378169716, "sfR": 0.09677191928064538, "roll-out": 0.2524132590555003, "sft": 0.0, "redirect": 0.013112272023300432, "dsfb": 0.0, "dsfb-red": 0.010167356279327801, "oneh-out": 0.02213309909618363, "sfb": 0.023618270497676893, "dsfb-alt": 0.06290654400036985, "sfT": 0.0002068837983403065}, "gutenberg": {"oneh-in": 0.0036388910674118352, "roll-in": 0.18558855923100792, "bad-redirect": 0.0023925865053574615, "unknown": 0.032975828246008664, "alternate": 0.2943921409500557, "sfR": 0.09863878308844841, "roll-out": 0.26640494081426747, "sft": 0.0, "redirect": 0.013454557716271444, "dsfb": 0.0, "dsfb-red": 0.009818129326972805, "oneh-out": 0.017102920622580182, "sfb": 0.01999088430224562, "dsfb-alt": 0.055407605431985946, "sfT": 0.00019417269738649233}, "english-200": {"oneh-in": 0.0, "roll-in": 0.16481069042316257, "bad-redirect": 0.0, "unknown": 0.0, "alternate": 0.34075723830734966, "sfR": 0.10690423162583519, "roll-out": 0.2717149220489978, "sft": 0.0, "redirect": 0.015590200445434299, "dsfb": 0.0, "dsfb-red": 0.004454342984409799, "oneh-out": 0.015590200445434299, "sfb": 0.015590200445434299, "dsfb-alt": 0.0645879732739421, "sfT": 0.0}, "monkeyracer": {"oneh-in": 0.003852425043402099, "roll-in": 0.17929465724072133, "bad-redirect": 0.0024252389070491265, "unknown": 0.013436077701487402, "alternate": 0.31882556266324663, "sfR": 0.09690789370786869, "roll-out": 0.2531007085099395, "sft": 0.0, "redirect": 0.013082213741651938, "dsfb": 0.0, "dsfb-red": 0.010188740478908926, "oneh-out": 0.02252705788510565, "sfb": 0.0234078076856906, "dsfb-alt": 0.06275904405899557, "sfT": 0.00019257237593255861}, "chained-bigrams": {"oneh-in": 0.00399062663746527, "roll-in": 0.1666479450480453, "bad-redirect": 0.004430855218689067, "unknown": 0.022916559801936097, "alternate": 0.33324264711134083, "sfR": 0.11914286586209158, "roll-out": 0.22452047225228863, "sft": 0.0, "redirect": 0.017375393559806482, "dsfb": 0.0, "dsfb-red": 0.010277194666091815, "oneh-out": 0.008166305112170633, "sfb": 0.021814040434800393, "dsfb-alt": 0.06739912564630166, "sfT": 7.596864897224807e-05}, "english-5k": {"oneh-in": 0.0009125980005807441, "roll-in": 0.2084456796781018, "bad-redirect": 0.0033600199112291036, "unknown": 0.002157049819554486, "alternate": 0.384120794789895, "sfR": 0.10644211224955408, "roll-out": 0.18616999211847182, "sft": 0.0, "redirect": 0.01244451818973742, "dsfb": 0.0, "dsfb-red": 0.006678558095159082, "oneh-out": 0.008171900277927573, "sfb": 0.02119716264985274, "dsfb-alt": 0.059526278674243996, "sfT": 0.0003733355456921226}, "mt-quotes": {"oneh-in": 0.004107349900192444, "roll-in": 0.17984783829980516, "bad-redirect": 0.0022456700254598915, "unknown": 0.007977133909467972, "alternate": 0.31688002773096186, "sfR": 0.0964592223377679, "roll-out": 0.2590140567289418, "sft": 0.0, "redirect": 0.012850969986014989, "dsfb": 0.0, "dsfb-red": 0.010494734703147225, "oneh-out": 0.023959790105305936, "sfb": 0.022630018766211256, "dsfb-alt": 0.06338825737201324, "sfT": 0.00014493013471031903}, "wordle": {"oneh-in": 0.008639066532031864, "roll-in": 0.17190620442050936, "bad-redirect": 0.0009424436216762033, "unknown": 0.0, "alternate": 0.3433187478963312, "sfR": 0.13138112868843263, "roll-out": 0.19802535622124987, "sft": 0.0, "redirect": 0.023583529675754517, "dsfb": 0.0, "dsfb-red": 0.014114215191293616, "oneh-out": 0.006574666217883989, "sfb": 0.04054751486592618, "dsfb-alt": 0.06042858745652418, "sfT": 0.0005385392123864019}, "english-1k": {"oneh-in": 0.0, "roll-in": 0.17889908256880735, "bad-redirect": 0.0028228652081863093, "unknown": 0.0, "alternate": 0.35356386732533523, "sfR": 0.10832745236414962, "roll-out": 0.24382498235709246, "sft": 0.0, "redirect": 0.011291460832745237, "dsfb": 0.0, "dsfb-red": 0.008468595624558928, "oneh-out": 0.013761467889908258, "sfb": 0.019054340155257588, "dsfb-alt": 0.05998588567395907, "sfT": 0.0}, "english-10k": {"oneh-in": 0.00582775322745605, "roll-in": 0.2195634974238243, "bad-redirect": 0.0026823102603191758, "unknown": 0.0, "alternate": 0.37451998224657956, "sfR": 0.10567144593890508, "roll-out": 0.18046737808996352, "sft": 0.0, "redirect": 0.012234422338434225, "dsfb": 0.0, "dsfb-red": 0.006773315837208854, "oneh-out": 0.007043476582852512, "sfb": 0.023889928793346327, "dsfb-alt": 0.06094054533876228, "sfT": 0.0003859439223480828}, "reddit": {"oneh-in": 0.0032534760011289666, "roll-in": 0.17180632944132082, "bad-redirect": 0.0024162278998920666, "unknown": 0.039285409944231534, "alternate": 0.31388866570513485, "sfR": 0.10397777127267367, "roll-out": 0.23854764873261905, "sft": 0.0, "redirect": 0.014403199462411205, "dsfb": 0.0, "dsfb-red": 0.010729713486373086, "oneh-out": 0.01698319117308565, "sfb": 0.024218764778120076, "dsfb-alt": 0.06024976228589109, "sfT": 0.00023983981711792548}, "akl": {"oneh-in": 0.003527183168054711, "roll-in": 0.14867253589168364, "bad-redirect": 0.002165646040916827, "unknown": 0.13277008071454782, "alternate": 0.267397160103261, "sfR": 0.13064861186637447, "roll-out": 0.20021607786432824, "sft": 0.0, "redirect": 0.017280818181375692, "dsfb": 0.0, "dsfb-red": 0.008912155653545356, "oneh-out": 0.015617922430136969, "sfb": 0.02454779343446369, "dsfb-alt": 0.04789892357130699, "sfT": 0.0003450910800046243}, "french": {"oneh-in": 0.003276887609379967, "roll-in": 0.1956794235971415, "bad-redirect": 0.007079308144098857, "unknown": 0.15807953387545715, "alternate": 0.2630195658464005, "sfR": 0.10898279115633469, "roll-out": 0.16295622712844468, "sft": 0.0, "redirect": 0.018073850065627194, "dsfb": 0.0, "dsfb-red": 0.008734112116257627, "oneh-out": 0.010383058189624919, "sfb": 0.026340768535047233, "dsfb-alt": 0.03707819214696081, "sfT": 0.0003162815892248701}, "keymash": {"oneh-in": 0.003801110778160443, "roll-in": 0.17884513552232434, "bad-redirect": 0.0025121812054364917, "unknown": 0.01232282349464109, "alternate": 0.31756925944017766, "sfR": 0.099723742164827, "roll-out": 0.255113643360576, "sft": 0.0, "redirect": 0.013923723282419247, "dsfb": 0.0, "dsfb-red": 0.010122612504258804, "oneh-out": 0.021530049709990846, "sfb": 0.02235102396013349, "dsfb-alt": 0.062012289984524634, "sfT": 0.0001724045925299553}, "movie": {"oneh-in": 0.0023107264477045322, "roll-in": 0.14731943756662963, "bad-redirect": 0.0023473106468310124, "unknown": 0.030236445784519856, "alternate": 0.3003167954768244, "sfR": 0.11567713207251198, "roll-out": 0.2503229081964266, "sft": 0.0, "redirect": 0.016111786573572602, "dsfb": 0.0, "dsfb-red": 0.01323400503940763, "oneh-out": 0.03197143168841738, "sfb": 0.02565118229472152, "dsfb-alt": 0.06439700751778972, "sfT": 0.00010383069464313891}, "dutch": {"oneh-in": 0.0042485044552106515, "roll-in": 0.19796651165973206, "bad-redirect": 0.001850691065361367, "unknown": 0.07290361491625476, "alternate": 0.2754080340501479, "sfR": 0.18880787437283908, "roll-out": 0.1301933631747174, "sft": 0.0,