{"english-450k": {"alternate": 0.3783559151283897, "sfR": 0.11369548401129392, "redirect": 0.01619773361531099, "dsfb-alt": 0.05184350590919376, "roll-out": 0.18137538363130232, "unknown": 0.00015377410175167997, "dsfb-red": 0.0073162560274478, "dsfb": 0.0, "sfb": 0.03985760401239314, "sft": 0.0, "oneh-out": 0.005038002082674336, "sfT": 0.001736828780431047, "oneh-in": 0.003012335255607054, "bad-redirect": 0.0034657642134337755, "roll-in": 0.19795141323077048}, "shai": {"alternate": 0.3379773839628218, "sfR": 0.09823378925716947, "redirect": 0.016807915945867533, "dsfb-alt": 0.044699622217137365, "roll-out": 0.22053842495416662, "unknown": 0.023260762136131256, "dsfb-red": 0.0057718942059360925, "dsfb": 0.0, "sfb": 0.018722475587783505, "sft": 0.0, "oneh-out": 0.012440639540158277, "sfT": 0.0001906640785501015, "oneh-in": 0.0059089260296758175, "bad-redirect": 0.002449353378541772, "roll-in": 0.2129981487060604}, "tr-quotes": {"alternate": 0.3315919650493516, "sfR": 0.09677191928064538, "redirect": 0.018701601904717875, "dsfb-alt": 0.03819144263886642, "roll-out": 0.24017475324195003, "unknown": 0.013835787429786644, "dsfb-red": 0.0063821918124869976, "dsfb": 0.0, "sfb": 0.01885878736044012, "sft": 0.0, "oneh-out": 0.02162802524213495, "sfT": 0.00017567786227780217, "oneh-in": 0.007279073530431566, "bad-redirect": 0.0030200411456045863, "roll-in": 0.203388733501306}, "gutenberg": {"alternate": 0.30287511986612126, "sfR": 0.09863878308844841, "redirect": 0.01889328761087261, "dsfb-alt": 0.03462563314507106, "roll-out": 0.25855070256417834, "unknown": 0.032975828246008664, "dsfb-red": 0.007235537733343487, "dsfb": 0.0, "sfb": 0.01761477879656877, "sft": 0.0, "oneh-out": 0.014327861262565815, "sfT": 6.952329750326115e-05, "oneh-in": 0.0071474496316022975, "bad-redirect": 0.0029266087823648, "roll-in": 0.20411888597535124}, "english-200": {"alternate": 0.34966592427616927, "sfR": 0.10690423162583519, "redirect": 0.028953229398663696, "dsfb-alt": 0.031180400890868598, "roll-out": 0.26280623608017817, "unknown": 0.0, "dsfb-red": 0.0022271714922048997, "dsfb": 0.0, "sfb": 0.011135857461024499, "sft": 0.0, "oneh-out": 0.011135857461024499, "sfT": 0.0, "oneh-in": 0.0022271714922048997, "bad-redirect": 0.0, "roll-in": 0.19376391982182628}, "monkeyracer": {"alternate": 0.33094882462423947, "sfR": 0.09690789370786869, "redirect": 0.018727419178253595, "dsfb-alt": 0.037916230038944586, "roll-out": 0.24067539140091027, "unknown": 0.013436077701487402, "dsfb-red": 0.006386169197804089, "dsfb": 0.0, "sfb": 0.018762610069286954, "sft": 0.0, "oneh-out": 0.02199723947010338, "sfT": 0.00016324663340475782, "oneh-in": 0.0072727841468946, "bad-redirect": 0.003093865836682985, "roll-in": 0.20371224799411922}, "chained-bigrams": {"alternate": 0.3281897579976482, "sfR": 0.11914286586209158, "redirect": 0.024600856173166964, "dsfb-alt": 0.05625186269283538, "roll-out": 0.21070132049095228, "unknown": 0.022916559801936097, "dsfb-red": 0.011534248549940297, "dsfb": 0.0, "sfb": 0.020575167082329888, "sft": 0.0, "oneh-out": 0.005637263336556049, "sfT": 8.311100058502352e-05, "oneh-in": 0.006326824919534916, "bad-redirect": 0.004074386942742364, "roll-in": 0.18996577514968097}, "english-5k": {"alternate": 0.3809267017878624, "sfR": 0.10644211224955408, "redirect": 0.014726013191189281, "dsfb-alt": 0.050483262123034806, "roll-out": 0.18181441075206373, "unknown": 0.002157049819554486, "dsfb-red": 0.004977807275894968, "dsfb": 0.0, "sfb": 0.020657900194964118, "sft": 0.0, "oneh-out": 0.007425229186543328, "sfT": 0.0003733355456921226, "oneh-in": 0.0017837142738623636, "bad-redirect": 0.0037333554569212264, "roll-in": 0.22449910814286306}, "mt-quotes": {"alternate": 0.32996109298239323, "sfR": 0.0964592223377679, "redirect": 0.019023200774554452, "dsfb-alt": 0.03704384360693752, "roll-out": 0.24701772630018767, "unknown": 0.007977133909467972, "dsfb-red": 0.006463585183060208, "dsfb": 0.0, "sfb": 0.017881689198073175, "sft": 0.0, "oneh-out": 0.023584764705179236, "sfT": 0.0001299888837092552, "oneh-in": 0.0073944251204264835, "bad-redirect": 0.0029807795747122316, "roll-in": 0.20408254742353069}, "wordle": {"alternate": 0.3392572646695838, "sfR": 0.13138112868843263, "redirect": 0.024974755974419387, "dsfb-alt": 0.05659149556827107, "roll-out": 0.19957365645686076, "unknown": 0.0, "dsfb-red": 0.014944463143722652, "dsfb": 0.0, "sfb": 0.044474363289577025, "sft": 0.0, "oneh-out": 0.00650734881633569, "sfT": 0.0005385392123864019, "oneh-in": 0.007382475036463593, "bad-redirect": 0.0010770784247728037, "roll-in": 0.17329743071917425}, "english-1k": {"alternate": 0.35920959774170785, "sfR": 0.10832745236414962, "redirect": 0.016937191249117856, "dsfb-alt": 0.04234297812279464, "roll-out": 0.23112208892025407, "unknown": 0.0, "dsfb-red": 0.006351446718419196, "dsfb": 0.0, "sfb": 0.015525758645024701, "sft": 0.0, "oneh-out": 0.011997177134791814, "sfT": 0.0, "oneh-in": 0.0014114326040931546, "bad-redirect": 0.0017642907551164433, "roll-in": 0.2050105857445307}, "english-10k": {"alternate": 0.3712201617105035, "sfR": 0.10567144593890508, "redirect": 0.015090407363810038, "dsfb-alt": 0.05339534165685726, "roll-out": 0.17352038748769805, "unknown": 0.0, "dsfb-red": 0.005345323324520947, "dsfb": 0.0, "sfb": 0.023928523185581134, "sft": 0.0, "oneh-out": 0.005962833600277879, "sfT": 0.00036664672623067866, "oneh-in": 0.0057312672468690295, "bad-redirect": 0.002566527083614751, "roll-in": 0.2372011346751317}, "reddit": {"alternate": 0.31992354192804917, "sfR": 0.10397777127267367, "redirect": 0.0188443751232583, "dsfb-alt": 0.04096586187541402, "roll-out": 0.23101601173316014, "unknown": 0.039285409944231534, "dsfb-red": 0.007630412198231374, "dsfb": 0.0, "sfb": 0.01888389269424993, "sft": 0.0, "oneh-out": 0.016091067961419615, "sfT": 0.0002216355142724918, "oneh-in": 0.006957639598628834, "bad-redirect": 0.0025887567453778022, "roll-in": 0.1936136234110331}, "akl": {"alternate": 0.2694868055597936, "sfR": 0.13064861186637447, "redirect": 0.017757032506285058, "dsfb-alt": 0.034217212388006304, "roll-out": 0.19631319089713625, "unknown": 0.13277008071454782, "dsfb-red": 0.008572747322048005, "dsfb": 0.0, "sfb": 0.02348455118875316, "sft": 0.0, "oneh-out": 0.01447779012636283, "sfT": 0.0002768733903151586, "oneh-in": 0.005601905232855191, "bad-redirect": 0.0017533255753109582, "roll-in": 0.16463987323221121}, "french": {"alternate": 0.2604367568437, "sfR": 0.10898279115633469, "redirect": 0.009493271828692028, "dsfb-alt": 0.03814050935823303, "roll-out": 0.163453998707337, "unknown": 0.15807953387545715, "dsfb-red": 0.005131189740892552, "dsfb": 0.0, "sfb": 0.0413790584432974, "sft": 0.0, "oneh-out": 0.011385582884076692, "sfT": 0.00012933821040113228, "oneh-in": 0.004051328796922575, "bad-redirect": 0.006602511138884443, "roll-in": 0.19273412901577128}, "keymash": {"alternate": 0.32882892128088403, "sfR": 0.099723742164827, "redirect": 0.017806931485593955, "dsfb-alt": 0.03784280806032519, "roll-out": 0.2436569476998354, "unknown": 0.01232282349464109, "dsfb-red": 0.006604737842397573, "dsfb": 0.0, "sfb": 0.01957202612340064, "sft": 0.0, "oneh-out": 0.020955367734890994, "sfT": 0.0001518802362763892, "oneh-in": 0.007286146470015968, "bad-redirect": 0.0031648557342998937, "roll-in": 0.20208281167261188}, "movie": {"alternate": 0.3186807474599314, "sfR": 0.11567713207251198, "redirect": 0.01748974754139048, "dsfb-alt": 0.034988180540127534, "roll-out": 0.23895535530166237, "unknown": 0.030236445784519856, "dsfb-red": 0.007639386127666485, "dsfb": 0.0, "sfb": 0.019415813506912637, "sft": 0.0, "oneh-out": 0.03259915337846525, "sfT": 8.488060588697667e-05, "oneh-in": 0.010134217951550676, "bad-redirect": 0.0038595014100050416, "roll-in": 0.17023943831936927}, "dutch": {"alternate": 0.2843134347300621, "sfR": 0.18880787437283908, "redirect": 0.015101548004914042, "dsfb-alt": 0.03440248801962949, "roll-out": 0.14692991272114184, "unknown": 0.07290361491625476, "dsfb-red": 0.00625591066218459,