{"english-450k": {"dsfb": 0.0, "oneh-in": 0.003504646258173269, "alternate": 0.40822375710474357, "roll-out": 0.17177064154204436, "sft": 0.0, "sfT": 0.00010056709316079451, "sfR": 0.11369548401129392, "bad-redirect": 0.005006721039162112, "roll-in": 0.20498964802102085, "oneh-out": 0.004535751309272461, "unknown": 0.0, "dsfb-alt": 0.04442112821076524, "dsfb-red": 0.003009119447395517, "sfb": 0.030981681002349878, "redirect": 0.009760854960618043}, "shai": {"dsfb": 0.0, "oneh-in": 0.007634156884079399, "alternate": 0.3496596401201003, "roll-out": 0.21814585434320247, "sft": 0.0, "sfT": 0.00029193332493196596, "sfR": 0.09823378925716947, "bad-redirect": 0.004127198817946188, "roll-in": 0.21658531325385888, "oneh-out": 0.011567390164764851, "unknown": 0.009820694023128945, "dsfb-alt": 0.040340458188283315, "dsfb-red": 0.0040353811098660436, "sfb": 0.027833177949321178, "redirect": 0.01172501256334698}, "tr-quotes": {"dsfb": 0.0, "oneh-in": 0.007534499895980213, "alternate": 0.34201012459258917, "roll-out": 0.2376077760569566, "sft": 0.0, "sfT": 0.0002600494671875361, "sfR": 0.09677191928064538, "bad-redirect": 0.002980744781674025, "roll-in": 0.20776565497792468, "oneh-out": 0.019677076350523567, "unknown": 0.009073992741730427, "dsfb-alt": 0.03448140357365757, "dsfb-red": 0.004895864635584013, "sfb": 0.024501282910704792, "redirect": 0.012439610734842005}, "gutenberg": {"dsfb": 0.0, "oneh-in": 0.00660755481447888, "alternate": 0.3116098602600664, "roll-out": 0.26237372617974597, "sft": 0.0, "sfT": 0.00016727267491929045, "sfR": 0.09863878308844841, "bad-redirect": 0.0034055049569921684, "roll-in": 0.20122334482456827, "oneh-out": 0.014471454340242851, "unknown": 0.025353839485671572, "dsfb-alt": 0.034825299509017756, "dsfb-red": 0.00552340813433947, "sfb": 0.02301808401369552, "redirect": 0.01278186771781346}, "english-200": {"dsfb": 0.0, "oneh-in": 0.0, "alternate": 0.3518930957683742, "roll-out": 0.2717149220489978, "sft": 0.0, "sfT": 0.0, "sfR": 0.10690423162583519, "bad-redirect": 0.0022271714922048997, "roll-in": 0.2026726057906459, "oneh-out": 0.008908685968819599, "unknown": 0.0, "dsfb-alt": 0.028953229398663696, "dsfb-red": 0.0022271714922048997, "sfb": 0.011135857461024499, "redirect": 0.013363028953229399}, "monkeyracer": {"dsfb": 0.0, "oneh-in": 0.007586569591942068, "alternate": 0.3413047218355569, "roll-out": 0.2380869058604564, "sft": 0.0, "sfT": 0.0002541564352409403, "sfR": 0.09690789370786869, "bad-redirect": 0.0029638550448097345, "roll-in": 0.20801922204670223, "oneh-out": 0.02007738085928336, "unknown": 0.008710723055507765, "dsfb-alt": 0.03436292756932605, "dsfb-red": 0.004843635140841766, "sfb": 0.024435186198914556, "redirect": 0.012446822653549587}, "chained-bigrams": {"dsfb": 0.0, "oneh-in": 0.007214424433595284, "alternate": 0.3472923020383622, "roll-out": 0.20819435507486808, "sft": 0.0, "sfT": 0.0002571246580599165, "sfR": 0.11914286586209158, "bad-redirect": 0.00799164215000367, "roll-in": 0.1926850632000722, "oneh-out": 0.005869714416317287, "unknown": 0.008894175671981659, "dsfb-alt": 0.050034770266260374, "dsfb-red": 0.008187082862316888, "sfb": 0.025335219779898697, "redirect": 0.01890125958617215}, "english-5k": {"dsfb": 0.0, "oneh-in": 0.0026548305471439833, "alternate": 0.393744555523292, "roll-out": 0.1731032480192475, "sft": 0.0, "sfT": 0.0, "sfR": 0.10644211224955408, "bad-redirect": 0.005185215912390592, "roll-in": 0.22980876923715104, "oneh-out": 0.006429667731364334, "unknown": 0.0, "dsfb-alt": 0.04322395984568798, "dsfb-red": 0.002032604637657112, "sfb": 0.028249056290703945, "redirect": 0.009125980005807442}, "mt-quotes": {"dsfb": 0.0, "oneh-in": 0.007639461636843929, "alternate": 0.34002850790691, "roll-out": 0.24472125602132416, "sft": 0.0, "sfT": 0.00020320101361446792, "sfR": 0.0964592223377679, "bad-redirect": 0.0026520720526888274, "roll-in": 0.20791049593000321, "oneh-out": 0.02147655418892913, "unknown": 0.004966471832753613, "dsfb-alt": 0.03346690811728285, "dsfb-red": 0.004827518198443719, "sfb": 0.023117103548845937, "redirect": 0.012531227214592223}, "wordle": {"dsfb": 0.0, "oneh-in": 0.006238079210142488, "alternate": 0.374890609222484, "roll-out": 0.18088185796028272, "sft": 0.0, "sfT": 2.2439133849433412e-05, "sfR": 0.13138112868843263, "bad-redirect": 0.00197464377875014, "roll-in": 0.18516773252552451, "oneh-out": 0.004196118029844048, "unknown": 0.0, "dsfb-alt": 0.051811960058341745, "dsfb-red": 0.00578929653315382, "sfb": 0.04274654998317065, "redirect": 0.014899584876023785}, "english-1k": {"dsfb": 0.0, "oneh-in": 0.0007057163020465773, "alternate": 0.3733239237826394, "roll-out": 0.22230063514467185, "sft": 0.0, "sfT": 0.0, "sfR": 0.10832745236414962, "bad-redirect": 0.002117148906139732, "roll-in": 0.21065631616090333, "oneh-out": 0.009880028228652082, "unknown": 0.0, "dsfb-alt": 0.03705010585744531, "dsfb-red": 0.0024700070571630206, "sfb": 0.02399435426958363, "redirect": 0.009174311926605505}, "english-10k": {"dsfb": 0.0, "oneh-in": 0.006040022384747496, "alternate": 0.38555797842573475, "roll-out": 0.16549275390285792, "sft": 0.0, "sfT": 3.859439223480828e-05, "sfR": 0.10567144593890508, "bad-redirect": 0.0037822504390112115, "roll-in": 0.24036587483838598, "oneh-out": 0.005190945755581714, "unknown": 0.0, "dsfb-alt": 0.044480037050616546, "dsfb-red": 0.0019490168078578182, "sfb": 0.030856216591729223, "redirect": 0.01057486347233747}, "reddit": {"dsfb": 0.0, "oneh-in": 0.00727853725804618, "alternate": 0.3271957863406673, "roll-out": 0.2295008219092905, "sft": 0.0, "sfT": 0.0005438816405672776, "sfR": 0.10397777127267367, "bad-redirect": 0.0036633724744573218, "roll-in": 0.1994565303909786, "oneh-out": 0.014766873487773995, "unknown": 0.024071781888479166, "dsfb-alt": 0.03921791168553303, "dsfb-red": 0.005800430273306143, "sfb": 0.031233414559733993, "redirect": 0.0132928868184928}, "akl": {"dsfb": 0.0, "oneh-in": 0.006874742068075226, "alternate": 0.2963324554145759, "roll-out": 0.20639651160282588, "sft": 0.0, "sfT": 0.0008786023344286131, "sfR": 0.13064861186637447, "bad-redirect": 0.0043265482222101925, "roll-in": 0.19163589355401636, "oneh-out": 0.014376908986557656, "unknown": 0.05291538216990217, "dsfb-alt": 0.033265747334673586, "dsfb-red": 0.0069987001083403645, "sfb": 0.03731544687417083, "redirect": 0.018034449463848738}, "french": {"dsfb": 0.0, "oneh-in": 0.006084094586757676, "alternate": 0.28332951521183203, "roll-out": 0.19848155173132145, "sft": 0.0, "sfT": 0.0001885763992029482, "sfR": 0.10898279115633469, "bad-redirect": 0.00843480494987354, "roll-in": 0.1867505775461226, "oneh-out": 0.007616811558272542, "unknown": 0.10101855076692555, "dsfb-alt": 0.03703315674090662, "dsfb-red": 0.004824241836954362, "sfb": 0.04873957569306396, "redirect": 0.008515751822432015}, "keymash": {"dsfb": 0.0, "oneh-in": 0.0075365436163094745, "alternate": 0.3400188003103283, "roll-out": 0.23985583692167495, "sft": 0.0, "sfT": 0.00027502637379778585, "sfR": 0.099723742164827, "bad-redirect": 0.0031402265067956145, "roll-in": 0.20622462676458153, "oneh-out": 0.019087651315816478, "unknown": 0.008103015848907899, "dsfb-alt": 0.03472721078103385, "dsfb-red": 0.004601560672049521, "sfb": 0.024304942675472983, "redirect": 0.012400816048404642}, "movie": {"dsfb": 0.0, "oneh-in": 0.009170790175273846, "alternate": 0.32121979615758, "roll-out": 0.22957348219329907, "sft": 0.0, "sfT": 0.000681808401706087, "sfR": 0.11567713207251198, "bad-redirect": 0.0025711585702631787, "roll-in": 0.1879014474314668, "oneh-out": 0.028232868692071453, "unknown": 0.023825262284362138, "dsfb-alt": 0.03402896389468541, "dsfb-red": 0.0068470355415494516, "sfb": 0.026342334142967102, "redirect": 0.013927920442263488}, "dutch": {"dsfb": 0.0, "oneh-in": 0.008899196625108944, "alternate": 0.3082018429342038, "roll-out": 0.14969507429248044, "sft": 0.0, "sfT": 0.0002952843194594769, "sfR": 0.18880787437283908, "bad-redirect": 0.004253578869979113, "roll-in": 0.21348717404909143, "oneh-out": 0.007457973176894565,