{"english-450k": {"sfR": 0.11369548401129392, "alternate": 0.36301709465176013, "redirect": 0.022360099187219092, "sfT": 4.063612194578615e-05, "sfb": 0.02736272737956652, "oneh-out": 0.005511310582172378, "dsfb": 0.0, "roll-out": 0.20094299190610307, "roll-in": 0.20209220482242599, "oneh-in": 0.003746124220239595, "sft": 0.0, "bad-redirect": 0.003183357783220614, "unknown": 0.00015377410175167997, "dsfb-alt": 0.04897178917629119, "dsfb-red": 0.008922406056010024}, "shai": {"sfR": 0.09823378925716947, "alternate": 0.30265628478529916, "redirect": 0.020847248743123444, "sfT": 4.257449685459617e-05, "sfb": 0.020157611561437475, "oneh-out": 0.008942041557043787, "dsfb": 0.0, "roll-out": 0.24339681939093388, "roll-in": 0.2155732361850402, "oneh-in": 0.004544034105423124, "sft": 0.0, "bad-redirect": 0.002183940094741415, "unknown": 0.023531431435088755, "dsfb-alt": 0.046681314099775426, "dsfb-red": 0.013209674288069264}, "tr-quotes": {"sfR": 0.09677191928064538, "alternate": 0.29034118490095007, "redirect": 0.02555303853355216, "sfT": 1.0401978687501445e-05, "sfb": 0.02012551720949585, "oneh-out": 0.012292827257807263, "dsfb": 0.0, "roll-out": 0.26592889669679387, "roll-in": 0.20079632925729873, "oneh-in": 0.005055361642125702, "sft": 0.0, "bad-redirect": 0.0018862254686669287, "unknown": 0.01476503085920344, "dsfb-alt": 0.04415062065139502, "dsfb-red": 0.0223226462633781}, "gutenberg": {"sfR": 0.09863878308844841, "alternate": 0.2644480588981675, "redirect": 0.022430451128531717, "sfT": 7.577471117521652e-06, "sfb": 0.019574502264337806, "oneh-out": 0.014471833213798727, "dsfb": 0.0, "roll-out": 0.2823672625968827, "roll-in": 0.19591968335263693, "oneh-in": 0.003826244040792558, "sft": 0.0, "bad-redirect": 0.0022952160014973085, "unknown": 0.03800575357381954, "dsfb-alt": 0.04121557033920171, "dsfb-red": 0.016799064030767565}, "english-200": {"sfR": 0.10690423162583519, "alternate": 0.289532293986637, "redirect": 0.035634743875278395, "sfT": 0.0, "sfb": 0.015590200445434299, "oneh-out": 0.008908685968819599, "dsfb": 0.0, "roll-out": 0.29398663697104677, "roll-in": 0.20489977728285078, "oneh-in": 0.0, "sft": 0.0, "bad-redirect": 0.0, "unknown": 0.0, "dsfb-alt": 0.0378619153674833, "dsfb-red": 0.0066815144766146995}, "monkeyracer": {"sfR": 0.09690789370786869, "alternate": 0.2897266058776608, "redirect": 0.025520238672443185, "sfT": 1.2707821762047014e-05, "sfb": 0.02004707759200463, "oneh-out": 0.012325609584434677, "dsfb": 0.0, "roll-out": 0.266228865914885, "roll-in": 0.2009175047312198, "oneh-in": 0.005118319595852167, "sft": 0.0, "bad-redirect": 0.001913993462314466, "unknown": 0.014345175719849227, "dsfb-alt": 0.0441753210191282, "dsfb-red": 0.02276068630057713}, "chained-bigrams": {"sfR": 0.11914286586209158, "alternate": 0.3038830368499892, "redirect": 0.030197213314122572, "sfT": 8.635752404537601e-05, "sfb": 0.02251658811162067, "oneh-out": 0.008227339753225258, "dsfb": 0.0, "roll-out": 0.2215940560051269, "roll-in": 0.18905544997139812, "oneh-in": 0.006033339198719052, "sft": 0.0, "bad-redirect": 0.004163990990248093, "unknown": 0.02361326373652774, "dsfb-alt": 0.05705505259692658, "dsfb-red": 0.014431446085958852}, "english-5k": {"sfR": 0.10644211224955408, "alternate": 0.3486124362218443, "redirect": 0.018791222466503506, "sfT": 0.0, "sfb": 0.018459368648110507, "oneh-out": 0.007217820550047704, "dsfb": 0.0, "roll-out": 0.20073007840046458, "roll-in": 0.23657029078690836, "oneh-in": 0.002198531546853611, "sft": 0.0, "bad-redirect": 0.0033600199112291036, "unknown": 0.002157049819554486, "dsfb-alt": 0.04816028539428382, "dsfb-red": 0.007300784004645953}, "mt-quotes": {"sfR": 0.0964592223377679, "alternate": 0.2868466190937235, "redirect": 0.026329472514074657, "sfT": 7.470625500531909e-06, "sfb": 0.019716474821003815, "oneh-out": 0.01284648761071467, "dsfb": 0.0, "roll-out": 0.2725762302626074, "roll-in": 0.20137668686723803, "oneh-in": 0.0050650840893606336, "sft": 0.0, "bad-redirect": 0.0017526087424247858, "unknown": 0.008864644218931163, "dsfb-alt": 0.04379131255901794, "dsfb-red": 0.02436768625763498}, "wordle": {"sfR": 0.13138112868843263, "alternate": 0.32056546617300574, "redirect": 0.02656793447772916, "sfT": 0.0003590261415909346, "sfb": 0.040727027936721644, "oneh-out": 0.00749467070571076, "dsfb": 0.0, "roll-out": 0.20758442724110848, "roll-in": 0.18148771457421745, "oneh-in": 0.008392236059688096, "sft": 0.0, "bad-redirect": 0.0010770784247728037, "unknown": 0.0, "dsfb-alt": 0.05890272635476271, "dsfb-red": 0.01546056322225962}, "english-1k": {"sfR": 0.10832745236414962, "alternate": 0.33380381086803107, "redirect": 0.01834862385321101, "sfT": 0.0, "sfb": 0.016937191249117856, "oneh-out": 0.011644318983768526, "dsfb": 0.0, "roll-out": 0.24770642201834864, "roll-in": 0.20889202540578689, "oneh-in": 0.0024700070571630206, "sft": 0.0, "bad-redirect": 0.0014114326040931546, "unknown": 0.0, "dsfb-alt": 0.04199011997177135, "dsfb-red": 0.008468595624558928}, "english-10k": {"sfR": 0.10567144593890508, "alternate": 0.3428918778101542, "redirect": 0.01821655313482951, "sfT": 3.859439223480828e-05, "sfb": 0.021554968063140424, "oneh-out": 0.006213697149804133, "dsfb": 0.0, "roll-out": 0.1915053742691187, "roll-in": 0.24897242430674824, "oneh-in": 0.006213697149804133, "sft": 0.0, "bad-redirect": 0.002354257926323305, "unknown": 0.0, "dsfb-alt": 0.04953590243337643, "dsfb-red": 0.006831207425561066}, "reddit": {"sfR": 0.10397777127267367, "alternate": 0.2754156695971474, "redirect": 0.025150443018191006, "sfT": 0.00011132343221528573, "sfb": 0.02170151423465983, "oneh-out": 0.009331690451187653, "dsfb": 0.0, "roll-out": 0.25405969999983147, "roll-in": 0.1981255935829458, "oneh-in": 0.0049004035474417805, "sft": 0.0, "bad-redirect": 0.0022750509093068, "unknown": 0.040150413988695725, "dsfb-alt": 0.047586946615881906, "dsfb-red": 0.017213479349821714}, "akl": {"sfR": 0.13064861186637447, "alternate": 0.2293651433499254, "redirect": 0.025021364045937067, "sfT": 0.00019069327382227323, "sfb": 0.02642683128979638, "oneh-out": 0.006726644700455284, "dsfb": 0.0, "roll-out": 0.21606121140434725, "roll-in": 0.1671311407625947, "oneh-in": 0.005759094998086767, "sft": 0.0, "bad-redirect": 0.0016290216286149414, "unknown": 0.13234026726658044, "dsfb-alt": 0.04064830475087906, "dsfb-red": 0.018051670662585992}, "french": {"sfR": 0.10898279115633469, "alternate": 0.23552769772607007, "redirect": 0.011317325628593366, "sfT": 9.04303762285688e-05, "sfb": 0.04845453123678087, "oneh-out": 0.0105103139244966, "dsfb": 0.0, "roll-out": 0.19329356584127674, "roll-in": 0.1830747235817117, "oneh-in": 0.0025505531047515305, "sft": 0.0, "bad-redirect": 0.004709211282169247, "unknown": 0.15818260892324584, "dsfb-alt": 0.03660395703610277, "dsfb-red": 0.0067022901822380325}, "keymash": {"sfR": 0.099723742164827, "alternate": 0.28897062143645863, "redirect": 0.02486320516556998, "sfT": 1.2314613752139664e-05, "sfb": 0.0205530903523211, "oneh-out": 0.012569115769683883, "dsfb": 0.0, "roll-out": 0.26819997290784975, "roll-in": 0.19881943902829488, "oneh-in": 0.005048991638377263, "sft": 0.0, "bad-redirect": 0.0019744430715930594, "unknown": 0.013394194891077241, "dsfb-alt": 0.043864654185121484, "dsfb-red": 0.02200621477507358}, "movie": {"sfR": 0.11567713207251198, "alternate": 0.2784802397291506, "redirect": 0.025998995382100248, "sfT": 1.5791740630135195e-05, "sfb": 0.02171061661614845, "oneh-out": 0.013876860480892718, "dsfb": 0.0, "roll-out": 0.2616940142328326, "roll-in": 0.16382588605811702, "oneh-in": 0.006477508810804288, "sft": 0.0, "bad-redirect": 0.0018938244950689632, "unknown": 0.030313825313607518, "dsfb-alt": 0.04540401786624896, "dsfb-red": 0.03463128720188648}, "dutch": {"sfR": 0.18880787437283908, "alternate": 0.2660381002839915, "redirect": 0.019376392796855685, "sfT": 0.0004044828563497013, "sfb": 0.03646942446346312, "oneh-out": 0.0076298398396355835, "dsfb": 0.0, "roll-out": 0.1547807495997219, "roll-in": 0.20752726493813572,