{"english-450k": {"alternate": 0.0, "unknown": 0.8313457689611361, "redirect": 0.019815225507089102, "oneh-in": 0.009809969122394246, "sfb": 0.006206802194467524, "oneh-out": 0.004106002393730694, "sft": 0.0, "dsfb-red": 0.004571125199599369, "roll-out": 0.0, "roll-in": 0.0, "dsfb-alt": 0.0, "sfT": 0.00017248425861880452, "sfR": 0.11369548401129392, "dsfb": 0.0, "bad-redirect": 0.010277138351670262}, "shai": {"alternate": 0.0, "unknown": 0.8432350517845216, "redirect": 0.02383600551517773, "oneh-in": 0.018867434008755794, "sfb": 0.0023916571944861847, "oneh-out": 0.004568034510422701, "sft": 0.0, "dsfb-red": 0.0032508879491880346, "roll-out": 0.0, "roll-in": 0.0, "dsfb-alt": 0.0, "sfT": 1.7649064150632594e-05, "sfR": 0.09823378925716947, "dsfb": 0.0, "bad-redirect": 0.005599490716127808}, "tr-quotes": {"alternate": 0.0, "unknown": 0.8345680867293868, "redirect": 0.024783292110677053, "oneh-in": 0.02912900765123321, "sfb": 0.0022699429046947597, "oneh-out": 0.005079632925729872, "sft": 0.0, "dsfb-red": 0.002790041839069832, "roll-out": 0.0, "roll-in": 0.0, "dsfb-alt": 0.0, "sfT": 1.5025080326390976e-05, "sfR": 0.09677191928064538, "dsfb": 0.0, "bad-redirect": 0.004593051478236749}, "gutenberg": {"alternate": 0.0, "unknown": 0.8354912076708255, "redirect": 0.026730665987725253, "oneh-in": 0.024134434946084398, "sfb": 0.002522919008578834, "oneh-out": 0.0046256672436910925, "sft": 0.0, "dsfb-red": 0.003068875802596269, "roll-out": 0.0, "roll-in": 0.0, "dsfb-alt": 0.0, "sfT": 5.87254011607928e-06, "sfR": 0.09863878308844841, "dsfb": 0.0, "bad-redirect": 0.0047815737119341}, "english-200": {"alternate": 0.0, "unknown": 0.8307349665924276, "redirect": 0.028953229398663696, "oneh-in": 0.022271714922048998, "sfb": 0.0, "oneh-out": 0.0066815144766146995, "sft": 0.0, "dsfb-red": 0.0022271714922048997, "roll-out": 0.0, "roll-in": 0.0, "dsfb-alt": 0.0, "sfT": 0.0, "sfR": 0.10690423162583519, "dsfb": 0.0, "bad-redirect": 0.0022271714922048997}, "monkeyracer": {"alternate": 0.0, "unknown": 0.8339615559065956, "redirect": 0.02475874689147129, "oneh-in": 0.029526135101740777, "sfb": 0.0022727450459045623, "oneh-out": 0.005196521575926302, "sft": 0.0, "dsfb-red": 0.00280256346090683, "roll-out": 0.0, "roll-in": 0.0, "dsfb-alt": 0.0, "sfT": 1.5640396014827094e-05, "sfR": 0.09690789370786869, "dsfb": 0.0, "bad-redirect": 0.004558197913571172}, "chained-bigrams": {"alternate": 0.0, "unknown": 0.8193653825800641, "redirect": 0.026012444573728224, "oneh-in": 0.015691097188575615, "sfb": 0.0028946003172502727, "oneh-out": 0.003595200079994338, "sft": 0.0, "dsfb-red": 0.00641058522481201, "roll-out": 0.0, "roll-in": 0.0, "dsfb-alt": 0.0, "sfT": 4.739924252114623e-05, "sfR": 0.11914286586209158, "dsfb": 0.0, "bad-redirect": 0.006840424930962679}, "english-5k": {"alternate": 0.0, "unknown": 0.8441531505371884, "redirect": 0.01775417928402539, "oneh-in": 0.010245986642883809, "sfb": 0.0030281660928361057, "oneh-out": 0.005558551458082714, "sft": 0.0, "dsfb-red": 0.004770398639399345, "roll-out": 0.0, "roll-in": 0.0, "dsfb-alt": 0.0, "sfT": 0.0, "sfR": 0.10644211224955408, "dsfb": 0.0, "bad-redirect": 0.008047455096030198}, "mt-quotes": {"alternate": 0.0, "unknown": 0.8324039875210671, "redirect": 0.025225314065096042, "oneh-in": 0.031476733483941144, "sfb": 0.0020843045146484024, "oneh-out": 0.005360920859181698, "sft": 0.0, "dsfb-red": 0.0028059669379997846, "roll-out": 0.0, "roll-in": 0.0, "dsfb-alt": 0.0, "sfT": 1.0458875700744673e-05, "sfR": 0.0964592223377679, "dsfb": 0.0, "bad-redirect": 0.004173091404597124}, "wordle": {"alternate": 0.0, "unknown": 0.8036800179513071, "redirect": 0.021137664086166272, "oneh-in": 0.011129810389318972, "sfb": 0.01045663637383597, "oneh-out": 0.006552227084034556, "sft": 0.0, "dsfb-red": 0.007202961965668125, "roll-out": 0.0, "roll-in": 0.0, "dsfb-alt": 0.0, "sfT": 0.0005609783462358353, "sfR": 0.13138112868843263, "dsfb": 0.0, "bad-redirect": 0.00789857511500056}, "english-1k": {"alternate": 0.0, "unknown": 0.8267466478475652, "redirect": 0.02611150317572336, "oneh-in": 0.016937191249117856, "sfb": 0.0028228652081863093, "oneh-out": 0.0077628793225123505, "sft": 0.0, "dsfb-red": 0.0038814396612561752, "roll-out": 0.0, "roll-in": 0.0, "dsfb-alt": 0.0, "sfT": 0.0, "sfR": 0.10832745236414962, "dsfb": 0.0, "bad-redirect": 0.007410021171489062}, "english-10k": {"alternate": 0.0, "unknown": 0.847301287122981, "redirect": 0.01779201482024662, "oneh-in": 0.008953898998475521, "sfb": 0.003280523339958704, "oneh-out": 0.004669921460411802, "sft": 0.0, "dsfb-red": 0.004168194361359294, "roll-out": 0.0, "roll-in": 0.0, "dsfb-alt": 0.0, "sfT": 5.789158835221242e-05, "sfR": 0.10567144593890508, "dsfb": 0.0, "bad-redirect": 0.00810482236930974}, "reddit": {"alternate": 0.0, "unknown": 0.8357643007253441, "redirect": 0.023780513042952228, "oneh-in": 0.02173556302331518, "sfb": 0.0026162879441255257, "oneh-out": 0.005154814298318705, "sft": 0.0, "dsfb-red": 0.0028119280135940443, "roll-out": 0.0, "roll-in": 0.0, "dsfb-alt": 0.0, "sfT": 1.5732113570127862e-05, "sfR": 0.10397777127267367, "dsfb": 0.0, "bad-redirect": 0.004143089566106435}, "akl": {"alternate": 0.0, "unknown": 0.8173660001107395, "redirect": 0.017700353266825574, "oneh-in": 0.018139802679653115, "sfb": 0.003827849979293794, "oneh-out": 0.005139922486816209, "sft": 0.0, "dsfb-red": 0.004066401878588177, "roll-out": 0.0, "roll-in": 0.0, "dsfb-alt": 0.0, "sfT": 1.0821929766021725e-05, "sfR": 0.13064861186637447, "dsfb": 0.0, "bad-redirect": 0.003100235801943169}, "french": {"alternate": 0.0, "unknown": 0.8366450612077762, "redirect": 0.013441091104514009, "oneh-in": 0.012258529658713872, "sfb": 0.01061021282255692, "oneh-out": 0.004211140066510074, "sft": 0.0, "dsfb-red": 0.006582555330213725, "roll-out": 0.0, "roll-in": 0.0, "dsfb-alt": 0.0, "sfT": 8.20255649190547e-05, "sfR": 0.10898279115633469, "dsfb": 0.0, "bad-redirect": 0.007186593088461478}, "keymash": {"alternate": 0.0, "unknown": 0.8316920689782565, "redirect": 0.02456765443551863, "oneh-in": 0.029119956652559592, "sfb": 0.0023069376429008305, "oneh-out": 0.005118774449639387, "sft": 0.0, "dsfb-red": 0.0027174247679721524, "roll-out": 0.0, "roll-in": 0.0, "dsfb-alt": 0.0, "sfT": 1.2314613752139664e-05, "sfR": 0.099723742164827, "dsfb": 0.0, "bad-redirect": 0.004741126294573771}, "movie": {"alternate": 0.0, "unknown": 0.81014748301368, "redirect": 0.020641384177649713, "oneh-in": 0.04058174666916001, "sfb": 0.0019997607551294535, "oneh-out": 0.004781607464966352, "sft": 0.0, "dsfb-red": 0.002647748512319334, "roll-out": 0.0, "roll-in": 0.0, "dsfb-alt": 0.0, "sfT": 1.6976121177395332e-05, "sfR": 0.11567713207251198, "dsfb": 0.0, "bad-redirect": 0.0035061612134057664}, "dutch": {"alternate": 0.0, "unknown": 0.7662983836931045, "redirect": 0.013589569642648954, "oneh-in": 0.006992184935055918, "sfb": 0.012339703630508873, "oneh-out": 0.003363852860045955, "sft": 0.0, "dsfb-red": 0.005125356154883188, "roll-out": 0.0, "roll-in": 0.0, "dsfb-alt": 0.0, "sfT": 0.0002977049766811814, "sfR": 0.18880787437283908, "dsfb": 0.0, "bad-redirect": 0.0031853697342322782}}