{"english-450k": {"dsfb-alt": 0.0591995210199842, "sft": 0.0, "oneh-in": 0.004560016043959513, "alternate": 0.28363896179678316, "dsfb-red": 0.0034070026270229628, "sfR": 0.11369548401129392, "redirect": 0.009164761056679497, "unknown": 0.20329784055555133, "sfT": 0.0005844000558965937, "roll-out": 0.0726547549232562, "dsfb": 0.0, "roll-in": 0.21440524211820025, "bad-redirect": 0.0007902117814349638, "sfb": 0.033906604743843334, "oneh-out": 0.0006951992660940969}, "shai": {"dsfb-alt": 0.052551431540363874, "sft": 0.0, "oneh-in": 0.00914476969983896, "alternate": 0.23358203935245894, "dsfb-red": 0.0024220592556491714, "sfR": 0.09823378925716947, "redirect": 0.010608198361857214, "unknown": 0.24920558311114607, "sfT": 0.0001958001110342878, "roll-out": 0.0741157006074684, "dsfb": 0.0, "roll-in": 0.24505263446342046, "bad-redirect": 0.0006739813780698922, "sfb": 0.02354682018049729, "oneh-out": 0.0006671926810259865}, "tr-quotes": {"dsfb-alt": 0.04836688934606227, "sft": 0.0, "oneh-in": 0.01700723515406486, "alternate": 0.22315827188460738, "dsfb-red": 0.0016920551998335683, "sfR": 0.09677191928064538, "redirect": 0.011021474307112642, "unknown": 0.2535563209357158, "sfT": 0.0001803009639166917, "roll-out": 0.0742435449943367, "dsfb": 0.0, "roll-in": 0.25335406023901436, "bad-redirect": 0.0003987425163542221, "sfb": 0.019642403088231893, "oneh-out": 0.0006067820901042509}, "gutenberg": {"dsfb-alt": 0.044563865389256586, "sft": 0.0, "oneh-in": 0.010915157708012001, "alternate": 0.20428218047793384, "dsfb-red": 0.0018788339635894935, "sfR": 0.09863878308844841, "redirect": 0.012275692647163014, "unknown": 0.2634057777459524, "sfT": 0.00014738181323579612, "roll-out": 0.07259236274263536, "dsfb": 0.0, "roll-in": 0.27023270034928354, "bad-redirect": 0.0007742281114327748, "sfb": 0.019590983264018418, "oneh-out": 0.000702052699038381}, "english-200": {"dsfb-alt": 0.05790645879732739, "sft": 0.0, "oneh-in": 0.011135857461024499, "alternate": 0.24944320712694878, "dsfb-red": 0.0, "sfR": 0.10690423162583519, "redirect": 0.0066815144766146995, "unknown": 0.19821826280623608, "sfT": 0.0, "roll-out": 0.0957683741648107, "dsfb": 0.0, "roll-in": 0.26948775055679286, "bad-redirect": 0.0, "sfb": 0.004454342984409799, "oneh-out": 0.0}, "monkeyracer": {"dsfb-alt": 0.048154824280150776, "sft": 0.0, "oneh-in": 0.017411670863506264, "alternate": 0.22271826172638692, "dsfb-red": 0.001693072868605033, "sfR": 0.09690789370786869, "redirect": 0.01095609740838638, "unknown": 0.25357871811314264, "sfT": 0.0001788870294195849, "roll-out": 0.07445708275333532, "dsfb": 0.0, "roll-in": 0.25338419068770823, "bad-redirect": 0.00039785257362716424, "sfb": 0.019539742246273677, "oneh-out": 0.000621705741589377}, "chained-bigrams": {"dsfb-alt": 0.05080744284982427, "sft": 0.0, "oneh-in": 0.005530777367056487, "alternate": 0.25518583424939406, "dsfb-red": 0.004939910097272336, "sfR": 0.11914286586209158, "redirect": 0.01105376307780813, "unknown": 0.22568532486986312, "sfT": 0.00027725310351410195, "roll-out": 0.06004120487575879, "dsfb": 0.0, "roll-in": 0.24182703951473564, "bad-redirect": 0.0013154913061348256, "sfb": 0.022539313775843138, "oneh-out": 0.0016537790507035542}, "english-5k": {"dsfb-alt": 0.05898701621935538, "sft": 0.0, "oneh-in": 0.0053926245488862155, "alternate": 0.2725764300825486, "dsfb-red": 0.003484465093126478, "sfR": 0.10644211224955408, "redirect": 0.005600033185381839, "unknown": 0.21611979922843988, "sfT": 0.00016592690919649896, "roll-out": 0.0759530426846974, "dsfb": 0.0, "roll-in": 0.22719542041730617, "bad-redirect": 0.0005807441821877463, "sfb": 0.02679719583523458, "oneh-out": 0.0007051893640851205}, "mt-quotes": {"dsfb-alt": 0.04768052019459485, "sft": 0.0, "oneh-in": 0.018700469752931475, "alternate": 0.2230265595677795, "dsfb-red": 0.0015553842292107434, "sfR": 0.0964592223377679, "redirect": 0.011188008749596585, "unknown": 0.24743608132821746, "sfT": 0.00015240076021085094, "roll-out": 0.07523069291545642, "dsfb": 0.0, "roll-in": 0.25891096209703446, "bad-redirect": 0.0003750254001267018, "sfb": 0.018715411003932536, "oneh-out": 0.0005692616631405315}, "wordle": {"dsfb-alt": 0.06294177044766072, "sft": 0.0, "oneh-in": 0.003096600471221811, "alternate": 0.25726466958375405, "dsfb-red": 0.004846852911477617, "sfR": 0.13138112868843263, "redirect": 0.012812745428026477, "unknown": 0.1876360372489622, "sfT": 0.0005834174800852687, "roll-out": 0.10833613822506451, "dsfb": 0.0, "roll-in": 0.17446426567934478, "bad-redirect": 0.003119039605071244, "sfb": 0.05203635139683608, "oneh-out": 0.0014809828340626053}, "english-1k": {"dsfb-alt": 0.061750176429075515, "sft": 0.0, "oneh-in": 0.005998588567395907, "alternate": 0.24664784756527877, "dsfb-red": 0.0024700070571630206, "sfR": 0.10832745236414962, "redirect": 0.0045871559633027525, "unknown": 0.22477064220183487, "sfT": 0.0, "roll-out": 0.09774170783345096, "dsfb": 0.0, "roll-in": 0.22159491884262528, "bad-redirect": 0.0007057163020465773, "sfb": 0.024700070571630206, "oneh-out": 0.0007057163020465773}, "english-10k": {"dsfb-alt": 0.058682773393025994, "sft": 0.0, "oneh-in": 0.00405241118465487, "alternate": 0.26697670828428627, "dsfb-red": 0.002740201848671388, "sfR": 0.10567144593890508, "redirect": 0.009764381235406495, "unknown": 0.21190251056521486, "sfT": 0.00023156635340884968, "roll-out": 0.07720808166573397, "dsfb": 0.0, "roll-in": 0.22992609173887035, "bad-redirect": 0.0007911850408135698, "sfb": 0.03141583527913394, "oneh-out": 0.0006368074718743367}, "reddit": {"dsfb-alt": 0.05112266422594162, "sft": 0.0, "oneh-in": 0.012858605569130746, "alternate": 0.215724846831955, "dsfb-red": 0.0024221461711874956, "sfR": 0.10397777127267367, "redirect": 0.011686862767462319, "unknown": 0.2550608617415038, "sfT": 0.00021942552689002147, "roll-out": 0.07982425730845637, "dsfb": 0.0, "roll-in": 0.24067361913714228, "bad-redirect": 0.0006440053062171627, "sfb": 0.024920491958174303, "oneh-out": 0.0008644421832652638}, "akl": {"dsfb-alt": 0.04802705719634487, "sft": 0.0, "oneh-in": 0.01231587493337904, "alternate": 0.18322680938897778, "dsfb-red": 0.004723080530006728, "sfR": 0.13064861186637447, "redirect": 0.01116657610918665, "unknown": 0.2967618488333058, "sfT": 0.0002976524837700085, "roll-out": 0.07251080852589183, "dsfb": 0.0, "roll-in": 0.2053575569300834, "bad-redirect": 0.0005269390322373181, "sfb": 0.03268541517407012, "oneh-out": 0.0017517689963720098}, "french": {"dsfb-alt": 0.03732666593585259, "sft": 0.0, "oneh-in": 0.002292985339986528, "alternate": 0.18852788801039883, "dsfb-red": 0.0063333174675665295, "sfR": 0.10898279115633469, "redirect": 0.004694978535744936, "unknown": 0.3813931530571722, "sfT": 0.0007027680729174462, "roll-out": 0.0634342271752779, "dsfb": 0.0, "roll-in": 0.17109169494825746, "bad-redirect": 0.0005652497787819206, "sfb": 0.03383498371017226, "oneh-out": 0.0008192968115366987}, "keymash": {"dsfb-alt": 0.04929950372106579, "sft": 0.0, "oneh-in": 0.016649357792892824, "alternate": 0.22188471058605247, "dsfb-red": 0.001777409251558825, "sfR": 0.099723742164827, "redirect": 0.010964111110655015, "unknown": 0.25059007524229004, "sfT": 0.00016008997877781564, "roll-out": 0.07383842405782942, "dsfb": 0.0, "roll-in": 0.25378776994659563, "bad-redirect": 0.0005213186488405791, "sfb": 0.020253434751019036, "oneh-out": 0.0005500527475955717}, "movie": {"dsfb-alt": 0.04794609331418497, "sft": 0.0, "oneh-in": 0.02609650938049133, "alternate": 0.19475887920226442, "dsfb-red": 0.0014581040515158163, "sfR": 0.11567713207251198, "redirect": 0.009845360695857787, "unknown": 0.2872879514677699, "sfT": 0.0001268603163954194, "roll-out": 0.06861919257093353, "dsfb": 0.0, "roll-in": 0.2243872113746855, "bad-redirect": 0.000663779497820016, "sfb": 0.0216932457014553, "oneh-out": 0.0014396803541139919}, "dutch": {"dsfb-alt": 0.03898624453464909, "sft": 0.0, "oneh-in": 0.005796649229447428, "alternate": 0.19692295736605814, "dsfb-red": 0.007702961618525293, "sfR": 0.18880787437283908,