{"english-450k": {"roll-in": 0.1842345294775598, "sfb": 0.07084045439954721, "bad-redirect": 0.00867040363070594, "dsfb-red": 0.00846225313555918, "alternate": 0.35424904738990387, "redirect": 0.0325644433348282, "unknown": 0.00015377410175167997, "dsfb-alt": 0.026508784126302913, "dsfb": 0.0, "sfR": 0.11369548401129392, "sft": 0.0, "sfT": 8.478039830415815e-05, "oneh-out": 0.009755592728999165, "oneh-in": 0.013510779681471274, "roll-out": 0.17726967358377269}, "shai": {"roll-in": 0.17997224065396905, "sfb": 0.0992537232558622, "bad-redirect": 0.007396273818108745, "dsfb-red": 0.00790815860501797, "alternate": 0.3398911269484799, "redirect": 0.0314811350082192, "unknown": 0.023260762136131256, "dsfb-alt": 0.019621885056289676, "dsfb": 0.0, "sfR": 0.09823378925716947, "sft": 0.0, "sfT": 0.0004607489457780497, "oneh-out": 0.010633704355881922, "oneh-in": 0.012276468409878151, "roll-out": 0.16960998354921442}, "tr-quotes": {"roll-in": 0.17742077159566352, "sfb": 0.12131134277987102, "bad-redirect": 0.006790180532118999, "dsfb-red": 0.008068468135271954, "alternate": 0.3314012621067474, "redirect": 0.03227502831649754, "unknown": 0.013835787429786644, "dsfb-alt": 0.01676914541966205, "dsfb": 0.0, "sfR": 0.09677191928064538, "sft": 0.0, "sfT": 0.0005721088278125794, "oneh-out": 0.009085550495827651, "oneh-in": 0.01273317768891149, "roll-out": 0.17296525739118374}, "gutenberg": {"roll-in": 0.18381618873661962, "sfb": 0.10341940961649282, "bad-redirect": 0.007161846826725589, "dsfb-red": 0.008721669256267422, "alternate": 0.31509606528446016, "redirect": 0.037653401166854776, "unknown": 0.032975828246008664, "dsfb-alt": 0.01918843011090008, "dsfb": 0.0, "sfR": 0.09863878308844841, "sft": 0.0, "sfT": 0.000619647700635333, "oneh-out": 0.012159378465509057, "oneh-in": 0.012000251572041102, "roll-out": 0.168549099929037}, "english-200": {"roll-in": 0.14699331848552338, "sfb": 0.09799554565701558, "bad-redirect": 0.0022271714922048997, "dsfb-red": 0.004454342984409799, "alternate": 0.3674832962138085, "redirect": 0.024498886414253896, "unknown": 0.0, "dsfb-alt": 0.022271714922048998, "dsfb": 0.0, "sfR": 0.10690423162583519, "sft": 0.0, "sfT": 0.0, "oneh-out": 0.015590200445434299, "oneh-in": 0.017817371937639197, "roll-out": 0.19376391982182628}, "monkeyracer": {"roll-in": 0.1767667782348249, "sfb": 0.1221984140638441, "bad-redirect": 0.006740033157639551, "dsfb-red": 0.008050893848632248, "alternate": 0.33124012700001565, "redirect": 0.03229448519636517, "unknown": 0.013436077701487402, "dsfb-alt": 0.016767482052645572, "dsfb": 0.0, "sfR": 0.09690789370786869, "sft": 0.0, "sfT": 0.000586514850556016, "oneh-out": 0.009121283450896977, "oneh-in": 0.012781136118366516, "roll-out": 0.17310888061685722}, "chained-bigrams": {"roll-in": 0.1729111381077573, "sfb": 0.08628350331047997, "bad-redirect": 0.009096109431215582, "dsfb-red": 0.00991812917137683, "alternate": 0.32313816749333973, "redirect": 0.031291291720261356, "unknown": 0.022916559801936097, "dsfb-alt": 0.04030429015089192, "dsfb": 0.0, "sfR": 0.11914286586209158, "sft": 0.0, "sfT": 0.00026881214251718545, "oneh-out": 0.012225758046995374, "oneh-in": 0.009280511963763604, "roll-out": 0.16322286279737344}, "english-5k": {"roll-in": 0.18156552038826898, "sfb": 0.07616045132119302, "bad-redirect": 0.006885966731654706, "dsfb-red": 0.007051893640851205, "alternate": 0.35359024349773926, "redirect": 0.024225328742688845, "unknown": 0.002157049819554486, "dsfb-alt": 0.02302235865101423, "dsfb": 0.0, "sfR": 0.10644211224955408, "sft": 0.0, "sfT": 4.148172729912474e-05, "oneh-out": 0.014560086281992781, "oneh-in": 0.012237109553241797, "roll-out": 0.1920603973949475}, "mt-quotes": {"roll-in": 0.1771868014965157, "sfb": 0.12625357095898926, "bad-redirect": 0.00655323268906659, "dsfb-red": 0.008038393038572334, "alternate": 0.3323008928891598, "redirect": 0.0321685134052904, "unknown": 0.007977133909467972, "dsfb-alt": 0.016139539331349134, "dsfb": 0.0, "sfR": 0.0964592223377679, "sft": 0.0, "sfT": 0.0005946617898423399, "oneh-out": 0.009070833482745844, "oneh-in": 0.01293314686652084, "roll-out": 0.17432405780471188}, "wordle": {"roll-in": 0.16555592954111972, "sfb": 0.08318186917984965, "bad-redirect": 0.0094693144844609, "dsfb-red": 0.013037136766520812, "alternate": 0.32790306294177046, "redirect": 0.0374060361270055, "unknown": 0.0, "dsfb-alt": 0.0283406260518344, "dsfb": 0.0, "sfR": 0.13138112868843263, "sft": 0.0, "sfT": 0.0002019522046449007, "oneh-out": 0.010568832043083136, "oneh-in": 0.018377650622685964, "roll-out": 0.17457646134859195}, "english-1k": {"roll-in": 0.1587861679604799, "sfb": 0.08362738179251941, "bad-redirect": 0.007057163020465773, "dsfb-red": 0.007410021171489062, "alternate": 0.3415666901905434, "redirect": 0.035638673253352154, "unknown": 0.0, "dsfb-alt": 0.027522935779816515, "dsfb": 0.0, "sfR": 0.10832745236414962, "sft": 0.0, "sfT": 0.0, "oneh-out": 0.015525758645024701, "oneh-in": 0.014820042342978124, "roll-out": 0.19971771347918138}, "english-10k": {"roll-in": 0.17587464541402134, "sfb": 0.07363810038401421, "bad-redirect": 0.007062773778969916, "dsfb-red": 0.007950444800370507, "alternate": 0.36467841222670344, "redirect": 0.028868605391636597, "unknown": 0.0, "dsfb-alt": 0.022905771791358717, "dsfb": 0.0, "sfR": 0.10567144593890508, "sft": 0.0, "sfT": 7.718878446961657e-05, "oneh-out": 0.012292313926786438, "oneh-in": 0.011211670944211806, "roll-out": 0.18976862661855232}, "reddit": {"roll-in": 0.17046891250079363, "sfb": 0.11588780530835223, "bad-redirect": 0.006755594311492478, "dsfb-red": 0.008092299561167676, "alternate": 0.31610831710022685, "redirect": 0.030240231247086517, "unknown": 0.039285409944231534, "dsfb-alt": 0.01813343341954157, "dsfb": 0.0, "sfR": 0.10397777127267367, "sft": 0.0, "sfT": 0.0004951495459131434, "oneh-out": 0.01025996006665172, "oneh-in": 0.013333603026708822, "roll-out": 0.16696151269516016}, "akl": {"roll-in": 0.1479859857491986, "sfb": 0.10114089082716185, "bad-redirect": 0.005480269707197371, "dsfb-red": 0.006302736369415023, "alternate": 0.2695866242727039, "redirect": 0.02687159283709811, "unknown": 0.13277008071454782, "dsfb-alt": 0.018084852972348017, "dsfb": 0.0, "sfR": 0.13064861186637447, "sft": 0.0, "sfT": 0.00048760452952611587, "oneh-out": 0.008085859312985848, "oneh-in": 0.013590317762742433, "roll-out": 0.13896457307870042}, "french": {"roll-in": 0.16279626604047376, "sfb": 0.07151460677550943, "bad-redirect": 0.00749214768143392, "dsfb-red": 0.0058055822119914245, "alternate": 0.25194334294223497, "redirect": 0.038166862411875516, "unknown": 0.15807953387545715, "dsfb-alt": 0.015758796477763813, "dsfb": 0.0, "sfR": 0.10898279115633469, "sft": 0.0, "sfT": 8.025770799477187e-05, "oneh-out": 0.004923990916631268, "oneh-in": 0.009446168928946728, "roll-out": 0.16500965287335254}, "keymash": {"roll-in": 0.17604971820058865, "sfb": 0.12003054024210531, "bad-redirect": 0.0065554793873890144, "dsfb-red": 0.008148169432665744, "alternate": 0.33063506463119785, "redirect": 0.03453428183225033, "unknown": 0.01232282349464109, "dsfb-alt": 0.017191200797986972, "dsfb": 0.0, "sfR": 0.099723742164827, "sft": 0.0, "sfT": 0.0006239404301084096, "oneh-out": 0.0095315110441561, "oneh-in": 0.012010853279586885, "roll-out": 0.17264267506249667}, "movie": {"roll-in": 0.16511225493028012, "sfb": 0.14797453160710308, "bad-redirect": 0.005566456974284072, "dsfb-red": 0.00817327855880364, "alternate": 0.2974448042475571, "redirect": 0.032458870082534216, "unknown": 0.030236445784519856, "dsfb-alt": 0.014656446076667058, "dsfb": 0.0, "sfR": 0.11567713207251198, "sft": 0.0, "sfT": 0.000665490269721614, "oneh-out": 0.008165909079842909, "oneh-in": 0.012596545109304507, "roll-out": 0.16127183520686983}, "dutch": {"roll-in": 0.20137038605251018, "sfb": 0.054137460839593664, "bad-redirect": 0.01277120819377049, "dsfb-red": 0.006223133170323287, "alternate": 0.30591077156243457, "redirect": 0.019273918307803527, "unknown": 0.07290361491625476,