{"english-450k": {"roll-out": 0.2102007190547161, "bad-redirect": 0.006048642899700111, "oneh-in": 0.016293330823053953, "dsfb": 0.0, "redirect": 0.06093781153142049, "sft": 0.0, "alternate": 0.22380855767493557, "sfb": 0.015204633570348144, "dsfb-alt": 0.031167028493814832, "unknown": 0.00015377410175167997, "sfR": 0.11369548401129392, "sfT": 2.6895850496491555e-05, "oneh-out": 0.008146519238426452, "dsfb-red": 0.0281494310065889, "roll-in": 0.28616717174345335}, "shai": {"roll-out": 0.17374235323332404, "bad-redirect": 0.004741765550451089, "oneh-in": 0.016188100939023103, "dsfb": 0.0, "redirect": 0.05262838300822415, "sft": 0.0, "alternate": 0.22493281744396346, "sfb": 0.012185219651892336, "dsfb-alt": 0.03318706413391243, "unknown": 0.023235190345156864, "sfR": 0.09823378925716947, "sfT": 2.4550003049882138e-05, "oneh-out": 0.009508286235618722, "dsfb-red": 0.0216235134146821, "roll-in": 0.32976896678353235}, "tr-quotes": {"roll-out": 0.17260812278957952, "bad-redirect": 0.006003097478098056, "oneh-in": 0.01417327384942558, "dsfb": 0.0, "redirect": 0.05431913270613255, "sft": 0.0, "alternate": 0.22970920690691385, "sfb": 0.01201544115947389, "dsfb-alt": 0.04086821848778346, "unknown": 0.013084533413467095, "sfR": 0.09677191928064538, "sfT": 2.3115508194447656e-06, "oneh-out": 0.012559811377453134, "dsfb-red": 0.019885115924273594, "roll-in": 0.32799981507593445}, "gutenberg": {"roll-out": 0.16530253242873483, "bad-redirect": 0.0051397986590149365, "oneh-in": 0.012468349850326002, "dsfb": 0.0, "redirect": 0.05017536162533724, "sft": 0.0, "alternate": 0.21977147862603777, "sfb": 0.01230903352008011, "dsfb-alt": 0.03191933933544821, "unknown": 0.03290327396005839, "sfR": 0.09863878308844841, "sfT": 2.1216919129060623e-05, "oneh-out": 0.013233295559639813, "dsfb-red": 0.018533736606346208, "roll-in": 0.339583799821399}, "english-200": {"roll-out": 0.18262806236080179, "bad-redirect": 0.008908685968819599, "oneh-in": 0.011135857461024499, "dsfb": 0.0, "redirect": 0.044543429844097995, "sft": 0.0, "alternate": 0.2383073496659243, "sfb": 0.017817371937639197, "dsfb-alt": 0.031180400890868598, "unknown": 0.0, "sfR": 0.10690423162583519, "sfT": 0.0, "oneh-out": 0.011135857461024499, "dsfb-red": 0.024498886414253896, "roll-in": 0.32293986636971045}, "monkeyracer": {"roll-out": 0.17230926537059918, "bad-redirect": 0.006094866822027934, "oneh-in": 0.014086131660853653, "dsfb": 0.0, "redirect": 0.05427803931995558, "sft": 0.0, "alternate": 0.22976230508156467, "sfb": 0.012007914040383502, "dsfb-alt": 0.0413737350829723, "unknown": 0.012940472652767569, "sfR": 0.09690789370786869, "sfT": 2.9325742527800804e-06, "oneh-out": 0.012565103148411718, "dsfb-red": 0.019835932245804464, "roll-in": 0.327835408292538}, "chained-bigrams": {"roll-out": 0.14265289015258012, "bad-redirect": 0.007694260601035382, "oneh-in": 0.015983933604699407, "dsfb": 0.0, "redirect": 0.06111905066459582, "sft": 0.0, "alternate": 0.22846564756130897, "sfb": 0.014522998047540791, "dsfb-alt": 0.03693374949435397, "unknown": 0.022769167636836094, "sfR": 0.11914286586209158, "sfT": 5.1944375365639704e-05, "oneh-out": 0.00510223627028996, "dsfb-red": 0.03287234864545302, "roll-in": 0.3126889070838493}, "english-5k": {"roll-out": 0.18442775957190857, "bad-redirect": 0.004936325548595843, "oneh-in": 0.02480607292487659, "dsfb": 0.0, "redirect": 0.050649189032231305, "sft": 0.0, "alternate": 0.22528726096154644, "sfb": 0.010743767370473306, "dsfb-alt": 0.027834239017712696, "unknown": 0.002157049819554486, "sfR": 0.10644211224955408, "sfT": 0.0, "oneh-out": 0.007300784004645953, "dsfb-red": 0.02497199983407309, "roll-in": 0.33044343966482764}, "mt-quotes": {"roll-out": 0.17139109023320304, "bad-redirect": 0.006110971659435101, "oneh-in": 0.013866975054087329, "dsfb": 0.0, "redirect": 0.05395136323974134, "sft": 0.0, "alternate": 0.2323200176904412, "sfb": 0.012108389811262117, "dsfb-alt": 0.042558659351430175, "unknown": 0.007917368905463717, "sfR": 0.0964592223377679, "sfT": 1.4941251001063816e-06, "oneh-out": 0.012596968718996904, "dsfb-red": 0.019446038177884557, "roll-in": 0.33127144069518655}, "wordle": {"roll-out": 0.2188039941658252, "bad-redirect": 0.009828340626051835, "oneh-in": 0.011915180074049141, "dsfb": 0.0, "redirect": 0.0564792998990239, "sft": 0.0, "alternate": 0.21974643778750141, "sfb": 0.02084595534612364, "dsfb-alt": 0.03451138786042859, "unknown": 0.0, "sfR": 0.13138112868843263, "sfT": 0.0, "oneh-out": 0.015011780545270952, "dsfb-red": 0.026410860540783124, "roll-in": 0.2550656344665096}, "english-1k": {"roll-out": 0.1958362738179252, "bad-redirect": 0.00529287226534933, "oneh-in": 0.01799576570218772, "dsfb": 0.0, "redirect": 0.0561044460127029, "sft": 0.0, "alternate": 0.20042342978122796, "sfb": 0.011291460832745237, "dsfb-alt": 0.025405786873676783, "unknown": 0.0, "sfR": 0.10832745236414962, "sfT": 0.0, "oneh-out": 0.014467184191954835, "dsfb-red": 0.022935779816513763, "roll-in": 0.3419195483415667}, "english-10k": {"roll-out": 0.19262461164392813, "bad-redirect": 0.0049786765982902685, "oneh-in": 0.022963663379710928, "dsfb": 0.0, "redirect": 0.05115686690723838, "sft": 0.0, "alternate": 0.218019721734432, "sfb": 0.012176530750082014, "dsfb-alt": 0.029351035294571698, "unknown": 0.0, "sfR": 0.10567144593890508, "sfT": 0.0, "oneh-out": 0.008452171899423013, "dsfb-red": 0.025935431581791166, "roll-in": 0.3286698442716273}, "reddit": {"roll-out": 0.16562922742024988, "bad-redirect": 0.005758065938906584, "oneh-in": 0.013686938806011241, "dsfb": 0.0, "redirect": 0.054291673760164305, "sft": 0.0, "alternate": 0.22961982411122456, "sfb": 0.012911532894070248, "dsfb-alt": 0.037565253154991096, "unknown": 0.03806257523087345, "sfR": 0.10397777127267367, "sfT": 5.318952683233706e-05, "oneh-out": 0.010953933562160671, "dsfb-red": 0.020333382215257642, "roll-in": 0.30715663210658434}, "akl": {"roll-out": 0.14589302947397045, "bad-redirect": 0.006414291193372986, "oneh-in": 0.011493260025548156, "dsfb": 0.0, "redirect": 0.04621220969154214, "sft": 0.0, "alternate": 0.18924689078916154, "sfb": 0.01787224405536944, "dsfb-alt": 0.03375463665951439, "unknown": 0.12998348321500164, "sfR": 0.13064861186637447, "sfT": 0.00013245745542384124, "oneh-out": 0.008442587673629277, "dsfb-red": 0.019681952378913417, "roll-in": 0.26022434552217827}, "french": {"roll-out": 0.18060009843367428, "bad-redirect": 0.002888738141631498, "oneh-in": 0.017047579157404333, "dsfb": 0.0, "redirect": 0.04422742053059888, "sft": 0.0, "alternate": 0.18576087730529106, "sfb": 0.018004589026974993, "dsfb-alt": 0.018763509029995934, "unknown": 0.1579310788393324, "sfR": 0.10898279115633469, "sfT": 2.7027236367849258e-05, "oneh-out": 0.011748832536501788, "dsfb-red": 0.020129163522166073, "roll-in": 0.23388829508372622}, "keymash": {"roll-out": 0.17322967165134864, "bad-redirect": 0.00586175614601848, "oneh-in": 0.013669221264875027, "dsfb": 0.0, "redirect": 0.05403652514438884, "sft": 0.0, "alternate": 0.22776699108832452, "sfb": 0.012261250425880393, "dsfb-alt": 0.04028520645449955, "unknown": 0.012306404009638238, "sfR": 0.099723742164827, "sfT": 4.104871250713221e-06, "oneh-out": 0.013197161071043007, "dsfb-red": 0.019251846165845007, "roll-in": 0.32840611954206056}, "movie": {"roll-out": 0.16602343836463893, "bad-redirect": 0.006058632890589952, "oneh-in": 0.012300186776812303, "dsfb": 0.0, "redirect": 0.05342359014958595, "sft": 0.0, "alternate": 0.22523114831352764, "sfb": 0.010573754732422773, "dsfb-alt": 0.053887077737080416, "unknown": 0.030147880439152515, "sfR": 0.11567713207251198, "sfT": 4.605924350456098e-06, "oneh-out": 0.015636586778444116, "dsfb-red": 0.021531380359996414, "roll-in": 0.28950458546088653}, "dutch": {"roll-out": 0.14217597503803928, "bad-redirect": 0.0036905698617991207, "oneh-in": 0.006693422041514881, "dsfb": 0.0, "redirect": 0.04664378745137751, "sft": 0.0, "alternate": 0.17786573270658274, "sfb": 0.020109080910880043, "dsfb-alt": 0.024537000893204583,