{"english-450k": {"roll-out": 0.17618799263989204, "dsfb": 0.0, "sfR": 0.11369548401129392, "sfT": 0.0017558312834992202, "sfb": 0.04426004545398734, "alternate": 0.375435668926113, "sft": 0.0, "redirect": 0.016466107427873806, "unknown": 0.0, "roll-in": 0.19886557980145014, "bad-redirect": 0.003419281167467013, "oneh-in": 0.003099162077318554, "oneh-out": 0.004935973258508298, "dsfb-alt": 0.05483508458452635, "dsfb-red": 0.007043789368070299}, "shai": {"roll-out": 0.22192858677750693, "dsfb": 0.0, "sfR": 0.09823378925716947, "sfT": 0.0002726432074480289, "sfb": 0.024199645904039252, "alternate": 0.3277497783803918, "sft": 0.0, "redirect": 0.01806711474647429, "unknown": 0.015572597567587401, "roll-in": 0.21013963506070193, "bad-redirect": 0.002670663354009573, "oneh-in": 0.004749665054822019, "oneh-out": 0.011846702086583831, "dsfb-alt": 0.05800947429630549, "dsfb-red": 0.006559704306959955}, "tr-quotes": {"roll-out": 0.23894038510436652, "dsfb": 0.0, "sfR": 0.09677191928064538, "sfT": 0.00026467256882642566, "sfb": 0.026578211321975912, "alternate": 0.3185941147916137, "sft": 0.0, "redirect": 0.020981946788100135, "unknown": 0.009743186703959687, "roll-in": 0.20031090358521533, "bad-redirect": 0.002138184507986408, "oneh-in": 0.004721342548715934, "oneh-out": 0.019692101430849956, "dsfb-alt": 0.05272994151776427, "dsfb-red": 0.008533089849980352}, "gutenberg": {"roll-out": 0.26348401513524083, "dsfb": 0.0, "sfR": 0.09863878308844841, "sfT": 0.00018640578949103264, "sfb": 0.027083776141801765, "alternate": 0.2883731662046304, "sft": 0.0, "redirect": 0.02040025717936973, "unknown": 0.025598023492433706, "roll-in": 0.19403175642370643, "bad-redirect": 0.0024852210897691636, "oneh-in": 0.004768313137478437, "oneh-out": 0.014222913287588141, "dsfb-alt": 0.05225461969998518, "dsfb-red": 0.008472749330056834}, "english-200": {"roll-out": 0.26057906458797325, "dsfb": 0.0, "sfR": 0.10690423162583519, "sfT": 0.0, "sfb": 0.015590200445434299, "alternate": 0.3273942093541203, "sft": 0.0, "redirect": 0.028953229398663696, "unknown": 0.0, "roll-in": 0.1915367483296214, "bad-redirect": 0.0, "oneh-in": 0.0022271714922048997, "oneh-out": 0.011135857461024499, "dsfb-alt": 0.053452115812917596, "dsfb-red": 0.0022271714922048997}, "monkeyracer": {"roll-out": 0.23944273268999172, "dsfb": 0.0, "sfR": 0.09690789370786869, "sfT": 0.0002570890094937204, "sfb": 0.02656325758168197, "alternate": 0.317740510189718, "sft": 0.0, "redirect": 0.02102264729342947, "unknown": 0.009366642163379577, "roll-in": 0.20052844988035098, "bad-redirect": 0.002168149897555406, "oneh-in": 0.004740995041994463, "oneh-out": 0.020071515710777796, "dsfb-alt": 0.05265730328291912, "dsfb-red": 0.008532813550839107}, "chained-bigrams": {"roll-out": 0.21209667627421175, "dsfb": 0.0, "sfR": 0.11914286586209158, "sfT": 0.0001597289542493421, "sfb": 0.02620398945788902, "alternate": 0.326916471496498, "sft": 0.0, "redirect": 0.024511901430353308, "unknown": 0.016087822355430687, "roll-in": 0.18748348331189546, "bad-redirect": 0.0043613796166375235, "oneh-in": 0.005213916677326086, "oneh-out": 0.005766474970278078, "dsfb-alt": 0.060235996283379944, "dsfb-red": 0.011819293309759244}, "english-5k": {"roll-out": 0.1789521715684241, "dsfb": 0.0, "sfR": 0.10644211224955408, "sfT": 0.0003733355456921226, "sfb": 0.022317169286929107, "alternate": 0.37540963205707883, "sft": 0.0, "redirect": 0.015016385282283154, "unknown": 0.0, "roll-in": 0.22632430414402455, "bad-redirect": 0.003899282366117725, "oneh-in": 0.002157049819554486, "oneh-out": 0.007134857095449454, "dsfb-alt": 0.056912929854399136, "dsfb-red": 0.005060770730493218}, "mt-quotes": {"roll-out": 0.2449692807879418, "dsfb": 0.0, "sfR": 0.0964592223377679, "sfT": 0.00021365988931521258, "sfb": 0.025734810724232317, "alternate": 0.3158191989098863, "sft": 0.0, "redirect": 0.021382424307622428, "unknown": 0.00522794372527223, "roll-in": 0.2010434969699143, "bad-redirect": 0.0019483391305387216, "oneh-in": 0.004827518198443719, "oneh-out": 0.021488507189729982, "dsfb-alt": 0.05219875449731655, "dsfb-red": 0.008686843332018503}, "wordle": {"roll-out": 0.1912711769325704, "dsfb": 0.0, "sfR": 0.13138112868843263, "sfT": 0.0005385392123864019, "sfb": 0.049164142264108604, "alternate": 0.3334230898687311, "sft": 0.0, "redirect": 0.024144508021990353, "unknown": 0.0, "roll-in": 0.17854818803994166, "bad-redirect": 0.0017053741725569394, "oneh-in": 0.007965892516548861, "oneh-out": 0.006462470548636822, "dsfb-alt": 0.062425670369123755, "dsfb-red": 0.012969819364972513}, "english-1k": {"roll-out": 0.2272406492589979, "dsfb": 0.0, "sfR": 0.10832745236414962, "sfT": 0.0, "sfb": 0.019054340155257588, "alternate": 0.3468595624558927, "sft": 0.0, "redirect": 0.017290049400141144, "unknown": 0.0, "roll-in": 0.2050105857445307, "bad-redirect": 0.0017642907551164433, "oneh-in": 0.0017642907551164433, "oneh-out": 0.011644318983768526, "dsfb-alt": 0.05469301340860974, "dsfb-red": 0.006351446718419196}, "english-10k": {"roll-out": 0.17105034638467032, "dsfb": 0.0, "sfR": 0.10567144593890508, "sfT": 0.00036664672623067866, "sfb": 0.02568456803226491, "alternate": 0.36656953744620907, "sft": 0.0, "redirect": 0.015109704559927443, "unknown": 0.0, "roll-in": 0.23795372532371045, "bad-redirect": 0.0027787962409061965, "oneh-in": 0.005808456031338646, "oneh-out": 0.005692672854634221, "dsfb-alt": 0.05804596592115166, "dsfb-red": 0.005268134540051331}, "reddit": {"roll-out": 0.2297811157327316, "dsfb": 0.0, "sfR": 0.10397777127267367, "sfT": 0.0003241564543711584, "sfb": 0.02424071482229173, "alternate": 0.3084169616906179, "sft": 0.0, "redirect": 0.020466206202685435, "unknown": 0.0331983180872297, "roll-in": 0.19316349767586116, "bad-redirect": 0.002600068884182989, "oneh-in": 0.0052190163046501314, "oneh-out": 0.01490243186636993, "dsfb-alt": 0.05500628629038073, "dsfb-red": 0.00870345471595388}, "akl": {"roll-out": 0.19138365364310012, "dsfb": 0.0, "sfR": 0.13064861186637447, "sfT": 0.0003535657875611207, "sfb": 0.02852267835448259, "alternate": 0.2622204232891585, "sft": 0.0, "redirect": 0.0187385420038997, "unknown": 0.12482253455870851, "roll-in": 0.16832323315380707, "bad-redirect": 0.0019755457495474866, "oneh-in": 0.004974233306425931, "oneh-out": 0.013682057089731562, "dsfb-alt": 0.04476859390987749, "dsfb-red": 0.009586327287325423}, "french": {"roll-out": 0.18269793034742599, "dsfb": 0.0, "sfR": 0.10898279115633469, "sfT": 0.000572051533388907, "sfb": 0.044003292229011844, "alternate": 0.2570325835357717, "sft": 0.0, "redirect": 0.010249914592285076, "unknown": 0.14988019847879508, "roll-in": 0.17539762510595344, "bad-redirect": 0.006335010415299106, "oneh-in": 0.002872737538282904, "oneh-out": 0.011332547176348207, "dsfb-alt": 0.04463151067434258, "dsfb-red": 0.0060118072167605185}, "keymash": {"roll-out": 0.24358306001732255, "dsfb": 0.0, "sfR": 0.099723742164827, "sfT": 0.00023808253254136683, "sfb": 0.026496943923353843, "alternate": 0.31538957280604896, "sft": 0.0, "redirect": 0.02064339751983679, "unknown": 0.008566866300238493, "roll-in": 0.1980805622031665, "bad-redirect": 0.00219200124788086, "oneh-in": 0.004589246058297382, "oneh-out": 0.019120490285822186, "dsfb-alt": 0.05261213482039136, "dsfb-red": 0.008763900120272727}, "movie": {"roll-out": 0.23416848392315265, "dsfb": 0.0, "sfR": 0.11567713207251198, "sfT": 0.00022161076017623057, "sfb": 0.024467328138815716, "alternate": 0.3074882196904845, "sft": 0.0, "redirect": 0.022670886044299253, "unknown": 0.02448311987944585, "roll-in": 0.17437990111475213, "bad-redirect": 0.002054110662464835, "oneh-in": 0.004575130456227335, "oneh-out": 0.027960329568363036, "dsfb-alt": 0.04828114141122101, "dsfb-red": 0.013572606278085446}, "dutch": {"roll-out": 0.14551741440529167, "dsfb": 0.0, "sfR": 0.18880787437283908, "sfT": 0.0002731935809621442, "sfb": 0.06248186076028217, "alternate": 0.2795547633172816, "sft": 0.0, "redirect": 0.016979027676862272, "unknown": 0.06758112760955366, "roll-in": 0.180403495945435,