{"english-450k": {"dsfb": 0.0, "sfT": 0.00035052309505753665, "bad-redirect": 0.0037440777968322536, "roll-out": 0.15390098000293514, "sfR": 0.11369548401129392, "sft": 0.0, "dsfb-alt": 0.05782637091365789, "oneh-out": 0.006029348050430889, "alternate": 0.3569377554009499, "oneh-in": 0.006274041820708753, "roll-in": 0.2008807221652797, "dsfb-red": 0.01049815207966317, "sfb": 0.06288776069241613, "unknown": 0.00015377410175167997, "redirect": 0.026821009869023055}, "shai": {"dsfb": 0.0, "sfT": 0.00041799253970962026, "bad-redirect": 0.0029370364991935616, "roll-out": 0.1763251389554169, "sfR": 0.09823378925716947, "sft": 0.0, "dsfb-alt": 0.055457330600721506, "oneh-out": 0.005752162861848389, "alternate": 0.3417519807978182, "oneh-in": 0.013388998068820823, "roll-in": 0.19597427943051116, "dsfb-red": 0.009195607519492152, "sfb": 0.052939087815860195, "unknown": 0.023260762136131256, "redirect": 0.024365833517306767}, "tr-quotes": {"dsfb": 0.0, "sfT": 0.00024040128522225562, "bad-redirect": 0.003554009384896327, "roll-out": 0.18353135618686578, "sfR": 0.09677191928064538, "sft": 0.0, "dsfb-alt": 0.05776334342710524, "oneh-out": 0.005233351055222949, "alternate": 0.3472330736691246, "oneh-in": 0.022037169737176673, "roll-in": 0.19129123228774184, "dsfb-red": 0.007659323640230231, "sfb": 0.04889970180994429, "unknown": 0.013835787429786644, "redirect": 0.02194933080603777}, "gutenberg": {"dsfb": 0.0, "sfT": 0.00019947692716875749, "bad-redirect": 0.003059403963699367, "roll-out": 0.190058320006456, "sfR": 0.09863878308844841, "sft": 0.0, "dsfb-alt": 0.062485531766084984, "oneh-out": 0.0042884697789613785, "alternate": 0.32244109747545185, "oneh-in": 0.011565683603451235, "roll-in": 0.19664958325803222, "dsfb-red": 0.008432967606689845, "sfb": 0.044148809408794336, "unknown": 0.032975828246008664, "redirect": 0.02505604487075297}, "english-200": {"dsfb": 0.0, "sfT": 0.0, "bad-redirect": 0.0, "roll-out": 0.16926503340757237, "sfR": 0.10690423162583519, "sft": 0.0, "dsfb-alt": 0.08685968819599109, "oneh-out": 0.004454342984409799, "alternate": 0.3518930957683742, "oneh-in": 0.013363028953229399, "roll-in": 0.22271714922049, "dsfb-red": 0.0022271714922048997, "sfb": 0.015590200445434299, "unknown": 0.0, "redirect": 0.026726057906458798}, "monkeyracer": {"dsfb": 0.0, "sfT": 0.00024633623723352676, "bad-redirect": 0.0036148865289269126, "roll-out": 0.18310309367033173, "sfR": 0.09690789370786869, "sft": 0.0, "dsfb-alt": 0.057963307630949215, "oneh-out": 0.005267880882743951, "alternate": 0.347129791826329, "oneh-in": 0.02256322630088994, "roll-in": 0.19143453712247993, "dsfb-red": 0.007599277413704115, "sfb": 0.04865629447737617, "unknown": 0.013436077701487402, "redirect": 0.022077396499679373}, "chained-bigrams": {"dsfb": 0.0, "sfT": 0.000442176495300008, "bad-redirect": 0.003474429407269226, "roll-out": 0.1732546202898626, "sfR": 0.11914286586209158, "sft": 0.0, "dsfb-alt": 0.05789005843092924, "oneh-out": 0.005395072686413754, "alternate": 0.3447788435753573, "oneh-in": 0.007479340747960047, "roll-in": 0.1730390511320952, "dsfb-red": 0.01029667380685393, "sfb": 0.053472838610773656, "unknown": 0.022916559801936097, "redirect": 0.02841746915315734}, "english-5k": {"dsfb": 0.0, "sfT": 0.00024889036379474843, "bad-redirect": 0.0027377940017422327, "roll-out": 0.14464678309204795, "sfR": 0.10644211224955408, "sft": 0.0, "dsfb-alt": 0.06072924876591861, "oneh-out": 0.0053096610942879666, "alternate": 0.35076948604139874, "oneh-in": 0.007757083004936325, "roll-in": 0.22308872941469282, "dsfb-red": 0.009582279006097814, "sfb": 0.06330111585846435, "unknown": 0.002157049819554486, "redirect": 0.02322976728750985}, "mt-quotes": {"dsfb": 0.0, "sfT": 0.00022710701521617003, "bad-redirect": 0.003789101253869784, "roll-out": 0.18623223485255974, "sfR": 0.0964592223377679, "sft": 0.0, "dsfb-alt": 0.058003430511229845, "oneh-out": 0.005238402600972974, "alternate": 0.3512165166565066, "oneh-in": 0.024064378862313385, "roll-in": 0.19041877338305782, "dsfb-red": 0.007327189490921696, "sfb": 0.04729055354346709, "unknown": 0.007977133909467972, "redirect": 0.021755955582649023}, "wordle": {"dsfb": 0.0, "sfT": 0.0010546392909233703, "bad-redirect": 0.00558734432850892, "roll-out": 0.17475597441938742, "sfR": 0.13138112868843263, "sft": 0.0, "dsfb-alt": 0.05813979580388197, "oneh-out": 0.010972736452372938, "alternate": 0.3069897901940985, "oneh-in": 0.007472231571861326, "roll-in": 0.17376865253001234, "dsfb-red": 0.014630315269830585, "sfb": 0.08618871311567373, "unknown": 0.0, "redirect": 0.02905867833501627}, "english-1k": {"dsfb": 0.0, "sfT": 0.00035285815102328866, "bad-redirect": 0.002117148906139732, "roll-out": 0.14678899082568808, "sfR": 0.10832745236414962, "sft": 0.0, "dsfb-alt": 0.068454481298518, "oneh-out": 0.0045871559633027525, "alternate": 0.331333803810868, "oneh-in": 0.010232886379675371, "roll-in": 0.23076923076923078, "dsfb-red": 0.011291460832745237, "sfb": 0.06033874382498236, "unknown": 0.0, "redirect": 0.025405786873676783}, "english-10k": {"dsfb": 0.0, "sfT": 0.0002894579417610621, "bad-redirect": 0.003840142027363424, "roll-out": 0.15761949788695703, "sfR": 0.10567144593890508, "sft": 0.0, "dsfb-alt": 0.058258235078443105, "oneh-out": 0.006271588738156346, "alternate": 0.34841087589973174, "oneh-in": 0.005866347619690859, "roll-in": 0.21307963952837652, "dsfb-red": 0.009513517685880242, "sfb": 0.06559116960305668, "unknown": 0.0, "redirect": 0.025588082051677893}, "reddit": {"dsfb": 0.0, "sfT": 0.0005386001452973061, "bad-redirect": 0.0027727475593217737, "roll-out": 0.17348689374474308, "sfR": 0.10397777127267367, "sft": 0.0, "dsfb-alt": 0.0565059687451598, "oneh-out": 0.0064242085763617125, "alternate": 0.33127130273324873, "oneh-in": 0.018048480006262878, "roll-in": 0.18277176242935297, "dsfb-red": 0.008047500494906074, "sfb": 0.05521720898446023, "unknown": 0.039285409944231534, "redirect": 0.02165214536398024}, "akl": {"dsfb": 0.0, "sfT": 0.0003801264599320645, "bad-redirect": 0.003596759775865481, "roll-out": 0.1455125818152097, "sfR": 0.13064861186637447, "sft": 0.0, "dsfb-alt": 0.049206746371250054, "oneh-out": 0.0047045004131481705, "alternate": 0.27899994892938623, "oneh-in": 0.018017104727100455, "roll-in": 0.15598148936091885, "dsfb-red": 0.006380491193555823, "sfb": 0.05381441769135476, "unknown": 0.13277008071454782, "redirect": 0.01998714068135611}, "french": {"dsfb": 0.0, "sfT": 0.0020744153004241374, "bad-redirect": 0.004781873198124939, "roll-out": 0.132120622436055, "sfR": 0.10898279115633469, "sft": 0.0, "dsfb-alt": 0.046252935110676754, "oneh-out": 0.007148209618630863, "alternate": 0.23197225279640882, "oneh-in": 0.005186322905988829, "roll-in": 0.18702511973372837, "dsfb-red": 0.009738404667633684, "sfb": 0.0823501464467207, "unknown": 0.15807953387545715, "redirect": 0.02428737275381605}, "keymash": {"dsfb": 0.0, "sfT": 0.00026271176004564616, "bad-redirect": 0.003940676400684693, "roll-out": 0.1839844343282173, "sfR": 0.099723742164827, "sft": 0.0, "dsfb-alt": 0.058034669742583526, "oneh-out": 0.004917635758354439, "alternate": 0.33983818597529686, "oneh-in": 0.021226289237438068, "roll-in": 0.19545754947396074, "dsfb-red": 0.008197427887674302, "sfb": 0.04883975814098591, "unknown": 0.01232282349464109, "redirect": 0.0232540956352904}, "movie": {"dsfb": 0.0, "sfT": 0.00027332871073992333, "bad-redirect": 0.005072701883915178, "roll-out": 0.16099574294151964, "sfR": 0.11567713207251198, "sft": 0.0, "dsfb-alt": 0.05535163008268687, "oneh-out": 0.005466179421282713, "alternate": 0.33114082561062386, "oneh-in": 0.03365075170659367, "roll-in": 0.18464387453514708, "dsfb-red": 0.007238802307015389, "sfb": 0.05111036334294831, "unknown": 0.030236445784519856, "redirect": 0.019142221600495543}, "dutch": {"dsfb": 0.0, "sfT": 0.0005918237945153933, "bad-redirect": 0.009563424966744652, "roll-out": 0.1328126398041613, "sfR": 0.18880787437283908, "sft": 0.0, "dsfb-alt": 0.06113095472262872, "oneh-out": 0.002903910057127869,