{"english-450k": {"roll-out": 0.19805899663275645, "oneh-in": 0.010963859577933943, "unknown": 0.00015377410175167997, "bad-redirect": 0.016809321867905125, "sfT": 0.0002850375460226007, "roll-in": 0.1815124939995942, "sft": 0.0, "dsfb": 0.0, "oneh-out": 0.02132607067410941, "sfb": 0.06361248692481616, "redirect": 0.03202740336350151, "dsfb-red": 0.0123881702694438, "sfR": 0.11369548401129392, "alternate": 0.3089657902322457, "dsfb-alt": 0.040201110798625504}, "shai": {"roll-out": 0.1546577157528425, "oneh-in": 0.009967278015799318, "unknown": 0.023251171263112557, "bad-redirect": 0.0201697182001794, "sfT": 0.0001494132615068028, "roll-in": 0.21248680964679267, "sft": 0.0, "dsfb": 0.0, "oneh-out": 0.02172673721751047, "sfb": 0.10595255327772536, "redirect": 0.03218817354789228, "dsfb-red": 0.007033345584467337, "sfR": 0.09823378925716947, "alternate": 0.28822183511253446, "dsfb-alt": 0.025961459862467347}, "tr-quotes": {"roll-out": 0.15061371674256258, "oneh-in": 0.008780425787660941, "unknown": 0.013835787429786644, "bad-redirect": 0.01859180324079425, "sfT": 0.0001132659901527935, "roll-in": 0.22319872402394766, "sft": 0.0, "dsfb": 0.0, "oneh-out": 0.0232622916714824, "sfb": 0.1283789094103234, "redirect": 0.03597235385219944, "dsfb-red": 0.006003097478098056, "sfR": 0.09677191928064538, "alternate": 0.27585700746630915, "dsfb-alt": 0.018620697626037307}, "gutenberg": {"roll-out": 0.13956716727229604, "oneh-in": 0.010316158616171914, "unknown": 0.03297544937245279, "bad-redirect": 0.02169202656812923, "sfT": 0.00010343248075417054, "roll-in": 0.22305858559681868, "sft": 0.0, "dsfb": 0.0, "oneh-out": 0.021142091601775097, "sfb": 0.13381946599287795, "redirect": 0.03385121559686035, "dsfb-red": 0.005500675720986905, "sfR": 0.09863878308844841, "alternate": 0.25795814432278813, "dsfb-alt": 0.02137680376964033}, "english-200": {"roll-out": 0.14253897550111358, "oneh-in": 0.008908685968819599, "unknown": 0.0, "bad-redirect": 0.0200445434298441, "sfT": 0.0, "roll-in": 0.23385300668151449, "sft": 0.0, "dsfb": 0.0, "oneh-out": 0.031180400890868598, "sfb": 0.11581291759465479, "redirect": 0.042316258351893093, "dsfb-red": 0.0, "sfR": 0.10690423162583519, "alternate": 0.2873051224944321, "dsfb-alt": 0.011135857461024499}, "monkeyracer": {"roll-out": 0.15051046342493393, "oneh-in": 0.008879834837418084, "unknown": 0.013436077701487402, "bad-redirect": 0.01865117224768131, "sfT": 0.00011632544536027653, "roll-in": 0.22354427014091996, "sft": 0.0, "dsfb": 0.0, "oneh-out": 0.023214257785007117, "sfb": 0.128720459202027, "redirect": 0.03594847271532915, "dsfb-red": 0.005973653752913023, "sfR": 0.09690789370786869, "alternate": 0.27568250778109704, "dsfb-alt": 0.018414611257957052}, "chained-bigrams": {"roll-out": 0.13943818262213908, "oneh-in": 0.011026492280741169, "unknown": 0.02290811884093918, "bad-redirect": 0.018244163237796804, "sfT": 0.00015583312609691912, "roll-in": 0.1963977874293313, "sft": 0.0, "dsfb": 0.0, "oneh-out": 0.017868865125780058, "sfb": 0.10716514220746713, "redirect": 0.029767373607971902, "dsfb-red": 0.013258152507387464, "sfR": 0.11914286586209158, "alternate": 0.28693163925410475, "dsfb-alt": 0.03769538389815266}, "english-5k": {"roll-out": 0.18961297548429917, "oneh-in": 0.012278591280540922, "unknown": 0.002157049819554486, "bad-redirect": 0.01866677728460613, "sfT": 0.00020740863649562367, "roll-in": 0.21010494877006677, "sft": 0.0, "dsfb": 0.0, "oneh-out": 0.014726013191189281, "sfb": 0.0618907371302941, "redirect": 0.02916165429128469, "dsfb-red": 0.010038578006388186, "sfR": 0.10644211224955408, "alternate": 0.30995146637906, "dsfb-alt": 0.034761687476666525}, "mt-quotes": {"roll-out": 0.14940653351023775, "oneh-in": 0.008780973213325206, "unknown": 0.007977133909467972, "bad-redirect": 0.018651163624627962, "sfT": 0.00012401238330882967, "roll-in": 0.22828289166995375, "sft": 0.0, "dsfb": 0.0, "oneh-out": 0.023387540191965192, "sfb": 0.132794850647255, "redirect": 0.0361249566703721, "dsfb-red": 0.005611933875999569, "sfR": 0.0964592223377679, "alternate": 0.2752492200666977, "dsfb-alt": 0.01714956789902105}, "wordle": {"roll-out": 0.18260967126668912, "oneh-in": 0.01512397621451812, "unknown": 0.0, "bad-redirect": 0.015640076293055086, "sfT": 0.0005385392123864019, "roll-in": 0.17524963536407495, "sft": 0.0, "dsfb": 0.0, "oneh-out": 0.026680130146976327, "sfb": 0.06529787950185123, "redirect": 0.043038258723213284, "dsfb-red": 0.010927858184674072, "sfR": 0.13138112868843263, "alternate": 0.3029956243688994, "dsfb-alt": 0.03051722203522944}, "english-1k": {"roll-out": 0.16584333098094567, "oneh-in": 0.014114326040931546, "unknown": 0.0, "bad-redirect": 0.02399435426958363, "sfT": 0.0, "roll-in": 0.23535638673253353, "sft": 0.0, "dsfb": 0.0, "oneh-out": 0.02081863091037403, "sfb": 0.08433309809456599, "redirect": 0.03987297106563162, "dsfb-red": 0.0045871559633027525, "sfR": 0.10832745236414962, "alternate": 0.28334509527170076, "dsfb-alt": 0.019407198306280876}, "english-10k": {"roll-out": 0.1896914378340827, "oneh-in": 0.01067134945292449, "unknown": 0.0, "bad-redirect": 0.01657629146485016, "sfT": 0.00023156635340884968, "roll-in": 0.19879971440149746, "sft": 0.0, "dsfb": 0.0, "oneh-out": 0.018988440979525675, "sfb": 0.06078616776982305, "redirect": 0.028251095115879664, "dsfb-red": 0.009706489647054284, "sfR": 0.10567144593890508, "alternate": 0.3228420910441713, "dsfb-alt": 0.037783909997877306}, "reddit": {"roll-out": 0.14994798101733212, "oneh-in": 0.009467473574263162, "unknown": 0.039285409944231534, "bad-redirect": 0.01961090362825615, "sfT": 0.00015979332497658444, "roll-in": 0.21760872997456454, "sft": 0.0, "dsfb": 0.0, "oneh-out": 0.020949968694966865, "sfb": 0.10980850459330894, "redirect": 0.035556187337259244, "dsfb-red": 0.007152268317939273, "sfR": 0.10397777127267367, "alternate": 0.2660250586348983, "dsfb-alt": 0.020449949685329635}, "akl": {"roll-out": 0.13549666344833677, "oneh-in": 0.008634195128733155, "unknown": 0.13255065249936052, "bad-redirect": 0.017143122714284278, "sfT": 0.000162007747661654, "roll-in": 0.18578809826401174, "sft": 0.0, "dsfb": 0.0, "oneh-out": 0.01748628660131687, "sfb": 0.08559402746096798, "redirect": 0.033070977306487406, "dsfb-red": 0.006851319261184384, "sfR": 0.13064861186637447, "alternate": 0.22891175884945394, "dsfb-alt": 0.017662278851826856}, "french": {"roll-out": 0.185178023866458, "oneh-in": 0.005766105067961888, "unknown": 0.15807631278021375, "bad-redirect": 0.017886547122683262, "sfT": 8.61156067862514e-05, "roll-in": 0.15167060306978167, "sft": 0.0, "dsfb": 0.0, "oneh-out": 0.01627644895613517, "sfb": 0.07569041966721052, "redirect": 0.025502474752493662, "dsfb-red": 0.006202226382079456, "sfR": 0.10898279115633469, "alternate": 0.2225875992956918, "dsfb-alt": 0.026094332276169873}, "keymash": {"roll-out": 0.14861275876082147, "oneh-in": 0.00916207263159191, "unknown": 0.01232282349464109, "bad-redirect": 0.018775681100762276, "sfT": 8.620229626497765e-05, "roll-in": 0.21965166062566446, "sft": 0.0, "dsfb": 0.0, "oneh-out": 0.023048852072754738, "sfb": 0.12988223124381704, "redirect": 0.03684532434640188, "dsfb-red": 0.005993112026041303, "sfR": 0.099723742164827, "alternate": 0.2768530415043532, "dsfb-alt": 0.019042497732058634}, "movie": {"roll-out": 0.14663894514330938, "oneh-in": 0.007529370334609876, "unknown": 0.02875268015448007, "bad-redirect": 0.018941798092331413, "sfT": 0.00013712494780500727, "roll-in": 0.2122825789860097, "sft": 0.0, "dsfb": 0.0, "oneh-out": 0.02170798465937676, "sfb": 0.138026656194988, "redirect": 0.041418708922557175, "dsfb-red": 0.00621852426447007, "sfR": 0.11567713207251198, "alternate": 0.24741867549670618, "dsfb-alt": 0.015249820730844387}, "dutch": {"roll-out": 0.16475832212090885, "oneh-in": 0.006386518567391222, "unknown": 0.07290103288188494, "bad-redirect": 0.006328010385802913, "sfT": 0.00013684782160035996, "roll-in": 0.1668671449000751, "sft": 0.0, "dsfb": 0.0, "oneh-out": 0.0162426278884313,