{"english-450k": {"alternate": 0.33567541619866914, "sfT": 1.9879541671319842e-05, "dsfb-alt": 0.0498251477371527, "roll-out": 0.17987389354271557, "sfb": 0.022036471942658047, "redirect": 0.0391112441611155, "roll-in": 0.23018082781919674, "dsfb-red": 0.01693152257994353, "oneh-out": 0.005916794763027093, "unknown": 0.0001543587941537776, "sfR": 0.11369548401129392, "oneh-in": 0.00379202257380426, "sft": 0.0, "dsfb": 0.0, "bad-redirect": 0.0027869363345984126}, "shai": {"alternate": 0.3002528267143666, "sfT": 5.778907386690686e-05, "dsfb-alt": 0.047062603552787574, "roll-out": 0.22780844216664867, "sfb": 0.015790296451640172, "redirect": 0.03195227600163857, "roll-in": 0.2176146871796269, "dsfb-red": 0.015335581473189058, "oneh-out": 0.008743040617927796, "unknown": 0.03294474944986009, "sfR": 0.09823378925716947, "oneh-in": 0.0027150530725936974, "sft": 0.0, "dsfb": 0.0, "bad-redirect": 0.0014888649886844727}, "tr-quotes": {"alternate": 0.2910300270451446, "sfT": 2.542705901389242e-05, "dsfb-alt": 0.04740412842976353, "roll-out": 0.2455236818381452, "sfb": 0.014189454705161694, "redirect": 0.031187443655948777, "roll-in": 0.20235200295878505, "dsfb-red": 0.015641108619773005, "oneh-out": 0.010776449920251497, "unknown": 0.04060239014354731, "sfR": 0.09677191928064538, "oneh-in": 0.0027958207161184437, "sft": 0.0, "dsfb": 0.0, "bad-redirect": 0.001700145627701625}, "gutenberg": {"alternate": 0.28659984852635234, "sfT": 9.945430841747168e-05, "dsfb-alt": 0.04187746244131722, "roll-out": 0.2482856918780497, "sfb": 0.013824906617140316, "redirect": 0.02821566088998156, "roll-in": 0.20830998525045247, "dsfb-red": 0.014536810028631475, "oneh-out": 0.010223334594982274, "unknown": 0.0451346384011839, "sfR": 0.09863878308844841, "oneh-in": 0.002651546580798764, "sft": 0.0, "dsfb": 0.0, "bad-redirect": 0.001601877394244077}, "english-200": {"alternate": 0.3051224944320713, "sfT": 0.0, "dsfb-alt": 0.05790645879732739, "roll-out": 0.22271714922049, "sfb": 0.011135857461024499, "redirect": 0.028953229398663696, "roll-in": 0.22271714922049, "dsfb-red": 0.024498886414253896, "oneh-out": 0.013363028953229399, "unknown": 0.0, "sfR": 0.10690423162583519, "oneh-in": 0.004454342984409799, "sft": 0.0, "dsfb": 0.0, "bad-redirect": 0.0022271714922048997}, "monkeyracer": {"alternate": 0.2903766598370271, "sfT": 2.4438118773167336e-05, "dsfb-alt": 0.04740213022193722, "roll-out": 0.24645842782739258, "sfb": 0.014102749581619407, "redirect": 0.031287634702910676, "roll-in": 0.2023094999765394, "dsfb-red": 0.015597384925786321, "oneh-out": 0.010880828002565025, "unknown": 0.04009220013450741, "sfR": 0.09690789370786869, "oneh-in": 0.0028270015796799976, "sft": 0.0, "dsfb": 0.0, "bad-redirect": 0.0017331513833930274}, "chained-bigrams": {"alternate": 0.29354675545691894, "sfT": 3.7659672140088785e-05, "dsfb-alt": 0.05626095295852437, "roll-out": 0.20723857856814032, "sfb": 0.01757278218619591, "redirect": 0.041947680326522345, "roll-in": 0.19076441992092769, "dsfb-red": 0.024316460718040087, "oneh-out": 0.007280004207494405, "unknown": 0.03459105816536362, "sfR": 0.11914286586209158, "oneh-in": 0.004724340939504931, "sft": 0.0, "dsfb": 0.0, "bad-redirect": 0.0025764410181357295}, "english-5k": {"alternate": 0.32977973202804167, "sfT": 0.0, "dsfb-alt": 0.0464595345750197, "roll-out": 0.18724851702824905, "sfb": 0.01733936201103414, "redirect": 0.03426390674907703, "roll-in": 0.24681627742979217, "dsfb-red": 0.01717343510183764, "oneh-out": 0.007591156095739827, "unknown": 0.0022400132741527356, "sfR": 0.10644211224955408, "oneh-in": 0.002779275729041357, "sft": 0.0, "dsfb": 0.0, "bad-redirect": 0.0018666777284606132}, "mt-quotes": {"alternate": 0.2901247295633569, "sfT": 1.4941251001063817e-05, "dsfb-alt": 0.04816312260192922, "roll-out": 0.2519916687584418, "sfb": 0.013329090018049031, "redirect": 0.031146531836817634, "roll-in": 0.20182492439726993, "dsfb-red": 0.015387994405995625, "oneh-out": 0.011412127514612543, "unknown": 0.035594542259834334, "sfR": 0.0964592223377679, "oneh-in": 0.0027626373100966997, "sft": 0.0, "dsfb": 0.0, "bad-redirect": 0.0017884677448273389}, "wordle": {"alternate": 0.3114102995624369, "sfT": 2.2439133849433412e-05, "dsfb-alt": 0.05392123864018849, "roll-out": 0.2094019970829126, "sfb": 0.028901604398070234, "redirect": 0.04202849769998878, "roll-in": 0.18976775496465836, "dsfb-red": 0.01828789408728823, "oneh-out": 0.0095366318860092, "unknown": 0.0, "sfR": 0.13138112868843263, "oneh-in": 0.0034556266128127453, "sft": 0.0, "dsfb": 0.0, "bad-redirect": 0.0018848872433524066}, "english-1k": {"alternate": 0.3038108680310515, "sfT": 0.0, "dsfb-alt": 0.03881439661256175, "roll-out": 0.2180663373323924, "sfb": 0.013408609738884969, "redirect": 0.032462949894142556, "roll-in": 0.2515878616796048, "dsfb-red": 0.020112914608327453, "oneh-out": 0.008821453775582216, "unknown": 0.0, "sfR": 0.10832745236414962, "oneh-in": 0.004234297812279464, "sft": 0.0, "dsfb": 0.0, "bad-redirect": 0.00035285815102328866}, "english-10k": {"alternate": 0.32635418073753886, "sfT": 1.929719611740414e-05, "dsfb-alt": 0.04992184635572451, "roll-out": 0.186314428513537, "sfb": 0.018756874626116825, "redirect": 0.03799617915516875, "roll-in": 0.24906891028733524, "dsfb-red": 0.015727214835684376, "oneh-out": 0.006175102757569325, "unknown": 0.0, "sfR": 0.10567144593890508, "oneh-in": 0.0027980934370236007, "sft": 0.0, "dsfb": 0.0, "bad-redirect": 0.0011964261592790567}, "reddit": {"alternate": 0.2819789575489517, "sfT": 9.20703217985102e-05, "dsfb-alt": 0.050805587222677015, "roll-out": 0.22438222892959636, "sfb": 0.013972364295069274, "redirect": 0.028522172072988766, "roll-in": 0.19796726109708643, "dsfb-red": 0.015351209134664458, "oneh-out": 0.011280861865113232, "unknown": 0.06685114442698305, "sfR": 0.10397777127267367, "oneh-in": 0.0030003013448896944, "sft": 0.0, "dsfb": 0.0, "bad-redirect": 0.0018180704675078477}, "akl": {"alternate": 0.23908046902836588, "sfT": 0.00022600043737397424, "dsfb-alt": 0.04608074054020652, "roll-out": 0.18776848670359153, "sfb": 0.019056652382295886, "redirect": 0.02368908071981053, "roll-in": 0.1697762378243098, "dsfb-red": 0.013012209286337464, "oneh-out": 0.008744835771409514, "unknown": 0.15715860894519465, "sfR": 0.13064861186637447, "oneh-in": 0.003249173228038098, "sft": 0.0, "dsfb": 0.0, "bad-redirect": 0.0015088932666916593}, "french": {"alternate": 0.2721242087885172, "sfT": 5.868386078318489e-05, "dsfb-alt": 0.043292239199491614, "roll-out": 0.1871743238617702, "sfb": 0.043145596965806186, "redirect": 0.025327456916989663, "roll-in": 0.16515864725565757, "dsfb-red": 0.013897318045685707, "oneh-out": 0.011290133592003761, "unknown": 0.1248169312991173, "sfR": 0.10898279115633469, "oneh-in": 0.0022763554994275964, "sft": 0.0, "dsfb": 0.0, "bad-redirect": 0.002455313558415379}, "keymash": {"alternate": 0.2913637613756245, "sfT": 1.2314613752139664e-05, "dsfb-alt": 0.045896565454224526, "roll-out": 0.24814357197686496, "sfb": 0.014358839634994848, "redirect": 0.03084810744910986, "roll-in": 0.20339637047284012, "dsfb-red": 0.015873537126508026, "oneh-out": 0.010545414243082266, "unknown": 0.03533473172613941, "sfR": 0.099723742164827, "oneh-in": 0.0027010052829692997, "sft": 0.0, "dsfb": 0.0, "bad-redirect": 0.0018020384790631042}, "movie": {"alternate": 0.2728090308753533, "sfT": 1.1843805472601396e-05, "dsfb-alt": 0.04968515875107861, "roll-out": 0.23321150444096647, "sfb": 0.012675503812455182, "redirect": 0.024339151844034453, "roll-in": 0.1763186004727784, "dsfb-red": 0.01517757351746152, "oneh-out": 0.011887101161495684, "unknown": 0.08509261000493623, "sfR": 0.11567713207251198, "oneh-in": 0.0018101282697292466, "sft": 0.0, "dsfb": 0.0, "bad-redirect": 0.001304660971726336}, "dutch": {"alternate": 0.27748535242384353, "sfT": 4.376906872726398e-05, "dsfb-alt": 0.03984012688690679, "roll-out": 0.1452798672432684, "sfb": 0.03238344472719713, "redirect": 0.020262729886678457, "roll-in": 0.20757252226278447,