{"english-450k": {"unknown": 0.00015377410175167997, "redirect": 0.02369495194120801, "dsfb": 0.0, "oneh-in": 0.009933339219236849, "bad-redirect": 0.0006294213708581121, "sfT": 2.89422739038333e-05, "dsfb-red": 0.013304675609731854, "sfb": 0.03021017937778204, "roll-in": 0.17284062863788305, "roll-out": 0.22031063537938644, "dsfb-alt": 0.0427676180976331, "alternate": 0.36000505174235414, "sfR": 0.11369548401129392, "oneh-out": 0.012425298236977, "sft": 0.0}, "shai": {"unknown": 0.023260762136131256, "redirect": 0.024887599457895062, "dsfb": 0.0, "oneh-in": 0.011094252040402115, "bad-redirect": 0.001694101156385261, "sfT": 4.293444487345776e-05, "dsfb-red": 0.010176910967902545, "sfb": 0.015586592965826148, "roll-in": 0.19472486502336334, "roll-out": 0.2282806397816718, "dsfb-alt": 0.036775354970673135, "alternate": 0.33878204582378246, "sfR": 0.09823378925716947, "oneh-out": 0.016460151973923972, "sft": 0.0}, "tr-quotes": {"unknown": 0.013835787429786644, "redirect": 0.02873026513487899, "dsfb": 0.0, "oneh-in": 0.010912831418598739, "bad-redirect": 0.002138184507986408, "sfT": 1.271352950694621e-05, "dsfb-red": 0.010793786551397332, "sfb": 0.014674880377245094, "roll-in": 0.194412981669402, "roll-out": 0.2327373384803865, "dsfb-alt": 0.03113543376251127, "alternate": 0.3397552067682208, "sfR": 0.09677191928064538, "oneh-out": 0.0240886710894339, "sft": 0.0}, "gutenberg": {"unknown": 0.032975828246008664, "redirect": 0.02968872127522777, "dsfb": 0.0, "oneh-in": 0.010394774879016203, "bad-redirect": 0.0021089996487842137, "sfT": 0.00010210642330860426, "dsfb-red": 0.011426637008444712, "sfb": 0.015290768404824878, "roll-in": 0.2008618994522625, "roll-out": 0.23235822646257506, "dsfb-alt": 0.027379676388940986, "alternate": 0.3205198296736042, "sfR": 0.09863878308844841, "oneh-out": 0.018253749048553782, "sft": 0.0}, "english-200": {"unknown": 0.0, "redirect": 0.026726057906458798, "dsfb": 0.0, "oneh-in": 0.011135857461024499, "bad-redirect": 0.0022271714922048997, "sfT": 0.0, "dsfb-red": 0.004454342984409799, "sfb": 0.011135857461024499, "roll-in": 0.18930957683741648, "roll-out": 0.23385300668151449, "dsfb-alt": 0.031180400890868598, "alternate": 0.37193763919821826, "sfR": 0.10690423162583519, "oneh-out": 0.011135857461024499, "sft": 0.0}, "monkeyracer": {"unknown": 0.013436077701487402, "redirect": 0.028751935499006835, "dsfb": 0.0, "oneh-in": 0.010949254735129893, "bad-redirect": 0.002101678214492391, "sfT": 1.3685346512973709e-05, "dsfb-red": 0.010844659586780738, "sfb": 0.014666781362904108, "roll-in": 0.19410122464300797, "roll-out": 0.23326673131363687, "dsfb-alt": 0.031052051237937344, "alternate": 0.3394102788682609, "sfR": 0.09690789370786869, "oneh-out": 0.024497747782973867, "sft": 0.0}, "chained-bigrams": {"unknown": 0.022916559801936097, "redirect": 0.02610010070715774, "dsfb": 0.0, "oneh-in": 0.009038321313621308, "bad-redirect": 0.003351710820467902, "sfT": 6.947560205154311e-05, "dsfb-red": 0.014905438511170313, "sfb": 0.01805391696302015, "roll-in": 0.18048852386422, "roll-out": 0.2156944735729744, "dsfb-alt": 0.04751806527979513, "alternate": 0.3297565302196143, "sfR": 0.11914286586209158, "oneh-out": 0.012964017481879529, "sft": 0.0}, "english-5k": {"unknown": 0.002157049819554486, "redirect": 0.01970382046708425, "dsfb": 0.0, "oneh-in": 0.010204504915584684, "bad-redirect": 0.00016592690919649896, "sfT": 0.0, "dsfb-red": 0.009748205915294314, "sfb": 0.015099348736881403, "roll-in": 0.17733438420375824, "roll-out": 0.23590658315012236, "dsfb-alt": 0.040983946571535236, "alternate": 0.3700584892354918, "sfR": 0.10644211224955408, "oneh-out": 0.012195627825942672, "sft": 0.0}, "mt-quotes": {"unknown": 0.007977133909467972, "redirect": 0.029283357836984974, "dsfb": 0.0, "oneh-in": 0.011047560990186587, "bad-redirect": 0.0021380930182522324, "sfT": 4.482375300319145e-06, "dsfb-red": 0.010829418725571055, "sfb": 0.01421361207731201, "roll-in": 0.1966612280513023, "roll-out": 0.23493174836542713, "dsfb-alt": 0.030501069793571676, "alternate": 0.34040652155723694, "sfR": 0.0964592223377679, "oneh-out": 0.025546550961618914, "sft": 0.0}, "wordle": {"unknown": 0.0, "redirect": 0.033793335577246716, "dsfb": 0.0, "oneh-in": 0.021160103220015707, "bad-redirect": 0.0021092785818467405, "sfT": 6.731740154830023e-05, "dsfb-red": 0.0192752159766633, "sfb": 0.028205991248737797, "roll-in": 0.18361943228991362, "roll-out": 0.21249859755413442, "dsfb-alt": 0.041534836755301244, "alternate": 0.31668349601705376, "sfR": 0.13138112868843263, "oneh-out": 0.0096712666891058, "sft": 0.0}, "english-1k": {"unknown": 0.0, "redirect": 0.027875793930839804, "dsfb": 0.0, "oneh-in": 0.012702893436838392, "bad-redirect": 0.00035285815102328866, "sfT": 0.0, "dsfb-red": 0.009174311926605505, "sfb": 0.01058574453069866, "roll-in": 0.1743119266055046, "roll-out": 0.24311926605504589, "dsfb-alt": 0.035638673253352154, "alternate": 0.3666196189131969, "sfR": 0.10832745236414962, "oneh-out": 0.011291460832745237, "sft": 0.0}, "english-10k": {"unknown": 0.0, "redirect": 0.0223654503000714, "dsfb": 0.0, "oneh-in": 0.010420485903398237, "bad-redirect": 0.00027016074564365796, "sfT": 1.929719611740414e-05, "dsfb-red": 0.010748538237394106, "sfb": 0.018621794253294997, "roll-in": 0.1923930452905193, "roll-out": 0.22984890295440072, "dsfb-alt": 0.04083286698442716, "alternate": 0.3574612608787943, "sfR": 0.10567144593890508, "oneh-out": 0.011346751317033636, "sft": 0.0}, "reddit": {"unknown": 0.039285409944231534, "redirect": 0.02833739465336629, "dsfb": 0.0, "oneh-in": 0.012123653663512939, "bad-redirect": 0.00207311799441023, "sfT": 9.547894640537125e-05, "dsfb-red": 0.011160136622169133, "sfb": 0.016558911053064607, "roll-in": 0.18209176054899084, "roll-out": 0.22821239926531028, "dsfb-alt": 0.031706501689235694, "alternate": 0.3245379206678207, "sfR": 0.10397777127267367, "oneh-out": 0.019839543678808674, "sft": 0.0}, "akl": {"unknown": 0.13277008071454782, "redirect": 0.023157373120347543, "dsfb": 0.0, "oneh-in": 0.012066179905489962, "bad-redirect": 0.0024509447235840707, "sfT": 0.00014471242611778366, "dsfb-red": 0.011356528154942758, "sfb": 0.02004626597343394, "roll-in": 0.15448490048012553, "roll-out": 0.1963876596101837, "dsfb-alt": 0.025719180855027824, "alternate": 0.274842894858306, "sfR": 0.13064861186637447, "oneh-out": 0.015924667311518613, "sft": 0.0}, "french": {"unknown": 0.15807953387545715, "redirect": 0.01931230875027902, "dsfb": 0.0, "oneh-in": 0.006545685026055589, "bad-redirect": 0.003899697611069469, "sfT": 0.0002594404945576749, "dsfb-red": 0.006150179475681502, "sfb": 0.012121505765243613, "roll-in": 0.17842341710473186, "roll-out": 0.20506782255744385, "dsfb-alt": 0.027031431282584843, "alternate": 0.2600075571388962, "sfR": 0.10898279115633469, "oneh-out": 0.01411862976166457, "sft": 0.0}, "keymash": {"unknown": 0.01232282349464109, "redirect": 0.028463177252445477, "dsfb": 0.0, "oneh-in": 0.011037998793167853, "bad-redirect": 0.002130428179120162, "sfT": 0.0, "dsfb-red": 0.011169354673190676, "sfb": 0.014202854527467746, "roll-in": 0.19615127271533128, "roll-out": 0.23354254493807802, "dsfb-alt": 0.03088915616161699, "alternate": 0.33650503051971775, "sfR": 0.099723742164827, "oneh-out": 0.023861616580395956, "sft": 0.0}, "movie": {"unknown": 0.030236445784519856, "redirect": 0.03156847910667176, "dsfb": 0.0, "oneh-in": 0.010897880208856297, "bad-redirect": 0.004006759391381052, "sfT": 6.579891929222998e-06, "dsfb-red": 0.012934093565273646, "sfb": 0.01399937806861485, "roll-in": 0.168641182569761, "roll-out": 0.22988958020157893, "dsfb-alt": 0.02727970554720421, "alternate": 0.32037230607709605, "sfR": 0.11567713207251198, "oneh-out": 0.03449047751460111, "sft": 0.0}, "dutch": {"unknown": 0.07290361491625476, "redirect": 0.027699741965112483, "dsfb": 0.0, "oneh-in": 0.009713254683371043, "bad-redirect": 0.0022454375004415457, "sfT": 0.00019254086849379787, "dsfb-red": 0.008797887637682052, "sfb": 0.05119967951215616,