{"mt-quotes": {"dsfb": 0.0, "oneh-out": 0.024642605276054552, "sfT": 1.1953000800851053e-05, "sft": 0.0, "dsfb-alt": 0.03346690811728285, "oneh-in": 0.004790165070941059, "sfb": 0.011152149747194032, "sfR": 0.0964592223377679, "alternate": 0.35001225182582085, "roll-out": 0.1525800552228637, "redirect": 0.030055820513739975, "unknown": 0.007977133909467972, "roll-in": 0.28023660965085284, "dsfb-red": 0.007787380021754461, "bad-redirect": 0.0008277453054589354}, "monkeyracer": {"dsfb": 0.0, "oneh-out": 0.022891674617201308, "sfT": 2.7370693025947417e-05, "sft": 0.0, "dsfb-alt": 0.03369332311494127, "oneh-in": 0.004766410685518557, "sfb": 0.011878880773261179, "sfR": 0.09690789370786869, "alternate": 0.3473399596477783, "roll-out": 0.1524215243129956, "redirect": 0.030262211239188576, "unknown": 0.013391111562944773, "roll-in": 0.27758183837214756, "dsfb-red": 0.00792870325476641, "bad-redirect": 0.000909098018361825}}