{"mt-quotes": {"oneh-in": 0.008804879214926908, "sfT": 1.4941251001063816e-06, "dsfb-alt": 0.03628034568078316, "oneh-out": 0.012833040484813712, "roll-in": 0.21526457967272683, "sfR": 0.0964592223377679, "bad-redirect": 0.0016106668579146796, "sft": 0.0, "sfb": 0.017378169039337324, "unknown": 0.007977133909467972, "dsfb-red": 0.024669499527856468, "dsfb": 0.0, "redirect": 0.028697660797743274, "alternate": 0.28062059980158016, "roll-out": 0.2694027085499815}, "monkeyracer": {"oneh-in": 0.009091957708369175, "sfT": 1.4662871263900401e-05, "dsfb-alt": 0.03656529083316389, "oneh-out": 0.01252013700986909, "roll-in": 0.21540051144094968, "sfR": 0.09690789370786869, "bad-redirect": 0.0017771399971847287, "sft": 0.0, "sfb": 0.018153612149459625, "unknown": 0.013436077701487402, "dsfb-red": 0.023665874219935247, "dsfb": 0.0, "redirect": 0.02909895678558581, "alternate": 0.28142839826704413, "roll-out": 0.26193948730781863}, "shai": {"oneh-in": 0.011663542730706553, "sfT": 3.918788915025329e-05, "dsfb-alt": 0.03999969578586793, "oneh-out": 0.010192148767367685, "roll-in": 0.23098105883857392, "sfR": 0.09823378925716947, "bad-redirect": 0.001601954463556695, "sft": 0.0, "sfb": 0.019865569865058972, "unknown": 0.023260762136131256, "dsfb-red": 0.01733924179620409, "dsfb": 0.0, "redirect": 0.027212646916847827, "alternate": 0.29513315444819893, "roll-out": 0.22447724710516645}}