{"english-450k": {"roll-in": 0.23774440873273184, "sft": 0.0, "sfR": 0.11369548401129392, "roll-out": 0.1759175724039219, "oneh-in": 0.011471080236753648, "dsfb-alt": 0.04612346013947253, "redirect": 0.04691162549750015, "dsfb-red": 0.023116106463131343, "sfb": 0.03567412987538451, "unknown": 0.00015377410175167997, "alternate": 0.3034193981059474, "dsfb": 0.0, "bad-redirect": 0.001223176505188268, "oneh-out": 0.004497161610734017, "sfT": 5.2622316188787824e-05}, "shai": {"roll-in": 0.23770091679147445, "sft": 0.0, "sfR": 0.09823378925716947, "roll-out": 0.20987962486759332, "oneh-in": 0.017972247156255835, "dsfb-alt": 0.043340605573450604, "redirect": 0.04018665588319168, "dsfb-red": 0.022334039192688455, "sfb": 0.02337518303163239, "unknown": 0.024458529808185636, "alternate": 0.271661516958738, "dsfb": 0.0, "bad-redirect": 0.00192351963829946, "oneh-out": 0.00889764022723325, "sfT": 3.573161408742108e-05}, "tr-quotes": {"roll-in": 0.22354892397309356, "sft": 0.0, "sfR": 0.09677191928064538, "roll-out": 0.23196990360833084, "oneh-in": 0.02316520653706572, "dsfb-alt": 0.0387947574027415, "redirect": 0.04521740135456878, "dsfb-red": 0.028767249947990108, "sfb": 0.02601303714662167, "unknown": 0.01482859850673817, "alternate": 0.2571057072189732, "dsfb": 0.0, "bad-redirect": 0.0018226578211321975, "oneh-out": 0.011983079448001664, "sfT": 1.1557754097223828e-05}, "gutenberg": {"roll-in": 0.21663497389371764, "sft": 0.0, "sfR": 0.09863878308844841, "roll-out": 0.2509239778843928, "oneh-in": 0.012818050142399626, "dsfb-alt": 0.036582893934726905, "redirect": 0.04174902430587523, "dsfb-red": 0.024548733179434894, "sfb": 0.020483988235218343, "unknown": 0.03803056979172942, "alternate": 0.24474682342938914, "dsfb": 0.0, "bad-redirect": 0.0017149711506730878, "oneh-out": 0.013115087010206476, "sfT": 1.2123953788034642e-05}, "english-200": {"roll-in": 0.24276169265033407, "sft": 0.0, "sfR": 0.10690423162583519, "roll-out": 0.22939866369710468, "oneh-in": 0.011135857461024499, "dsfb-alt": 0.028953229398663696, "redirect": 0.0467706013363029, "dsfb-red": 0.031180400890868598, "sfb": 0.013363028953229399, "unknown": 0.0, "alternate": 0.27839643652561247, "dsfb": 0.0, "bad-redirect": 0.0022271714922048997, "oneh-out": 0.008908685968819599, "sfT": 0.0}, "monkeyracer": {"roll-in": 0.22352178707164866, "sft": 0.0, "sfR": 0.09690789370786869, "roll-out": 0.23230777953297777, "oneh-in": 0.023466459170746204, "dsfb-alt": 0.03862884558237015, "redirect": 0.045295564383690194, "dsfb-red": 0.02911655223110249, "sfb": 0.025822293820479535, "unknown": 0.014407737303908536, "alternate": 0.25675176345465067, "dsfb": 0.0, "bad-redirect": 0.0018318813832366235, "oneh-out": 0.01192873453555844, "sfT": 1.2707821762047014e-05}, "chained-bigrams": {"roll-in": 0.2188656776890467, "sft": 0.0, "sfR": 0.11914286586209158, "roll-out": 0.19090661764849112, "oneh-in": 0.009477251285460965, "dsfb-alt": 0.0564076958189323, "redirect": 0.0476420824759806, "dsfb-red": 0.03308012614691558, "sfb": 0.02421646779546123, "unknown": 0.023895061972886336, "alternate": 0.26351121901112196, "dsfb": 0.0, "bad-redirect": 0.002410868321657753, "oneh-out": 0.010360305666676839, "sfT": 8.376030527709402e-05}, "english-5k": {"roll-in": 0.25639855643589, "sft": 0.0, "sfR": 0.10644211224955408, "roll-out": 0.16659061683328494, "oneh-in": 0.02103123574065624, "dsfb-alt": 0.044634338573858214, "redirect": 0.03994690338905712, "dsfb-red": 0.01804455137511926, "sfb": 0.023188285560210728, "unknown": 0.002157049819554486, "alternate": 0.3143900112000664, "dsfb": 0.0, "bad-redirect": 0.0012859335462728667, "oneh-out": 0.005890405276475713, "sfT": 0.0}, "mt-quotes": {"roll-in": 0.22328056083479758, "sft": 0.0, "sfR": 0.0964592223377679, "roll-out": 0.23836973022077193, "oneh-in": 0.024564910770849022, "dsfb-alt": 0.03833177944322922, "redirect": 0.04579941669356092, "dsfb-red": 0.03016190339584753, "sfb": 0.0252148551893953, "unknown": 0.008887056095432758, "alternate": 0.2547289059418367, "dsfb": 0.0, "bad-redirect": 0.00180042074562819, "oneh-out": 0.012393767705382436, "sfT": 7.470625500531909e-06}, "wordle": {"roll-in": 0.209940536295299, "sft": 0.0, "sfR": 0.13138112868843263, "roll-out": 0.20749467070571076, "oneh-in": 0.005609783462358353, "dsfb-alt": 0.05082463816896668, "redirect": 0.05086951643666555, "dsfb-red": 0.026253786603837093, "sfb": 0.034578705261976886, "unknown": 0.0, "alternate": 0.27176035005048804, "dsfb": 0.0, "bad-redirect": 0.0024683047234376754, "oneh-out": 0.008818579602827331, "sfT": 0.0}, "english-1k": {"roll-in": 0.25017642907551163, "sft": 0.0, "sfR": 0.10832745236414962, "roll-out": 0.21524347212420608, "oneh-in": 0.01305575158786168, "dsfb-alt": 0.0374029640084686, "redirect": 0.043401552575864505, "dsfb-red": 0.019054340155257588, "sfb": 0.014820042342978124, "unknown": 0.0, "alternate": 0.28757939308398023, "dsfb": 0.0, "bad-redirect": 0.0007057163020465773, "oneh-out": 0.010232886379675371, "sfT": 0.0}, "english-10k": {"roll-in": 0.26909939985720077, "sft": 0.0, "sfR": 0.10567144593890508, "roll-out": 0.1682329557515293, "oneh-in": 0.0186410914494124, "dsfb-alt": 0.0465834314274136, "redirect": 0.041546863240771115, "dsfb-red": 0.018332336311533935, "sfb": 0.02502846336427317, "unknown": 0.0, "alternate": 0.2996468613110515, "dsfb": 0.0, "bad-redirect": 0.0016016672777445437, "oneh-out": 0.0056154840701646055, "sfT": 0.0}, "reddit": {"roll-in": 0.21811511674445636, "sft": 0.0, "sfR": 0.10397777127267367, "roll-out": 0.21265685994130049, "oneh-in": 0.018828193520729026, "dsfb-alt": 0.04022862506758722, "redirect": 0.0431419128414688, "dsfb-red": 0.027603903586865708, "sfb": 0.02359506138989103, "unknown": 0.04712745652739438, "alternate": 0.2508592262384685, "dsfb": 0.0, "bad-redirect": 0.002301420928243395, "oneh-out": 0.011466051316281594, "sfT": 9.840062463982356e-05}, "akl": {"roll-in": 0.18866878231275658, "sft": 0.0, "sfR": 0.13064861186637447, "roll-out": 0.18166086626879355, "oneh-in": 0.015648979886109318, "dsfb-alt": 0.033863597185240776, "redirect": 0.03744115915419256, "dsfb-red": 0.02531738582796151, "sfb": 0.023462610837994648, "unknown": 0.1393782771700298, "alternate": 0.21468403436501327, "dsfb": 0.0, "bad-redirect": 0.0027108192835818257, "oneh-out": 0.00637525318188825, "sfT": 0.00013962266006344468}, "french": {"roll-in": 0.21145663275422685, "sft": 0.0, "sfR": 0.10898279115633469, "roll-out": 0.14390096177858872, "oneh-in": 0.017675482984129902, "dsfb-alt": 0.025812658733513592, "redirect": 0.03683761378687493, "dsfb-red": 0.020767764381467387, "sfb": 0.05010705796951175, "unknown": 0.15856935009819023, "alternate": 0.21434095125354766, "dsfb": 0.0, "bad-redirect": 0.0020256044711079216, "oneh-out": 0.009098095878761451, "sfT": 0.0004250347537449465}, "keymash": {"roll-in": 0.22403155825017548, "sft": 0.0, "sfR": 0.099723742164827, "roll-out": 0.23405565384441718, "oneh-in": 0.022170409625102108, "dsfb-alt": 0.03864325795421426, "redirect": 0.044328504636452076, "dsfb-red": 0.027707880942314245, "sfb": 0.02535989458690628, "unknown": 0.013447558217336513, "alternate": 0.25751499304224323, "dsfb": 0.0, "bad-redirect": 0.0018348774490688099, "oneh-out": 0.011152935188187822, "sfT": 2.873409875499255e-05}, "movie": {"roll-in": 0.19964984447109446, "sft": 0.0, "sfR": 0.11567713207251198, "roll-out": 0.22527615477432353, "oneh-in": 0.030584522067575753, "dsfb-alt": 0.038684763825965016, "redirect": 0.04905427871290471, "dsfb-red": 0.03210724065783654, "sfb": 0.031928399195200255, "unknown": 0.03049740429843284, "alternate": 0.2320112005552376, "dsfb": 0.0, "bad-redirect": 0.003344690665462634, "oneh-out": 0.011164234234151244, "sfT": 2.0134469303422374e-05}, "dutch": {"roll-in": 0.24955207979461638, "sft": 0.0, "sfR": 0.18880787437283908, "roll-out": 0.12999913681156552, "oneh-in": 0.007407982122567809, "dsfb-alt": 0.03508364303102289, "redirect": 0.0353355168976398, "dsfb-red": 0.02779192417827384, "sfb": 0.034225851765622, "unknown": 0.07395877043379863,