{"english-450k": {"oneh-out": 0.013148855084572832, "unknown": 0.00015377410175167997, "alternate": 0.24790460860398258, "sfR": 0.11369548401129392, "dsfb-alt": 0.03504500085072745, "roll-out": 0.21206705720221178, "sfb": 0.02599162369664755, "roll-in": 0.22259941378739764, "redirect": 0.07042795390986732, "oneh-in": 0.01907412788743034, "sft": 0.0, "bad-redirect": 0.023425116397639948, "dsfb": 0.0, "sfT": 0.00018125464465026917, "dsfb-red": 0.016285729821826685}, "shai": {"oneh-out": 0.010079430851740739, "unknown": 0.024097749651430984, "alternate": 0.24356577434649695, "sfR": 0.09823378925716947, "dsfb-alt": 0.030475804061947595, "roll-out": 0.2294338242147018, "sfb": 0.01893934620435201, "roll-in": 0.2311146266464332, "redirect": 0.06098276104436634, "oneh-in": 0.020565753910738466, "sft": 0.0, "bad-redirect": 0.01647644252458406, "dsfb": 0.0, "sfT": 5.435989166570939e-05, "dsfb-red": 0.015980337394372674}, "tr-quotes": {"oneh-out": 0.0101569543006403, "unknown": 0.013894731975682485, "alternate": 0.2571241996255288, "sfR": 0.09677191928064538, "dsfb-alt": 0.028063382723469175, "roll-out": 0.23480155336215067, "sfb": 0.022098425833891957, "roll-in": 0.23036337578881672, "redirect": 0.05799912161068861, "oneh-in": 0.01868888837521093, "sft": 0.0, "bad-redirect": 0.015205381290307667, "dsfb": 0.0, "sfT": 4.8542567208340074e-05, "dsfb-red": 0.014783523265758998}, "gutenberg": {"oneh-out": 0.013793838985558476, "unknown": 0.03298207965968062, "alternate": 0.23359373312828696, "sfR": 0.09863878308844841, "dsfb-alt": 0.025712443306308282, "roll-out": 0.23929483296033233, "sfb": 0.01935456616515174, "roll-in": 0.23372558112573183, "redirect": 0.05595299391566957, "oneh-in": 0.016238899478404775, "sft": 0.0, "bad-redirect": 0.015465997424417567, "dsfb": 0.0, "sfT": 6.289301027542971e-05, "dsfb-red": 0.01518335775173401}, "english-200": {"oneh-out": 0.017817371937639197, "unknown": 0.0, "alternate": 0.22717149220489977, "sfR": 0.10690423162583519, "dsfb-alt": 0.028953229398663696, "roll-out": 0.2561247216035635, "sfb": 0.008908685968819599, "roll-in": 0.24944320712694878, "redirect": 0.0556792873051225, "oneh-in": 0.022271714922048998, "sft": 0.0, "bad-redirect": 0.013363028953229399, "dsfb": 0.0, "sfT": 0.0, "dsfb-red": 0.013363028953229399}, "monkeyracer": {"oneh-out": 0.01030604344902013, "unknown": 0.013491796612290222, "alternate": 0.2571926271173186, "sfR": 0.09690789370786869, "dsfb-alt": 0.028016836886309963, "roll-out": 0.23476332170730563, "sfb": 0.022052958380906203, "roll-in": 0.22997345042776482, "redirect": 0.05837582307584028, "oneh-in": 0.01886427264338333, "sft": 0.0, "bad-redirect": 0.015266004035222172, "dsfb": 0.0, "sfT": 4.9853762297261364e-05, "dsfb-red": 0.014739118194472683}, "chained-bigrams": {"oneh-out": 0.012621184604466307, "unknown": 0.023159399756770463, "alternate": 0.2519081441638222, "sfR": 0.11914286586209158, "dsfb-alt": 0.038755698460303786, "roll-out": 0.20978385296105664, "sfb": 0.02019986897031314, "roll-in": 0.2038316768488464, "redirect": 0.06431817488242715, "oneh-in": 0.015021014746358861, "sft": 0.0, "bad-redirect": 0.01921682166651841, "dsfb": 0.0, "sfT": 0.0002298538609929557, "dsfb-red": 0.021811443216032112}, "english-5k": {"oneh-out": 0.0115734019164558, "unknown": 0.002157049819554486, "alternate": 0.24362218442775957, "sfR": 0.10644211224955408, "dsfb-alt": 0.032438710747915545, "roll-out": 0.21620276268303812, "sfb": 0.016094910192060396, "roll-in": 0.25332890861575474, "redirect": 0.06462853113203634, "oneh-in": 0.014601568009291906, "sft": 0.0, "bad-redirect": 0.02306384037831335, "dsfb": 0.0, "sfT": 0.0, "dsfb-red": 0.01584601982826565}, "mt-quotes": {"oneh-out": 0.010088332675918289, "unknown": 0.007995063410669249, "alternate": 0.2617737057888383, "sfR": 0.0964592223377679, "dsfb-alt": 0.02796404537359104, "roll-out": 0.23809331707725223, "sfb": 0.021767908583449874, "roll-in": 0.2294214149962348, "redirect": 0.057978030384528034, "oneh-in": 0.018828964511540622, "sft": 0.0, "bad-redirect": 0.015122040138176689, "dsfb": 0.0, "sfT": 3.735312750265954e-05, "dsfb-red": 0.014470601594530307}, "wordle": {"oneh-out": 0.018063502748793897, "unknown": 0.0, "alternate": 0.2376079883316504, "sfR": 0.13138112868843263, "dsfb-alt": 0.041848984629193314, "roll-out": 0.19533266015931786, "sfb": 0.036216762032985524, "roll-in": 0.21225176708179064, "redirect": 0.06751935375294514, "oneh-in": 0.020531807472231572, "sft": 0.0, "bad-redirect": 0.019185459441265568, "dsfb": 0.0, "sfT": 0.0005161000785369685, "dsfb-red": 0.019544485582856503}, "english-1k": {"oneh-out": 0.019054340155257588, "unknown": 0.0, "alternate": 0.20889202540578689, "sfR": 0.10832745236414962, "dsfb-alt": 0.025405786873676783, "roll-out": 0.24735356386732535, "sfb": 0.013408609738884969, "roll-in": 0.2547635850388144, "redirect": 0.06633733239237827, "oneh-in": 0.016937191249117856, "sft": 0.0, "bad-redirect": 0.022582921665490474, "dsfb": 0.0, "sfT": 0.0, "dsfb-red": 0.016937191249117856}, "english-10k": {"oneh-out": 0.011018698983037764, "unknown": 0.0, "alternate": 0.2609173887034214, "sfR": 0.10567144593890508, "dsfb-alt": 0.032168425927712706, "roll-out": 0.20945176665830456, "sfb": 0.017965689585303254, "roll-in": 0.2418517589394261, "redirect": 0.06344918083402482, "oneh-in": 0.022635611045715057, "sft": 0.0, "bad-redirect": 0.01943227649022597, "dsfb": 0.0, "sfT": 1.929719611740414e-05, "dsfb-red": 0.01541845969780591}, "reddit": {"oneh-out": 0.009370945820286448, "unknown": 0.04519937363713543, "alternate": 0.2553295063094203, "sfR": 0.10397777127267367, "dsfb-alt": 0.02703968257089705, "roll-out": 0.22522693105607244, "sfb": 0.01873432524309393, "roll-in": 0.20822557303755462, "redirect": 0.05615551718667857, "oneh-in": 0.01968802844216304, "sft": 0.0, "bad-redirect": 0.015703683393461846, "dsfb": 0.0, "sfT": 5.176614512837311e-05, "dsfb-red": 0.015296895885434253}, "akl": {"oneh-out": 0.00808331442995868, "unknown": 0.13920166722946467, "alternate": 0.21961297863659646, "sfR": 0.13064861186637447, "dsfb-alt": 0.024452471505154758, "roll-out": 0.19151245437339753, "sfb": 0.01951949989441206, "roll-in": 0.1797024181799723, "redirect": 0.04516095063290129, "oneh-in": 0.016611637483241144, "sft": 0.0, "bad-redirect": 0.012862209433347697, "dsfb": 0.0, "sfT": 0.000137349560660536, "dsfb-red": 0.012494436774518397}, "french": {"oneh-out": 0.019026844802522366, "unknown": 0.15842537463172957, "alternate": 0.1533860685053847, "sfR": 0.10898279115633469, "dsfb-alt": 0.025443341436560237, "roll-out": 0.19181527788845612, "sfb": 0.04189459848246263, "roll-in": 0.16340709057149017, "redirect": 0.07859966794553137, "oneh-in": 0.014284778348870474, "sft": 0.0, "bad-redirect": 0.023234583991728945, "dsfb": 0.0, "sfT": 4.609911657642581e-05, "dsfb-red": 0.021453483122352342}, "keymash": {"oneh-out": 0.011066732891922846, "unknown": 0.012376186820900362, "alternate": 0.25506028003431674, "sfR": 0.099723742164827, "dsfb-alt": 0.028422128539938345, "roll-out": 0.2339119833506422, "sfb": 0.021735293272526508, "roll-in": 0.23029148690751314, "redirect": 0.059413906482823166, "oneh-in": 0.017831560713098233, "sft": 0.0, "bad-redirect": 0.015335798992664596, "dsfb": 0.0, "sfT": 9.851691001711732e-05, "dsfb-red": 0.014732382918809751}, "movie": {"oneh-out": 0.009136311541564716, "unknown": 0.030282373430185833, "alternate": 0.2556548578223532, "sfR": 0.11567713207251198, "dsfb-alt": 0.026484723004315487, "roll-out": 0.22484543504863658, "sfb": 0.026986768758515203, "roll-in": 0.20989381502002458, "redirect": 0.055763794513133395, "oneh-in": 0.01797244841331828, "sft": 0.0, "bad-redirect": 0.01211450222656963, "dsfb": 0.0, "sfT": 0.00017081399448262902, "dsfb-red": 0.015017024154388478}, "dutch": {"oneh-out": 0.011392652871406906, "unknown": 0.07360268279108878, "alternate": 0.211589522233629, "sfR": 0.18880787437283908, "dsfb-alt": 0.026944120365261753, "roll-out": 0.15676445129671737, "sfb": 0.05393602629715938, "roll-in": 0.19339935906017391,