{"english-450k": {"dsfb-alt": 0.033563390303812016, "alternate": 0.22247575134435402, "roll-in": 0.23632594496524295, "oneh-out": 0.016625143761244365, "sft": 0.0, "roll-out": 0.24309551359672946, "sfR": 0.11369548401129392, "sfT": 0.00023767746145269167, "oneh-in": 0.013951637752652896, "sfb": 0.029205093138576194, "dsfb-red": 0.028344425922688463, "unknown": 0.00015377410175167997, "dsfb": 0.0, "redirect": 0.060421528140368275, "bad-redirect": 0.0019046354998330703}, "shai": {"dsfb-alt": 0.030135146160569948, "alternate": 0.21538326878007502, "roll-in": 0.2487461539747705, "oneh-out": 0.014388144101822096, "sft": 0.0, "roll-out": 0.2542431988402397, "sfR": 0.09823378925716947, "sfT": 3.76165031754382e-05, "oneh-in": 0.010989445240372512, "sfb": 0.020505429719104306, "dsfb-red": 0.021806436675622275, "unknown": 0.024097749651430984, "dsfb": 0.0, "redirect": 0.06007465863768422, "bad-redirect": 0.00135896245796349}, "tr-quotes": {"dsfb-alt": 0.029208756154504058, "alternate": 0.21368438085111302, "roll-in": 0.2486673909525901, "oneh-out": 0.01689396916391207, "sft": 0.0, "roll-out": 0.26661773884098844, "sfR": 0.09677191928064538, "sfT": 2.6582834423614803e-05, "oneh-in": 0.01241765100205728, "sfb": 0.02006310533737084, "dsfb-red": 0.018279743880169206, "unknown": 0.013894731975682485, "dsfb": 0.0, "redirect": 0.06075449018746677, "bad-redirect": 0.0027195395390767667}, "gutenberg": {"dsfb-alt": 0.025292272532841706, "alternate": 0.20700287148267998, "roll-in": 0.24142239741335447, "oneh-out": 0.01519491339518823, "sft": 0.0, "roll-out": 0.27342622555176305, "sfR": 0.09863878308844841, "sfT": 0.0001733346518133078, "oneh-in": 0.009136156926395855, "sfb": 0.019055256056009634, "dsfb-red": 0.019652929090404156, "unknown": 0.03298207965968062, "dsfb": 0.0, "redirect": 0.056510885226697095, "bad-redirect": 0.0015118949247235076}, "english-200": {"dsfb-alt": 0.026726057906458798, "alternate": 0.21603563474387527, "roll-in": 0.24944320712694878, "oneh-out": 0.008908685968819599, "sft": 0.0, "roll-out": 0.28507795100222716, "sfR": 0.10690423162583519, "sfT": 0.0, "oneh-in": 0.015590200445434299, "sfb": 0.0200445434298441, "dsfb-red": 0.017817371937639197, "unknown": 0.0, "dsfb": 0.0, "redirect": 0.053452115812917596, "bad-redirect": 0.0}, "monkeyracer": {"dsfb-alt": 0.029007069458998704, "alternate": 0.21361261867150477, "roll-in": 0.24859529693291835, "oneh-out": 0.016836886309961368, "sft": 0.0, "roll-out": 0.2672083457153135, "sfR": 0.09690789370786869, "sfT": 2.3460594022240643e-05, "oneh-in": 0.012458552950560708, "sfb": 0.020060762938517603, "dsfb-red": 0.01824647700079766, "unknown": 0.013491796612290222, "dsfb": 0.0, "redirect": 0.06076196099285234, "bad-redirect": 0.0027888781143938566}, "chained-bigrams": {"dsfb-alt": 0.03438068344513278, "alternate": 0.23182385142869757, "roll-in": 0.21171553441996638, "oneh-out": 0.02188676256031229, "sft": 0.0, "roll-out": 0.22845655729561998, "sfR": 0.11914286586209158, "sfT": 9.090265688986949e-05, "oneh-in": 0.01757018496742763, "sfb": 0.02140173195533563, "dsfb-red": 0.03165555165251291, "unknown": 0.023147712272313194, "dsfb": 0.0, "redirect": 0.055140253060010684, "bad-redirect": 0.003587408423689492}, "english-5k": {"dsfb-alt": 0.036586883477828014, "alternate": 0.21823536732069523, "roll-in": 0.2611274733479902, "oneh-out": 0.012403036462438295, "sft": 0.0, "roll-out": 0.23818807815157422, "sfR": 0.10644211224955408, "sfT": 0.0, "oneh-in": 0.010826730825071556, "sfb": 0.01937196664869125, "dsfb-red": 0.027046086199029328, "unknown": 0.002157049819554486, "dsfb": 0.0, "redirect": 0.06603890986020658, "bad-redirect": 0.00157630563736674}, "mt-quotes": {"dsfb-alt": 0.028987521067163912, "alternate": 0.21496575465270557, "roll-in": 0.2505871911643418, "oneh-out": 0.016862695879800625, "sft": 0.0, "roll-out": 0.27068466788587275, "sfR": 0.0964592223377679, "sfT": 1.0458875700744673e-05, "oneh-in": 0.012599956969197117, "sfb": 0.01975083969830626, "dsfb-red": 0.017605276054553497, "unknown": 0.007995063410669249, "dsfb": 0.0, "redirect": 0.060574819808512925, "bad-redirect": 0.002916532195407657}, "wordle": {"dsfb-alt": 0.036912375182317964, "alternate": 0.2098732188937507, "roll-in": 0.22775720857174914, "oneh-out": 0.016156176371592057, "sft": 0.0, "roll-out": 0.2387523841579715, "sfR": 0.13138112868843263, "sfT": 0.00029170874004263433, "oneh-in": 0.011017614720071804, "sfb": 0.04272411084932121, "dsfb-red": 0.028497699988780434, "unknown": 0.0, "dsfb": 0.0, "redirect": 0.05457197352182206, "bad-redirect": 0.002064400314147874}, "english-1k": {"dsfb-alt": 0.027170077628793227, "alternate": 0.18454481298517997, "roll-in": 0.27769936485532815, "oneh-out": 0.014467184191954835, "sft": 0.0, "roll-out": 0.2667607621736062, "sfR": 0.10832745236414962, "sfT": 0.0, "oneh-in": 0.014467184191954835, "sfb": 0.013761467889908258, "dsfb-red": 0.02646436132674665, "unknown": 0.0, "dsfb": 0.0, "redirect": 0.06598447424135498, "bad-redirect": 0.00035285815102328866}, "english-10k": {"dsfb-alt": 0.03421392871615754, "alternate": 0.21448833484494703, "roll-in": 0.2689836166804963, "oneh-out": 0.012658960653017116, "sft": 0.0, "roll-out": 0.23839756083441077, "sfR": 0.10567144593890508, "sfT": 7.718878446961657e-05, "oneh-in": 0.011250265336446614, "sfb": 0.02203739796607553, "dsfb-red": 0.027498504467300903, "unknown": 0.0, "dsfb": 0.0, "redirect": 0.06360355840296406, "bad-redirect": 0.0011192373748094401}, "reddit": {"dsfb-alt": 0.029816213328958306, "alternate": 0.21584373666164924, "roll-in": 0.23091551349337763, "oneh-out": 0.015424925323964484, "sft": 0.0, "roll-out": 0.25298811832122614, "sfR": 0.10397777127267367, "sfT": 5.94823722603882e-05, "oneh-in": 0.011178790413973712, "sfb": 0.019717095394854514, "dsfb-red": 0.017924645798018016, "unknown": 0.045186413372146704, "dsfb": 0.0, "redirect": 0.05501014440394674, "bad-redirect": 0.0019571498429504304}, "akl": {"dsfb-alt": 0.026315350588645033, "alternate": 0.1801930617445697, "roll-in": 0.19687939030927815, "oneh-out": 0.01231985285733413, "sft": 0.0, "roll-out": 0.22250428695428967, "sfR": 0.13064861186637447, "sfT": 0.00015303888806104696, "oneh-in": 0.009343649218462716, "sfb": 0.023442449434594937, "dsfb-red": 0.016190792894874365, "unknown": 0.13913013872107965, "dsfb": 0.0, "redirect": 0.04121885270100913, "bad-redirect": 0.001660523821426991}, "french": {"dsfb-alt": 0.028566215747790818, "alternate": 0.14359245576346302, "roll-in": 0.17223492906841145, "oneh-out": 0.018501027222254957, "sft": 0.0, "roll-out": 0.20754475490858584, "sfR": 0.10898279115633469, "sfT": 5.15375238943467e-05, "oneh-in": 0.011656094957168647, "sfb": 0.048231961046381326, "dsfb-red": 0.027425663376699914, "unknown": 0.15842279775553483, "dsfb": 0.0, "redirect": 0.07269499585475006, "bad-redirect": 0.0020947756187300725}, "keymash": {"dsfb-alt": 0.02971516298391301, "alternate": 0.21060041951784184, "roll-in": 0.24877572214947477, "oneh-out": 0.01622245118281865, "sft": 0.0, "roll-out": 0.26760887144774703, "sfR": 0.099723742164827, "sfT": 2.873409875499255e-05, "oneh-in": 0.012109370189604004, "sfb": 0.02075422904360605, "dsfb-red": 0.01824615270942027, "unknown": 0.012376186820900362, "dsfb": 0.0, "redirect": 0.060875240648077075, "bad-redirect": 0.002963717043014946}, "movie": {"dsfb-alt": 0.029014428255424562, "alternate": 0.20916660536400686, "roll-in": 0.22413335914405608, "oneh-out": 0.017561863156934764, "sft": 0.0, "roll-out": 0.26153399126111393, "sfR": 0.11567713207251198, "sfT": 2.2898023913696032e-05, "oneh-in": 0.013013447061940075, "sfb": 0.017449083809267883, "dsfb-red": 0.01727905940181676, "unknown": 0.03028145224531574, "dsfb": 0.0, "redirect": 0.06020811671780778, "bad-redirect": 0.004658563485889882}, "dutch": {"dsfb-alt": 0.02282590106096151, "alternate": 0.16204682741671514, "roll-in": 0.25423648185767617, "oneh-out": 0.009522793787008486, "sft": 0.0, "roll-out": 0.17126996177047085, "sfR": 0.18880787437283908, "sfT": 0.00013094859029709498,