{"english-450k": {"sfT": 2.0756580274466308e-05, "oneh-out": 0.0049526369919680804, "sft": 0.0, "dsfb-red": 0.006531598823832764, "unknown": 0.00015377410175167997, "roll-in": 0.23225297769223077, "dsfb": 0.0, "bad-redirect": 0.004354204318421143, "dsfb-alt": 0.04148655704463717, "sfb": 0.025200534876609438, "alternate": 0.3829302561362006, "sfR": 0.11369548401129392, "redirect": 0.02191894876983642, "oneh-in": 0.008782664571908688, "roll-out": 0.15771960608103486}, "shai": {"sfT": 2.7983055659884575e-05, "oneh-out": 0.013574715764918182, "sft": 0.0, "dsfb-red": 0.00463726451271708, "unknown": 0.023260762136131256, "roll-in": 0.2276043980848598, "dsfb": 0.0, "bad-redirect": 0.004484058250581413, "dsfb-alt": 0.03743350637673073, "sfb": 0.017855167289905695, "alternate": 0.34407319655205404, "sfR": 0.09823378925716947, "redirect": 0.02013786860612336, "oneh-in": 0.007548988538326181, "roll-out": 0.2011283015748229}, "tr-quotes": {"sfT": 1.0401978687501445e-05, "oneh-out": 0.023581285684565776, "sft": 0.0, "dsfb-red": 0.00561706849125078, "unknown": 0.013835787429786644, "roll-in": 0.21545965188044658, "dsfb": 0.0, "bad-redirect": 0.003678833129146344, "dsfb-alt": 0.0345657751785673, "sfb": 0.01622477520168281, "alternate": 0.3499214072721389, "sfR": 0.09677191928064538, "redirect": 0.019986824160329163, "oneh-in": 0.005657520630591064, "roll-out": 0.21468874968216176}, "gutenberg": {"sfT": 2.330072368637908e-05, "oneh-out": 0.01405848216433792, "sft": 0.0, "dsfb-red": 0.0042454676303694434, "unknown": 0.032975828246008664, "roll-in": 0.2041101718835661, "dsfb": 0.0, "bad-redirect": 0.004445891741427891, "dsfb-alt": 0.036371103616992174, "sfb": 0.020702598276958844, "alternate": 0.327405856551652, "sfR": 0.09863878308844841, "redirect": 0.016268072742207235, "oneh-in": 0.005650709649113833, "roll-out": 0.2351037336852311}, "english-200": {"sfT": 0.0, "oneh-out": 0.015590200445434299, "sft": 0.0, "dsfb-red": 0.0022271714922048997, "unknown": 0.0, "roll-in": 0.25389755011135856, "dsfb": 0.0, "bad-redirect": 0.004454342984409799, "dsfb-alt": 0.0378619153674833, "sfb": 0.015590200445434299, "alternate": 0.33853006681514475, "sfR": 0.10690423162583519, "redirect": 0.017817371937639197, "oneh-in": 0.004454342984409799, "roll-out": 0.2026726057906459}, "monkeyracer": {"sfT": 1.0752772260193629e-05, "oneh-out": 0.024166366892409717, "sft": 0.0, "dsfb-red": 0.005571891080282153, "unknown": 0.013436077701487402, "roll-in": 0.21473286203606676, "dsfb": 0.0, "bad-redirect": 0.0036500774199602734, "dsfb-alt": 0.03451444390571969, "sfb": 0.016329550964230416, "alternate": 0.35001153479206093, "sfR": 0.09690789370786869, "redirect": 0.019912179176376745, "oneh-in": 0.005683328901887796, "roll-out": 0.21507304064938923}, "chained-bigrams": {"sfT": 3.57117580638773e-05, "oneh-out": 0.008066312189591775, "sft": 0.0, "dsfb-red": 0.014356776046370744, "unknown": 0.022916559801936097, "roll-in": 0.17781144061881335, "dsfb": 0.0, "bad-redirect": 0.009503872777835855, "dsfb-alt": 0.04836021346541056, "sfb": 0.02039530968262636, "alternate": 0.35573456164466283, "sfR": 0.11914286586209158, "redirect": 0.024867720401607937, "oneh-in": 0.007001452494596162, "roll-out": 0.1918072032563929}, "english-5k": {"sfT": 0.0, "oneh-out": 0.004770398639399345, "sft": 0.0, "dsfb-red": 0.004521508275604596, "unknown": 0.002157049819554486, "roll-in": 0.27224457626415566, "dsfb": 0.0, "bad-redirect": 0.0027377940017422327, "dsfb-alt": 0.03625502965943502, "sfb": 0.019289003194093, "alternate": 0.3689384825984154, "sfR": 0.10644211224955408, "redirect": 0.02144605301364749, "oneh-in": 0.012320073007840047, "roll-out": 0.14887791927655866}, "mt-quotes": {"sfT": 4.482375300319145e-06, "oneh-out": 0.025870776108342, "sft": 0.0, "dsfb-red": 0.005638828127801485, "unknown": 0.007977133909467972, "roll-in": 0.2131220042791743, "dsfb": 0.0, "bad-redirect": 0.0036157827422574436, "dsfb-alt": 0.03450233681165657, "sfb": 0.015689807676217114, "alternate": 0.35249100536689737, "sfR": 0.0964592223377679, "redirect": 0.01980911057721041, "oneh-in": 0.005408732862385102, "roll-out": 0.21941077682552204}, "wordle": {"sfT": 2.2439133849433412e-05, "oneh-out": 0.011511275664759341, "sft": 0.0, "dsfb-red": 0.007965892516548861, "unknown": 0.0, "roll-in": 0.19138337260181756, "dsfb": 0.0, "bad-redirect": 0.005564905194659486, "dsfb-alt": 0.04772803769774487, "sfb": 0.03253674408167845, "alternate": 0.3599012678110625, "sfR": 0.13138112868843263, "redirect": 0.019207898575115002, "oneh-in": 0.0026029395265342757, "roll-out": 0.1901940985077976}, "english-1k": {"sfT": 0.0, "oneh-out": 0.006351446718419196, "sft": 0.0, "dsfb-red": 0.004234297812279464, "unknown": 0.0, "roll-in": 0.2720536344389555, "dsfb": 0.0, "bad-redirect": 0.0017642907551164433, "dsfb-alt": 0.032815808045165845, "sfb": 0.01799576570218772, "alternate": 0.3419195483415667, "sfR": 0.10832745236414962, "redirect": 0.02117148906139732, "oneh-in": 0.010232886379675371, "roll-out": 0.1831333803810868}, "english-10k": {"sfT": 0.0, "oneh-out": 0.005885644815808263, "sft": 0.0, "dsfb-red": 0.0049786765982902685, "unknown": 0.0, "roll-in": 0.2647768279269022, "dsfb": 0.0, "bad-redirect": 0.004245383145828911, "dsfb-alt": 0.03556473244437583, "sfb": 0.02016556994268733, "alternate": 0.3727060458115436, "sfR": 0.10567144593890508, "redirect": 0.021033943767970513, "oneh-in": 0.01067134945292449, "roll-out": 0.15430038015476352}, "reddit": {"sfT": 3.17638864463534e-05, "oneh-out": 0.018018251873760275, "sft": 0.0, "dsfb-red": 0.005089376197349626, "unknown": 0.039285409944231534, "roll-in": 0.21320272682477065, "dsfb": 0.0, "bad-redirect": 0.0038414450171058642, "dsfb-alt": 0.03657019697168051, "sfb": 0.01723089704698864, "alternate": 0.3386620624014285, "sfR": 0.10397777127267367, "redirect": 0.020185575262524964, "oneh-in": 0.005775483636073512, "roll-out": 0.19812903966496592}, "akl": {"sfT": 8.949093518842622e-05, "oneh-out": 0.016204925643335928, "sft": 0.0, "dsfb-red": 0.006486412684210925, "unknown": 0.13277008071454782, "roll-in": 0.17555196103868093, "dsfb": 0.0, "bad-redirect": 0.003507244133074849, "dsfb-alt": 0.03270552716226542, "sfb": 0.018787166565040182, "alternate": 0.2910109567591513, "sfR": 0.13064861186637447, "redirect": 0.01959179433846544, "oneh-in": 0.006167486954941957, "roll-out": 0.16647834120472244}, "french": {"sfT": 1.7663587404486848e-05, "oneh-out": 0.005725609158925139, "sft": 0.0, "dsfb-red": 0.004685345213691429, "unknown": 0.15807953387545715, "roll-in": 0.184483525768305, "dsfb": 0.0, "bad-redirect": 0.00404226478472604, "dsfb-alt": 0.03173370597360203, "sfb": 0.0343163501760808, "alternate": 0.2647806809434297, "sfR": 0.10898279115633469, "redirect": 0.013625202915891225, "oneh-in": 0.0070417786390537, "roll-out": 0.18248554780709858}, "keymash": {"sfT": 0.0, "oneh-out": 0.022753301342703387, "sft": 0.0, "dsfb-red": 0.005397905694687886, "unknown": 0.01232282349464109, "roll-in": 0.21483254177732716, "dsfb": 0.0, "bad-redirect": 0.0039119423019297, "dsfb-alt": 0.03489140563106238, "sfb": 0.01648926781411501, "alternate": 0.3473952539478599, "sfR": 0.099723742164827, "redirect": 0.020614663421081796, "oneh-in": 0.006227089687331957, "roll-out": 0.2154400627224327}, "movie": {"sfT": 1.0922620602510176e-05, "oneh-out": 0.034639972659233055, "sft": 0.0, "dsfb-red": 0.005925850671458232, "unknown": 0.030236445784519856, "roll-in": 0.1904241779971309, "dsfb": 0.0, "bad-redirect": 0.003322319032903276, "dsfb-alt": 0.035541286255698024, "sfb": 0.017696487745806667, "alternate": 0.3390664370372115, "sfR": 0.11567713207251198, "redirect": 0.019816660523240902, "oneh-in": 0.0035041872458269996, "roll-out": 0.20413812035385606}, "dutch": {"sfT": 0.00010247448905215634, "oneh-out": 0.004816569947364871, "sft": 0.0, "dsfb-red": 0.006159317473641464, "unknown": 0.07290361491625476, "roll-in": 0.1755880735689012, "dsfb": 0.0, "bad-redirect": 0.002799158357207887, "dsfb-alt": 0.026391995349182313, "sfb": 0.026710338670027808,