{"akl": {"dsfb-red": 0.011963396280314962, "sfR": 0.13064861186637447, "bad-redirect": 0.0012040014554754307, "oneh-out": 0.013077610309375499, "roll-out": 0.15092829055784404, "dsfb": 0.0, "sfb": 0.023555165515856562, "sfT": 0.000136929531423042, "redirect": 0.021069803102400187, "dsfb-alt": 0.05541065233184296, "unknown": 0.13144916288543582, "oneh-in": 0.0026992808333518433, "roll-in": 0.18446204125364102, "alternate": 0.2733950540766642, "sft": 0.0}, "shai": {"dsfb-red": 0.009600870284642248, "sfR": 0.09823378925716947, "bad-redirect": 0.0013417546204166231, "oneh-out": 0.012373731783146878, "roll-out": 0.19397384315803065, "dsfb": 0.0, "sfb": 0.023396741208676033, "sfT": 5.734397685433608e-05, "redirect": 0.022817859645352892, "dsfb-alt": 0.061574008563821336, "unknown": 0.016772683614515952, "oneh-in": 0.002889039559603212, "roll-in": 0.21474097443889134, "alternate": 0.34222735988887903, "sft": 0.0}, "mt-quotes": {"dsfb-red": 0.00896475060063829, "sfR": 0.0964592223377679, "bad-redirect": 0.001890068251634573, "oneh-out": 0.02135702418092062, "roll-out": 0.18911739042086514, "dsfb": 0.0, "sfb": 0.01883344688684094, "sfT": 2.540012670180849e-05, "redirect": 0.025621257216624234, "dsfb-alt": 0.062363287553340266, "unknown": 0.006137865911237016, "oneh-in": 0.0030241092026153165, "roll-in": 0.22814393803564384, "alternate": 0.33806223927517004, "sft": 0.0}}