{"mt-quotes": {"dsfb": 0.0, "oneh-out": 0.011583951901124778, "sfT": 1.0458875700744673e-05, "sft": 0.0, "dsfb-alt": 0.029250487084782634, "oneh-in": 0.008125052294378503, "sfb": 0.008087699166875845, "sfR": 0.0964592223377679, "alternate": 0.3099936051445715, "roll-out": 0.20459951470816748, "redirect": 0.03479667945637752, "unknown": 0.007977133909467972, "roll-in": 0.2772199710737381, "dsfb-red": 0.01052611133024946, "bad-redirect": 0.001370112716797552}, "monkeyracer": {"dsfb": 0.0, "oneh-out": 0.011304096219716283, "sfT": 2.3460594022240643e-05, "sft": 0.0, "dsfb-alt": 0.02939416926036567, "oneh-in": 0.008303095234371335, "sfb": 0.008956081767990365, "sfR": 0.09690789370786869, "alternate": 0.3103181647559316, "roll-out": 0.20161545740338147, "redirect": 0.034431354301890926, "unknown": 0.013436077701487402, "roll-in": 0.2733081001610961, "dsfb-red": 0.010518166319971222, "bad-redirect": 0.0014838825719067207}}