{"shai": {"bad-redirect": 0.004937735959472795, "sfb": 0.023797862636404817, "dsfb-red": 0.011736519288724137, "unknown": 0.023621906111313578, "sfR": 0.09823378925716947, "oneh-out": 0.014466233469871035, "alternate": 0.2468039557435783, "roll-out": 0.26193600015853197, "roll-in": 0.22913711867571332, "sfT": 9.778974886620244e-05, "redirect": 0.032205485886476884, "dsfb": 0.0, "dsfb-alt": 0.043153544845497924, "oneh-in": 0.00987205821837961, "sft": 0.0}, "english-200": {"bad-redirect": 0.0, "sfb": 0.015590200445434299, "dsfb-red": 0.0066815144766146995, "unknown": 0.0, "sfR": 0.10690423162583519, "oneh-out": 0.013363028953229399, "alternate": 0.24944320712694878, "roll-out": 0.29175946547884185, "roll-in": 0.22494432071269488, "sfT": 0.0, "redirect": 0.028953229398663696, "dsfb": 0.0, "dsfb-alt": 0.04899777282850779, "oneh-in": 0.013363028953229399, "sft": 0.0}, "monkeyracer": {"bad-redirect": 0.005038162566276178, "sfb": 0.024141928773636547, "dsfb-red": 0.011311916417723698, "unknown": 0.014352018393105714, "sfR": 0.09690789370786869, "oneh-out": 0.01572153056915401, "alternate": 0.2522189811846036, "roll-out": 0.26367654879021535, "roll-in": 0.22385219043746188, "sfT": 5.8651485055601606e-05, "redirect": 0.03401004113424152, "dsfb": 0.0, "dsfb-alt": 0.048574182398298325, "oneh-in": 0.010135954142358884, "sft": 0.0}, "reddit": {"bad-redirect": 0.004258608228607088, "sfb": 0.024011063421581127, "dsfb-red": 0.010850888218276334, "unknown": 0.041217688064775854, "sfR": 0.10397777127267367, "oneh-out": 0.013340607562988854, "alternate": 0.2529047381193045, "roll-out": 0.24382764570606005, "roll-in": 0.21499128085062788, "sfT": 0.000149867110462099, "redirect": 0.03235091902699874, "dsfb": 0.0, "dsfb-alt": 0.04867841818092942, "oneh-in": 0.009440504236714371, "sft": 0.0}}