{"english-450k": {"dsfb-alt": 0.03844791063093572, "sfT": 0.00017920822124292742, "oneh-in": 0.020479728422073074, "roll-out": 0.2406579309723844, "unknown": 0.00015377410175167997, "oneh-out": 0.01866542789836409, "dsfb-red": 0.029509425533868015, "sfR": 0.11369548401129392, "sfb": 0.031890877687611716, "dsfb": 0.0, "redirect": 0.05348999971350072, "roll-in": 0.2241254609568725, "alternate": 0.21497151670963183, "bad-redirect": 0.013733255140469426, "sft": 0.0}, "shai": {"dsfb-alt": 0.03117815553655787, "sfT": 5.900051182286037e-05, "oneh-in": 0.05560001709172528, "roll-out": 0.2150367704318107, "unknown": 0.024097749651430984, "oneh-out": 0.015594546655920348, "dsfb-red": 0.03123250768740597, "sfR": 0.09823378925716947, "sfb": 0.02340966837408461, "dsfb": 0.0, "redirect": 0.04760437563648873, "roll-in": 0.273220939499937, "alternate": 0.17566567548077444, "bad-redirect": 0.009066804184871779, "sft": 0.0}, "tr-quotes": {"dsfb-alt": 0.029164836688934607, "sfT": 1.271352950694621e-05, "oneh-in": 0.06673793948359955, "roll-out": 0.20762465037793856, "unknown": 0.013894731975682485, "oneh-out": 0.017244169113057952, "dsfb-red": 0.03502115068999792, "sfR": 0.09677191928064538, "sfb": 0.023805506114051918, "dsfb": 0.0, "redirect": 0.04475740274149927, "roll-in": 0.2889114907191235, "alternate": 0.16543191327061327, "bad-redirect": 0.010621576015348697, "sft": 0.0}, "gutenberg": {"dsfb-alt": 0.03535742741824572, "sfT": 0.00012142897465828446, "oneh-in": 0.06938462978181051, "roll-out": 0.19265833978365562, "unknown": 0.03298207965968062, "oneh-out": 0.017146869955061806, "dsfb-red": 0.030632874176470967, "sfR": 0.09863878308844841, "sfb": 0.028183267200954154, "dsfb": 0.0, "redirect": 0.03887451063744339, "roll-in": 0.29297780596597034, "alternate": 0.15188965080360975, "bad-redirect": 0.011152332553990429, "sft": 0.0}, "english-200": {"dsfb-alt": 0.031180400890868598, "sfT": 0.0, "oneh-in": 0.0378619153674833, "roll-out": 0.23162583518930957, "unknown": 0.0, "oneh-out": 0.013363028953229399, "dsfb-red": 0.0378619153674833, "sfR": 0.10690423162583519, "sfb": 0.013363028953229399, "dsfb": 0.0, "redirect": 0.0378619153674833, "roll-in": 0.3429844097995546, "alternate": 0.13808463251670378, "bad-redirect": 0.008908685968819599, "sft": 0.0}, "monkeyracer": {"dsfb-alt": 0.029236787775466476, "sfT": 1.2707821762047014e-05, "oneh-in": 0.06695751286422572, "roll-out": 0.2075568528395139, "unknown": 0.013491796612290222, "oneh-out": 0.017095930368956944, "dsfb-red": 0.03496019519214227, "sfR": 0.09690789370786869, "sfb": 0.02372159313073807, "dsfb": 0.0, "redirect": 0.044588813988770196, "roll-in": 0.2894880898384347, "alternate": 0.16535710934200853, "bad-redirect": 0.01062471651782223, "sft": 0.0}, "chained-bigrams": {"dsfb-alt": 0.04017313060309368, "sfT": 0.00012012136803304181, "oneh-in": 0.04495590896488495, "roll-out": 0.18376426603571566, "unknown": 0.023159399756770463, "oneh-out": 0.014230810936109067, "dsfb-red": 0.039222548533902474, "sfR": 0.11914286586209158, "sfb": 0.02403466248168149, "dsfb": 0.0, "redirect": 0.05082627268589431, "roll-in": 0.28023081483193724, "alternate": 0.1686133903509427, "bad-redirect": 0.01152580758894338, "sft": 0.0}, "english-5k": {"dsfb-alt": 0.033060936657402416, "sfT": 0.0, "oneh-in": 0.024391255651885345, "roll-out": 0.24403700170075082, "unknown": 0.002157049819554486, "oneh-out": 0.016094910192060396, "dsfb-red": 0.03268760111171029, "sfR": 0.10644211224955408, "sfb": 0.0233127307421081, "dsfb": 0.0, "redirect": 0.05770108267308251, "roll-in": 0.24528145351972455, "alternate": 0.20234786576513045, "bad-redirect": 0.012485999917036545, "sft": 0.0}, "mt-quotes": {"dsfb-alt": 0.028519859910830614, "sfT": 1.0458875700744673e-05, "oneh-in": 0.07008642019579016, "roll-out": 0.2055393193961344, "unknown": 0.007995063410669249, "oneh-out": 0.017204850527724986, "dsfb-red": 0.035356976368917416, "sfR": 0.0964592223377679, "sfb": 0.022804831402923702, "dsfb": 0.0, "redirect": 0.043818206810819854, "roll-in": 0.29665405625082175, "alternate": 0.16465408015682337, "bad-redirect": 0.010896654355075842, "sft": 0.0}, "wordle": {"dsfb-alt": 0.04332996746325592, "sfT": 6.731740154830023e-05, "oneh-in": 0.02158644676315494, "roll-out": 0.22006058566139347, "unknown": 0.0, "oneh-out": 0.023022551329518682, "dsfb-red": 0.035431392348255354, "sfR": 0.13138112868843263, "sfb": 0.03890945809491753, "dsfb": 0.0, "redirect": 0.04442948502187816, "roll-in": 0.23704700998541456, "alternate": 0.19643217771794008, "bad-redirect": 0.008302479524290363, "sft": 0.0}, "english-1k": {"dsfb-alt": 0.034227240649259, "sfT": 0.0, "oneh-in": 0.035285815102328866, "roll-out": 0.23147494707127736, "unknown": 0.0, "oneh-out": 0.019407198306280876, "dsfb-red": 0.03493295695130558, "sfR": 0.10832745236414962, "sfb": 0.026817219477769938, "dsfb": 0.0, "redirect": 0.04481298517995766, "roll-in": 0.2801693719124912, "alternate": 0.17537050105857446, "bad-redirect": 0.009174311926605505, "sft": 0.0}, "english-10k": {"dsfb-alt": 0.032168425927712706, "sfT": 3.859439223480828e-05, "oneh-in": 0.026977480172130988, "roll-out": 0.24042376642673818, "unknown": 0.0, "oneh-out": 0.01570791763956697, "dsfb-red": 0.03139653808301654, "sfR": 0.10567144593890508, "sfb": 0.026128403542965205, "dsfb": 0.0, "redirect": 0.062079079909689125, "roll-in": 0.24476563555315412, "alternate": 0.20433800968719246, "bad-redirect": 0.010304702726693812, "sft": 0.0}, "reddit": {"dsfb-alt": 0.02705406621758974, "sfT": 7.176840381039282e-05, "oneh-in": 0.054673552088372525, "roll-out": 0.20278132530695883, "unknown": 0.04519937363713543, "oneh-out": 0.01700559070621645, "dsfb-red": 0.03174639383435995, "sfR": 0.10397777127267367, "sfb": 0.020031512921777496, "dsfb": 0.0, "redirect": 0.04572306573195438, "roll-in": 0.2766228096543486, "alternate": 0.16470208152718369, "bad-redirect": 0.010410688697618851, "sft": 0.0}, "akl": {"dsfb-alt": 0.023577427065443742, "sfT": 0.000199415057400825, "oneh-in": 0.039450628441568235, "roll-out": 0.17529608911024044, "unknown": 0.13920166722946467, "oneh-out": 0.01402475153232225, "dsfb-red": 0.028574070167070087, "sfR": 0.13064861186637447, "sfb": 0.02283713788816168, "dsfb": 0.0, "redirect": 0.033042785932370894, "roll-in": 0.23430357534075552, "alternate": 0.15071610167010296, "bad-redirect": 0.00812773869872422, "sft": 0.0}, "french": {"dsfb-alt": 0.02759055348948514, "sfT": 0.00010490283206634174, "oneh-in": 0.029116633506614774, "roll-out": 0.16724623159198376, "unknown": 0.15842537463172957, "oneh-out": 0.013296995783346617, "dsfb-red": 0.024292286796792024, "sfR": 0.10898279115633469, "sfb": 0.03721226461827781, "dsfb": 0.0, "redirect": 0.0522094293802809, "roll-in": 0.2121044474441081, "alternate": 0.15406521021923777, "bad-redirect": 0.015352878549742467, "sft": 0.0}, "keymash": {"dsfb-alt": 0.029908091932696532, "sfT": 2.873409875499255e-05, "oneh-in": 0.06662616527032629, "roll-out": 0.2057525665707495, "unknown": 0.012376186820900362, "oneh-out": 0.017683785348072557, "dsfb-red": 0.033873397560885504, "sfR": 0.099723742164827, "sfb": 0.023865721451646667, "dsfb": 0.0, "redirect": 0.044299770537697084, "roll-in": 0.29269373966085555, "alternate": 0.16241744077697004, "bad-redirect": 0.010750657805617927, "sft": 0.0}, "movie": {"dsfb-alt": 0.03298631421958073, "sfT": 1.6318131984473035e-05, "oneh-in": 0.06785750428120668, "roll-out": 0.19609393927470378, "unknown": 0.030282373430185833, "oneh-out": 0.019162487667637552, "dsfb-red": 0.03915206775077843, "sfR": 0.11567713207251198, "sfb": 0.019894566443682902, "dsfb": 0.0, "redirect": 0.04241358858225569, "roll-in": 0.2692819456056126, "alternate": 0.15622861123879758, "bad-redirect": 0.01095315130106177, "sft": 0.0}, "dutch": {"dsfb-alt": 0.030046667760923268, "sfT": 0.00016585984667234402, "oneh-in": 0.009001366290659106, "roll-out": 0.2058602927905046, "unknown": 0.07360268279108878, "oneh-out": 0.019352795871642625, "dsfb-red": 0.027569313367848198, "sfR": 0.18880787437283908,