{"english-450k": {"alternate": 0.37043070196415717, "bad-redirect": 0.001857860107665259, "dsfb-red": 0.011631285954928402, "dsfb": 0.0, "sfb": 0.021786808286962354, "oneh-out": 0.0051297987898036666, "unknown": 0.00015377410175167997, "dsfb-alt": 0.0435268411817569, "oneh-in": 0.007142017691622702, "roll-in": 0.2335124051263491, "sfR": 0.11369548401129392, "sfT": 0.00013798740689504362, "sft": 0.0, "redirect": 0.030382371290199797, "roll-out": 0.16061266408661398}, "shai": {"alternate": 0.33906210473450077, "bad-redirect": 0.0009413414774991462, "dsfb-red": 0.008744693282487516, "dsfb": 0.0, "sfb": 0.011715940325108146, "oneh-out": 0.014047133993243196, "unknown": 0.02357661071706909, "dsfb-alt": 0.03864937208035712, "oneh-in": 0.00582121482533774, "roll-in": 0.22236997206803374, "sfR": 0.09823378925716947, "sfT": 3.866151355277829e-05, "sft": 0.0, "redirect": 0.029348725536307067, "roll-out": 0.2074504401893342}, "tr-quotes": {"alternate": 0.34225746053026973, "bad-redirect": 0.0008552738031945632, "dsfb-red": 0.009387207877765192, "dsfb": 0.0, "sfb": 0.007831534176278866, "oneh-out": 0.024144148309100576, "unknown": 0.01476503085920344, "dsfb-alt": 0.03643928711772728, "oneh-in": 0.005237974156861839, "roll-in": 0.21421719331499503, "sfR": 0.09677191928064538, "sfT": 2.195973278472527e-05, "sft": 0.0, "redirect": 0.02888860636601096, "roll-out": 0.21918240447516238}, "gutenberg": {"alternate": 0.3202263921045782, "bad-redirect": 0.0011788650691084309, "dsfb-red": 0.006360339819269737, "dsfb": 0.0, "sfb": 0.008428799997575209, "oneh-out": 0.015069127374637371, "unknown": 0.03800726906804304, "dsfb-alt": 0.03466105782254548, "oneh-in": 0.005002835868565732, "roll-in": 0.21180452549307552, "sfR": 0.09863878308844841, "sfT": 0.0001532543533518754, "sft": 0.0, "redirect": 0.024919082080303766, "roll-out": 0.23554966786049725}, "english-200": {"alternate": 0.34075723830734966, "bad-redirect": 0.0, "dsfb-red": 0.0022271714922048997, "dsfb": 0.0, "sfb": 0.0, "oneh-out": 0.017817371937639197, "unknown": 0.0, "dsfb-alt": 0.035634743875278395, "oneh-in": 0.0066815144766146995, "roll-in": 0.2583518930957684, "sfR": 0.10690423162583519, "sfT": 0.0, "sft": 0.0, "redirect": 0.031180400890868598, "roll-out": 0.20044543429844097}, "monkeyracer": {"alternate": 0.3422578084677104, "bad-redirect": 0.0008602217808154903, "dsfb-red": 0.009364687113877723, "dsfb": 0.0, "sfb": 0.0077390634530866325, "oneh-out": 0.02474212897070554, "unknown": 0.014345175719849227, "dsfb-alt": 0.03629256142765535, "oneh-in": 0.005314802070788432, "roll-in": 0.21375924738414376, "sfR": 0.09690789370786869, "sfT": 1.955049501853387e-05, "sft": 0.0, "redirect": 0.02882720490482819, "roll-out": 0.21956965450365204}, "chained-bigrams": {"alternate": 0.3456683910034939, "bad-redirect": 0.0032010721319075466, "dsfb-red": 0.014898945464249608, "dsfb": 0.0, "sfb": 0.012920514067510805, "oneh-out": 0.007556608006316436, "unknown": 0.02361326373652774, "dsfb-alt": 0.04807387009620748, "oneh-in": 0.00629306107554725, "roll-in": 0.1805917633102592, "sfR": 0.11914286586209158, "sfT": 3.0517320527313326e-05, "sft": 0.0, "redirect": 0.0378771892119324, "roll-out": 0.20013193871342871}, "english-5k": {"alternate": 0.3618451072302651, "bad-redirect": 0.001410378728170241, "dsfb-red": 0.009997096279089061, "dsfb": 0.0, "sfb": 0.014477122827394533, "oneh-out": 0.006180777367569586, "unknown": 0.002157049819554486, "dsfb-alt": 0.04156469075372299, "oneh-in": 0.00796449164143195, "roll-in": 0.2572281909818725, "sfR": 0.10644211224955408, "sfT": 0.0, "sft": 0.0, "redirect": 0.028373501472601318, "roll-out": 0.1623594806487742}, "mt-quotes": {"alternate": 0.34454973045983195, "bad-redirect": 0.000794874553256595, "dsfb-red": 0.009330811250164354, "dsfb": 0.0, "sfb": 0.00671459819987808, "oneh-out": 0.026492332149986253, "unknown": 0.008864644218931163, "dsfb-alt": 0.03641929931509305, "oneh-in": 0.005263802727674783, "roll-in": 0.2129576505181626, "sfR": 0.0964592223377679, "sfT": 5.9765004004255265e-06, "sft": 0.0, "redirect": 0.028643872294139443, "roll-out": 0.22350318547471343}, "wordle": {"alternate": 0.331919667900819, "bad-redirect": 0.0019970829125995735, "dsfb-red": 0.01604398070234489, "dsfb": 0.0, "sfb": 0.02616403006843936, "oneh-out": 0.010927858184674072, "unknown": 0.0, "dsfb-alt": 0.04851340738247504, "oneh-in": 0.0026478177942331426, "roll-in": 0.20024683047234376, "sfR": 0.13138112868843263, "sfT": 0.0002019522046449007, "sft": 0.0, "redirect": 0.032334791877033545, "roll-out": 0.19762145181196006}, "english-1k": {"alternate": 0.33168666196189134, "bad-redirect": 0.0, "dsfb-red": 0.009880028228652082, "dsfb": 0.0, "sfb": 0.009174311926605505, "oneh-out": 0.008468595624558928, "unknown": 0.0, "dsfb-alt": 0.031051517290049402, "oneh-in": 0.008821453775582216, "roll-in": 0.2745236414961186, "sfR": 0.10832745236414962, "sfT": 0.0, "sft": 0.0, "redirect": 0.029640084685956247, "roll-out": 0.18842625264643614}, "english-10k": {"alternate": 0.36280658420331524, "bad-redirect": 0.000964859805870207, "dsfb-red": 0.009513517685880242, "dsfb": 0.0, "sfb": 0.015167596148279654, "oneh-out": 0.006599641072152216, "unknown": 0.0, "dsfb-alt": 0.04264680341946315, "oneh-in": 0.0074873120935528064, "roll-in": 0.25476158314196945, "sfR": 0.10567144593890508, "sfT": 7.718878446961657e-05, "sft": 0.0, "redirect": 0.03043167827714633, "roll-out": 0.16387178942899597}, "reddit": {"alternate": 0.3318432399763494, "bad-redirect": 0.0009281572432242817, "dsfb-red": 0.009089078785488324, "dsfb": 0.0, "sfb": 0.01084287233183822, "oneh-out": 0.018476580782436667, "unknown": 0.040159553597531705, "dsfb-alt": 0.03831930834137263, "oneh-in": 0.005225796096450592, "roll-in": 0.20878027987055467, "sfR": 0.10397777127267367, "sfT": 0.00010780243536863807, "sft": 0.0, "redirect": 0.0285047918332351, "roll-out": 0.2037447674334761}, "akl": {"alternate": 0.2849438320843682, "bad-redirect": 0.0013136785016657742, "dsfb-red": 0.010316931084542917, "dsfb": 0.0, "sfb": 0.018123372124186438, "oneh-out": 0.016135077251900897, "unknown": 0.13242029519012413, "dsfb-alt": 0.032793659179332545, "oneh-in": 0.004745959769649048, "roll-in": 0.1757609873533397, "sfR": 0.13064861186637447, "sfT": 0.00021134882926609553, "sft": 0.0, "redirect": 0.023343989639805905, "roll-out": 0.16924225712544394}, "french": {"alternate": 0.2564873195293372, "bad-redirect": 0.001719001149451583, "dsfb-red": 0.007836535199387219, "dsfb": 0.0, "sfb": 0.044404640696339065, "oneh-out": 0.011685833906276286, "unknown": 0.1582127523819887, "dsfb-alt": 0.032894378953585414, "oneh-in": 0.00546819121254355, "roll-in": 0.1735811820799295, "sfR": 0.10898279115633469, "sfT": 5.14626147026398e-05, "sft": 0.0, "redirect": 0.019885334103160113, "roll-out": 0.17879057701696408}, "keymash": {"alternate": 0.33961652292775835, "bad-redirect": 0.0009071765464076219, "dsfb-red": 0.009638237696674644, "dsfb": 0.0, "sfb": 0.008427300677714243, "oneh-out": 0.02338545151531322, "unknown": 0.013394194891077241, "dsfb-alt": 0.03579447730621929, "oneh-in": 0.005336332625927188, "roll-in": 0.21510346327987423, "sfR": 0.099723742164827, "sfT": 2.873409875499255e-05, "sft": 0.0, "redirect": 0.028766937724998255, "roll-out": 0.2198774285444537}, "movie": {"alternate": 0.32524142610472107, "bad-redirect": 0.0006928626201471817, "dsfb-red": 0.010250945234375093, "dsfb": 0.0, "sfb": 0.007816122024885415, "oneh-out": 0.03499199687744649, "unknown": 0.030313825313607518, "dsfb-alt": 0.04140673351924599, "oneh-in": 0.0032466502757172114, "roll-in": 0.1957236229569271, "sfR": 0.11567713207251198, "sfT": 1.6844523338810876e-05, "sft": 0.0, "redirect": 0.02650011995142987, "roll-out": 0.20812171852564626}, "dutch": {"alternate": 0.27096960662240177, "bad-redirect": 0.0007012733625249055, "dsfb-red": 0.008916069502483935, "dsfb": 0.0, "sfb": 0.023963681678339555, "oneh-out": 0.0036149377717165317, "unknown": 0.07324141314884507, "dsfb-alt": 0.029572272737851894, "oneh-in": 0.004572585630211294,