{"english-450k": {"roll-out": 0.17202030519774006, "dsfb": 0.0, "sfR": 0.11369548401129392, "sfT": 2.1925965078661592e-05, "sfb": 0.032886608848384, "alternate": 0.21922135343427854, "sft": 0.0, "redirect": 0.053038032486679244, "unknown": 0.00015377410175167997, "roll-in": 0.29887575344924666, "bad-redirect": 0.017835749379787536, "oneh-in": 0.01877476537755635, "oneh-out": 0.007203995086245053, "dsfb-alt": 0.04266237346525553, "dsfb-red": 0.023609879196702804}, "shai": {"roll-out": 0.13974737609505478, "dsfb": 0.0, "sfR": 0.09823378925716947, "sfT": 3.4055727074871973e-05, "sfb": 0.020678212508975478, "alternate": 0.18954429961546715, "sft": 0.0, "redirect": 0.04768489949167599, "unknown": 0.024097749651430984, "roll-in": 0.3493853597297278, "bad-redirect": 0.02113697593503658, "oneh-in": 0.053980874142665745, "oneh-out": 0.0058438760688908, "dsfb-alt": 0.030825692888325082, "dsfb-red": 0.01880683888850529}, "tr-quotes": {"roll-out": 0.13013684380851112, "dsfb": 0.0, "sfR": 0.09677191928064538, "sfT": 1.3869304916668594e-05, "sfb": 0.0177423083146483, "alternate": 0.1834446730311366, "sft": 0.0, "redirect": 0.04408011835140196, "unknown": 0.013841566306835256, "roll-in": 0.3729791266961004, "bad-redirect": 0.02032893368160699, "oneh-in": 0.06690899424423846, "oneh-out": 0.005449481056841034, "dsfb-alt": 0.02909433438894154, "dsfb-red": 0.019207831534176278}, "gutenberg": {"roll-out": 0.120678236707316, "dsfb": 0.0, "sfR": 0.09863878308844841, "sfT": 1.74281835702998e-05, "sfb": 0.02143136156168649, "alternate": 0.17815089245560453, "sft": 0.0, "redirect": 0.043241028368915246, "unknown": 0.032773320330392895, "roll-in": 0.3706698067706978, "bad-redirect": 0.018360970264866713, "oneh-in": 0.06664385847860292, "oneh-out": 0.005512231364441125, "dsfb-alt": 0.027610410384469517, "dsfb-red": 0.016271672040988058}, "english-200": {"roll-out": 0.10022271714922049, "dsfb": 0.0, "sfR": 0.10690423162583519, "sfT": 0.0, "sfb": 0.0066815144766146995, "alternate": 0.16703786191536749, "sft": 0.0, "redirect": 0.0334075723830735, "unknown": 0.0, "roll-in": 0.46993318485523383, "bad-redirect": 0.024498886414253896, "oneh-in": 0.044543429844097995, "oneh-out": 0.0022271714922048997, "dsfb-alt": 0.022271714922048998, "dsfb-red": 0.022271714922048998}, "monkeyracer": {"roll-out": 0.12983190484383064, "dsfb": 0.0, "sfR": 0.09690789370786869, "sfT": 1.3685346512973709e-05, "sfb": 0.017567097298903607, "alternate": 0.1833807106995949, "sft": 0.0, "redirect": 0.04379213131676494, "unknown": 0.013446830473747595, "roll-in": 0.37382306019988426, "bad-redirect": 0.020313941849007616, "oneh-in": 0.06713346731939253, "oneh-out": 0.005459475733925583, "dsfb-alt": 0.02908136134006913, "dsfb-red": 0.01924843987049752}, "chained-bigrams": {"roll-out": 0.11565609966567302, "dsfb": 0.0, "sfR": 0.11914286586209158, "sfT": 4.350341436872325e-05, "sfb": 0.021108246234519765, "alternate": 0.1902488719954237, "sft": 0.0, "redirect": 0.05357348083804458, "unknown": 0.022850980028036975, "roll-in": 0.3355093697913589, "bad-redirect": 0.016704661812897658, "oneh-in": 0.04974582967828901, "oneh-out": 0.004963285066186874, "dsfb-alt": 0.041852881841480054, "dsfb-red": 0.028599923771629152}, "english-5k": {"roll-out": 0.15958020491973285, "dsfb": 0.0, "sfR": 0.10644211224955408, "sfT": 0.0, "sfb": 0.02555274401626084, "alternate": 0.2136723773177915, "sft": 0.0, "redirect": 0.05529514248973327, "unknown": 0.002157049819554486, "roll-in": 0.3316464097565023, "bad-redirect": 0.01908159455759738, "oneh-in": 0.023934956651594973, "oneh-out": 0.006263740822167835, "dsfb-alt": 0.03642095656863152, "dsfb-red": 0.019952710830879}, "mt-quotes": {"roll-out": 0.12755644804628202, "dsfb": 0.0, "sfR": 0.0964592223377679, "sfT": 4.482375300319145e-06, "sfb": 0.01642641135056956, "alternate": 0.18231912121538113, "sft": 0.0, "redirect": 0.04274393086384337, "unknown": 0.007995063410669249, "roll-in": 0.38188194021109, "bad-redirect": 0.02063087938226892, "oneh-in": 0.0706153404812278, "oneh-out": 0.005311614730878187, "dsfb-alt": 0.02884707330775391, "dsfb-red": 0.019208472286967645}, "wordle": {"roll-out": 0.16490519465948614, "dsfb": 0.0, "sfR": 0.13138112868843263, "sfT": 0.0, "sfb": 0.03215527880623808, "alternate": 0.19474924267923258, "sft": 0.0, "redirect": 0.048760237854818804, "unknown": 0.0, "roll-in": 0.31589812633232356, "bad-redirect": 0.018826433299674632, "oneh-in": 0.019499607315157635, "oneh-out": 0.008078088185796028, "dsfb-alt": 0.04243240210927858, "dsfb-red": 0.023314260069561315}, "english-1k": {"roll-out": 0.12208892025405788, "dsfb": 0.0, "sfR": 0.10832745236414962, "sfT": 0.0, "sfb": 0.020465772759350742, "alternate": 0.18736767819336628, "sft": 0.0, "redirect": 0.043754410726887794, "unknown": 0.0, "roll-in": 0.4015525758645025, "bad-redirect": 0.02364149611856034, "oneh-in": 0.03705010585744531, "oneh-out": 0.004940014114326041, "dsfb-alt": 0.03352152434721242, "dsfb-red": 0.017290049400141144}, "english-10k": {"roll-out": 0.1705872136778526, "dsfb": 0.0, "sfR": 0.10567144593890508, "sfT": 1.929719611740414e-05, "sfb": 0.02572316242449972, "alternate": 0.20298720595897415, "sft": 0.0, "redirect": 0.059184500492078504, "unknown": 0.0, "roll-in": 0.32697169101329576, "bad-redirect": 0.024372358696281432, "oneh-in": 0.02259701665348025, "oneh-out": 0.007236448544026553, "dsfb-alt": 0.033480635263696185, "dsfb-red": 0.02116902414079234}, "reddit": {"roll-out": 0.13091897830410437, "dsfb": 0.0, "sfR": 0.10397777127267367, "sfT": 9.903740066528111e-05, "sfb": 0.018317836265031424, "alternate": 0.1812556361701518, "sft": 0.0, "redirect": 0.042098499137636705, "unknown": 0.043641070330601, "roll-in": 0.35279598051989763, "bad-redirect": 0.019434179552485047, "oneh-in": 0.053591669621120136, "oneh-out": 0.005490170519255265, "dsfb-alt": 0.030257386742360608, "dsfb-red": 0.018121784164017024}, "akl": {"roll-out": 0.11330417160931953, "dsfb": 0.0, "sfR": 0.13064861186637447, "sfT": 0.0010435749943549307, "sfb": 0.02192725572934087, "alternate": 0.15950820308453165, "sft": 0.0, "redirect": 0.03209300099598815, "unknown": 0.13704061680255808, "roll-in": 0.30082106079965215, "bad-redirect": 0.01664232432518041, "oneh-in": 0.03988773063218625, "oneh-out": 0.004455571320927465, "dsfb-alt": 0.024652257176588668, "dsfb-red": 0.017975620662997373}, "french": {"roll-out": 0.10767523623325242, "dsfb": 0.0, "sfR": 0.10898279115633469, "sfT": 0.00016926480958090958, "sfb": 0.030254054673492334, "alternate": 0.17254054358873727, "sft": 0.0, "redirect": 0.04073056957069078, "unknown": 0.15839923132382386, "roll-in": 0.276471428892682, "bad-redirect": 0.02608417458977442, "oneh-in": 0.026851259694691407, "oneh-out": 0.0037479315886712913, "dsfb-alt": 0.031411281830657195, "dsfb-red": 0.016682232047611444}, "keymash": {"roll-out": 0.12938964669373146, "dsfb": 0.0, "sfR": 0.099723742164827, "sfT": 1.6419485002852885e-05, "sfb": 0.017942392236867492, "alternate": 0.18020384790631042, "sft": 0.0, "redirect": 0.04473488689027268, "unknown": 0.012376186820900362, "roll-in": 0.37388809299996306, "bad-redirect": 0.020343741918534726, "oneh-in": 0.06757849540049177, "oneh-out": 0.005438954407195018, "dsfb-alt": 0.029284151502588122, "dsfb-red": 0.019079441573315054}, "movie": {"roll-out": 0.12661857116593975, "dsfb": 0.0, "sfR": 0.11567713207251198, "sfT": 4.211130834702719e-06, "sfb": 0.01651829229696, "alternate": 0.18230946047649735, "sft": 0.0, "redirect": 0.0402126147319306, "unknown": 0.030265265711169855, "roll-in": 0.3461282402513308, "bad-redirect": 0.018282756116700438, "oneh-in": 0.06735980125568025, "oneh-out": 0.004772132420588271, "dsfb-alt": 0.030359358165757744, "dsfb-red": 0.021492164204098246}, "dutch": {"roll-out": 0.147422005438123, "dsfb": 0.0, "sfR": 0.18880787437283908, "sfT": 6.623635390352852e-05, "sfb": 0.027947886226528544, "alternate": 0.14580131267041202, "sft": 0.0, "redirect": 0.055489155832193444, "unknown": 0.07359278499267115, "roll-in": 0.26865024045732994,