{"english-450k": {"dsfb": 0.0, "sfR": 0.11369548401129392, "unknown": 0.0, "oneh-out": 0.005867095908848793, "redirect": 0.05296611532122124, "dsfb-alt": 0.04532155450999561, "sfT": 0.002181487352226304, "roll-in": 0.2915118449910279, "oneh-in": 0.013332740845032541, "alternate": 0.25312123421549776, "sfb": 0.04006955500815353, "bad-redirect": 0.0012293157754102932, "dsfb-red": 0.022055766791927268, "roll-out": 0.15864780526936487, "sft": 0.0}, "shai": {"dsfb": 0.0, "sfR": 0.09823378925716947, "unknown": 0.015546460696927484, "oneh-out": 0.0054410477908790255, "redirect": 0.047368385200423704, "dsfb-alt": 0.04268653744868225, "sfT": 0.00030315364005755455, "roll-in": 0.3508893696280661, "oneh-in": 0.013664311858344276, "alternate": 0.23987113628700227, "sfb": 0.02512664751691601, "bad-redirect": 0.0009344869835055562, "dsfb-red": 0.017689444125694776, "roll-out": 0.14224522956633154, "sft": 0.0}, "tr-quotes": {"dsfb": 0.0, "sfR": 0.09677191928064538, "unknown": 0.009016203971244308, "oneh-out": 0.0067948036337578885, "redirect": 0.052896373176764294, "dsfb-alt": 0.04686669286424262, "sfT": 0.0002091953491597513, "roll-in": 0.35624003143709115, "oneh-in": 0.011272277571022398, "alternate": 0.23042809921176116, "sfb": 0.024140680982871407, "bad-redirect": 0.0008148216638542798, "dsfb-red": 0.01643397055084256, "roll-out": 0.1481149303067428, "sft": 0.0}, "gutenberg": {"dsfb": 0.0, "sfR": 0.09863878308844841, "unknown": 0.025597834055655768, "oneh-out": 0.006047200825338154, "redirect": 0.045882345363705355, "dsfb-alt": 0.042426260787003726, "sfT": 0.0001119571357613824, "roll-in": 0.36679430916764133, "oneh-in": 0.010828395663716378, "alternate": 0.2252158916239771, "sfb": 0.02676684841231142, "bad-redirect": 0.0008369316849302664, "dsfb-red": 0.014266294309735951, "roll-out": 0.13658694788177478, "sft": 0.0}, "english-200": {"dsfb": 0.0, "sfR": 0.10690423162583519, "unknown": 0.0, "oneh-out": 0.0066815144766146995, "redirect": 0.035634743875278395, "dsfb-alt": 0.042316258351893093, "sfT": 0.0, "roll-in": 0.3897550111358575, "oneh-in": 0.011135857461024499, "alternate": 0.24721603563474387, "sfb": 0.0066815144766146995, "bad-redirect": 0.0, "dsfb-red": 0.013363028953229399, "roll-out": 0.1403118040089087, "sft": 0.0}, "monkeyracer": {"dsfb": 0.0, "sfR": 0.09690789370786869, "unknown": 0.008896452758183838, "oneh-out": 0.006846583355490561, "redirect": 0.052901684470650794, "dsfb-alt": 0.04689186230195348, "sfT": 0.00019843752443811878, "roll-in": 0.35624912022772415, "oneh-in": 0.011174085427843034, "alternate": 0.2300086413187982, "sfb": 0.02384573877410576, "bad-redirect": 0.0008181882165256424, "dsfb-red": 0.01648693244912961, "roll-out": 0.1487743794672881, "sft": 0.0}, "chained-bigrams": {"dsfb": 0.0, "sfR": 0.11914286586209158, "unknown": 0.016074836261589277, "oneh-out": 0.004548379367953826, "redirect": 0.05399617819258247, "dsfb-alt": 0.05273717639465778, "sfT": 0.0001220692821092533, "roll-in": 0.3331543416732192, "oneh-in": 0.015902770518190595, "alternate": 0.24600531520820929, "sfb": 0.024776168440026, "bad-redirect": 0.0019070078806110477, "dsfb-red": 0.02583518439279298, "roll-out": 0.10579770652596666, "sft": 0.0}, "english-5k": {"dsfb": 0.0, "sfR": 0.10644211224955408, "unknown": 0.0, "oneh-out": 0.004853362093997594, "redirect": 0.0464595345750197, "dsfb-alt": 0.03961504957066412, "sfT": 0.00041481727299124733, "roll-in": 0.34002571867092546, "oneh-in": 0.020118637740075496, "alternate": 0.25685485543618036, "sfb": 0.0273364582901232, "bad-redirect": 0.0005392624548886216, "dsfb-red": 0.020035674285477246, "roll-out": 0.13730451736010288, "sft": 0.0}, "mt-quotes": {"dsfb": 0.0, "sfR": 0.0964592223377679, "unknown": 0.005181625847168932, "oneh-out": 0.006952164090794994, "redirect": 0.05328946582039421, "dsfb-alt": 0.0474803074311806, "sfT": 0.00014791838491053178, "roll-in": 0.36131381408302554, "oneh-in": 0.010956419359080097, "alternate": 0.22973667539235726, "sfb": 0.022395441125494554, "bad-redirect": 0.000770968551654893, "dsfb-red": 0.015851173187028604, "roll-out": 0.1494648043891419, "sft": 0.0}, "wordle": {"dsfb": 0.0, "sfR": 0.13138112868843263, "unknown": 0.0, "oneh-out": 0.008302479524290363, "redirect": 0.047952429036239204, "dsfb-alt": 0.05237293840457758, "sfT": 0.0007404914170313026, "roll-in": 0.2538090429709413, "oneh-in": 0.007360035902614159, "alternate": 0.24445192415572758, "sfb": 0.04570851565129586, "bad-redirect": 0.0005609783462358353, "dsfb-red": 0.021653764164703243, "roll-out": 0.1857062717379109, "sft": 0.0}, "english-1k": {"dsfb": 0.0, "sfR": 0.10832745236414962, "unknown": 0.0, "oneh-out": 0.007410021171489062, "redirect": 0.05434015525758645, "dsfb-alt": 0.038108680310515175, "sfT": 0.0, "roll-in": 0.3666196189131969, "oneh-in": 0.013761467889908258, "alternate": 0.22335920959774172, "sfb": 0.02399435426958363, "bad-redirect": 0.0007057163020465773, "dsfb-red": 0.01587861679604799, "roll-out": 0.14749470712773466, "sft": 0.0}, "english-10k": {"dsfb": 0.0, "sfR": 0.10567144593890508, "unknown": 0.0, "oneh-out": 0.005750564442986434, "redirect": 0.045869435171069645, "dsfb-alt": 0.03847860905810386, "sfT": 0.0004245383145828911, "roll-in": 0.3351729993631925, "oneh-in": 0.018525308272707975, "alternate": 0.2501495532699099, "sfb": 0.027845853997414176, "bad-redirect": 0.000964859805870207, "dsfb-red": 0.019567356863047797, "roll-out": 0.15157947550220952, "sft": 0.0}, "reddit": {"dsfb": 0.0, "sfR": 0.10397777127267367, "unknown": 0.03259398018165722, "oneh-out": 0.005565834494044927, "redirect": 0.04768639604809307, "dsfb-alt": 0.04847985643322645, "sfT": 0.00048114047335307713, "roll-in": 0.3360437142995735, "oneh-in": 0.011271422596971156, "alternate": 0.22891929556839472, "sfb": 0.024524941674125375, "bad-redirect": 0.0006668917857203725, "dsfb-red": 0.016143658169639755, "roll-out": 0.1436450970025267, "sft": 0.0}, "akl": {"dsfb": 0.0, "sfR": 0.13064861186637447, "unknown": 0.12418707973758451, "oneh-out": 0.004522850121733121, "redirect": 0.03874347215884379, "dsfb-alt": 0.04187397477348873, "sfT": 0.00044355087479365756, "roll-in": 0.28018961997558245, "oneh-in": 0.008376346592116253, "alternate": 0.1946465890055667, "sfb": 0.029622413728650685, "bad-redirect": 0.0009478330358085055, "dsfb-red": 0.014406904015635168, "roll-out": 0.13139075411382195, "sft": 0.0}, "french": {"dsfb": 0.0, "sfR": 0.10898279115633469, "unknown": 0.14987028050181309, "oneh-out": 0.018109821459484848, "redirect": 0.051945868880179345, "dsfb-alt": 0.030089254451737154, "sfT": 0.0003450467188403194, "roll-in": 0.24116826997056953, "oneh-in": 0.02080526392283586, "alternate": 0.1850288197384162, "sfb": 0.028658369035428646, "bad-redirect": 0.00322588943166591, "dsfb-red": 0.021153486791404552, "roll-out": 0.14061683794128987, "sft": 0.0}, "keymash": {"dsfb": 0.0, "sfR": 0.099723742164827, "unknown": 0.008566866300238493, "oneh-out": 0.007117846748736726, "redirect": 0.05264086891914635, "dsfb-alt": 0.04748104575699983, "sfT": 0.00019703382003423463, "roll-in": 0.35821158969348926, "oneh-in": 0.011510058986999873, "alternate": 0.22591569415425286, "sfb": 0.024407564456740815, "bad-redirect": 0.0008456034776469236, "dsfb-red": 0.01581196405774733, "roll-out": 0.1475701214631403, "sft": 0.0}, "movie": {"dsfb": 0.0, "sfR": 0.11567713207251198, "unknown": 0.024481409107544254, "oneh-out": 0.0074176437696516695, "redirect": 0.05475233352577324, "dsfb-alt": 0.053356870045423624, "sfT": 0.00012146480501345653, "roll-in": 0.3129707172437517, "oneh-in": 0.007924690241717594, "alternate": 0.2198166868428086, "sfb": 0.027663181648839328, "bad-redirect": 0.0007732688995222867, "dsfb-red": 0.01821353565360501, "roll-out": 0.15683106614383724, "sft": 0.0}, "dutch": {"dsfb": 0.0, "sfR": 0.18880787437283908, "unknown": 0.06757528217063309, "oneh-out": 0.00903299621168938, "redirect": 0.03922857921873306, "dsfb-alt": 0.02793680499569141, "sfT": 0.00024665600549456915, "roll-in": 0.2782652523190882, "oneh-in": 0.008111443041989366,