{"english-450k": {"sfT": 0.002181487352226304, "alternate": 0.25312123421549776, "dsfb-alt": 0.04532155450999561, "sfR": 0.11369548401129392, "redirect": 0.05296611532122124, "unknown": 0.0, "bad-redirect": 0.0012293157754102932, "sft": 0.0, "dsfb": 0.0, "roll-out": 0.15864780526936487, "roll-in": 0.2915118449910279, "oneh-in": 0.013332740845032541, "oneh-out": 0.005867095908848793, "sfb": 0.04006955500815353, "dsfb-red": 0.022055766791927268}, "shai": {"sfT": 0.00030315364005755455, "alternate": 0.23987113628700227, "dsfb-alt": 0.04268653744868225, "sfR": 0.09823378925716947, "redirect": 0.047368385200423704, "unknown": 0.015546460696927484, "bad-redirect": 0.0009344869835055562, "sft": 0.0, "dsfb": 0.0, "roll-out": 0.14224522956633154, "roll-in": 0.3508893696280661, "oneh-in": 0.013664311858344276, "oneh-out": 0.0054410477908790255, "sfb": 0.02512664751691601, "dsfb-red": 0.017689444125694776}, "tr-quotes": {"sfT": 0.0002091953491597513, "alternate": 0.23042809921176116, "dsfb-alt": 0.04686669286424262, "sfR": 0.09677191928064538, "redirect": 0.052896373176764294, "unknown": 0.009016203971244308, "bad-redirect": 0.0008148216638542798, "sft": 0.0, "dsfb": 0.0, "roll-out": 0.1481149303067428, "roll-in": 0.35624003143709115, "oneh-in": 0.011272277571022398, "oneh-out": 0.0067948036337578885, "sfb": 0.024140680982871407, "dsfb-red": 0.01643397055084256}, "gutenberg": {"sfT": 0.0001119571357613824, "alternate": 0.2252158916239771, "dsfb-alt": 0.042426260787003726, "sfR": 0.09863878308844841, "redirect": 0.045882345363705355, "unknown": 0.025597834055655768, "bad-redirect": 0.0008369316849302664, "sft": 0.0, "dsfb": 0.0, "roll-out": 0.13658694788177478, "roll-in": 0.36679430916764133, "oneh-in": 0.010828395663716378, "oneh-out": 0.006047200825338154, "sfb": 0.02676684841231142, "dsfb-red": 0.014266294309735951}, "english-200": {"sfT": 0.0, "alternate": 0.24721603563474387, "dsfb-alt": 0.042316258351893093, "sfR": 0.10690423162583519, "redirect": 0.035634743875278395, "unknown": 0.0, "bad-redirect": 0.0, "sft": 0.0, "dsfb": 0.0, "roll-out": 0.1403118040089087, "roll-in": 0.3897550111358575, "oneh-in": 0.011135857461024499, "oneh-out": 0.0066815144766146995, "sfb": 0.0066815144766146995, "dsfb-red": 0.013363028953229399}, "monkeyracer": {"sfT": 0.00019843752443811878, "alternate": 0.2300086413187982, "dsfb-alt": 0.04689186230195348, "sfR": 0.09690789370786869, "redirect": 0.052901684470650794, "unknown": 0.008896452758183838, "bad-redirect": 0.0008181882165256424, "sft": 0.0, "dsfb": 0.0, "roll-out": 0.1487743794672881, "roll-in": 0.35624912022772415, "oneh-in": 0.011174085427843034, "oneh-out": 0.006846583355490561, "sfb": 0.02384573877410576, "dsfb-red": 0.01648693244912961}, "chained-bigrams": {"sfT": 0.0001220692821092533, "alternate": 0.24600531520820929, "dsfb-alt": 0.05273717639465778, "sfR": 0.11914286586209158, "redirect": 0.05399617819258247, "unknown": 0.016074836261589277, "bad-redirect": 0.0019070078806110477, "sft": 0.0, "dsfb": 0.0, "roll-out": 0.10579770652596666, "roll-in": 0.3331543416732192, "oneh-in": 0.015902770518190595, "oneh-out": 0.004548379367953826, "sfb": 0.024776168440026, "dsfb-red": 0.02583518439279298}, "english-5k": {"sfT": 0.00041481727299124733, "alternate": 0.25685485543618036, "dsfb-alt": 0.03961504957066412, "sfR": 0.10644211224955408, "redirect": 0.0464595345750197, "unknown": 0.0, "bad-redirect": 0.0005392624548886216, "sft": 0.0, "dsfb": 0.0, "roll-out": 0.13730451736010288, "roll-in": 0.34002571867092546, "oneh-in": 0.020118637740075496, "oneh-out": 0.004853362093997594, "sfb": 0.0273364582901232, "dsfb-red": 0.020035674285477246}, "mt-quotes": {"sfT": 0.00014791838491053178, "alternate": 0.22973667539235726, "dsfb-alt": 0.0474803074311806, "sfR": 0.0964592223377679, "redirect": 0.05328946582039421, "unknown": 0.005181625847168932, "bad-redirect": 0.000770968551654893, "sft": 0.0, "dsfb": 0.0, "roll-out": 0.1494648043891419, "roll-in": 0.36131381408302554, "oneh-in": 0.010956419359080097, "oneh-out": 0.006952164090794994, "sfb": 0.022395441125494554, "dsfb-red": 0.015851173187028604}, "wordle": {"sfT": 0.0007404914170313026, "alternate": 0.24445192415572758, "dsfb-alt": 0.05237293840457758, "sfR": 0.13138112868843263, "redirect": 0.047952429036239204, "unknown": 0.0, "bad-redirect": 0.0005609783462358353, "sft": 0.0, "dsfb": 0.0, "roll-out": 0.1857062717379109, "roll-in": 0.2538090429709413, "oneh-in": 0.007360035902614159, "oneh-out": 0.008302479524290363, "sfb": 0.04570851565129586, "dsfb-red": 0.021653764164703243}, "english-1k": {"sfT": 0.0, "alternate": 0.22335920959774172, "dsfb-alt": 0.038108680310515175, "sfR": 0.10832745236414962, "redirect": 0.05434015525758645, "unknown": 0.0, "bad-redirect": 0.0007057163020465773, "sft": 0.0, "dsfb": 0.0, "roll-out": 0.14749470712773466, "roll-in": 0.3666196189131969, "oneh-in": 0.013761467889908258, "oneh-out": 0.007410021171489062, "sfb": 0.02399435426958363, "dsfb-red": 0.01587861679604799}, "english-10k": {"sfT": 0.0004245383145828911, "alternate": 0.2501495532699099, "dsfb-alt": 0.03847860905810386, "sfR": 0.10567144593890508, "redirect": 0.045869435171069645, "unknown": 0.0, "bad-redirect": 0.000964859805870207, "sft": 0.0, "dsfb": 0.0, "roll-out": 0.15157947550220952, "roll-in": 0.3351729993631925, "oneh-in": 0.018525308272707975, "oneh-out": 0.005750564442986434, "sfb": 0.027845853997414176, "dsfb-red": 0.019567356863047797}, "reddit": {"sfT": 0.00048114047335307713, "alternate": 0.22891929556839472, "dsfb-alt": 0.04847985643322645, "sfR": 0.10397777127267367, "redirect": 0.04768639604809307, "unknown": 0.03259398018165722, "bad-redirect": 0.0006668917857203725, "sft": 0.0, "dsfb": 0.0, "roll-out": 0.1436450970025267, "roll-in": 0.3360437142995735, "oneh-in": 0.011271422596971156, "oneh-out": 0.005565834494044927, "sfb": 0.024524941674125375, "dsfb-red": 0.016143658169639755}, "akl": {"sfT": 0.00044355087479365756, "alternate": 0.1946465890055667, "dsfb-alt": 0.04187397477348873, "sfR": 0.13064861186637447, "redirect": 0.03874347215884379, "unknown": 0.12418707973758451, "bad-redirect": 0.0009478330358085055, "sft": 0.0, "dsfb": 0.0, "roll-out": 0.13139075411382195, "roll-in": 0.28018961997558245, "oneh-in": 0.008376346592116253, "oneh-out": 0.004522850121733121, "sfb": 0.029622413728650685, "dsfb-red": 0.014406904015635168}, "french": {"sfT": 0.0003450467188403194, "alternate": 0.1850288197384162, "dsfb-alt": 0.030089254451737154, "sfR": 0.10898279115633469, "redirect": 0.051945868880179345, "unknown": 0.14987028050181309, "bad-redirect": 0.00322588943166591, "sft": 0.0, "dsfb": 0.0, "roll-out": 0.14061683794128987, "roll-in": 0.24116826997056953, "oneh-in": 0.02080526392283586, "oneh-out": 0.018109821459484848, "sfb": 0.028658369035428646, "dsfb-red": 0.021153486791404552}, "keymash": {"sfT": 0.00019703382003423463, "alternate": 0.22591569415425286, "dsfb-alt": 0.04748104575699983, "sfR": 0.099723742164827, "redirect": 0.05264086891914635, "unknown": 0.008566866300238493, "bad-redirect": 0.0008456034776469236, "sft": 0.0, "dsfb": 0.0, "roll-out": 0.1475701214631403, "roll-in": 0.35821158969348926, "oneh-in": 0.011510058986999873, "oneh-out": 0.007117846748736726, "sfb": 0.024407564456740815, "dsfb-red": 0.01581196405774733}, "movie": {"sfT": 0.00012146480501345653, "alternate": 0.2198166868428086, "dsfb-alt": 0.053356870045423624, "sfR": 0.11567713207251198, "redirect": 0.05475233352577324, "unknown": 0.024481409107544254, "bad-redirect": 0.0007732688995222867, "sft": 0.0, "dsfb": 0.0, "roll-out": 0.15683106614383724, "roll-in": 0.3129707172437517, "oneh-in": 0.007924690241717594, "oneh-out": 0.0074176437696516695, "sfb": 0.027663181648839328, "dsfb-red": 0.01821353565360501}, "dutch": {"sfT": 0.00024665600549456915, "alternate": 0.1957102260287784, "dsfb-alt": 0.02793680499569141, "sfR": 0.18880787437283908, "redirect": 0.03922857921873306, "unknown": 0.06757528217063309, "bad-redirect": 0.0017258210143098855, "sft": 0.0, "dsfb": 0.0,