{"english-450k": {"roll-in": 0.2494604750859644, "dsfb-red": 0.023999284336499834, "bad-redirect": 0.015855980906284917, "oneh-in": 0.013158502509207444, "sfR": 0.11369548401129392, "dsfb-alt": 0.03150731947183566, "oneh-out": 0.010833765518467217, "unknown": 0.00015377410175167997, "sfT": 5.437639339508075e-05, "roll-out": 0.21428713425297652, "alternate": 0.20574214714252054, "redirect": 0.08203848328452126, "sft": 0.0, "sfb": 0.03921327298528154, "dsfb": 0.0}, "shai": {"roll-in": 0.2523840557115932, "dsfb-red": 0.025675641783447223, "bad-redirect": 0.017955801789243546, "oneh-in": 0.011281935904172393, "sfR": 0.09823378925716947, "dsfb-alt": 0.033342155285136114, "oneh-out": 0.01141834459209452, "unknown": 0.021625131245562576, "sfT": 4.4556146162737375e-05, "roll-out": 0.23038631633996803, "alternate": 0.20041231852040153, "redirect": 0.07879324059420993, "sft": 0.0, "sfb": 0.018446712830838673, "dsfb": 0.0}, "tr-quotes": {"roll-in": 0.24960356903446523, "dsfb-red": 0.025882434525323038, "bad-redirect": 0.02059476202584314, "oneh-in": 0.010806500080904278, "sfR": 0.09677191928064538, "dsfb-alt": 0.031617392108365505, "oneh-out": 0.015008899470654863, "unknown": 0.013984882457640832, "sfT": 1.0401978687501445e-05, "roll-out": 0.2382157139224706, "alternate": 0.20753334412057048, "redirect": 0.07561891773190633, "sft": 0.0, "sfb": 0.014351263262522826, "dsfb": 0.0}, "gutenberg": {"roll-in": 0.24619241548183435, "dsfb-red": 0.024962841976007455, "bad-redirect": 0.017716885219877375, "oneh-in": 0.00965407707727846, "sfR": 0.09863878308844841, "dsfb-alt": 0.027186072001888304, "oneh-out": 0.013852564386719269, "unknown": 0.033398840571144305, "sfT": 3.788735558760826e-06, "roll-out": 0.23361305567963664, "alternate": 0.19985788452919087, "redirect": 0.079485019907911, "sft": 0.0, "sfb": 0.015437771344504799, "dsfb": 0.0}, "english-200": {"roll-in": 0.26057906458797325, "dsfb-red": 0.024498886414253896, "bad-redirect": 0.022271714922048998, "oneh-in": 0.011135857461024499, "sfR": 0.10690423162583519, "dsfb-alt": 0.031180400890868598, "oneh-out": 0.011135857461024499, "unknown": 0.0, "sfT": 0.0, "roll-out": 0.2026726057906459, "alternate": 0.23385300668151449, "redirect": 0.08908685968819599, "sft": 0.0, "sfb": 0.0066815144766146995, "dsfb": 0.0}, "monkeyracer": {"roll-in": 0.25010361762359823, "dsfb-red": 0.025987495503386145, "bad-redirect": 0.020741120165162583, "oneh-in": 0.010859322458044638, "sfR": 0.09690789370786869, "dsfb-alt": 0.03150855529662011, "oneh-out": 0.015090049580055368, "unknown": 0.013260123246320596, "sfT": 1.0752772260193629e-05, "roll-out": 0.2379774230883526, "alternate": 0.20780905422525298, "redirect": 0.07553333750410561, "sft": 0.0, "sfb": 0.014211254828972269, "dsfb": 0.0}, "chained-bigrams": {"roll-in": 0.2327497599195901, "dsfb-red": 0.03281520983255081, "bad-redirect": 0.022062724131863394, "oneh-in": 0.012434834157842075, "sfR": 0.11914286586209158, "dsfb-alt": 0.04233726314176464, "oneh-out": 0.011547883948473777, "unknown": 0.020728402989658525, "sfT": 7.661795366431856e-05, "roll-out": 0.21650285791460214, "alternate": 0.19639259299179473, "redirect": 0.07183387669314314, "sft": 0.0, "sfb": 0.02137511046296074, "dsfb": 0.0}, "english-5k": {"roll-in": 0.271041606172481, "dsfb-red": 0.02646534201684158, "bad-redirect": 0.014477122827394533, "oneh-in": 0.01182229228025055, "sfR": 0.10644211224955408, "dsfb-alt": 0.030986850292446178, "oneh-out": 0.011241548098062803, "unknown": 0.002157049819554486, "sfT": 0.0, "roll-out": 0.21512423777326087, "alternate": 0.20504417803957356, "redirect": 0.0841664246899241, "sft": 0.0, "sfb": 0.02103123574065624, "dsfb": 0.0}, "mt-quotes": {"roll-in": 0.2511250762003801, "dsfb-red": 0.026292119386572, "bad-redirect": 0.021174740918707642, "oneh-in": 0.010763677221166374, "sfR": 0.0964592223377679, "dsfb-alt": 0.031926465139073164, "oneh-out": 0.015591195419610094, "unknown": 0.008011498786770418, "sfT": 5.9765004004255265e-06, "roll-out": 0.24139085117318704, "alternate": 0.20906993700768578, "redirect": 0.07516046903575142, "sft": 0.0, "sfb": 0.013028770872927649, "dsfb": 0.0}, "wordle": {"roll-in": 0.23004600022439134, "dsfb-red": 0.026141590934589926, "bad-redirect": 0.015550319757657355, "oneh-in": 0.012521036687983845, "sfR": 0.13138112868843263, "dsfb-alt": 0.03749579266240323, "oneh-out": 0.009828340626051835, "unknown": 0.0, "sfT": 2.2439133849433412e-05, "roll-out": 0.21656008078088185, "alternate": 0.20908784920902054, "redirect": 0.08140917760574441, "sft": 0.0, "sfb": 0.029956243688993606, "dsfb": 0.0}, "english-1k": {"roll-in": 0.27699364855328157, "dsfb-red": 0.01834862385321101, "bad-redirect": 0.019760056457304165, "oneh-in": 0.014820042342978124, "sfR": 0.10832745236414962, "dsfb-alt": 0.02893436838390967, "oneh-out": 0.012350035285815103, "unknown": 0.0, "sfT": 0.0, "roll-out": 0.20677487649964715, "alternate": 0.21100917431192662, "redirect": 0.0931545518701482, "sft": 0.0, "sfb": 0.009527170077628794, "dsfb": 0.0}, "english-10k": {"roll-in": 0.2636382933559754, "dsfb-red": 0.024546033461338067, "bad-redirect": 0.013392254105478474, "oneh-in": 0.010825727021863723, "sfR": 0.10567144593890508, "dsfb-alt": 0.035487543659906216, "oneh-out": 0.009860867215993515, "unknown": 0.0, "sfT": 0.0, "roll-out": 0.2228247235676656, "alternate": 0.2102429516991181, "redirect": 0.0796974199648791, "sft": 0.0, "sfb": 0.02381274000887671, "dsfb": 0.0}, "reddit": {"roll-in": 0.2372726733, "dsfb-red": 0.026118904438085424, "bad-redirect": 0.01722834994288681, "oneh-in": 0.008785074419452234, "sfR": 0.10397777127267367, "dsfb-alt": 0.03180419062302354, "oneh-out": 0.012517331076898758, "unknown": 0.044700478349896065, "sfT": 5.828373503599751e-05, "roll-out": 0.22365660391988085, "alternate": 0.20162793663778888, "redirect": 0.07523197844250952, "sft": 0.0, "sfb": 0.017020423841868287, "dsfb": 0.0}, "akl": {"roll-in": 0.2020172620651113, "dsfb-red": 0.020932527664546268, "bad-redirect": 0.013100736625039876, "oneh-in": 0.006291939147251207, "sfR": 0.13064861186637447, "dsfb-alt": 0.029322685806295413, "oneh-out": 0.009465507112540385, "unknown": 0.13792003448785947, "sfT": 0.00019664780595380572, "roll-out": 0.1897664422483394, "alternate": 0.17492596922920162, "redirect": 0.0653005125122633, "sft": 0.0, "sfb": 0.020111123429223454, "dsfb": 0.0}, "french": {"roll-in": 0.2469610876562941, "dsfb-red": 0.020628298448347484, "bad-redirect": 0.012253390888162779, "oneh-in": 0.01712879570305295, "sfR": 0.10898279115633469, "dsfb-alt": 0.021663933005533705, "oneh-out": 0.005180330170652277, "unknown": 0.15542526150386823, "sfT": 7.225740632047504e-05, "roll-out": 0.1425023622239059, "alternate": 0.16756678300513594, "redirect": 0.06049822133367935, "sft": 0.0, "sfb": 0.041136487498712127, "dsfb": 0.0}, "keymash": {"roll-in": 0.2492231531158025, "dsfb-red": 0.025873003493245433, "bad-redirect": 0.021070304129910965, "oneh-in": 0.010910747784395743, "sfR": 0.099723742164827, "dsfb-alt": 0.03170602554050892, "oneh-out": 0.014165910686211328, "unknown": 0.011982119180831894, "sfT": 2.052435625356611e-05, "roll-out": 0.23630922816105873, "alternate": 0.2069019305209492, "redirect": 0.07787761736853123, "sft": 0.0, "sfb": 0.014235693497473452, "dsfb": 0.0}, "movie": {"roll-in": 0.23434679899443459, "dsfb-red": 0.027296023679188684, "bad-redirect": 0.022277934898286056, "oneh-in": 0.010187515076177383, "sfR": 0.11567713207251198, "dsfb-alt": 0.03006984292087193, "oneh-out": 0.014378116648060926, "unknown": 0.02926512213792796, "sfT": 1.3291381697030455e-05, "roll-out": 0.22228296193571997, "alternate": 0.20682745378316808, "redirect": 0.07422065457028107, "sft": 0.0, "sfb": 0.013157151901674305, "dsfb": 0.0}, "dutch": {"roll-in": 0.27158400528685883, "dsfb-red": 0.022525452672762396, "bad-redirect": 0.009181248018423103, "oneh-in": 0.01471895864832509, "sfR": 0.18880787437283908, "dsfb-alt": 0.026026798863001164, "oneh-out": 0.0055338375783472605, "unknown": 0.0728843393124523,