{"english-450k": {"oneh-out": 0.025142357982600724, "sfT": 0.00014968125493699646, "roll-out": 0.2200600946850876, "bad-redirect": 0.009103368354459244, "dsfb-alt": 0.039122938009157456, "sfb": 0.030690211839904204, "unknown": 0.00015377410175167997, "roll-in": 0.232397981407951, "sfR": 0.11369548401129392, "dsfb-red": 0.0289799865637686, "oneh-in": 0.029925141831759438, "alternate": 0.22055620618826743, "dsfb": 0.0, "redirect": 0.0500227737690617, "sft": 0.0}, "shai": {"oneh-out": 0.022486691986365014, "sfT": 4.837623965323614e-05, "roll-out": 0.2274358920967181, "bad-redirect": 0.010770592974495863, "dsfb-alt": 0.034985314120830446, "sfb": 0.01843809343043002, "unknown": 0.023621906111313578, "roll-in": 0.22792027375865925, "sfR": 0.09823378925716947, "dsfb-red": 0.023085374561134346, "oneh-in": 0.03858254173152182, "alternate": 0.22412616619287704, "dsfb": 0.0, "redirect": 0.05026498753883181, "sft": 0.0}, "tr-quotes": {"oneh-out": 0.02046993828159312, "sfT": 2.4271283604170037e-05, "roll-out": 0.2242077159566353, "bad-redirect": 0.010896650562862625, "dsfb-alt": 0.03201266729849056, "sfb": 0.014962668454265967, "unknown": 0.01476965396084233, "roll-in": 0.2359550172210536, "sfR": 0.09677191928064538, "dsfb-red": 0.021033956681537645, "oneh-in": 0.043212131018700445, "alternate": 0.23101985622153903, "dsfb": 0.0, "redirect": 0.05466355377822982, "sft": 0.0}, "gutenberg": {"oneh-out": 0.020771742700906228, "sfT": 0.00015893745669001664, "roll-out": 0.23249215826457725, "bad-redirect": 0.011528932868531254, "dsfb-alt": 0.030089569497344665, "sfb": 0.014945425158643829, "unknown": 0.03802431837805746, "roll-in": 0.22307241448160814, "sfR": 0.09863878308844841, "dsfb-red": 0.021843386553701726, "oneh-in": 0.04069101990109127, "alternate": 0.2163201299687846, "dsfb": 0.0, "redirect": 0.051423181681615124, "sft": 0.0}, "english-200": {"oneh-out": 0.017817371937639197, "sfT": 0.0, "roll-out": 0.20044543429844097, "bad-redirect": 0.008908685968819599, "dsfb-alt": 0.031180400890868598, "sfb": 0.008908685968819599, "unknown": 0.0, "roll-in": 0.29398663697104677, "sfR": 0.10690423162583519, "dsfb-red": 0.022271714922048998, "oneh-in": 0.0334075723830735, "alternate": 0.21603563474387527, "dsfb": 0.0, "redirect": 0.060133630289532294, "sft": 0.0}, "monkeyracer": {"oneh-out": 0.020421469571609552, "sfT": 2.3460594022240643e-05, "roll-out": 0.22400077419960274, "bad-redirect": 0.010877895428312245, "dsfb-alt": 0.03177835212787588, "sfb": 0.0148935671051191, "unknown": 0.014352018393105714, "roll-in": 0.2361944179426623, "sfR": 0.09690789370786869, "dsfb-red": 0.021050995511206344, "oneh-in": 0.04326915557501916, "alternate": 0.23164110765284576, "dsfb": 0.0, "redirect": 0.05458889219075027, "sft": 0.0}, "chained-bigrams": {"oneh-out": 0.022663980276720674, "sfT": 0.0001058366648074909, "roll-out": 0.23126544939351695, "bad-redirect": 0.009675938521234537, "dsfb-alt": 0.04216454809367389, "sfb": 0.02024986543160257, "unknown": 0.02365222201805197, "roll-in": 0.21982210350046652, "sfR": 0.11914286586209158, "dsfb-red": 0.03393461112168035, "oneh-in": 0.023341854375242273, "alternate": 0.194626484229363, "dsfb": 0.0, "redirect": 0.05935424051154821, "sft": 0.0}, "english-5k": {"oneh-out": 0.022234205832330857, "sfT": 0.0, "roll-out": 0.21425312149997927, "bad-redirect": 0.007923009914132825, "dsfb-alt": 0.03608910275023852, "sfb": 0.022566059650723856, "unknown": 0.002157049819554486, "roll-in": 0.2379806695150786, "sfR": 0.10644211224955408, "dsfb-red": 0.029120172563985563, "oneh-in": 0.03127722238354005, "alternate": 0.23810511469697598, "dsfb": 0.0, "redirect": 0.05185215912390592, "sft": 0.0}, "mt-quotes": {"oneh-out": 0.0196895805692019, "sfT": 1.0458875700744673e-05, "roll-out": 0.22418151827016172, "bad-redirect": 0.011052043365486906, "dsfb-alt": 0.03169935812385699, "sfb": 0.01387444567958786, "unknown": 0.008869126594231481, "roll-in": 0.23877762637310096, "sfR": 0.0964592223377679, "dsfb-red": 0.02082362152018264, "oneh-in": 0.04525256690692198, "alternate": 0.23397700242645916, "dsfb": 0.0, "redirect": 0.05533342895733974, "sft": 0.0}, "wordle": {"oneh-out": 0.03285089195557051, "sfT": 0.0002019522046449007, "roll-out": 0.2238976775496466, "bad-redirect": 0.011937619207898575, "dsfb-alt": 0.04658364187142376, "sfb": 0.036508470773028164, "unknown": 0.0, "roll-in": 0.2140244586558959, "sfR": 0.13138112868843263, "dsfb-red": 0.030562100302928306, "oneh-in": 0.02578256479299899, "alternate": 0.19667900819028386, "dsfb": 0.0, "redirect": 0.04959048580724784, "sft": 0.0}, "english-1k": {"oneh-out": 0.025758645024700072, "sfT": 0.0, "roll-out": 0.2057163020465773, "bad-redirect": 0.009527170077628794, "dsfb-alt": 0.03175723359209598, "sfb": 0.016584333098094567, "unknown": 0.0, "roll-in": 0.27134791813690895, "sfR": 0.10832745236414962, "dsfb-red": 0.024700070571630206, "oneh-in": 0.03669724770642202, "alternate": 0.21242060691601977, "dsfb": 0.0, "redirect": 0.05716302046577276, "sft": 0.0}, "english-10k": {"oneh-out": 0.022963663379710928, "sfT": 9.64859805870207e-05, "roll-out": 0.21277088439049807, "bad-redirect": 0.008413577507188205, "dsfb-alt": 0.03851720345033867, "sfb": 0.0233110129098242, "unknown": 0.0, "roll-in": 0.24216051407730457, "sfR": 0.10567144593890508, "dsfb-red": 0.027035371760483203, "oneh-in": 0.03600856795507613, "alternate": 0.2334767758244727, "dsfb": 0.0, "redirect": 0.04957449682561124, "sft": 0.0}, "reddit": {"oneh-out": 0.01962041781122475, "sfT": 7.270483914194805e-05, "roll-out": 0.20825171831201164, "bad-redirect": 0.010531413940562952, "dsfb-alt": 0.03419554680050949, "sfb": 0.016342182459929463, "unknown": 0.041217688064775854, "roll-in": 0.2328803421060468, "sfR": 0.10397777127267367, "dsfb-red": 0.022013347200067722, "oneh-in": 0.04329511366171124, "alternate": 0.2151385633995749, "dsfb": 0.0, "redirect": 0.05246319013176956, "sft": 0.0}, "akl": {"oneh-out": 0.016755633388894967, "sfT": 0.0001637125722138355, "roll-out": 0.16687022848330432, "bad-redirect": 0.006592605958490289, "dsfb-alt": 0.03141739632128017, "sfb": 0.024674222234949382, "unknown": 0.13295000147380848, "roll-in": 0.2036032677582864, "sfR": 0.13064861186637447, "dsfb-red": 0.019999148576027997, "oneh-in": 0.03773920695959786, "alternate": 0.18313998687482755, "dsfb": 0.0, "redirect": 0.04544597753194427, "sft": 0.0}, "french": {"oneh-out": 0.018845204994471478, "sfT": 4.896064769962936e-05, "roll-out": 0.18468281418192203, "bad-redirect": 0.012210123339032875, "dsfb-alt": 0.031726604582228216, "sfb": 0.04313967913966134, "unknown": 0.15822382396052298, "roll-in": 0.15693436709815708, "sfR": 0.10898279115633469, "dsfb-red": 0.02149547721522323, "oneh-in": 0.01349929554647027, "alternate": 0.22276943386764111, "dsfb": 0.0, "redirect": 0.027441424270635045, "sft": 0.0}, "keymash": {"oneh-out": 0.020647502391087504, "sfT": 3.694384125641899e-05, "roll-out": 0.22383041955889055, "bad-redirect": 0.010405848620558017, "dsfb-alt": 0.03182506680677961, "sfb": 0.015204443112641772, "unknown": 0.013394194891077241, "roll-in": 0.23815642022387967, "sfR": 0.099723742164827, "dsfb-red": 0.020926633636136, "oneh-in": 0.04182453317351701, "alternate": 0.22949514188487477, "dsfb": 0.0, "redirect": 0.054529109694474436, "sft": 0.0}, "movie": {"oneh-out": 0.017995872828586314, "sfT": 2.447719797670955e-05, "roll-out": 0.20535158402344336, "bad-redirect": 0.00982864777035756, "dsfb-alt": 0.03021854847847237, "sfb": 0.014249019168409571, "unknown": 0.030451476652766863, "roll-in": 0.23823656790731407, "sfR": 0.11567713207251198, "dsfb-red": 0.02245572357821366, "oneh-in": 0.044985141946034625, "alternate": 0.21852742281819668, "dsfb": 0.0, "redirect": 0.05199838555771624, "sft": 0.0}, "dutch": {"oneh-out": 0.033990492160495385, "sfT": 9.892419179365644e-05, "roll-out": 0.2103277143125285, "bad-redirect": 0.012386305764725243, "dsfb-alt": 0.023881720017892065, "sfb": 0.030987102056952577, "unknown": 0.07325981014373002, "roll-in": 0.1817001433997338,