{"english-450k": {"oneh-in": 0.023120491656147074, "sfT": 0.00011869255762582142, "dsfb-alt": 0.022817620991860497, "oneh-out": 0.010858614945556367, "alternate": 0.311955614830372, "roll-in": 0.19761346102235805, "unknown": 0.00015377410175167997, "roll-out": 0.18371532262449708, "dsfb-red": 0.01643774984637207, "sft": 0.0, "redirect": 0.04913374897167224, "sfb": 0.06599744723297245, "bad-redirect": 0.004381977207520781, "dsfb": 0.0, "sfR": 0.11369548401129392}, "shai": {"oneh-in": 0.028959811377949136, "sfT": 5.1700920816699606e-05, "dsfb-alt": 0.01773936078805239, "oneh-out": 0.00986911670768784, "alternate": 0.27237529000973176, "roll-in": 0.2014115226095349, "unknown": 0.024458529808185636, "roll-out": 0.17103004815098186, "dsfb-red": 0.012352587739845364, "sft": 0.0, "redirect": 0.05440945612086574, "sfb": 0.1057424326541127, "bad-redirect": 0.0033663538550665045, "dsfb": 0.0, "sfR": 0.09823378925716947}, "tr-quotes": {"oneh-in": 0.029864080811816646, "sfT": 2.4271283604170037e-05, "dsfb-alt": 0.01470724208871732, "oneh-out": 0.00917223365155683, "alternate": 0.2602598183121056, "roll-in": 0.202323108573542, "unknown": 0.01482859850673817, "roll-out": 0.17194701925521833, "dsfb-red": 0.010125748364577795, "sft": 0.0, "redirect": 0.05733686230091769, "sfb": 0.12908855551189294, "bad-redirect": 0.00355054205866716, "dsfb": 0.0, "sfR": 0.09677191928064538}, "gutenberg": {"oneh-in": 0.030781203173596453, "sfT": 2.2732413352564954e-05, "dsfb-alt": 0.018382944931107526, "oneh-out": 0.007635817645126568, "alternate": 0.2501722927495347, "roll-in": 0.1944415081743864, "unknown": 0.03803056979172942, "roll-out": 0.16955917682900262, "dsfb-red": 0.010352151603980142, "sft": 0.0, "redirect": 0.05422911923643339, "sfb": 0.12379125127917184, "bad-redirect": 0.00396244908413001, "dsfb": 0.0, "sfR": 0.09863878308844841}, "english-200": {"oneh-in": 0.051224944320712694, "sfT": 0.0, "dsfb-alt": 0.013363028953229399, "oneh-out": 0.004454342984409799, "alternate": 0.267260579064588, "roll-in": 0.2026726057906459, "unknown": 0.0, "roll-out": 0.1915367483296214, "dsfb-red": 0.0022271714922048997, "sft": 0.0, "redirect": 0.044543429844097995, "sfb": 0.11358574610244988, "bad-redirect": 0.0022271714922048997, "dsfb": 0.0, "sfR": 0.10690423162583519}, "monkeyracer": {"oneh-in": 0.030019785100958755, "sfT": 2.1505544520387257e-05, "dsfb-alt": 0.014585646808577194, "oneh-out": 0.00911444077764049, "alternate": 0.25974983186574285, "roll-in": 0.20283638581728888, "unknown": 0.014407737303908536, "roll-out": 0.17199547992555173, "dsfb-red": 0.010039179192017142, "sft": 0.0, "redirect": 0.057406118522921, "sfb": 0.1293578053396312, "bad-redirect": 0.0035581900933731644, "dsfb": 0.0, "sfR": 0.09690789370786869}, "chained-bigrams": {"oneh-in": 0.031584777441077225, "sfT": 0.00014804146979207315, "dsfb-alt": 0.029969956671897897, "oneh-out": 0.0099694242420504, "alternate": 0.2682939973729132, "roll-in": 0.18026061791730325, "unknown": 0.023895061972886336, "roll-out": 0.15215221779757146, "dsfb-red": 0.016476106561288843, "sft": 0.0, "redirect": 0.05650249430397459, "sfb": 0.10476011762803801, "bad-redirect": 0.006844320759115102, "dsfb": 0.0, "sfR": 0.11914286586209158}, "english-5k": {"oneh-in": 0.02725349483552495, "sfT": 4.148172729912474e-05, "dsfb-alt": 0.020201601194673745, "oneh-out": 0.012195627825942672, "alternate": 0.3094122039241714, "roll-in": 0.19977599867258472, "unknown": 0.002157049819554486, "roll-out": 0.18235367320695234, "dsfb-red": 0.01779566101132451, "sft": 0.0, "redirect": 0.0545069896710499, "sfb": 0.06541668395071971, "bad-redirect": 0.002447421910648359, "dsfb": 0.0, "sfR": 0.10644211224955408}, "mt-quotes": {"oneh-in": 0.030856671567396996, "sfT": 1.1953000800851053e-05, "dsfb-alt": 0.013844563177585733, "oneh-out": 0.008751090711323078, "alternate": 0.2580100046616703, "roll-in": 0.20489086910268822, "unknown": 0.008887056095432758, "roll-out": 0.17205597590275037, "dsfb-red": 0.009668483522788396, "sft": 0.0, "redirect": 0.05882818756648857, "sfb": 0.13445332950837308, "bad-redirect": 0.0032825928449337206, "dsfb": 0.0, "sfR": 0.0964592223377679}, "wordle": {"oneh-in": 0.027196230225513294, "sfT": 4.4878267698866824e-05, "dsfb-alt": 0.026612812745428028, "oneh-out": 0.01052395377538427, "alternate": 0.30425221586446766, "roll-in": 0.18617749354874902, "unknown": 0.0, "roll-out": 0.18561651520251318, "dsfb-red": 0.01079322338157747, "sft": 0.0, "redirect": 0.0390216537641647, "sfb": 0.07052619768876921, "bad-redirect": 0.007853696847301694, "dsfb": 0.0, "sfR": 0.13138112868843263}, "english-1k": {"oneh-in": 0.031051517290049402, "sfT": 0.0, "dsfb-alt": 0.019407198306280876, "oneh-out": 0.009527170077628794, "alternate": 0.30628087508821455, "roll-in": 0.17854622441778406, "unknown": 0.0, "roll-out": 0.2085391672547636, "dsfb-red": 0.008821453775582216, "sft": 0.0, "redirect": 0.04551870148200424, "sfb": 0.08115737473535639, "bad-redirect": 0.0028228652081863093, "dsfb": 0.0, "sfR": 0.10832745236414962}, "english-10k": {"oneh-in": 0.02381274000887671, "sfT": 1.929719611740414e-05, "dsfb-alt": 0.01999189517763069, "oneh-out": 0.01155902047432508, "alternate": 0.3004573435479825, "roll-in": 0.21865652920630632, "unknown": 0.0, "roll-out": 0.1808147276200768, "dsfb-red": 0.01607456436579765, "sft": 0.0, "redirect": 0.05326026128403543, "sfb": 0.06705775650797939, "bad-redirect": 0.0026244186719669633, "dsfb": 0.0, "sfR": 0.10567144593890508}, "reddit": {"oneh-in": 0.028750699751301505, "sfT": 4.4124832822882434e-05, "dsfb-alt": 0.015041511241812511, "oneh-out": 0.008909657775962343, "alternate": 0.24803392592833984, "roll-in": 0.19269516763784375, "unknown": 0.04712745652739438, "roll-out": 0.16973523414722674, "dsfb-red": 0.010311950956259667, "sft": 0.0, "redirect": 0.057164132953590074, "sfb": 0.11478314873383642, "bad-redirect": 0.0034252182409361957, "dsfb": 0.0, "sfR": 0.10397777127267367}, "akl": {"oneh-in": 0.026407732313291507, "sfT": 0.0004016467814530803, "dsfb-alt": 0.01297487609940491, "oneh-out": 0.006866489728938579, "alternate": 0.2143562138989503, "roll-in": 0.16783367672370672, "unknown": 0.1393782771700298, "roll-out": 0.14383550390030503, "dsfb-red": 0.009601794246306083, "sft": 0.0, "redirect": 0.04997772239047139, "sfb": 0.0935980057802447, "bad-redirect": 0.004119449100523448, "dsfb": 0.0, "sfR": 0.13064861186637447}, "french": {"oneh-in": 0.01859061861553641, "sfT": 5.742538636250898e-05, "dsfb-alt": 0.021504061808592843, "oneh-out": 0.010817980956675174, "alternate": 0.25245253068194345, "roll-in": 0.16204285935396245, "unknown": 0.15856935009819023, "roll-out": 0.14100020820260742, "dsfb-red": 0.010859885158516014, "sft": 0.0, "redirect": 0.05054782365351514, "sfb": 0.058044795486894986, "bad-redirect": 0.006529669440868654, "dsfb": 0.0, "sfR": 0.10898279115633469}, "keymash": {"oneh-in": 0.029341619700098107, "sfT": 8.209742501426442e-06, "dsfb-alt": 0.015327589250163169, "oneh-out": 0.009034821622819801, "alternate": 0.26162396916420716, "roll-in": 0.20023151473854023, "unknown": 0.013447558217336513, "roll-out": 0.1714399477860377, "dsfb-red": 0.010056934564247392, "sft": 0.0, "redirect": 0.056015073087232616, "sfb": 0.13007105532134985, "bad-redirect": 0.0036779646406390463, "dsfb": 0.0, "sfR": 0.099723742164827}, "movie": {"oneh-in": 0.026901888152628225, "sfT": 3.250466613036161e-05, "dsfb-alt": 0.013135833051823623, "oneh-out": 0.008170646602031949, "alternate": 0.23773439055527576, "roll-in": 0.18344791337809152, "unknown": 0.03049740429843284, "roll-out": 0.16617490747684963, "dsfb-red": 0.01189526022748792, "sft": 0.0, "redirect": 0.05901123437588212, "sfb": 0.1416424384079346, "bad-redirect": 0.005678446734919447, "dsfb": 0.0, "sfR": 0.11567713207251198}, "dutch": {"oneh-in": 0.016215157911663513, "sfT": 9.148291218619452e-05, "dsfb-alt": 0.021695418276837047, "oneh-out": 0.007195520141679095, "alternate": 0.23653572178206705, "roll-in": 0.21661538041130302, "unknown": 0.07395877043379863,