{"english-450k": {"roll-in": 0.18817564861389896, "sfb": 0.08130498666608978, "sft": 0.0, "dsfb": 0.0, "sfT": 0.0001169384804195285, "roll-out": 0.17892113727349748, "bad-redirect": 0.0033926776631715704, "dsfb-alt": 0.023123415118157565, "unknown": 0.00015377410175167997, "sfR": 0.11369548401129392, "oneh-in": 0.023028402602816696, "oneh-out": 0.010832888479864071, "dsfb-red": 0.016445058501398293, "alternate": 0.3116498207040749, "redirect": 0.04915976778356558}, "shai": {"roll-in": 0.18605701870769836, "sfb": 0.12392990163278614, "sft": 0.0, "dsfb": 0.0, "sfT": 6.659038348939338e-05, "roll-out": 0.16867455218596045, "bad-redirect": 0.002989283147651761, "dsfb-alt": 0.018077069437920656, "unknown": 0.024458529808185636, "sfR": 0.09823378925716947, "oneh-in": 0.02892937835351571, "oneh-out": 0.00983960097014119, "dsfb-red": 0.012251202381199349, "alternate": 0.2720375813598635, "redirect": 0.054455502374418395}, "tr-quotes": {"roll-in": 0.18389658121633803, "sfb": 0.14963015186888884, "sft": 0.0, "dsfb": 0.0, "sfT": 6.241187212500867e-05, "roll-out": 0.17028732576685698, "bad-redirect": 0.003167980398049051, "dsfb-alt": 0.016980652319641246, "unknown": 0.01482859850673817, "sfR": 0.09677191928064538, "oneh-in": 0.029838653752802754, "oneh-out": 0.009169922100737384, "dsfb-red": 0.01002172857770278, "alternate": 0.2579864080811817, "redirect": 0.05735766625829269}, "gutenberg": {"roll-in": 0.1800414714994262, "sfb": 0.14031657916581894, "sft": 0.0, "dsfb": 0.0, "sfT": 0.0001000226187512858, "roll-out": 0.167766347162597, "bad-redirect": 0.003623546688398854, "dsfb-alt": 0.01839791043656463, "unknown": 0.03803056979172942, "sfR": 0.09863878308844841, "oneh-in": 0.03076434330035997, "oneh-out": 0.007635438771570692, "dsfb-red": 0.010199086687406204, "alternate": 0.2501573272440775, "redirect": 0.054328573544850864}, "english-200": {"roll-in": 0.19599109131403117, "sfb": 0.12472160356347439, "sft": 0.0, "dsfb": 0.0, "sfT": 0.0, "roll-out": 0.1870824053452116, "bad-redirect": 0.0022271714922048997, "dsfb-alt": 0.0200445434298441, "unknown": 0.0, "sfR": 0.10690423162583519, "oneh-in": 0.051224944320712694, "oneh-out": 0.004454342984409799, "dsfb-red": 0.0022271714922048997, "alternate": 0.26057906458797325, "redirect": 0.044543429844097995}, "monkeyracer": {"roll-in": 0.18415393277757794, "sfb": 0.15009501540579007, "sft": 0.0, "dsfb": 0.0, "sfT": 6.353910881023508e-05, "roll-out": 0.17038451913602454, "bad-redirect": 0.003184775638519167, "dsfb-alt": 0.016902380468273456, "unknown": 0.014407737303908536, "sfR": 0.09690789370786869, "oneh-in": 0.029996324506936515, "oneh-out": 0.00911150820338771, "dsfb-red": 0.009931651469415206, "alternate": 0.2574330982060466, "redirect": 0.05742762406744139}, "chained-bigrams": {"roll-in": 0.16476366283165672, "sfb": 0.12342567961098858, "sft": 0.0, "dsfb": 0.0, "sfT": 0.00018310392316387995, "roll-out": 0.15060297680229126, "bad-redirect": 0.005549607203126532, "dsfb-alt": 0.029427137949326963, "unknown": 0.023895061972886336, "sfR": 0.11914286586209158, "oneh-in": 0.031886704122890006, "oneh-out": 0.010036302625333662, "dsfb-red": 0.016072239042820995, "alternate": 0.26883681609548415, "redirect": 0.05617784195793934}, "english-5k": {"roll-in": 0.19002779275729043, "sfb": 0.07952047123242212, "sft": 0.0, "dsfb": 0.0, "sfT": 4.148172729912474e-05, "roll-out": 0.17866179947733024, "bad-redirect": 0.0019081594557597379, "dsfb-alt": 0.021155680922553616, "unknown": 0.002157049819554486, "sfR": 0.10644211224955408, "oneh-in": 0.027212013108225828, "oneh-out": 0.012154146098643548, "dsfb-red": 0.01779566101132451, "alternate": 0.30845812419629154, "redirect": 0.054465507943750775}, "mt-quotes": {"roll-in": 0.18501153464577283, "sfb": 0.15619135558982084, "sft": 0.0, "dsfb": 0.0, "sfT": 4.781200320340421e-05, "roll-out": 0.1705842626791456, "bad-redirect": 0.002958367698210636, "dsfb-alt": 0.01635170509556424, "unknown": 0.008887056095432758, "sfR": 0.0964592223377679, "oneh-in": 0.030838742066195718, "oneh-out": 0.008748102461122865, "dsfb-red": 0.009578836016782014, "alternate": 0.2555028627436918, "redirect": 0.058840140567289416}, "wordle": {"roll-in": 0.18222820599124873, "sfb": 0.07559744193874117, "sft": 0.0, "dsfb": 0.0, "sfT": 4.4878267698866824e-05, "roll-out": 0.18456187591158982, "bad-redirect": 0.00783125771345226, "dsfb-alt": 0.024907438572871088, "unknown": 0.0, "sfR": 0.13138112868843263, "oneh-in": 0.02715135195781443, "oneh-out": 0.01052395377538427, "dsfb-red": 0.010770784247728038, "alternate": 0.30595759003702455, "redirect": 0.03904409289801414}, "english-1k": {"roll-in": 0.1683133380381087, "sfb": 0.09668313338038109, "sft": 0.0, "dsfb": 0.0, "sfT": 0.0, "roll-out": 0.20395201129146084, "bad-redirect": 0.002117148906139732, "dsfb-alt": 0.020112914608327453, "unknown": 0.0, "sfR": 0.10832745236414962, "oneh-in": 0.031051517290049402, "oneh-out": 0.009527170077628794, "dsfb-red": 0.008821453775582216, "alternate": 0.305575158786168, "redirect": 0.04551870148200424}, "english-10k": {"roll-in": 0.20233110129098242, "sfb": 0.0866444105671446, "sft": 0.0, "dsfb": 0.0, "sfT": 1.929719611740414e-05, "roll-out": 0.17811312016364023, "bad-redirect": 0.002180583161266668, "dsfb-alt": 0.020011192373748096, "unknown": 0.0, "sfR": 0.10567144593890508, "oneh-in": 0.023793442812759306, "oneh-out": 0.011481831689855464, "dsfb-red": 0.016016672777445437, "alternate": 0.30043804635186505, "redirect": 0.05329885567627024}, "reddit": {"roll-in": 0.17611793990969393, "sfb": 0.13350608692329866, "sft": 0.0, "dsfb": 0.0, "sfT": 6.225422084179169e-05, "roll-out": 0.1679648469668017, "bad-redirect": 0.0030846179821429273, "dsfb-alt": 0.017601275949325364, "unknown": 0.04712745652739438, "sfR": 0.10397777127267367, "oneh-in": 0.028684025555694773, "oneh-out": 0.008860700936828635, "dsfb-red": 0.010268013410503096, "alternate": 0.245474161220827, "redirect": 0.057270849123974114}, "akl": {"roll-in": 0.15376996130270634, "sfb": 0.11022809984233338, "sft": 0.0, "dsfb": 0.0, "sfT": 0.0004105909334514818, "roll-out": 0.14185247174728927, "bad-redirect": 0.003472925273611369, "dsfb-alt": 0.0157306632190008, "unknown": 0.1393782771700298, "sfR": 0.13064861186637447, "oneh-in": 0.026435256582148466, "oneh-out": 0.006889443091387515, "dsfb-red": 0.009576271293227773, "alternate": 0.21160042677935442, "redirect": 0.050007000899084934}, "french": {"roll-in": 0.1599073930622972, "sfb": 0.06343040680650085, "sft": 0.0, "dsfb": 0.0, "sfT": 5.803964173450555e-05, "roll-out": 0.13794643012980728, "bad-redirect": 0.006309631181148808, "dsfb-alt": 0.021362063944793244, "unknown": 0.15856935009819023, "sfR": 0.10898279115633469, "oneh-in": 0.018590603633698067, "oneh-out": 0.010831764247949245, "dsfb-red": 0.010855600352750381, "alternate": 0.25259452854574305, "redirect": 0.050561397199052435}, "keymash": {"roll-in": 0.18158308464655007, "sfb": 0.15146974915131786, "sft": 0.0, "dsfb": 0.0, "sfT": 3.283897000570577e-05, "roll-out": 0.16925615628065827, "bad-redirect": 0.0032182190605591653, "dsfb-alt": 0.017363605390516925, "unknown": 0.013447558217336513, "sfR": 0.099723742164827, "oneh-in": 0.029300570987590976, "oneh-out": 0.009034821622819801, "dsfb-red": 0.009958417654230275, "alternate": 0.2595879530238534, "redirect": 0.056023282829734046}, "movie": {"roll-in": 0.16620872812136583, "sfb": 0.15993848590633208, "sft": 0.0, "dsfb": 0.0, "sfT": 0.00012646552287966603, "roll-out": 0.16549165149891912, "bad-redirect": 0.005428937232963311, "dsfb-alt": 0.01639064239353307, "unknown": 0.03049740429843284, "sfR": 0.11567713207251198, "oneh-in": 0.026886491205513844, "oneh-out": 0.008168672634453183, "dsfb-red": 0.011701153415575842, "alternate": 0.23447958121356632, "redirect": 0.059004654483952895}, "dutch": {"roll-in": 0.1991050095088795, "sfb": 0.07114290057636387, "sft": 0.0, "dsfb": 0.0, "sfT": 0.00014341049229031435, "roll-out": 0.13336476482024073, "bad-redirect": 0.004033048031684717, "dsfb-alt": 0.020162855362790354,