{"shai": {"bad-redirect": 0.002121030470025542, "sfb": 0.02009786406071526, "dsfb-red": 0.01869878094507952, "unknown": 0.023621906111313578, "sfR": 0.09823378925716947, "oneh-out": 0.007999670550802522, "alternate": 0.23424861663848492, "roll-out": 0.14597575405626584, "roll-in": 0.33999735418854093, "sfT": 2.9136437483763636e-05, "redirect": 0.04402445262356435, "dsfb": 0.0, "dsfb-alt": 0.0434578054224737, "oneh-in": 0.02149383923808061, "sft": 0.0}, "english-200": {"bad-redirect": 0.0022271714922048997, "sfb": 0.004454342984409799, "dsfb-red": 0.015590200445434299, "unknown": 0.0, "sfR": 0.10690423162583519, "oneh-out": 0.0066815144766146995, "alternate": 0.23385300668151449, "roll-out": 0.1447661469933185, "roll-in": 0.3897550111358575, "sfT": 0.0, "redirect": 0.042316258351893093, "dsfb": 0.0, "dsfb-alt": 0.044543429844097995, "oneh-in": 0.008908685968819599, "sft": 0.0}, "monkeyracer": {"bad-redirect": 0.002002948214648795, "sfb": 0.02316831412171356, "dsfb-red": 0.01906857531632701, "unknown": 0.014352018393105714, "sfR": 0.09690789370786869, "oneh-out": 0.009344159094108262, "alternate": 0.22488347904968953, "roll-out": 0.14876069412077514, "roll-in": 0.34384824123746816, "sfT": 7.820198007413547e-06, "redirect": 0.04734347873688162, "dsfb": 0.0, "dsfb-alt": 0.04312448191188201, "oneh-in": 0.027187895897524125, "sft": 0.0}, "reddit": {"bad-redirect": 0.00288594386220017, "sfb": 0.021393164808685326, "dsfb-red": 0.016855124277142156, "unknown": 0.041217688064775854, "sfR": 0.10397777127267367, "oneh-out": 0.008353565018671584, "alternate": 0.22392637221019526, "roll-out": 0.1433954058857208, "roll-in": 0.32766509027142954, "sfT": 5.8845596234930646e-05, "redirect": 0.04419645139703978, "dsfb": 0.0, "dsfb-alt": 0.04484450210388926, "oneh-in": 0.021230075231341666, "sft": 0.0}}