{"english-450k": {"sfb": 0.22057491634513457, "oneh-out": 0.029958761644880053, "dsfb-red": 0.07029873688900375, "sfR": 0.11369548401129392, "dsfb": 0.0, "bad-redirect": 0.03329326241404291, "redirect": 0.07044257121991977, "alternate": 0.10851423229010566, "sfT": 0.011025252280154194, "oneh-in": 0.03623514223519719, "dsfb-alt": 0.02477897165469704, "roll-in": 0.13559776904767057, "sft": 0.0, "unknown": 0.00015377410175167997, "roll-out": 0.1454311258661487}, "shai": {"sfb": 0.18954782168747966, "oneh-out": 0.03436009602329429, "dsfb-red": 0.09569083004167966, "sfR": 0.09823378925716947, "dsfb": 0.0, "bad-redirect": 0.03527231654494489, "redirect": 0.07248064253740286, "alternate": 0.0961082226680245, "sfT": 0.01197489389661302, "oneh-in": 0.03902692658887248, "dsfb-alt": 0.025919411741210225, "roll-in": 0.13119413258410476, "sft": 0.0, "unknown": 0.021625131245562576, "roll-out": 0.1485657851836416}, "tr-quotes": {"sfb": 0.18157347264279605, "oneh-out": 0.032054275213240564, "dsfb-red": 0.09702850142160376, "sfR": 0.09677191928064538, "dsfb": 0.0, "bad-redirect": 0.03840641686507478, "redirect": 0.0698851159242736, "alternate": 0.10189778322276415, "sfT": 0.008427914287695615, "oneh-in": 0.03435542405399783, "dsfb-alt": 0.030280159959316707, "roll-in": 0.13867802408635954, "sft": 0.0, "unknown": 0.013984882457640832, "roll-out": 0.1566561105845912}, "gutenberg": {"sfb": 0.18791086469175036, "oneh-out": 0.03347650965009891, "dsfb-red": 0.10738773124073892, "sfR": 0.09863878308844841, "dsfb": 0.0, "bad-redirect": 0.03865400622792351, "redirect": 0.06300155754918821, "alternate": 0.089418705669426, "sfT": 0.008687760073016512, "oneh-in": 0.043963540239970934, "dsfb-alt": 0.024822279886777425, "roll-in": 0.12699690043543937, "sft": 0.0, "unknown": 0.033398840571144305, "roll-out": 0.14364252067607713}, "english-200": {"sfb": 0.18262806236080179, "oneh-out": 0.035634743875278395, "dsfb-red": 0.08463251670378619, "sfR": 0.10690423162583519, "dsfb": 0.0, "bad-redirect": 0.044543429844097995, "redirect": 0.0801781737193764, "alternate": 0.0935412026726058, "sfT": 0.004454342984409799, "oneh-in": 0.024498886414253896, "dsfb-alt": 0.042316258351893093, "roll-in": 0.11358574610244988, "sft": 0.0, "unknown": 0.0, "roll-out": 0.1870824053452116}, "monkeyracer": {"sfb": 0.18127903248510252, "oneh-out": 0.03212635093920578, "dsfb-red": 0.09709655598479754, "sfR": 0.09690789370786869, "dsfb": 0.0, "bad-redirect": 0.03856823904781269, "redirect": 0.0696593912757871, "alternate": 0.10183559597729014, "sfT": 0.008343173749159329, "oneh-in": 0.034159602421133306, "dsfb-alt": 0.030338458169760857, "roll-in": 0.1389854466115082, "sft": 0.0, "unknown": 0.013260123246320596, "roll-out": 0.15744013638425325}, "chained-bigrams": {"sfb": 0.1892671233010131, "oneh-out": 0.0353793140615372, "dsfb-red": 0.08498294601226276, "sfR": 0.11914286586209158, "dsfb": 0.0, "bad-redirect": 0.041861972107169035, "redirect": 0.07438694274236433, "alternate": 0.096507454991822, "sfT": 0.006695629984630958, "oneh-in": 0.0367175310318945, "dsfb-alt": 0.01962328640375454, "roll-in": 0.1412685725490858, "sft": 0.0, "unknown": 0.020740090474115794, "roll-out": 0.13342627047825836}, "english-5k": {"sfb": 0.21255237068071514, "oneh-out": 0.03239722902061642, "dsfb-red": 0.07632637823038951, "sfR": 0.10644211224955408, "dsfb": 0.0, "bad-redirect": 0.03335130874849629, "redirect": 0.07458414568382628, "alternate": 0.10710581988634006, "sfT": 0.018625295557307006, "oneh-in": 0.03617206620483677, "dsfb-alt": 0.023105322105612478, "roll-in": 0.13240967353880614, "sft": 0.0, "unknown": 0.002157049819554486, "roll-out": 0.14477122827394534}, "mt-quotes": {"sfb": 0.18057995959885728, "oneh-out": 0.03225965503639689, "dsfb-red": 0.09975376818350247, "sfR": 0.0964592223377679, "dsfb": 0.0, "bad-redirect": 0.039359737512102415, "redirect": 0.07006849069458887, "alternate": 0.10206368558826694, "sfT": 0.007950239657666057, "oneh-in": 0.034080993533426564, "dsfb-alt": 0.03126008534442572, "roll-in": 0.13905075244140042, "sft": 0.0, "unknown": 0.008011498786770418, "roll-out": 0.15910191128482806}, "wordle": {"sfb": 0.19342533378211602, "oneh-out": 0.027375743296308763, "dsfb-red": 0.05730954785145293, "sfR": 0.13138112868843263, "dsfb": 0.0, "bad-redirect": 0.02616403006843936, "redirect": 0.08459553461236397, "alternate": 0.12150790979468193, "sfT": 0.006731740154830024, "oneh-in": 0.027398182430158197, "dsfb-alt": 0.027667452036351396, "roll-in": 0.14913048356333444, "sft": 0.0, "unknown": 0.0, "roll-out": 0.14731291372153035}, "english-1k": {"sfb": 0.21100917431192662, "oneh-out": 0.03705010585744531, "dsfb-red": 0.08221594918842626, "sfR": 0.10832745236414962, "dsfb": 0.0, "bad-redirect": 0.04446012702893437, "redirect": 0.07727593507410022, "alternate": 0.09880028228652082, "sfT": 0.01834862385321101, "oneh-in": 0.026817219477769938, "dsfb-alt": 0.028228652081863093, "roll-in": 0.1150317572335921, "sft": 0.0, "unknown": 0.0, "roll-out": 0.1524347212420607}, "english-10k": {"sfb": 0.20613264892611102, "oneh-out": 0.03322977171416993, "dsfb-red": 0.08429015264082129, "sfR": 0.10567144593890508, "dsfb": 0.0, "bad-redirect": 0.037320777291059606, "redirect": 0.079214990061944, "alternate": 0.10430134501456938, "sfT": 0.016055267169680247, "oneh-in": 0.04038903147372687, "dsfb-alt": 0.02209528955442774, "roll-in": 0.13407691862372398, "sft": 0.0, "unknown": 0.0, "roll-out": 0.13722236159086085}, "reddit": {"sfb": 0.17961859738094021, "oneh-out": 0.03173635524760567, "dsfb-red": 0.08897809996147506, "sfR": 0.10397777127267367, "dsfb": 0.0, "bad-redirect": 0.034732461362210004, "redirect": 0.06765838914019692, "alternate": 0.09651692878428032, "sfT": 0.009274792640442358, "oneh-in": 0.030145838565665748, "dsfb-alt": 0.03204155825086616, "roll-in": 0.12814608091512955, "sft": 0.0, "unknown": 0.04471343861488479, "roll-out": 0.15245968786362954}, "akl": {"sfb": 0.15208206145803563, "oneh-out": 0.028154312713200354, "dsfb-red": 0.06980031044113867, "sfR": 0.13064861186637447, "dsfb": 0.0, "bad-redirect": 0.03077549281598052, "redirect": 0.06420156778136579, "alternate": 0.08403865919452772, "sfT": 0.007151491920379356, "oneh-in": 0.0235093082061631, "dsfb-alt": 0.02902330379037102, "roll-in": 0.10960136680478792, "sft": 0.0, "unknown": 0.13799139004302904, "roll-out": 0.1330221229646464}, "french": {"sfb": 0.17005985079617159, "oneh-out": 0.02058580995481133, "dsfb-red": 0.04848021010769799, "sfR": 0.10898279115633469, "dsfb": 0.0, "bad-redirect": 0.02673769736006375, "redirect": 0.06570933918212317, "alternate": 0.09736063006300927, "sfT": 0.017499236637881912, "oneh-in": 0.02746353746402692, "dsfb-alt": 0.018155800721354542, "roll-in": 0.1254905746782991, "sft": 0.0, "unknown": 0.1554278533619013, "roll-out": 0.11804666851632444}, "keymash": {"sfb": 0.18210850816664134, "oneh-out": 0.033483434792067744, "dsfb-red": 0.09930504529725426, "sfR": 0.099723742164827, "dsfb": 0.0, "bad-redirect": 0.037305069926481756, "redirect": 0.07109637006235299, "alternate": 0.09794222804201747, "sfT": 0.00857507604273992, "oneh-in": 0.03504328586733877, "dsfb-alt": 0.030170803692742176, "roll-in": 0.1374516138301322, "sft": 0.0, "unknown": 0.011982119180831894, "roll-out": 0.15581270293457244}, "movie": {"sfb": 0.17119536501884677, "oneh-out": 0.02764002042924846, "dsfb-red": 0.07885460926035566, "sfR": 0.11567713207251198, "dsfb": 0.0, "bad-redirect": 0.03791202131779707, "redirect": 0.06181597910963271, "alternate": 0.10235864122073314, "sfT": 0.0071441834610731616, "oneh-in": 0.023961860840812806, "dsfb-alt": 0.03778871414304343, "roll-in": 0.14654630026494592, "sft": 0.0, "unknown": 0.02926604332279805, "roll-out": 0.1598391295382008}, "dutch": {"sfb": 0.18622711308941164, "oneh-out": 0.03504363942908494, "dsfb-red": 0.06215589685188687, "sfR": 0.18880787437283908, "dsfb": 0.0, "bad-redirect": 0.020362819580097377, "redirect": 0.08021715554558763, "alternate": 0.08739960413826951, "sfT": 0.011929662227946369,