{"english-450k": {"roll-out": 0.20158615354841047, "roll-in": 0.16340544734523338, "redirect": 0.048408145700669064, "oneh-out": 0.004433137792704325, "dsfb": 0.0, "sfR": 0.11369548401129392, "alternate": 0.3532270050710372, "dsfb-alt": 0.05583315451490702, "unknown": 0.0045810649704350285, "bad-redirect": 0.001183709768046677, "oneh-in": 0.002467986629254149, "sft": 0.0, "sfT": 0.0005931704419280582, "sfb": 0.0369908571649084, "dsfb-red": 0.013594683041172284}, "shai": {"roll-out": 0.1992646378086922, "roll-in": 0.1646069537932019, "redirect": 0.04394748567406885, "oneh-out": 0.011105580726974242, "dsfb": 0.0, "sfR": 0.09823378925716947, "alternate": 0.3716198674895878, "dsfb-alt": 0.05266293414762606, "unknown": 0.01923259933868647, "bad-redirect": 0.0008383150655198285, "oneh-in": 0.0015607036465133965, "sft": 0.0, "sfT": 0.00031896813043463454, "sfb": 0.023510906657196035, "dsfb-red": 0.013097258264329104}, "tr-quotes": {"roll-out": 0.20379672222093803, "roll-in": 0.16998566838491944, "redirect": 0.03847691916506785, "oneh-out": 0.018948937842398466, "dsfb": 0.0, "sfR": 0.09677191928064538, "alternate": 0.36774115253923856, "dsfb-alt": 0.05219019440142392, "unknown": 0.010695545641570929, "bad-redirect": 0.0007327616097639907, "oneh-in": 0.0018515522063752572, "sft": 0.0, "sfT": 0.00027738609833337184, "sfb": 0.0254467071958577, "dsfb-red": 0.013084533413467095}, "gutenberg": {"roll-out": 0.18806980214844038, "roll-in": 0.18222984515816645, "redirect": 0.03548359231235245, "oneh-out": 0.00977114900604417, "dsfb": 0.0, "sfR": 0.09863878308844841, "alternate": 0.36281159034827193, "dsfb-alt": 0.05499747480775009, "unknown": 0.03144783119516042, "bad-redirect": 0.0007484647096332012, "oneh-in": 0.002173408153283148, "sft": 0.0, "sfT": 0.0005207617025516755, "sfb": 0.022291215096747256, "dsfb-red": 0.010816082273150406}, "english-200": {"roll-out": 0.22717149220489977, "roll-in": 0.16258351893095768, "redirect": 0.042316258351893093, "oneh-out": 0.0066815144766146995, "dsfb": 0.0, "sfR": 0.10690423162583519, "alternate": 0.3585746102449889, "dsfb-alt": 0.0779510022271715, "unknown": 0.0, "bad-redirect": 0.0, "oneh-in": 0.0, "sft": 0.0, "sfT": 0.0, "sfb": 0.008908685968819599, "dsfb-red": 0.008908685968819599}, "monkeyracer": {"roll-out": 0.20437403225049658, "roll-in": 0.16989380171105933, "redirect": 0.038292577068051364, "oneh-out": 0.01942048422666062, "dsfb": 0.0, "sfR": 0.09690789370786869, "alternate": 0.3674965200118867, "dsfb-alt": 0.05201702457106214, "unknown": 0.010148661964120932, "bad-redirect": 0.0007624693057228209, "oneh-in": 0.0018631621752662776, "sft": 0.0, "sfT": 0.00027957207876503433, "sfb": 0.025434216494361638, "dsfb-red": 0.013109584434677886}, "chained-bigrams": {"roll-out": 0.18677963702569103, "roll-in": 0.1545962006585248, "redirect": 0.03466572820495173, "oneh-out": 0.0077773716016204045, "dsfb": 0.0, "sfR": 0.11914286586209158, "alternate": 0.36807070148931015, "dsfb-alt": 0.0649577400041166, "unknown": 0.019745355685863792, "bad-redirect": 0.0018232475753339537, "oneh-in": 0.0034848182823423537, "sft": 0.0, "sfT": 0.00016816991524625855, "sfb": 0.02366390950250924, "dsfb-red": 0.01512425419239807}, "english-5k": {"roll-out": 0.19616708839756086, "roll-in": 0.16920396565312978, "redirect": 0.05712033849089476, "oneh-out": 0.004853362093997594, "dsfb": 0.0, "sfR": 0.10644211224955408, "alternate": 0.3607665823204878, "dsfb-alt": 0.057078856763595635, "unknown": 0.005185215912390592, "bad-redirect": 0.0009125980005807441, "oneh-in": 0.0017837142738623636, "sft": 0.0, "sfT": 0.00020740863649562367, "sfb": 0.026340896834944207, "dsfb-red": 0.013937860372505911}, "mt-quotes": {"roll-out": 0.2045800910818661, "roll-in": 0.1720589641529506, "redirect": 0.037629540646179224, "oneh-out": 0.020620420506568173, "dsfb": 0.0, "sfR": 0.0964592223377679, "alternate": 0.37044889494507593, "dsfb-alt": 0.05191487072829634, "unknown": 0.0058868528944191435, "bad-redirect": 0.0007754509269552121, "oneh-in": 0.0018721387504332962, "sft": 0.0, "sfT": 0.0002450365164174466, "sfb": 0.02443791013733998, "dsfb-red": 0.013070606375730627}, "wordle": {"roll-out": 0.20538539212386403, "roll-in": 0.15438124088410188, "redirect": 0.04133288455065635, "oneh-out": 0.008302479524290363, "dsfb": 0.0, "sfR": 0.13138112868843263, "alternate": 0.3288679456972961, "dsfb-alt": 0.05874565241781667, "unknown": 0.004330752832940648, "bad-redirect": 0.0008526870862784697, "oneh-in": 0.003971726691349714, "sft": 0.0, "sfT": 0.0006282957477841356, "sfb": 0.04041288006282957, "dsfb-red": 0.021406933692359475}, "english-1k": {"roll-out": 0.205363443895554, "roll-in": 0.1707833450952717, "redirect": 0.04128440366972477, "oneh-out": 0.0056457304163726185, "dsfb": 0.0, "sfR": 0.10832745236414962, "alternate": 0.3613267466478476, "dsfb-alt": 0.062103034580098804, "unknown": 0.006351446718419196, "bad-redirect": 0.00035285815102328866, "oneh-in": 0.0024700070571630206, "sft": 0.0, "sfT": 0.00035285815102328866, "sfb": 0.021524347212420608, "dsfb-red": 0.014114326040931546}, "english-10k": {"roll-out": 0.20603616294552402, "roll-in": 0.16549275390285792, "redirect": 0.05628992107446788, "oneh-out": 0.004419057910885548, "dsfb": 0.0, "sfR": 0.10567144593890508, "alternate": 0.3587927674108952, "dsfb-alt": 0.05410933791320121, "unknown": 0.00494008220605546, "bad-redirect": 0.0009069682175179947, "oneh-in": 0.0018332336311533933, "sft": 0.0, "sfT": 0.0002894579417610621, "sfb": 0.028038825958588216, "dsfb-red": 0.013179984948187028}, "reddit": {"roll-out": 0.19585537467994982, "roll-in": 0.16328255793678575, "redirect": 0.03915535780538514, "oneh-out": 0.015174222857000519, "dsfb": 0.0, "sfR": 0.10397777127267367, "alternate": 0.3501738866767165, "dsfb-alt": 0.04871168036390626, "unknown": 0.04047056249984783, "bad-redirect": 0.0006592130160016197, "oneh-in": 0.0020157706947057877, "sft": 0.0, "sfT": 0.0004010190663852117, "sfb": 0.025442947958355597, "dsfb-red": 0.014679635172286308}, "akl": {"roll-out": 0.15690985280618938, "roll-in": 0.1477101994933805, "redirect": 0.03552031603592812, "oneh-out": 0.014258880770821844, "dsfb": 0.0, "sfR": 0.13064861186637447, "alternate": 0.29400423335114667, "dsfb-alt": 0.04195761000695445, "unknown": 0.13217309563005783, "bad-redirect": 0.000997594146650441, "oneh-in": 0.0020783787899268983, "sft": 0.0, "sfT": 0.0013511352266093563, "sfb": 0.028763626891190906, "dsfb-red": 0.013626464984769122}, "french": {"roll-out": 0.16635183082484173, "roll-in": 0.1374722549463026, "redirect": 0.03920498395422641, "oneh-out": 0.013518367426678845, "dsfb": 0.0, "sfR": 0.10898279115633469, "alternate": 0.2776206557481726, "dsfb-alt": 0.03753143770230257, "unknown": 0.17297402809930676, "bad-redirect": 0.0019344100211239426, "oneh-in": 0.0062260924505572746, "sft": 0.0, "sfT": 0.0003951909317689178, "sfb": 0.026203325150103412, "dsfb-red": 0.011584631588280265}, "keymash": {"roll-out": 0.20556784736446743, "roll-in": 0.16900165426311403, "redirect": 0.03849548258918859, "oneh-out": 0.018340564748186673, "dsfb": 0.0, "sfR": 0.099723742164827, "alternate": 0.3662899763148929, "dsfb-alt": 0.051947145677775815, "unknown": 0.010122612504258804, "bad-redirect": 0.000759401181381946, "oneh-in": 0.0018636115478238024, "sft": 0.0, "sfT": 0.0006157306876069832, "sfb": 0.023964238361663788, "dsfb-red": 0.013307992594812263}, "movie": {"roll-out": 0.20497152946561145, "roll-in": 0.1623635708757665, "redirect": 0.037912942502667156, "oneh-out": 0.032061049816493395, "dsfb": 0.0, "sfR": 0.11567713207251198, "alternate": 0.3356997695327053, "dsfb-alt": 0.04933260814151084, "unknown": 0.012505611002842644, "bad-redirect": 0.0009319758928551454, "oneh-in": 0.0022767742053497416, "sft": 0.0, "sfT": 0.0002789874177990551, "sfb": 0.02629601170378537, "dsfb-red": 0.019692037370101417}, "dutch": {"roll-out": 0.17922174902059312, "roll-in": 0.167147725968262, "redirect": 0.03293289805493558, "oneh-out": 0.0029175015991578838, "dsfb": 0.0, "sfR": 0.18880787437283908,