{"english-450k": {"redirect": 0.048408145700669064, "alternate": 0.3532270050710372, "oneh-out": 0.004433137792704325, "sfb": 0.0369908571649084, "dsfb": 0.0, "oneh-in": 0.002467986629254149, "sfR": 0.11369548401129392, "sft": 0.0, "sfT": 0.0005931704419280582, "dsfb-red": 0.013594683041172284, "roll-in": 0.16340544734523338, "dsfb-alt": 0.05583315451490702, "bad-redirect": 0.001183709768046677, "roll-out": 0.20158615354841047, "unknown": 0.0045810649704350285}, "shai": {"redirect": 0.04394748567406885, "alternate": 0.3716198674895878, "oneh-out": 0.011105580726974242, "sfb": 0.023510906657196035, "dsfb": 0.0, "oneh-in": 0.0015607036465133965, "sfR": 0.09823378925716947, "sft": 0.0, "sfT": 0.00031896813043463454, "dsfb-red": 0.013097258264329104, "roll-in": 0.1646069537932019, "dsfb-alt": 0.05266293414762606, "bad-redirect": 0.0008383150655198285, "roll-out": 0.1992646378086922, "unknown": 0.01923259933868647}, "tr-quotes": {"redirect": 0.03847691916506785, "alternate": 0.36774115253923856, "oneh-out": 0.018948937842398466, "sfb": 0.0254467071958577, "dsfb": 0.0, "oneh-in": 0.0018515522063752572, "sfR": 0.09677191928064538, "sft": 0.0, "sfT": 0.00027738609833337184, "dsfb-red": 0.013084533413467095, "roll-in": 0.16998566838491944, "dsfb-alt": 0.05219019440142392, "bad-redirect": 0.0007327616097639907, "roll-out": 0.20379672222093803, "unknown": 0.010695545641570929}, "gutenberg": {"redirect": 0.03548359231235245, "alternate": 0.36281159034827193, "oneh-out": 0.00977114900604417, "sfb": 0.022291215096747256, "dsfb": 0.0, "oneh-in": 0.002173408153283148, "sfR": 0.09863878308844841, "sft": 0.0, "sfT": 0.0005207617025516755, "dsfb-red": 0.010816082273150406, "roll-in": 0.18222984515816645, "dsfb-alt": 0.05499747480775009, "bad-redirect": 0.0007484647096332012, "roll-out": 0.18806980214844038, "unknown": 0.03144783119516042}, "english-200": {"redirect": 0.042316258351893093, "alternate": 0.3585746102449889, "oneh-out": 0.0066815144766146995, "sfb": 0.008908685968819599, "dsfb": 0.0, "oneh-in": 0.0, "sfR": 0.10690423162583519, "sft": 0.0, "sfT": 0.0, "dsfb-red": 0.008908685968819599, "roll-in": 0.16258351893095768, "dsfb-alt": 0.0779510022271715, "bad-redirect": 0.0, "roll-out": 0.22717149220489977, "unknown": 0.0}, "monkeyracer": {"redirect": 0.038292577068051364, "alternate": 0.3674965200118867, "oneh-out": 0.01942048422666062, "sfb": 0.025434216494361638, "dsfb": 0.0, "oneh-in": 0.0018631621752662776, "sfR": 0.09690789370786869, "sft": 0.0, "sfT": 0.00027957207876503433, "dsfb-red": 0.013109584434677886, "roll-in": 0.16989380171105933, "dsfb-alt": 0.05201702457106214, "bad-redirect": 0.0007624693057228209, "roll-out": 0.20437403225049658, "unknown": 0.010148661964120932}, "chained-bigrams": {"redirect": 0.03466572820495173, "alternate": 0.36807070148931015, "oneh-out": 0.0077773716016204045, "sfb": 0.02366390950250924, "dsfb": 0.0, "oneh-in": 0.0034848182823423537, "sfR": 0.11914286586209158, "sft": 0.0, "sfT": 0.00016816991524625855, "dsfb-red": 0.01512425419239807, "roll-in": 0.1545962006585248, "dsfb-alt": 0.0649577400041166, "bad-redirect": 0.0018232475753339537, "roll-out": 0.18677963702569103, "unknown": 0.019745355685863792}, "english-5k": {"redirect": 0.05712033849089476, "alternate": 0.3607665823204878, "oneh-out": 0.004853362093997594, "sfb": 0.026340896834944207, "dsfb": 0.0, "oneh-in": 0.0017837142738623636, "sfR": 0.10644211224955408, "sft": 0.0, "sfT": 0.00020740863649562367, "dsfb-red": 0.013937860372505911, "roll-in": 0.16920396565312978, "dsfb-alt": 0.057078856763595635, "bad-redirect": 0.0009125980005807441, "roll-out": 0.19616708839756086, "unknown": 0.005185215912390592}, "mt-quotes": {"redirect": 0.037629540646179224, "alternate": 0.37044889494507593, "oneh-out": 0.020620420506568173, "sfb": 0.02443791013733998, "dsfb": 0.0, "oneh-in": 0.0018721387504332962, "sfR": 0.0964592223377679, "sft": 0.0, "sfT": 0.0002450365164174466, "dsfb-red": 0.013070606375730627, "roll-in": 0.1720589641529506, "dsfb-alt": 0.05191487072829634, "bad-redirect": 0.0007754509269552121, "roll-out": 0.2045800910818661, "unknown": 0.0058868528944191435}, "wordle": {"redirect": 0.04133288455065635, "alternate": 0.3288679456972961, "oneh-out": 0.008302479524290363, "sfb": 0.04041288006282957, "dsfb": 0.0, "oneh-in": 0.003971726691349714, "sfR": 0.13138112868843263, "sft": 0.0, "sfT": 0.0006282957477841356, "dsfb-red": 0.021406933692359475, "roll-in": 0.15438124088410188, "dsfb-alt": 0.05874565241781667, "bad-redirect": 0.0008526870862784697, "roll-out": 0.20538539212386403, "unknown": 0.004330752832940648}, "english-1k": {"redirect": 0.04128440366972477, "alternate": 0.3613267466478476, "oneh-out": 0.0056457304163726185, "sfb": 0.021524347212420608, "dsfb": 0.0, "oneh-in": 0.0024700070571630206, "sfR": 0.10832745236414962, "sft": 0.0, "sfT": 0.00035285815102328866, "dsfb-red": 0.014114326040931546, "roll-in": 0.1707833450952717, "dsfb-alt": 0.062103034580098804, "bad-redirect": 0.00035285815102328866, "roll-out": 0.205363443895554, "unknown": 0.006351446718419196}, "english-10k": {"redirect": 0.05628992107446788, "alternate": 0.3587927674108952, "oneh-out": 0.004419057910885548, "sfb": 0.028038825958588216, "dsfb": 0.0, "oneh-in": 0.0018332336311533933, "sfR": 0.10567144593890508, "sft": 0.0, "sfT": 0.0002894579417610621, "dsfb-red": 0.013179984948187028, "roll-in": 0.16549275390285792, "dsfb-alt": 0.05410933791320121, "bad-redirect": 0.0009069682175179947, "roll-out": 0.20603616294552402, "unknown": 0.00494008220605546}, "reddit": {"redirect": 0.03915535780538514, "alternate": 0.3501738866767165, "oneh-out": 0.015174222857000519, "sfb": 0.025442947958355597, "dsfb": 0.0, "oneh-in": 0.0020157706947057877, "sfR": 0.10397777127267367, "sft": 0.0, "sfT": 0.0004010190663852117, "dsfb-red": 0.014679635172286308, "roll-in": 0.16328255793678575, "dsfb-alt": 0.04871168036390626, "bad-redirect": 0.0006592130160016197, "roll-out": 0.19585537467994982, "unknown": 0.04047056249984783}, "akl": {"redirect": 0.03552031603592812, "alternate": 0.29400423335114667, "oneh-out": 0.014258880770821844, "sfb": 0.028763626891190906, "dsfb": 0.0, "oneh-in": 0.0020783787899268983, "sfR": 0.13064861186637447, "sft": 0.0, "sfT": 0.0013511352266093563, "dsfb-red": 0.013626464984769122, "roll-in": 0.1477101994933805, "dsfb-alt": 0.04195761000695445, "bad-redirect": 0.000997594146650441, "roll-out": 0.15690985280618938, "unknown": 0.13217309563005783}, "french": {"redirect": 0.03920498395422641, "alternate": 0.2776206557481726, "oneh-out": 0.013518367426678845, "sfb": 0.026203325150103412, "dsfb": 0.0, "oneh-in": 0.0062260924505572746, "sfR": 0.10898279115633469, "sft": 0.0, "sfT": 0.0003951909317689178, "dsfb-red": 0.011584631588280265, "roll-in": 0.1374722549463026, "dsfb-alt": 0.03753143770230257, "bad-redirect": 0.0019344100211239426, "roll-out": 0.16635183082484173, "unknown": 0.17297402809930676}, "keymash": {"redirect": 0.03849548258918859, "alternate": 0.3662899763148929, "oneh-out": 0.018340564748186673, "sfb": 0.023964238361663788, "dsfb": 0.0, "oneh-in": 0.0018636115478238024, "sfR": 0.099723742164827, "sft": 0.0, "sfT": 0.0006157306876069832, "dsfb-red": 0.013307992594812263, "roll-in": 0.16900165426311403, "dsfb-alt": 0.051947145677775815, "bad-redirect": 0.000759401181381946, "roll-out": 0.20556784736446743, "unknown": 0.010122612504258804}, "movie": {"redirect": 0.037912942502667156, "alternate": 0.3356997695327053, "oneh-out": 0.032061049816493395, "sfb": 0.02629601170378537, "dsfb": 0.0, "oneh-in": 0.0022767742053497416, "sfR": 0.11567713207251198, "sft": 0.0, "sfT": 0.0002789874177990551, "dsfb-red": 0.019692037370101417, "roll-in": 0.1623635708757665, "dsfb-alt": 0.04933260814151084, "bad-redirect": 0.0009319758928551454, "roll-out": 0.20497152946561145, "unknown": 0.012505611002842644}, "dutch": {"redirect": 0.03293289805493558, "alternate": 0.24588686407586532, "oneh-out": 0.0029175015991578838, "sfb": 0.057769522519804474, "dsfb": 0.0, "oneh-in": 0.004379883384569383,