{"english-450k": {"dsfb": 0.0, "sfT": 0.00025609527211876737, "roll-in": 0.18621634437446977, "bad-redirect": 0.004191952176839047, "alternate": 0.3384433500301994, "redirect": 0.036230464695980416, "roll-out": 0.2119635666470405, "sfR": 0.11369548401129392, "oneh-in": 0.00289919727580116, "dsfb-alt": 0.047767615174171094, "oneh-out": 0.004577264469821394, "unknown": 0.00015377410175167997, "dsfb-red": 0.015416876912309587, "sft": 0.0, "sfb": 0.03818801485820332}, "shai": {"dsfb": 0.0, "sfT": 7.242695996727802e-05, "roll-in": 0.2261396147797598, "bad-redirect": 0.004109940665084856, "alternate": 0.308138533077907, "redirect": 0.03410311636027995, "roll-out": 0.22093562565777597, "sfR": 0.09823378925716947, "oneh-in": 0.002246137564237175, "dsfb-alt": 0.03588469649647499, "oneh-out": 0.014030920850759203, "unknown": 0.023621906111313578, "dsfb-red": 0.013785482746801261, "sft": 0.0, "sfb": 0.018697809472469473}, "tr-quotes": {"dsfb": 0.0, "sfT": 2.6582834423614803e-05, "roll-in": 0.23350592912785187, "bad-redirect": 0.003130995584937935, "alternate": 0.3064399805829731, "redirect": 0.036419638935762, "roll-out": 0.21650678440165508, "sfR": 0.09677191928064538, "oneh-in": 0.0028917500751254018, "dsfb-alt": 0.035951549894824436, "oneh-out": 0.02507801484015626, "unknown": 0.01476965396084233, "dsfb-red": 0.014099304223203346, "sft": 0.0, "sfb": 0.014407896257599223}, "gutenberg": {"dsfb": 0.0, "sfT": 1.2692264121848766e-05, "roll-in": 0.24488435453017215, "bad-redirect": 0.003464419794930899, "alternate": 0.28774499384898783, "redirect": 0.030072709624108178, "roll-out": 0.21636123774959717, "sfR": 0.09863878308844841, "oneh-in": 0.001253313722838081, "dsfb-alt": 0.03415677711967441, "oneh-out": 0.01557018765228349, "unknown": 0.03802431837805746, "dsfb-red": 0.01267256269694321, "sft": 0.0, "sfb": 0.017143649529836862}, "english-200": {"dsfb": 0.0, "sfT": 0.0, "roll-in": 0.24944320712694878, "bad-redirect": 0.0, "alternate": 0.2984409799554566, "redirect": 0.0378619153674833, "roll-out": 0.23385300668151449, "sfR": 0.10690423162583519, "oneh-in": 0.0022271714922048997, "dsfb-alt": 0.028953229398663696, "oneh-out": 0.0200445434298441, "unknown": 0.0, "dsfb-red": 0.013363028953229399, "sft": 0.0, "sfb": 0.008908685968819599}, "monkeyracer": {"dsfb": 0.0, "sfT": 2.7370693025947417e-05, "roll-in": 0.23299595695763017, "bad-redirect": 0.0031271016782144926, "alternate": 0.30660161565290833, "redirect": 0.03640204419975914, "roll-out": 0.21653932777577928, "sfR": 0.09690789370786869, "oneh-in": 0.0029589674210551012, "dsfb-alt": 0.03602471964590143, "oneh-out": 0.02566100223657663, "unknown": 0.014352018393105714, "dsfb-red": 0.014096884433113846, "sft": 0.0, "sfb": 0.014305097205061233}, "chained-bigrams": {"dsfb": 0.0, "sfT": 7.467003958810707e-05, "roll-in": 0.19493425465340442, "bad-redirect": 0.003612082001988171, "alternate": 0.3159406249817383, "redirect": 0.043383942305382284, "roll-out": 0.1919299218431942, "sfR": 0.11914286586209158, "oneh-in": 0.00436982057763444, "dsfb-alt": 0.05370269247176661, "oneh-out": 0.009150001720657434, "unknown": 0.02365222201805197, "dsfb-red": 0.019523942785867752, "sft": 0.0, "sfb": 0.02058295873863473}, "english-5k": {"dsfb": 0.0, "sfT": 4.148172729912474e-05, "roll-in": 0.20749159995022193, "bad-redirect": 0.004770398639399345, "alternate": 0.328244908117974, "redirect": 0.03389057120338491, "roll-out": 0.2325880449661924, "sfR": 0.10644211224955408, "oneh-in": 0.0018666777284606132, "dsfb-alt": 0.04127431866262911, "oneh-out": 0.00638818600406521, "unknown": 0.002157049819554486, "dsfb-red": 0.01480897664578753, "sft": 0.0, "sfb": 0.020035674285477246}, "mt-quotes": {"dsfb": 0.0, "sfT": 1.3447125900957435e-05, "roll-in": 0.23661712147834713, "bad-redirect": 0.0030554858297175505, "alternate": 0.3078988417542224, "redirect": 0.03674800683711646, "roll-out": 0.2163328791193029, "sfR": 0.0964592223377679, "oneh-in": 0.0028597554416036146, "dsfb-alt": 0.03603829741456593, "oneh-out": 0.027506843092958488, "unknown": 0.008869126594231481, "dsfb-red": 0.01433314208532052, "sft": 0.0, "sfb": 0.01326783088894467}, "wordle": {"dsfb": 0.0, "sfT": 0.00022439133849433412, "roll-in": 0.1813306406372714, "bad-redirect": 0.003208796140468978, "alternate": 0.3055088073600359, "redirect": 0.03426455738808482, "roll-out": 0.22003814652754403, "sfR": 0.13138112868843263, "oneh-in": 0.0019970829125995735, "dsfb-alt": 0.056322225962077865, "oneh-out": 0.006866374957926624, "unknown": 0.0, "dsfb-red": 0.019791316055200268, "sft": 0.0, "sfb": 0.03906653203186357}, "english-1k": {"dsfb": 0.0, "sfT": 0.0, "roll-in": 0.22971065631616092, "bad-redirect": 0.0035285815102328866, "alternate": 0.30310515172900493, "redirect": 0.032462949894142556, "roll-out": 0.24100211714890615, "sfR": 0.10832745236414962, "oneh-in": 0.0035285815102328866, "dsfb-alt": 0.03493295695130558, "oneh-out": 0.009527170077628794, "unknown": 0.0, "dsfb-red": 0.015172900494001412, "sft": 0.0, "sfb": 0.0187014820042343}, "english-10k": {"dsfb": 0.0, "sfT": 5.789158835221242e-05, "roll-in": 0.20620983771058066, "bad-redirect": 0.006097913973099708, "alternate": 0.33154512649312057, "redirect": 0.03417533432392273, "roll-out": 0.22965593099322668, "sfR": 0.10567144593890508, "oneh-in": 0.002315663534088497, "dsfb-alt": 0.041585457633005925, "oneh-out": 0.005422512108990564, "unknown": 0.0, "dsfb-red": 0.014086953165705024, "sft": 0.0, "sfb": 0.023175932537002373}, "reddit": {"dsfb": 0.0, "sfT": 0.00012229845430111302, "roll-in": 0.21961970612037277, "bad-redirect": 0.003041392127238338, "alternate": 0.2956042789101466, "redirect": 0.03588854696513483, "roll-out": 0.20861490539100203, "sfR": 0.10397777127267367, "oneh-in": 0.0023704174834723846, "dsfb-alt": 0.03744816128113343, "oneh-out": 0.01903020135045212, "unknown": 0.041217688064775854, "dsfb-red": 0.015388104686727733, "sft": 0.0, "sfb": 0.01767652789256914}, "akl": {"dsfb": 0.0, "sfT": 0.00019318874164503166, "roll-in": 0.1867942165334231, "bad-redirect": 0.0025763358047771307, "alternate": 0.2469387713250388, "redirect": 0.03161705845470305, "roll-out": 0.1742403332679982, "sfR": 0.13064861186637447, "oneh-in": 0.0036201825827563224, "dsfb-alt": 0.03444914264990961, "oneh-out": 0.015819338803316443, "unknown": 0.13295000147380848, "dsfb-red": 0.014597226675424358, "sft": 0.0, "sfb": 0.025555591820825015}, "french": {"dsfb": 0.0, "sfT": 4.614406209144995e-05, "roll-in": 0.12068867076231174, "bad-redirect": 0.004746006677135675, "alternate": 0.21901991420410563, "redirect": 0.020661782857040466, "roll-out": 0.2498144536776016, "sfR": 0.10898279115633469, "oneh-in": 0.0004200308197389256, "dsfb-alt": 0.043790819797654396, "oneh-out": 0.010328284588648833, "unknown": 0.15822382396052298, "dsfb-red": 0.013024925599067158, "sft": 0.0, "sfb": 0.05025235183774645}, "keymash": {"dsfb": 0.0, "sfT": 4.104871250713221e-06, "roll-in": 0.23213046922783268, "bad-redirect": 0.0034768259493540986, "alternate": 0.30530390414304653, "redirect": 0.03587246985998284, "roll-out": 0.21817390697540773, "sfR": 0.099723742164827, "oneh-in": 0.0029267732017585267, "dsfb-alt": 0.03546608760616223, "oneh-out": 0.024239264735461574, "unknown": 0.013394194891077241, "dsfb-red": 0.01434652502124271, "sft": 0.0, "sfb": 0.014941731352596126}, "movie": {"dsfb": 0.0, "sfT": 2.618796987830753e-05, "roll-in": 0.21058878320558913, "bad-redirect": 0.001958175838136764, "alternate": 0.29611079695782644, "redirect": 0.033394793910546894, "roll-out": 0.20272923389397082, "sfR": 0.11567713207251198, "oneh-in": 0.004004653825963701, "dsfb-alt": 0.03962108244749345, "oneh-out": 0.03696372729295745, "unknown": 0.030451476652766863, "dsfb-red": 0.015424319464807382, "sft": 0.0, "sfb": 0.013049636467550802}, "dutch": {"dsfb": 0.0, "sfT": 6.59673919900058e-05, "roll-in": 0.17698056111838523, "bad-redirect": 0.0022117276072800315, "alternate": 0.25229920298695474, "redirect": 0.024447418645207282, "roll-out": 0.20918286896222194, "sfR": 0.18880787437283908,