{"english-450k": {"unknown": 0.00015377410175167997, "roll-in": 0.1807243286415666, "redirect": 0.03500524176738481, "sfR": 0.11369548401129392, "dsfb": 0.0, "dsfb-alt": 0.046966001890895226, "bad-redirect": 0.004152193093496408, "dsfb-red": 0.01506401504764366, "alternate": 0.33924496331347526, "oneh-in": 0.0032175622887433263, "sfT": 0.00025434119491247445, "sfb": 0.038397042391953226, "oneh-out": 0.005147339561866596, "sft": 0.0, "roll-out": 0.21797771269501684}, "shai": {"unknown": 0.023621906111313578, "roll-in": 0.22745387788643479, "redirect": 0.0351094226495704, "sfR": 0.09823378925716947, "dsfb": 0.0, "dsfb-alt": 0.03405758100068955, "bad-redirect": 0.004123100055021731, "dsfb-red": 0.013169294313007082, "alternate": 0.3099656485736924, "oneh-in": 0.0022314261403695093, "sfT": 8.234294732559397e-05, "sfb": 0.020579455157908034, "oneh-out": 0.012341646094153731, "sft": 0.0, "roll-out": 0.21903050981334413}, "tr-quotes": {"unknown": 0.01476965396084233, "roll-in": 0.23828043734541504, "redirect": 0.038326668361803935, "sfR": 0.09677191928064538, "dsfb": 0.0, "dsfb-alt": 0.03230970157878921, "bad-redirect": 0.0031945632324726658, "dsfb-red": 0.014211414437946419, "alternate": 0.31008182889900837, "oneh-in": 0.0019070294260419315, "sfT": 4.160791475000578e-05, "sfb": 0.018382607891634498, "oneh-out": 0.021050137537273757, "sft": 0.0, "roll-out": 0.21067243013337647}, "gutenberg": {"unknown": 0.03802431837805746, "roll-in": 0.24926337508898794, "redirect": 0.03215196769875612, "sfR": 0.09863878308844841, "dsfb": 0.0, "dsfb-alt": 0.03206425847057081, "bad-redirect": 0.003453432461810493, "dsfb-red": 0.012486156907452178, "alternate": 0.2898375124980914, "oneh-in": 0.0017699078162751198, "sfT": 2.8415516690706193e-05, "sfb": 0.019848048971680337, "oneh-out": 0.01222587077456531, "sft": 0.0, "roll-out": 0.2102079523286137}, "english-200": {"unknown": 0.0, "roll-in": 0.2516703786191537, "redirect": 0.0378619153674833, "sfR": 0.10690423162583519, "dsfb": 0.0, "dsfb-alt": 0.024498886414253896, "bad-redirect": 0.0, "dsfb-red": 0.013363028953229399, "alternate": 0.3028953229398664, "oneh-in": 0.0022271714922048997, "sfT": 0.0, "sfb": 0.008908685968819599, "oneh-out": 0.0200445434298441, "sft": 0.0, "roll-out": 0.23162583518930957}, "monkeyracer": {"unknown": 0.014352018393105714, "roll-in": 0.23768221061357273, "redirect": 0.03840499241440793, "sfR": 0.09690789370786869, "dsfb": 0.0, "dsfb-alt": 0.03238539499820135, "bad-redirect": 0.0031906407870247273, "dsfb-red": 0.014204412155715782, "alternate": 0.3102409403006084, "oneh-in": 0.0019794876206265543, "sfT": 4.3011089040774515e-05, "sfb": 0.018331521654128283, "oneh-out": 0.02154953313417896, "sft": 0.0, "roll-out": 0.2107279431315201}, "chained-bigrams": {"unknown": 0.02365222201805197, "roll-in": 0.19864632957797143, "redirect": 0.043412511711833385, "sfR": 0.11914286586209158, "dsfb": 0.0, "dsfb-alt": 0.05125546308735291, "bad-redirect": 0.0027939580899793456, "dsfb-red": 0.019640817630440444, "alternate": 0.318387854366152, "oneh-in": 0.00468343474390449, "sfT": 0.0001240171961854648, "sfb": 0.02197766521720216, "oneh-out": 0.008770807780488265, "sft": 0.0, "roll-out": 0.18751205271834656}, "english-5k": {"unknown": 0.002157049819554486, "roll-in": 0.2054589953125648, "redirect": 0.03389057120338491, "sfR": 0.10644211224955408, "dsfb": 0.0, "dsfb-alt": 0.038992823661177255, "bad-redirect": 0.004231136184510723, "dsfb-red": 0.013730451736010287, "alternate": 0.3305264031194259, "oneh-in": 0.00236445845605011, "sfT": 4.148172729912474e-05, "sfb": 0.02173642510474136, "oneh-out": 0.0065126311859625835, "sft": 0.0, "roll-out": 0.2339154602397644}, "mt-quotes": {"unknown": 0.008869126594231481, "roll-in": 0.24174944119721256, "redirect": 0.03902654761477869, "sfR": 0.0964592223377679, "dsfb": 0.0, "dsfb-alt": 0.03183681763306678, "bad-redirect": 0.0031690393373256355, "dsfb-red": 0.014455660343529244, "alternate": 0.31210032153572154, "oneh-in": 0.001945350880338509, "sfT": 2.540012670180849e-05, "sfb": 0.017171979775522647, "oneh-out": 0.02312905654964679, "sft": 0.0, "roll-out": 0.2100620360741564}, "wordle": {"unknown": 0.0, "roll-in": 0.18225064512509817, "redirect": 0.03368113990799955, "sfR": 0.13138112868843263, "dsfb": 0.0, "dsfb-alt": 0.05201391226298665, "bad-redirect": 0.004016604959048581, "dsfb-red": 0.01756984180410636, "alternate": 0.3098171210591271, "oneh-in": 0.003500504880511612, "sfT": 0.00022439133849433412, "sfb": 0.03852799281947717, "oneh-out": 0.007584427241108493, "sft": 0.0, "roll-out": 0.21943228991360933}, "english-1k": {"unknown": 0.0, "roll-in": 0.22512350035285816, "redirect": 0.032815808045165845, "sfR": 0.10832745236414962, "dsfb": 0.0, "dsfb-alt": 0.030698659139026113, "bad-redirect": 0.004234297812279464, "dsfb-red": 0.011997177134791814, "alternate": 0.3073394495412844, "oneh-in": 0.0045871559633027525, "sfT": 0.0, "sfb": 0.02364149611856034, "oneh-out": 0.009174311926605505, "sft": 0.0, "roll-out": 0.24206069160197602}, "english-10k": {"unknown": 0.0, "roll-in": 0.1976611798305706, "redirect": 0.03423322591227495, "sfR": 0.10567144593890508, "dsfb": 0.0, "dsfb-alt": 0.0396171436290307, "bad-redirect": 0.006078616776982304, "dsfb-red": 0.012601069064664905, "alternate": 0.33351344049709575, "oneh-in": 0.0023928523185581135, "sfT": 5.789158835221242e-05, "sfb": 0.024777599814746917, "oneh-out": 0.005654078462399414, "sft": 0.0, "roll-out": 0.237741456166419}, "reddit": {"unknown": 0.041217688064775854, "roll-in": 0.2248565521537357, "redirect": 0.036606418290305066, "sfR": 0.10397777127267367, "dsfb": 0.0, "dsfb-alt": 0.03253805626365674, "bad-redirect": 0.002812152758073618, "dsfb-red": 0.015537784510123522, "alternate": 0.3005143839276233, "oneh-in": 0.0016908276346561232, "sfT": 0.00016267754579777453, "sfb": 0.020237865811439007, "oneh-out": 0.017129424914461313, "sft": 0.0, "roll-out": 0.2027183968526783}, "akl": {"unknown": 0.13295000147380848, "roll-in": 0.18842684547196004, "redirect": 0.03184935933063943, "sfR": 0.13064861186637447, "dsfb": 0.0, "dsfb-alt": 0.02862336183347012, "bad-redirect": 0.0025496515943951594, "dsfb-red": 0.014698503136864821, "alternate": 0.2527645521414783, "oneh-in": 0.0016488371255837758, "sfT": 0.00019472061298177445, "sfb": 0.026868677340037856, "oneh-out": 0.01583670824766693, "sft": 0.0, "roll-out": 0.17294016982473884}, "french": {"unknown": 0.15822382396052298, "roll-in": 0.12923531513540368, "redirect": 0.019675168874907237, "sfR": 0.10898279115633469, "dsfb": 0.0, "dsfb-alt": 0.04100953140060727, "bad-redirect": 0.00665882786920969, "dsfb-red": 0.014494269394397989, "alternate": 0.22180120260115277, "oneh-in": 0.0009336831472731338, "sfT": 0.00018589465013984122, "sfb": 0.02203802950891796, "oneh-out": 0.011226445797214556, "sft": 0.0, "roll-out": 0.2655350165039182}, "keymash": {"unknown": 0.013394194891077241, "roll-in": 0.2367032958011272, "redirect": 0.038007002910353714, "sfR": 0.099723742164827, "dsfb": 0.0, "dsfb-alt": 0.032165771120588806, "bad-redirect": 0.003591762344374069, "dsfb-red": 0.01434652502124271, "alternate": 0.30860422062862, "oneh-in": 0.002015491784100192, "sfT": 3.283897000570577e-05, "sfb": 0.018229733224417417, "oneh-out": 0.020536670867318245, "sft": 0.0, "roll-out": 0.2126487502719477}, "movie": {"unknown": 0.030451476652766863, "roll-in": 0.2178794350610068, "redirect": 0.0350714819719515, "sfR": 0.11567713207251198, "dsfb": 0.0, "dsfb-alt": 0.03357626732995487, "bad-redirect": 0.0022633512258141268, "dsfb-red": 0.016551849745799034, "alternate": 0.302155612075365, "oneh-in": 0.001593913020934979, "sfT": 0.0001117265649582065, "sfb": 0.021113294026813587, "oneh-out": 0.031043403730719767, "sft": 0.0, "roll-out": 0.19251105652140327}, "dutch": {"unknown": 0.07325981014373002, "roll-in": 0.14084438046577677, "redirect": 0.024421132100858996, "sfR": 0.18880787437283908, "dsfb": 0.0, "dsfb-alt": 0.02971039364584293, "bad-redirect": 0.0030688912948827057, "dsfb-red": 0.009863102330791667,