{"mt-quotes": {"dsfb": 0.0, "oneh-out": 0.011447986517015096, "sfT": 2.540012670180849e-05, "sft": 0.0, "dsfb-alt": 0.03427074742114008, "oneh-in": 0.01886332938884307, "sfb": 0.015839220186227753, "sfR": 0.0964592223377679, "alternate": 0.3248078555121263, "roll-out": 0.2857110840176426, "redirect": 0.02082362152018264, "unknown": 0.008869126594231481, "roll-in": 0.17108778283788145, "dsfb-red": 0.008063793165274141, "bad-redirect": 0.003730830374965635}, "monkeyracer": {"dsfb": 0.0, "oneh-out": 0.010960985032141013, "sfT": 4.6921188044481286e-05, "sft": 0.0, "dsfb-alt": 0.03522412687489247, "oneh-in": 0.017446861754539626, "sfb": 0.01666190937954549, "sfR": 0.09690789370786869, "alternate": 0.3254815286923065, "roll-out": 0.28021724510064594, "redirect": 0.02057591848225597, "unknown": 0.014352018393105714, "roll-in": 0.17029654190844112, "dsfb-red": 0.008052848898134101, "bad-redirect": 0.00377520058807889}}