{"english-450k": {"sft": 0.0, "bad-redirect": 0.008466345982373863, "dsfb-red": 0.04799798398059757, "roll-in": 0.1509161252902267, "sfR": 0.11369548401129392, "redirect": 0.07382940195907037, "alternate": 0.15176246754226302, "sfT": 0.0042884264231851585, "roll-out": 0.16782162905827688, "dsfb": 0.0, "sfb": 0.20817826803586034, "oneh-in": 0.01936501235747392, "unknown": 0.0001543587941537776, "oneh-out": 0.018153529700327603, "dsfb-alt": 0.03537096686489688}, "shai": {"sft": 0.0, "bad-redirect": 0.006732781247900303, "dsfb-red": 0.05056065193785176, "roll-in": 0.15651553133126891, "sfR": 0.09823378925716947, "redirect": 0.062275268583148614, "alternate": 0.14387307706479344, "sfT": 0.00539841136748355, "roll-out": 0.15332389160006726, "dsfb": 0.0, "sfb": 0.1932250312961256, "oneh-in": 0.02066686834076813, "unknown": 0.03262951626392225, "oneh-out": 0.017350241498027795, "dsfb-alt": 0.059214940211472944}, "tr-quotes": {"sft": 0.0, "bad-redirect": 0.0057973694551674716, "dsfb-red": 0.04212107903192252, "roll-in": 0.16645477450821755, "sfR": 0.09677191928064538, "redirect": 0.05679249208293844, "alternate": 0.14255102748433923, "sfT": 0.00631053373708421, "roll-out": 0.15383370703404914, "dsfb": 0.0, "sfb": 0.1914229906844502, "oneh-in": 0.02121656919627378, "unknown": 0.039675458264949955, "oneh-out": 0.0137664409052033, "dsfb-alt": 0.0632856383347588}, "gutenberg": {"sft": 0.0, "bad-redirect": 0.0059087225406654455, "dsfb-red": 0.04012801379705941, "roll-in": 0.16603527388579917, "sfR": 0.09863878308844841, "redirect": 0.06126972652527863, "alternate": 0.15404525189976673, "sfT": 0.005217657174747471, "roll-out": 0.15500531749035673, "dsfb": 0.0, "sfb": 0.16654959473790096, "oneh-in": 0.020560141819949435, "unknown": 0.040122141256943335, "oneh-out": 0.012848360026869713, "dsfb-alt": 0.07367101575621457}, "english-200": {"sft": 0.0, "bad-redirect": 0.0066815144766146995, "dsfb-red": 0.0334075723830735, "roll-in": 0.18040089086859687, "sfR": 0.10690423162583519, "redirect": 0.062360801781737196, "alternate": 0.1447661469933185, "sfT": 0.011135857461024499, "roll-out": 0.16481069042316257, "dsfb": 0.0, "sfb": 0.2071269487750557, "oneh-in": 0.0200445434298441, "unknown": 0.0, "oneh-out": 0.011135857461024499, "dsfb-alt": 0.051224944320712694}, "monkeyracer": {"sft": 0.0, "bad-redirect": 0.005755665733456371, "dsfb-red": 0.04197002518103758, "roll-in": 0.16662495894396046, "sfR": 0.09690789370786869, "redirect": 0.056622143672677795, "alternate": 0.14249182789308226, "sfT": 0.006376393950294821, "roll-out": 0.15380374431080596, "dsfb": 0.0, "sfb": 0.19206308553732582, "oneh-in": 0.02126214085740651, "unknown": 0.039183102116145584, "oneh-out": 0.013736177800021896, "dsfb-alt": 0.06320284029591629}, "chained-bigrams": {"sft": 0.0, "bad-redirect": 0.008009822681381642, "dsfb-red": 0.034111871302615594, "roll-in": 0.15959584678746763, "sfR": 0.11914286586209158, "redirect": 0.06363250912760071, "alternate": 0.15410857283477988, "sfT": 0.004555521719566602, "roll-out": 0.15772130414146013, "dsfb": 0.0, "sfb": 0.17879643583668428, "oneh-in": 0.01673258191465669, "unknown": 0.033907340324613386, "oneh-out": 0.017907823407304287, "dsfb-alt": 0.05177750405977759}, "english-5k": {"sft": 0.0, "bad-redirect": 0.0076326378230389515, "dsfb-red": 0.06579001949641183, "roll-in": 0.14829717509437093, "sfR": 0.10644211224955408, "redirect": 0.06433815904094246, "alternate": 0.1507445970050193, "sfT": 0.003484465093126478, "roll-out": 0.15850168000995563, "dsfb": 0.0, "sfb": 0.20852864313270006, "oneh-in": 0.019994192558178123, "unknown": 0.0022400132741527356, "oneh-out": 0.02708756792632845, "dsfb-alt": 0.03691873729622101}, "mt-quotes": {"sft": 0.0, "bad-redirect": 0.005610439750899463, "dsfb-red": 0.04116314650793081, "roll-in": 0.1686209822976058, "sfR": 0.0964592223377679, "redirect": 0.056235880517803996, "alternate": 0.14292203057577604, "sfT": 0.006394855428455313, "roll-out": 0.1544506998481969, "dsfb": 0.0, "sfb": 0.1938567552384026, "oneh-in": 0.02155424869413466, "unknown": 0.03470703195037114, "oneh-out": 0.013330584143149138, "dsfb-alt": 0.06469412270950622}, "wordle": {"sft": 0.0, "bad-redirect": 0.010546392909233704, "dsfb-red": 0.03579041848984629, "roll-in": 0.16692471670593514, "sfR": 0.13138112868843263, "redirect": 0.06137103107820038, "alternate": 0.16555592954111972, "sfT": 0.005407831257713452, "roll-out": 0.15828565017390328, "dsfb": 0.0, "sfb": 0.19470436441153371, "oneh-in": 0.019207898575115002, "unknown": 0.0, "oneh-out": 0.01249859755413441, "dsfb-alt": 0.03832604061483227}, "english-1k": {"sft": 0.0, "bad-redirect": 0.008468595624558928, "dsfb-red": 0.04798870853916726, "roll-in": 0.1651376146788991, "sfR": 0.10832745236414962, "redirect": 0.05857445306986592, "alternate": 0.15702187720536345, "sfT": 0.004234297812279464, "roll-out": 0.16019760056457305, "dsfb": 0.0, "sfb": 0.20077628793225125, "oneh-in": 0.025405786873676783, "unknown": 0.0, "oneh-out": 0.013408609738884969, "dsfb-alt": 0.05045871559633028}, "english-10k": {"sft": 0.0, "bad-redirect": 0.00773817564307906, "dsfb-red": 0.06441404063989502, "roll-in": 0.14430443256594816, "sfR": 0.10567144593890508, "redirect": 0.07095579012369503, "alternate": 0.14856911290789448, "sfT": 0.00405241118465487, "roll-out": 0.1589510044190579, "dsfb": 0.0, "sfb": 0.21444974045271223, "oneh-in": 0.018988440979525675, "unknown": 0.0, "oneh-out": 0.024565330657455472, "dsfb-alt": 0.037340074487177015}, "reddit": {"sft": 0.0, "bad-redirect": 0.005370756285775342, "dsfb-red": 0.04362069349778636, "roll-in": 0.15789209905163448, "sfR": 0.10397777127267367, "redirect": 0.05507311031564051, "alternate": 0.13381128992655913, "sfT": 0.006373528696217943, "roll-out": 0.14506922785475587, "dsfb": 0.0, "sfb": 0.19180926235677925, "oneh-in": 0.02148362446171356, "unknown": 0.06615870668541785, "oneh-out": 0.014647833828426693, "dsfb-alt": 0.05471209576661934}, "akl": {"sft": 0.0, "bad-redirect": 0.004826753628861128, "dsfb-red": 0.03483366706303426, "roll-in": 0.13820061401850545, "sfR": 0.13064861186637447, "redirect": 0.046800893021691076, "alternate": 0.11265048257776786, "sfT": 0.006426570871669134, "roll-out": 0.13033433116632015, "dsfb": 0.0, "sfb": 0.1647787546642085, "oneh-in": 0.017835405020480997, "unknown": 0.15755057034658318, "oneh-out": 0.011643111632924688, "dsfb-alt": 0.043470234121579146}, "french": {"sft": 0.0, "bad-redirect": 0.007253591869524129, "dsfb-red": 0.06712834400062696, "roll-in": 0.11374930797015971, "sfR": 0.10898279115633469, "redirect": 0.06741323863852663, "alternate": 0.09683231051573885, "sfT": 0.0025323351893284125, "roll-out": 0.12927101685617118, "dsfb": 0.0, "sfb": 0.1558277785545861, "oneh-in": 0.023173802673577968, "unknown": 0.18492300301421105, "oneh-out": 0.022409039753603893, "dsfb-alt": 0.020503439807610425}, "keymash": {"sft": 0.0, "bad-redirect": 0.005557995673465702, "dsfb-red": 0.04223502029858833, "roll-in": 0.16401834056474818, "sfR": 0.099723742164827, "redirect": 0.057677545943771474, "alternate": 0.1436828083887149, "sfT": 0.006157306876069832, "roll-out": 0.15715089096230497, "dsfb": 0.0, "sfb": 0.1913814123220025, "oneh-in": 0.020610558549831084, "unknown": 0.03462869387101673, "oneh-out": 0.01334083156481797, "dsfb-alt": 0.0638348528198413}, "movie": {"sft": 0.0, "bad-redirect": 0.005242068302173377, "dsfb-red": 0.03443310085697828, "roll-in": 0.16292786240761667, "sfR": 0.11567713207251198, "redirect": 0.05152818648045397, "alternate": 0.12801824577712406, "sfT": 0.008300007277360473, "roll-out": 0.14921813118172622, "dsfb": 0.0, "sfb": 0.17802858278734487, "oneh-in": 0.01983732138389866, "unknown": 0.0850124669212383, "oneh-out": 0.010317138947183075, "dsfb-alt": 0.05145975560439005}, "dutch": {"sft": 0.0, "bad-redirect": 0.0033852801591565986, "dsfb-red": 0.04469542734981893, "roll-in": 0.12064130633151765, "sfR": 0.18880787437283908, "redirect": 0.0566495830426901, "alternate": 0.13000250780088168, "sfT": 0.00449282945745469,