{"english-450k": {"bad-redirect": 0.0013792893765483386, "sft": 0.0, "dsfb-red": 0.016461137542455977, "alternate": 0.32220790375495306, "dsfb": 0.0, "redirect": 0.045166318677238686, "sfT": 6.139270222025246e-06, "roll-in": 0.2011257082817586, "oneh-out": 0.007254570979026499, "sfR": 0.11369548401129392, "dsfb-alt": 0.04618192937968229, "sfb": 0.02371190802086884, "unknown": 0.0, "roll-out": 0.21629467561557877, "oneh-in": 0.006514935090372981}, "shai": {"bad-redirect": 0.0029038051691941467, "sft": 0.0, "dsfb-red": 0.014290691078521925, "alternate": 0.27798459995299774, "dsfb": 0.0, "redirect": 0.04256337717009951, "sfT": 9.225506427510494e-05, "roll-in": 0.22019398953379532, "oneh-out": 0.010965022960813194, "sfR": 0.09823378925716947, "dsfb-alt": 0.04231973880623588, "sfb": 0.021231100406764482, "unknown": 0.016772683614515952, "roll-out": 0.24180939444203103, "oneh-in": 0.010639552543586221}, "tr-quotes": {"bad-redirect": 0.003121749381660156, "sft": 0.0, "dsfb-red": 0.012259309770925314, "alternate": 0.2776449920251497, "dsfb": 0.0, "redirect": 0.04294052379741568, "sfT": 8.783893113890109e-05, "roll-in": 0.22592982131712167, "oneh-out": 0.01260141929220314, "sfR": 0.09677191928064538, "dsfb-alt": 0.039104505212547096, "sfb": 0.024614548900857586, "unknown": 0.010735997780911213, "roll-out": 0.23484894015394928, "oneh-in": 0.01933843415547491}, "gutenberg": {"bad-redirect": 0.002890047484222758, "sft": 0.0, "dsfb-red": 0.01392114050033284, "alternate": 0.25462007885874194, "dsfb": 0.0, "redirect": 0.03615704005792219, "sfT": 0.00010930502087024982, "roll-in": 0.2289413552989066, "oneh-out": 0.010093949275650592, "sfR": 0.09863878308844841, "dsfb-alt": 0.04739026211609216, "sfb": 0.022257874223830163, "unknown": 0.030721151714990094, "roll-out": 0.2441305855907567, "oneh-in": 0.010128426769235315}, "english-200": {"bad-redirect": 0.004454342984409799, "sft": 0.0, "dsfb-red": 0.017817371937639197, "alternate": 0.24944320712694878, "dsfb": 0.0, "redirect": 0.0556792873051225, "sfT": 0.0, "roll-in": 0.24276169265033407, "oneh-out": 0.011135857461024499, "sfR": 0.10690423162583519, "dsfb-alt": 0.044543429844097995, "sfb": 0.013363028953229399, "unknown": 0.0, "roll-out": 0.24944320712694878, "oneh-in": 0.004454342984409799}, "monkeyracer": {"bad-redirect": 0.0031642476187497067, "sft": 0.0, "dsfb-red": 0.012259137901371663, "alternate": 0.2776346247086976, "dsfb": 0.0, "redirect": 0.04295537012997169, "sfT": 8.89547523343291e-05, "roll-in": 0.2255921844941114, "oneh-out": 0.012662855623504388, "sfR": 0.09690789370786869, "dsfb-alt": 0.03897977696795283, "sfb": 0.024604297980824873, "unknown": 0.01033830176580071, "roll-out": 0.23495491655848727, "oneh-in": 0.01985743779032485}, "chained-bigrams": {"bad-redirect": 0.0046373341107674845, "sft": 0.0, "dsfb-red": 0.0225665845729101, "alternate": 0.2960407347791617, "dsfb": 0.0, "redirect": 0.048126463776265185, "sfT": 8.116308650881204e-05, "roll-in": 0.19030666011301797, "oneh-out": 0.009127925361127037, "sfR": 0.11914286586209158, "dsfb-alt": 0.053044946818699194, "sfb": 0.021395238908414924, "unknown": 0.017076064096761982, "roll-out": 0.20763205721153502, "oneh-in": 0.010821961302738962}, "english-5k": {"bad-redirect": 0.0009540797278798689, "sft": 0.0, "dsfb-red": 0.01692454473804289, "alternate": 0.3008669681005517, "dsfb": 0.0, "redirect": 0.04616916248392583, "sfT": 0.0, "roll-in": 0.20998050358816941, "oneh-out": 0.006761521549757332, "sfR": 0.10644211224955408, "dsfb-alt": 0.042767660845397605, "sfb": 0.016841581283444644, "unknown": 0.0, "roll-out": 0.2455303438835193, "oneh-in": 0.006761521549757332}, "mt-quotes": {"bad-redirect": 0.0032258160911296783, "sft": 0.0, "dsfb-red": 0.011932083049449564, "alternate": 0.27812989325970283, "dsfb": 0.0, "redirect": 0.04339536940748975, "sfT": 7.32121299052127e-05, "roll-in": 0.22777339501081748, "oneh-out": 0.013266336763844562, "sfR": 0.0964592223377679, "dsfb-alt": 0.03859175721064773, "sfb": 0.02398817848220796, "unknown": 0.006137865911237016, "roll-out": 0.23572662291868374, "oneh-in": 0.021300247427116576}, "wordle": {"bad-redirect": 0.003006843935824077, "sft": 0.0, "dsfb-red": 0.017973746213396164, "alternate": 0.2957477841355324, "dsfb": 0.0, "redirect": 0.037181644788511166, "sfT": 0.0, "roll-in": 0.1870301806350275, "oneh-out": 0.016425445977785256, "sfR": 0.13138112868843263, "dsfb-alt": 0.05037585549197801, "sfb": 0.027039156288567262, "unknown": 0.0, "roll-out": 0.22872209132727478, "oneh-in": 0.0051161225176708175}, "english-1k": {"bad-redirect": 0.0007057163020465773, "sft": 0.0, "dsfb-red": 0.01587861679604799, "alternate": 0.276287932251235, "dsfb": 0.0, "redirect": 0.043048694424841216, "sfT": 0.0, "roll-in": 0.22265349329569514, "oneh-out": 0.010232886379675371, "sfR": 0.10832745236414962, "dsfb-alt": 0.03705010585744531, "sfb": 0.016584333098094567, "unknown": 0.0, "roll-out": 0.26040931545518703, "oneh-in": 0.008821453775582216}, "english-10k": {"bad-redirect": 0.0011964261592790567, "sft": 0.0, "dsfb-red": 0.015920186796858415, "alternate": 0.30555180332297716, "dsfb": 0.0, "redirect": 0.04272399220393277, "sfT": 0.0, "roll-in": 0.20489762837459716, "oneh-out": 0.010980104590802956, "sfR": 0.10567144593890508, "dsfb-alt": 0.0423959398699369, "sfb": 0.017695528839659597, "unknown": 0.0, "roll-out": 0.2470234074988904, "oneh-in": 0.005943536404160475}, "reddit": {"bad-redirect": 0.0031509550610302997, "sft": 0.0, "dsfb-red": 0.01388617478715293, "alternate": 0.27158235283871945, "dsfb": 0.0, "redirect": 0.04204253776222296, "sfT": 0.00010592956470552761, "roll-in": 0.21232996909576118, "oneh-out": 0.011218120697899032, "sfR": 0.10397777127267367, "dsfb-alt": 0.03885026717436445, "sfb": 0.02197750045557579, "unknown": 0.041052351042636465, "roll-out": 0.2259000782298076, "oneh-in": 0.013925992017450659}, "akl": {"bad-redirect": 0.0036434818516361362, "sft": 0.0, "dsfb-red": 0.012862777708198424, "alternate": 0.2347549091102439, "dsfb": 0.0, "redirect": 0.036707961058743487, "sfT": 0.00017055657802476706, "roll-in": 0.1759737939311359, "oneh-out": 0.009329516470001154, "sfR": 0.13064861186637447, "dsfb-alt": 0.030940761967133305, "sfb": 0.024821973696138446, "unknown": 0.13144916288543582, "roll-out": 0.19436734368543981, "oneh-in": 0.014329149191494368}, "french": {"bad-redirect": 0.001739900813937808, "sft": 0.0, "dsfb-red": 0.017130683414683965, "alternate": 0.2146012157492141, "dsfb": 0.0, "redirect": 0.03454122756958491, "sfT": 0.0004272970113344948, "roll-in": 0.15176479388743394, "oneh-out": 0.014035165940264743, "sfR": 0.10898279115633469, "dsfb-alt": 0.029760043536023673, "sfb": 0.040330075068149014, "unknown": 0.15037208219521925, "roll-out": 0.23143428494524654, "oneh-in": 0.004880438712572877}, "keymash": {"bad-redirect": 0.0031114924080406217, "sft": 0.0, "dsfb-red": 0.012675842422202427, "alternate": 0.27560516064413637, "dsfb": 0.0, "redirect": 0.04152487757221495, "sfT": 8.209742501426443e-05, "roll-in": 0.22598958183676568, "oneh-out": 0.012634793709695296, "sfR": 0.099723742164827, "dsfb-alt": 0.04059717666955376, "sfb": 0.024616912890527188, "unknown": 0.009691601022933916, "roll-out": 0.23460570659201274, "oneh-in": 0.01914101464207575}, "movie": {"bad-redirect": 0.004620794906216142, "sft": 0.0, "dsfb-red": 0.012377961099415719, "alternate": 0.27586578546999313, "dsfb": 0.0, "redirect": 0.03677370001404149, "sfT": 0.00012093841365911869, "roll-in": 0.21380200763030588, "oneh-out": 0.013620771087007358, "sfR": 0.11567713207251198, "dsfb-alt": 0.04047857396370979, "sfb": 0.02731510536578343, "unknown": 0.024744473186874588, "roll-out": 0.20515550324395251, "oneh-in": 0.02944725354652885}, "dutch": {"bad-redirect": 0.0026089664227588543, "sft": 0.0, "dsfb-red": 0.012051035774122056, "alternate": 0.2302554969629, "dsfb": 0.0, "redirect": 0.030062966852882747, "sfT": 5.2465503931165256e-05, "roll-in": 0.1473467857563078, "oneh-out": 0.0036389291744027582, "sfR": 0.18880787437283908,