{"english-450k": {"sfR": 0.11369548401129392, "redirect": 0.03254134798494534, "roll-out": 0.17154904312164934, "oneh-out": 0.005408989411805291, "oneh-in": 0.007807689991410869, "unknown": 0.00015377410175167997, "dsfb-red": 0.014529313845925367, "sfb": 0.037780191907740214, "dsfb": 0.0, "roll-in": 0.23667851448370783, "sft": 0.0, "bad-redirect": 0.004341048739373947, "dsfb-alt": 0.040697806994207456, "alternate": 0.33436541287176935, "sfT": 0.00045138253441937996}, "shai": {"sfR": 0.09823378925716947, "redirect": 0.03018747408761305, "roll-out": 0.15633817371819028, "oneh-out": 0.012940096444394766, "oneh-in": 0.007566370544269271, "unknown": 0.023260762136131256, "dsfb-red": 0.01525202708790751, "sfb": 0.02693757309267028, "dsfb": 0.0, "roll-in": 0.28743648659151055, "sft": 0.0, "bad-redirect": 0.0028801260081253812, "dsfb-alt": 0.04377154076020402, "alternate": 0.29501372137329535, "sfT": 0.00018185889851881002}, "tr-quotes": {"sfR": 0.09677191928064538, "redirect": 0.034334620096622824, "roll-out": 0.15303275467511154, "oneh-out": 0.02163958299623217, "oneh-in": 0.007138068930445436, "unknown": 0.013835787429786644, "dsfb-red": 0.017119345368807933, "sfb": 0.02831303021196921, "dsfb": 0.0, "roll-in": 0.2899308846304986, "sft": 0.0, "bad-redirect": 0.0023635607128822725, "dsfb-alt": 0.04333579898754074, "alternate": 0.29205057673192947, "sfT": 0.0001340699475277964}, "gutenberg": {"sfR": 0.09863878308844841, "redirect": 0.027012358476519123, "roll-out": 0.15697792265902555, "oneh-out": 0.013281033627680199, "oneh-in": 0.006791497925856718, "unknown": 0.032975828246008664, "dsfb-red": 0.01622526003039324, "sfb": 0.03000091308526966, "dsfb": 0.0, "roll-in": 0.29662200126316446, "sft": 0.0, "bad-redirect": 0.0027331938320900597, "dsfb-alt": 0.04300745282171764, "alternate": 0.27560796892327544, "sfT": 0.00012578602055085943}, "english-200": {"sfR": 0.10690423162583519, "redirect": 0.0400890868596882, "roll-out": 0.1514476614699332, "oneh-out": 0.011135857461024499, "oneh-in": 0.0022271714922048997, "unknown": 0.0, "dsfb-red": 0.024498886414253896, "sfb": 0.026726057906458798, "dsfb": 0.0, "roll-in": 0.30066815144766146, "sft": 0.0, "bad-redirect": 0.0, "dsfb-alt": 0.0400890868596882, "alternate": 0.2962138084632517, "sfT": 0.0}, "monkeyracer": {"sfR": 0.09690789370786869, "redirect": 0.03429938846051582, "roll-out": 0.15301683688630996, "oneh-out": 0.02210183461845254, "oneh-in": 0.007241503354864945, "unknown": 0.013436077701487402, "dsfb-red": 0.017151649279759762, "sfb": 0.028384386192658397, "dsfb": 0.0, "roll-in": 0.2897256283529099, "sft": 0.0, "bad-redirect": 0.002372452570499085, "dsfb-alt": 0.043291638644290475, "alternate": 0.291937766864257, "sfT": 0.00013294336612603032}, "chained-bigrams": {"sfR": 0.11914286586209158, "redirect": 0.03530204680318082, "roll-out": 0.14137181199512502, "oneh-out": 0.0057495930482842445, "oneh-in": 0.013300357312372047, "unknown": 0.022916559801936097, "dsfb-red": 0.01987651523366203, "sfb": 0.030466674761331827, "dsfb": 0.0, "roll-in": 0.2486525304377807, "sft": 0.0, "bad-redirect": 0.005427537921017279, "dsfb-alt": 0.056207060669082515, "alternate": 0.30124296397203054, "sfT": 0.00034348218210529253}, "english-5k": {"sfR": 0.10644211224955408, "redirect": 0.029659435018874185, "roll-out": 0.17169286929107727, "oneh-out": 0.007300784004645953, "oneh-in": 0.00472891691210022, "unknown": 0.002157049819554486, "dsfb-red": 0.014435641100095408, "sfb": 0.02741942174472145, "dsfb": 0.0, "roll-in": 0.26743269589745716, "sft": 0.0, "bad-redirect": 0.004314099639108972, "dsfb-alt": 0.03820467084249388, "alternate": 0.3260463765711204, "sfT": 0.00016592690919649896}, "mt-quotes": {"sfR": 0.0964592223377679, "redirect": 0.0350252805966938, "roll-out": 0.15196148743141966, "oneh-out": 0.02368636521198647, "oneh-in": 0.007404883996127228, "unknown": 0.007977133909467972, "dsfb-red": 0.01745138116924254, "sfb": 0.027481442966256677, "dsfb": 0.0, "roll-in": 0.2948670826310945, "sft": 0.0, "bad-redirect": 0.0021425753935525515, "dsfb-alt": 0.043104015012969, "alternate": 0.2923255758358136, "sfT": 0.00011355350760808502}, "wordle": {"sfR": 0.13138112868843263, "redirect": 0.03128015258611017, "roll-out": 0.18198137551890498, "oneh-out": 0.006619544485582857, "oneh-in": 0.011533714798608773, "unknown": 0.0, "dsfb-red": 0.0187366767642769, "sfb": 0.0565466173005722, "dsfb": 0.0, "roll-in": 0.20457758330528442, "sft": 0.0, "bad-redirect": 0.0017726915741052395, "dsfb-alt": 0.04723437675305733, "alternate": 0.30723662066644225, "sfT": 0.0010995175586222372}, "english-1k": {"sfR": 0.10832745236414962, "redirect": 0.027170077628793227, "roll-out": 0.18913196894848272, "oneh-out": 0.009880028228652082, "oneh-in": 0.006351446718419196, "unknown": 0.0, "dsfb-red": 0.016937191249117856, "sfb": 0.02858151023288638, "dsfb": 0.0, "roll-in": 0.2611150317572336, "sft": 0.0, "bad-redirect": 0.002117148906139732, "dsfb-alt": 0.03634438955539873, "alternate": 0.3136908962597036, "sfT": 0.00035285815102328866}, "english-10k": {"sfR": 0.10567144593890508, "redirect": 0.028579147449875532, "roll-out": 0.1626174716813647, "oneh-out": 0.006425966307095579, "oneh-in": 0.00912757376353216, "unknown": 0.0, "dsfb-red": 0.014086953165705024, "sfb": 0.03089481098396403, "dsfb": 0.0, "roll-in": 0.2769147642847494, "sft": 0.0, "bad-redirect": 0.0032419289477238957, "dsfb-alt": 0.04042762586596168, "alternate": 0.3217614480615967, "sfT": 0.00025086354952625386}, "reddit": {"sfR": 0.10397777127267367, "redirect": 0.034502809961499396, "roll-out": 0.14993078806464474, "oneh-out": 0.01678005962096469, "oneh-in": 0.006080799011573779, "unknown": 0.039285409944231534, "dsfb-red": 0.01747639293350916, "sfb": 0.028484377543007196, "dsfb": 0.0, "roll-in": 0.27811189166117445, "sft": 0.0, "bad-redirect": 0.0027952594646923614, "dsfb-alt": 0.0435688149804182, "alternate": 0.27880350533964793, "sfT": 0.00020212020196288082}, "akl": {"sfR": 0.13064861186637447, "redirect": 0.03127344983083075, "roll-out": 0.13244895600868256, "oneh-out": 0.014454268489063168, "oneh-in": 0.005427741344908417, "unknown": 0.13277008071454782, "dsfb-red": 0.019402558813173293, "sfb": 0.03408786809046036, "dsfb": 0.0, "roll-in": 0.22740086426698364, "sft": 0.0, "bad-redirect": 0.0024734286415911025, "dsfb-alt": 0.03633201018358415, "alternate": 0.23292466876926715, "sfT": 0.000355492980533152}, "french": {"sfR": 0.10898279115633469, "redirect": 0.018793277942780254, "roll-out": 0.19023655169139486, "oneh-out": 0.009517287715553258, "oneh-in": 0.0035614676286744775, "unknown": 0.15807953387545715, "dsfb-red": 0.011099085189474486, "sfb": 0.04027378830150045, "dsfb": 0.0, "roll-in": 0.19064357827545347, "sft": 0.0, "bad-redirect": 0.00628793747923049, "dsfb-alt": 0.030678415244511918, "alternate": 0.23176697164745524, "sfT": 7.931385217926494e-05}, "keymash": {"sfR": 0.099723742164827, "redirect": 0.03334797404079421, "roll-out": 0.1568799694597579, "oneh-out": 0.02103746515990526, "oneh-in": 0.007290251341266681, "unknown": 0.01232282349464109, "dsfb-red": 0.0177905120005911, "sfb": 0.02836466034242836, "dsfb": 0.0, "roll-in": 0.2861752041147229, "sft": 0.0, "bad-redirect": 0.0024916568491829254, "dsfb-alt": 0.04268245126491608, "alternate": 0.2917331997881886, "sfT": 0.00016008997877781564}, "movie": {"sfR": 0.11567713207251198, "redirect": 0.03378498150194982, "roll-out": 0.14264218718766075, "oneh-out": 0.03094352097123416, "oneh-in": 0.005055857360576367, "unknown": 0.030236445784519856, "dsfb-red": 0.021048021498875694, "sfb": 0.03492461878409124, "dsfb": 0.0, "roll-in": 0.2525646773767129, "sft": 0.0, "bad-redirect": 0.0021657056295844575, "dsfb-alt": 0.04849196114863331, "alternate": 0.2821457659250821, "sfT": 0.0003191247585673154}, "dutch": {"sfR": 0.18880787437283908, "redirect": 0.02127330944975449, "roll-out": 0.1481412813180597, "oneh-out": 0.005249921382432677, "oneh-in": 0.005066919696471818, "unknown": 0.07290361491625476, "dsfb-red": 0.008992114000833926,