{"mt-quotes": {"dsfb": 0.0, "oneh-out": 0.00201109238474319, "sfT": 0.0024414004135738278, "sft": 0.0, "dsfb-alt": 0.06752548977420782, "oneh-in": 0.004445022172816486, "sfb": 0.08638284266265046, "sfR": 0.0964592223377679, "alternate": 0.30370632672332387, "roll-out": 0.11946874887940617, "redirect": 0.019831522453712003, "unknown": 0.008869126594231481, "roll-in": 0.26464840248144295, "dsfb-red": 0.023126068299446575, "bad-redirect": 0.0010847348226772332}, "monkeyracer": {"dsfb": 0.0, "oneh-out": 0.0019149709870653925, "sfT": 0.0023832053427592786, "sft": 0.0, "dsfb-alt": 0.06770043167493, "oneh-in": 0.004701894051957396, "sfb": 0.08472989036082394, "sfR": 0.09690789370786869, "alternate": 0.3025605283325774, "roll-out": 0.12116517040211458, "redirect": 0.019542674820526455, "unknown": 0.014352018393105714, "roll-in": 0.26087105275505573, "dsfb-red": 0.022094014420445125, "bad-redirect": 0.0010762547507702895}}