{"english-450k": {"oneh-out": 0.029941220872817125, "dsfb-alt": 0.02052562677563774, "dsfb": 0.0, "sft": 0.0, "oneh-in": 0.03188970830280752, "sfb": 0.23594794132728683, "bad-redirect": 0.038252038676233016, "roll-out": 0.08821897432089439, "dsfb-red": 0.11070975225998231, "sfR": 0.11369548401129392, "roll-in": 0.08558084220262983, "redirect": 0.14970347324827618, "unknown": 0.0001543587941537776, "alternate": 0.07279566579216173, "sfT": 0.022584913415825636}, "shai": {"oneh-out": 0.0251544022184564, "dsfb-alt": 0.01925260935220813, "dsfb": 0.0, "sft": 0.0, "oneh-in": 0.03257248191977231, "sfb": 0.21974334622540703, "bad-redirect": 0.027847962910956137, "roll-out": 0.09473655752836313, "dsfb-red": 0.13207841649500113, "sfR": 0.09823378925716947, "roll-in": 0.1057150456414088, "redirect": 0.1410511736163211, "unknown": 0.031793109309943265, "alternate": 0.05219663503562169, "sfT": 0.019624470489371392}, "tr-quotes": {"oneh-out": 0.022320334712558655, "dsfb-alt": 0.01717482258847461, "dsfb": 0.0, "sft": 0.0, "oneh-in": 0.030436189639629227, "sfb": 0.2192598414276138, "bad-redirect": 0.02542243591225353, "roll-out": 0.1025716002866323, "dsfb-red": 0.12775710223989276, "sfR": 0.09677191928064538, "roll-in": 0.11736090242943992, "redirect": 0.1349783869998382, "unknown": 0.039616513719054114, "alternate": 0.05186542151129193, "sfT": 0.01446452925267562}, "gutenberg": {"oneh-out": 0.023641520449889614, "dsfb-alt": 0.017499790672360377, "dsfb": 0.0, "sft": 0.0, "oneh-in": 0.039002001588995694, "sfb": 0.19757914952737418, "bad-redirect": 0.025674366513942736, "roll-out": 0.0990381158163418, "dsfb-red": 0.14848622965117492, "sfR": 0.09863878308844841, "roll-in": 0.11147369310408452, "redirect": 0.13898749073180564, "unknown": 0.04011588984327138, "alternate": 0.046822520092611855, "sfT": 0.013040448919698886}, "english-200": {"oneh-out": 0.026726057906458798, "dsfb-alt": 0.024498886414253896, "dsfb": 0.0, "sft": 0.0, "oneh-in": 0.013363028953229399, "sfb": 0.23608017817371937, "bad-redirect": 0.017817371937639197, "roll-out": 0.11581291759465479, "dsfb-red": 0.133630289532294, "sfR": 0.10690423162583519, "roll-in": 0.10022271714922049, "redirect": 0.1514476614699332, "unknown": 0.0, "alternate": 0.0556792873051225, "sfT": 0.017817371937639197}, "monkeyracer": {"oneh-out": 0.022331552934920312, "dsfb-alt": 0.017223008586577413, "dsfb": 0.0, "sft": 0.0, "oneh-in": 0.030438165694355382, "sfb": 0.21913074589048595, "bad-redirect": 0.025516328573439478, "roll-out": 0.10263521122354818, "dsfb-red": 0.1270322739571766, "sfR": 0.09690789370786869, "roll-in": 0.11850141545583934, "redirect": 0.1348075058260475, "unknown": 0.03912933825484461, "alternate": 0.05189581150194723, "sfT": 0.01445074839294931}, "chained-bigrams": {"oneh-out": 0.02208415118670172, "dsfb-alt": 0.018912297765937346, "dsfb": 0.0, "sft": 0.0, "oneh-in": 0.03187696455250895, "sfb": 0.21962081904592468, "bad-redirect": 0.02645397176433616, "roll-out": 0.07620045074731724, "dsfb-red": 0.12921228302672083, "sfR": 0.11914286586209158, "roll-in": 0.09177402378662809, "redirect": 0.15395468762275916, "unknown": 0.033665798979163164, "alternate": 0.06572521815014391, "sfT": 0.011376467509767165}, "english-5k": {"oneh-out": 0.026257933380345957, "dsfb-alt": 0.019040112830298255, "dsfb": 0.0, "sft": 0.0, "oneh-in": 0.0315261127473348, "sfb": 0.24229476915418757, "bad-redirect": 0.030074252291865434, "roll-out": 0.09047164723939105, "dsfb-red": 0.12149997925913635, "sfR": 0.10644211224955408, "roll-in": 0.09557389969718338, "redirect": 0.13983490272534949, "unknown": 0.0022400132741527356, "alternate": 0.0630522254946696, "sfT": 0.0316920396565313}, "mt-quotes": {"oneh-out": 0.022189251861679873, "dsfb-alt": 0.01714956789902105, "dsfb": 0.0, "sft": 0.0, "oneh-in": 0.030795412438292633, "sfb": 0.22114695019184566, "bad-redirect": 0.02542851507871051, "roll-out": 0.10277488913591758, "dsfb-red": 0.12868750074706256, "sfR": 0.0964592223377679, "roll-in": 0.12035476506376926, "redirect": 0.13500466167031233, "unknown": 0.03468910244916987, "alternate": 0.051518927576768146, "sfT": 0.013801233549682648}, "wordle": {"oneh-out": 0.025266464714462023, "dsfb-alt": 0.023448894872657916, "dsfb": 0.0, "sft": 0.0, "oneh-in": 0.023561090541905083, "sfb": 0.20706832716257154, "bad-redirect": 0.02964209581510154, "roll-out": 0.1049702681476495, "dsfb-red": 0.08883653090990688, "sfR": 0.13138112868843263, "roll-in": 0.11434982609671267, "redirect": 0.14531583080893076, "unknown": 0.0, "alternate": 0.09074385728710872, "sfT": 0.015415684954560754}, "english-1k": {"oneh-out": 0.025758645024700072, "dsfb-alt": 0.019760056457304165, "dsfb": 0.0, "sft": 0.0, "oneh-in": 0.02399435426958363, "sfb": 0.2360621030345801, "bad-redirect": 0.02611150317572336, "roll-out": 0.10127028934368384, "dsfb-red": 0.13161609033168667, "sfR": 0.10832745236414962, "roll-in": 0.10021171489061398, "redirect": 0.14749470712773466, "unknown": 0.0, "alternate": 0.05751587861679605, "sfT": 0.021877205363443897}, "english-10k": {"oneh-out": 0.02805812315470562, "dsfb-alt": 0.018949846587290868, "dsfb": 0.0, "sft": 0.0, "oneh-in": 0.030740433415024797, "sfb": 0.2521371644700025, "bad-redirect": 0.03413673993168793, "roll-out": 0.0852743096428089, "dsfb-red": 0.11630420099959476, "sfR": 0.10567144593890508, "roll-in": 0.09079330773238649, "redirect": 0.14928310916423843, "unknown": 0.0, "alternate": 0.06146156963393219, "sfT": 0.027189749329422436}, "reddit": {"oneh-out": 0.024628249219902545, "dsfb-alt": 0.02000341986183084, "dsfb": 0.0, "sft": 0.0, "oneh-in": 0.026787968753775006, "sfb": 0.21062412103838693, "bad-redirect": 0.026364774898738567, "roll-out": 0.09847258033070026, "dsfb-red": 0.1223813475566623, "sfR": 0.10397777127267367, "roll-in": 0.11010954982369732, "redirect": 0.12906015417096725, "unknown": 0.06027826737738363, "alternate": 0.05200714612530216, "sfT": 0.01530464956997953}, "akl": {"oneh-out": 0.02114869447624244, "dsfb-alt": 0.015624964096765545, "dsfb": 0.0, "sft": 0.0, "oneh-in": 0.01939168746820286, "sfb": 0.18869470058747018, "bad-redirect": 0.021892368595026662, "roll-out": 0.08926537948789195, "dsfb-red": 0.09691895459268987, "sfR": 0.13064861186637447, "roll-in": 0.08691840435438875, "redirect": 0.11584549674177144, "unknown": 0.15113620503040356, "alternate": 0.05086054972487714, "sfT": 0.011653982977895121}, "french": {"oneh-out": 0.022088428413098365, "dsfb-alt": 0.014038297144478093, "dsfb": 0.0, "sft": 0.0, "oneh-in": 0.028482766908229335, "sfb": 0.18761543412805542, "bad-redirect": 0.02441656114583377, "roll-out": 0.0706203558267508, "dsfb-red": 0.10398787621699533, "sfR": 0.10898279115633469, "roll-in": 0.0821466331546914, "redirect": 0.11919191020281619, "unknown": 0.1845785256052277, "alternate": 0.038473121151250005, "sfT": 0.015377298946238916}, "keymash": {"oneh-out": 0.021353540246210178, "dsfb-alt": 0.01758116356680473, "dsfb": 0.0, "sft": 0.0, "oneh-in": 0.029620750945146605, "sfb": 0.2229150332699815, "bad-redirect": 0.024571759306769345, "roll-out": 0.10189111418520358, "dsfb-red": 0.12908999109242938, "sfR": 0.099723742164827, "roll-in": 0.11758403697668023, "redirect": 0.13453305037087512, "unknown": 0.03457533054475746, "alternate": 0.051659804690225894, "sfT": 0.014900682640088994}, "movie": {"oneh-out": 0.021701009973931783, "dsfb-alt": 0.015643693061727675, "dsfb": 0.0, "sft": 0.0, "oneh-in": 0.021395834586254422, "sfb": 0.20886432512877837, "bad-redirect": 0.021060786489218386, "roll-out": 0.10497375346908353, "dsfb-red": 0.10842609116650824, "sfR": 0.11567713207251198, "roll-in": 0.12386317562165831, "redirect": 0.11803404936155966, "unknown": 0.08496732886260383, "alternate": 0.0437557549379786, "sfT": 0.011637065268185209}, "dutch": {"oneh-out": 0.03499872278952665, "dsfb-alt": 0.018148976139097633, "dsfb": 0.0, "sft": 0.0, "oneh-in": 0.02472401907707405, "sfb": 0.17441584789579798, "bad-redirect": 0.04027023284821809, "roll-out": 0.07365984616310947, "dsfb-red": 0.06256366104358155,