{"english-450k": {"roll-in": 0.2293818456517303, "redirect": 0.052664414041738855, "dsfb-red": 0.01431502408055658, "sfR": 0.11369548401129392, "sft": 0.0, "sfb": 0.03161811868203316, "sfT": 5.0868238982494894e-05, "bad-redirect": 0.0366189927971743, "oneh-in": 0.009585154893787702, "dsfb-alt": 0.03654444451590685, "alternate": 0.24994576977970545, "unknown": 0.00015377410175167997, "oneh-out": 0.01125737516378696, "dsfb": 0.0, "roll-out": 0.21416873404155176}, "shai": {"roll-in": 0.23244197947568657, "redirect": 0.05719893715477889, "dsfb-red": 0.009542883819926289, "sfR": 0.09823378925716947, "sft": 0.0, "sfb": 0.021393754336793067, "sfT": 4.9417379621771265e-05, "bad-redirect": 0.03305147210224815, "oneh-in": 0.012279510551198851, "dsfb-alt": 0.03129747249919728, "alternate": 0.23500721676425773, "unknown": 0.024097749651430984, "oneh-out": 0.01014520844938109, "dsfb": 0.0, "roll-out": 0.23526060855830988}, "tr-quotes": {"roll-in": 0.216761054991794, "redirect": 0.05820716118443864, "dsfb-red": 0.008978063382723469, "sfR": 0.09677191928064538, "sft": 0.0, "sfb": 0.02299184022560736, "sfT": 1.733663114583574e-05, "bad-redirect": 0.031042971729733478, "oneh-in": 0.01358151683964772, "dsfb-alt": 0.028126950371003906, "alternate": 0.24066826934190147, "unknown": 0.013841566306835256, "oneh-out": 0.011488407572640484, "dsfb": 0.0, "roll-out": 0.257522942141883}, "gutenberg": {"roll-in": 0.207287216086365, "redirect": 0.06351133191861948, "dsfb-red": 0.010347983994865506, "sfR": 0.09863878308844841, "sft": 0.0, "sfb": 0.02332743427206834, "sfT": 2.3869034020193202e-05, "bad-redirect": 0.030038421567301393, "oneh-in": 0.010705261758056651, "dsfb-alt": 0.026582905300933584, "alternate": 0.22127882706809077, "unknown": 0.032773320330392895, "oneh-out": 0.01509905838555158, "dsfb": 0.0, "roll-out": 0.2603855871952862}, "english-200": {"roll-in": 0.20489977728285078, "redirect": 0.0801781737193764, "dsfb-red": 0.008908685968819599, "sfR": 0.10690423162583519, "sft": 0.0, "sfb": 0.015590200445434299, "sfT": 0.0, "bad-redirect": 0.031180400890868598, "oneh-in": 0.011135857461024499, "dsfb-alt": 0.017817371937639197, "alternate": 0.24498886414253898, "unknown": 0.0, "oneh-out": 0.015590200445434299, "dsfb": 0.0, "roll-out": 0.26280623608017817}, "monkeyracer": {"roll-in": 0.21665565322113955, "redirect": 0.05825265495722352, "dsfb-red": 0.009017665827298748, "sfR": 0.09690789370786869, "sft": 0.0, "sfb": 0.023050033626851433, "sfT": 1.8572970267607176e-05, "bad-redirect": 0.03125244381187732, "oneh-in": 0.013546537998342118, "dsfb-alt": 0.02799924144079328, "alternate": 0.24016121338192284, "unknown": 0.013446830473747595, "oneh-out": 0.011621791763767458, "dsfb": 0.0, "roll-out": 0.25806946681889986}, "chained-bigrams": {"roll-in": 0.21160645123169852, "redirect": 0.046960312549306577, "dsfb-red": 0.02055568794156777, "sfR": 0.11914286586209158, "sft": 0.0, "sfb": 0.02231919948523124, "sfT": 0.00010843388357577289, "bad-redirect": 0.040952296233578274, "oneh-in": 0.012680920636136793, "dsfb-alt": 0.03542216817121385, "alternate": 0.24224519173642906, "unknown": 0.022839292543579706, "oneh-out": 0.008989623461716022, "dsfb": 0.0, "roll-out": 0.21617755626387483}, "english-5k": {"roll-in": 0.26477786535031317, "redirect": 0.05604181358111752, "dsfb-red": 0.0119052557348488, "sfR": 0.10644211224955408, "sft": 0.0, "sfb": 0.018791222466503506, "sfT": 0.0, "bad-redirect": 0.03318538183929979, "oneh-in": 0.00954079727879869, "dsfb-alt": 0.03248019247521467, "alternate": 0.2458207159746132, "unknown": 0.002157049819554486, "oneh-out": 0.009582279006097814, "dsfb": 0.0, "roll-out": 0.2092753142240843}, "mt-quotes": {"roll-in": 0.2152765326735277, "redirect": 0.05870716343337995, "dsfb-red": 0.00865546670491627, "sfR": 0.0964592223377679, "sft": 0.0, "sfb": 0.02260461863950945, "sfT": 8.96475060063829e-06, "bad-redirect": 0.031231696967523696, "oneh-in": 0.01391628118239084, "dsfb-alt": 0.02751281959335891, "alternate": 0.2423889267400581, "unknown": 0.007995063410669249, "oneh-out": 0.011767729288437861, "dsfb": 0.0, "roll-out": 0.2634755142778595}, "wordle": {"roll-in": 0.21050151464153483, "redirect": 0.05358465163244699, "dsfb-red": 0.01761472007180523, "sfR": 0.13138112868843263, "sft": 0.0, "sfb": 0.04135532368450578, "sfT": 0.0003365870077415012, "bad-redirect": 0.033030405026365985, "oneh-in": 0.009087849209020532, "dsfb-alt": 0.04189386289689218, "alternate": 0.2211601032200157, "unknown": 0.0, "oneh-out": 0.014540558734432852, "dsfb": 0.0, "roll-out": 0.2255132951868058}, "english-1k": {"roll-in": 0.24135497529992944, "redirect": 0.06704304869442484, "dsfb-red": 0.008821453775582216, "sfR": 0.10832745236414962, "sft": 0.0, "sfb": 0.0187014820042343, "sfT": 0.0, "bad-redirect": 0.03669724770642202, "oneh-in": 0.011644318983768526, "dsfb-alt": 0.027875793930839804, "alternate": 0.21100917431192662, "unknown": 0.0, "oneh-out": 0.017290049400141144, "dsfb": 0.0, "roll-out": 0.2512350035285815}, "english-10k": {"roll-in": 0.271164199841763, "redirect": 0.05192875475193454, "dsfb-red": 0.010709943845159298, "sfR": 0.10567144593890508, "sft": 0.0, "sfb": 0.02232685590783659, "sfT": 1.929719611740414e-05, "bad-redirect": 0.03155091565195577, "oneh-in": 0.012099341965612397, "dsfb-alt": 0.03295961096852627, "alternate": 0.24451477200362787, "unknown": 0.0, "oneh-out": 0.010362594315046023, "dsfb": 0.0, "roll-out": 0.20669226761351575}, "reddit": {"roll-in": 0.20701206522009882, "redirect": 0.053425845652608335, "dsfb-red": 0.0084094514792588, "sfR": 0.10397777127267367, "sft": 0.0, "sfb": 0.021632180562711482, "sfT": 0.00010570482022595435, "bad-redirect": 0.029714965940910557, "oneh-in": 0.014063423266709705, "dsfb-alt": 0.02885625474187441, "alternate": 0.23731589915490456, "unknown": 0.04362796023595923, "oneh-out": 0.00932790725244817, "dsfb": 0.0, "roll-out": 0.24253057039961629}, "akl": {"roll-in": 0.18173212299355432, "redirect": 0.039252078150244604, "dsfb-red": 0.007188652154096472, "sfR": 0.13064861186637447, "sft": 0.0, "sfb": 0.02005474068099044, "sfT": 0.0001406850869582824, "bad-redirect": 0.023228259231075205, "oneh-in": 0.011291398915528982, "dsfb-alt": 0.0255117358269102, "alternate": 0.20140500768245828, "unknown": 0.13695920525329086, "oneh-out": 0.007246764434483877, "dsfb": 0.0, "roll-out": 0.21534073772403403}, "french": {"roll-in": 0.18607034215807058, "redirect": 0.04366190107872682, "dsfb-red": 0.009929438088324619, "sfR": 0.10898279115633469, "sft": 0.0, "sfb": 0.01970624120762726, "sfT": 3.6450812684577184e-05, "bad-redirect": 0.03904518766647725, "oneh-in": 0.011012849727981503, "dsfb-alt": 0.025378395167350354, "alternate": 0.17508884941773759, "unknown": 0.15839651961108406, "oneh-out": 0.025051341636358034, "dsfb": 0.0, "roll-out": 0.19763969227124265}, "keymash": {"roll-in": 0.21703685763896016, "redirect": 0.05898289500149828, "dsfb-red": 0.008821368317782713, "sfR": 0.099723742164827, "sft": 0.0, "sfb": 0.022548057780167725, "sfT": 4.104871250713222e-05, "bad-redirect": 0.031069770496648372, "oneh-in": 0.012897505469740942, "dsfb-alt": 0.02808552909737986, "alternate": 0.23885014346525021, "unknown": 0.012376186820900362, "oneh-out": 0.01194107046832476, "dsfb": 0.0, "roll-out": 0.25762582456601246}, "movie": {"roll-in": 0.18892330464807514, "redirect": 0.05878238573458374, "dsfb-red": 0.00915381405409645, "sfR": 0.11567713207251198, "sft": 0.0, "sfb": 0.02224292987322259, "sfT": 4.026893860684475e-05, "bad-redirect": 0.026760552073988517, "oneh-in": 0.0130767456222992, "dsfb-alt": 0.02710560160675697, "alternate": 0.24166706036353378, "unknown": 0.030264344526299763, "oneh-out": 0.010009726396249778, "dsfb": 0.0, "roll-out": 0.25629613408977525}, "dutch": {"roll-in": 0.22129876041909144, "redirect": 0.03753675499029245, "dsfb-red": 0.008359210756726495, "sfR": 0.18880787437283908, "sft": 0.0, "sfb": 0.029187352378012413, "sfT": 0.00023548512068625882, "bad-redirect": 0.022775246567248063, "oneh-in": 0.0055993925620698645,