{"english-450k": {"alternate": 0.31582978668667094, "oneh-in": 0.010556621319872934, "dsfb": 0.0, "redirect": 0.03400980295281357, "dsfb-red": 0.00857363703815878, "sfb": 0.06420448798194002, "sfR": 0.11369548401129392, "sft": 0.0, "roll-in": 0.21317241818837737, "oneh-out": 0.00969478471918101, "bad-redirect": 0.010789036549706747, "roll-out": 0.19318938596188623, "unknown": 0.00015377410175167997, "sfT": 0.00022130607419395767, "dsfb-alt": 0.025909474414152832}, "shai": {"alternate": 0.26528353995639753, "oneh-in": 0.01437662963562733, "dsfb": 0.0, "redirect": 0.03181328188063474, "dsfb-red": 0.007620691731846931, "sfb": 0.07597799811929096, "sfR": 0.09823378925716947, "sft": 0.0, "roll-in": 0.24088497826223598, "oneh-out": 0.009258095269648286, "bad-redirect": 0.010159304478248766, "roll-out": 0.20233533887596516, "unknown": 0.024458529808185636, "sfT": 0.00023995760509011395, "dsfb-alt": 0.019357865119659107}, "tr-quotes": {"alternate": 0.2529229560111879, "oneh-in": 0.015979750814821662, "dsfb": 0.0, "redirect": 0.03322045260165045, "dsfb-red": 0.00910404290238321, "sfb": 0.09564503825616606, "sfR": 0.09677191928064538, "sft": 0.0, "roll-in": 0.23696285337833153, "oneh-out": 0.008273040382792815, "bad-redirect": 0.01229629458403643, "roll-out": 0.20731027946649408, "unknown": 0.014105083100251959, "sfT": 0.0007304500589445459, "dsfb-alt": 0.016677839162293984}, "gutenberg": {"alternate": 0.23548847978122325, "oneh-in": 0.013880222156298224, "dsfb": 0.0, "redirect": 0.03162021866308404, "dsfb-red": 0.007435772407623996, "sfb": 0.08616588675545189, "sfR": 0.09863878308844841, "sft": 0.0, "roll-in": 0.2566542509802406, "oneh-out": 0.007287064536942635, "bad-redirect": 0.009350599359021718, "roll-out": 0.1961197285901395, "unknown": 0.03803056979172942, "sfT": 0.0009363859933477381, "dsfb-alt": 0.018392037896448554}, "english-200": {"alternate": 0.22717149220489977, "oneh-in": 0.024498886414253896, "dsfb": 0.0, "redirect": 0.028953229398663696, "dsfb-red": 0.011135857461024499, "sfb": 0.12249443207126949, "sfR": 0.10690423162583519, "sft": 0.0, "roll-in": 0.2516703786191537, "oneh-out": 0.013363028953229399, "bad-redirect": 0.013363028953229399, "roll-out": 0.18930957683741648, "unknown": 0.0, "sfT": 0.0, "dsfb-alt": 0.011135857461024499}, "monkeyracer": {"alternate": 0.25245847474858063, "oneh-in": 0.015951248885621785, "dsfb": 0.0, "redirect": 0.033314043511581716, "dsfb-red": 0.009022553451053381, "sfb": 0.09629596321378857, "sfR": 0.09690789370786869, "sft": 0.0, "roll-in": 0.23645248447690695, "oneh-out": 0.008166241769241597, "bad-redirect": 0.012513294336612604, "roll-out": 0.20761354927506764, "unknown": 0.013940480472965576, "sfT": 0.0007634468304737476, "dsfb-alt": 0.016600325320237107}, "chained-bigrams": {"alternate": 0.27806668229326625, "oneh-in": 0.013525016735828439, "dsfb": 0.0, "redirect": 0.032422380493848164, "dsfb-red": 0.013880186402391, "sfb": 0.07278640667641056, "sfR": 0.11914286586209158, "sft": 0.0, "roll-in": 0.2106630115141201, "oneh-out": 0.010724565598928388, "bad-redirect": 0.012837403066925783, "roll-out": 0.18172609860730637, "unknown": 0.023894412668194264, "sfT": 0.0002843954551268774, "dsfb-alt": 0.030046574625562216}, "english-5k": {"alternate": 0.2995395528269797, "oneh-in": 0.012154146098643548, "dsfb": 0.0, "redirect": 0.03156759447463393, "dsfb-red": 0.005890405276475713, "sfb": 0.060065541129132614, "sfR": 0.10644211224955408, "sft": 0.0, "roll-in": 0.23018210478284315, "oneh-out": 0.011863774007549675, "bad-redirect": 0.01165636537105405, "roll-out": 0.20691085576803417, "unknown": 0.002157049819554486, "sfT": 0.00016592690919649896, "dsfb-alt": 0.021404571286348362}, "mt-quotes": {"alternate": 0.2513596538410968, "oneh-in": 0.016462270352972114, "dsfb": 0.0, "redirect": 0.03343104911488029, "dsfb-red": 0.008783961463525418, "sfb": 0.0993638015323747, "sfR": 0.0964592223377679, "sft": 0.0, "roll-in": 0.23805446982464948, "oneh-out": 0.007906910029762971, "bad-redirect": 0.01313933613033552, "roll-out": 0.20978114055533642, "unknown": 0.00884073821732946, "sfT": 0.0008262511803588291, "dsfb-alt": 0.015591195419610094}, "wordle": {"alternate": 0.2873555480758443, "oneh-in": 0.016403006843935825, "dsfb": 0.0, "redirect": 0.037630427465499834, "dsfb-red": 0.012319084483338943, "sfb": 0.07328621115224952, "sfR": 0.13138112868843263, "sft": 0.0, "roll-in": 0.20982834062605182, "oneh-out": 0.010299562436889936, "bad-redirect": 0.010030292830696735, "roll-out": 0.18492090205318074, "unknown": 0.0, "sfT": 0.00011219566924716706, "dsfb-alt": 0.02643329967463256}, "english-1k": {"alternate": 0.26781933662667606, "oneh-in": 0.017642907551164433, "dsfb": 0.0, "redirect": 0.030345800988002825, "dsfb-red": 0.004234297812279464, "sfb": 0.08468595624558928, "sfR": 0.10832745236414962, "sft": 0.0, "roll-in": 0.2491178546224418, "oneh-out": 0.009527170077628794, "bad-redirect": 0.011997177134791814, "roll-out": 0.20148200423429782, "unknown": 0.0, "sfT": 0.0, "dsfb-alt": 0.014820042342978124}, "english-10k": {"alternate": 0.30340981455394533, "oneh-in": 0.011520426082090272, "dsfb": 0.0, "redirect": 0.03295961096852627, "dsfb-red": 0.006425966307095579, "sfb": 0.057795102371625405, "sfR": 0.10567144593890508, "sft": 0.0, "roll-in": 0.2287103683834739, "oneh-out": 0.011018698983037764, "bad-redirect": 0.009474923293645434, "roll-out": 0.20904652553983907, "unknown": 0.0, "sfT": 0.0001929719611740414, "dsfb-alt": 0.0237741456166419}, "reddit": {"alternate": 0.24760256635721226, "oneh-in": 0.015849205443985527, "dsfb": 0.0, "redirect": 0.03258311753181117, "dsfb-red": 0.008809346823246146, "sfb": 0.08335694086804184, "sfR": 0.10397777127267367, "sft": 0.0, "roll-in": 0.22509092318851737, "oneh-out": 0.009375028678332028, "bad-redirect": 0.010147437997212044, "roll-out": 0.19855182148845646, "unknown": 0.04697466773869784, "sfT": 0.0003266286436464642, "dsfb-alt": 0.017354543968167192}, "akl": {"alternate": 0.21150989812487336, "oneh-in": 0.016059471989151978, "dsfb": 0.0, "redirect": 0.030218756415483335, "dsfb-red": 0.008091789137515175, "sfb": 0.08051928362876996, "sfR": 0.13064861186637447, "sft": 0.0, "roll-in": 0.18539042940651376, "oneh-out": 0.008519971883736994, "bad-redirect": 0.007961332997869983, "roll-out": 0.16780165567124836, "unknown": 0.1393309868194084, "sfT": 0.0001679622797931865, "dsfb-alt": 0.013779849779261047}, "french": {"alternate": 0.21899744144659358, "oneh-in": 0.009371244755401489, "dsfb": 0.0, "redirect": 0.02713910575474434, "dsfb-red": 0.007402511342637444, "sfb": 0.06130252132503633, "sfR": 0.10898279115633469, "sft": 0.0, "roll-in": 0.22147137743006728, "oneh-out": 0.0032236571377530446, "bad-redirect": 0.009393702531075217, "roll-out": 0.15641096159386264, "unknown": 0.15856875082465657, "sfT": 7.657217576279243e-05, "dsfb-alt": 0.017659362526074578}, "keymash": {"alternate": 0.2523305406525924, "oneh-in": 0.015491784100191697, "dsfb": 0.0, "redirect": 0.033610685800839854, "dsfb-red": 0.008759795249022014, "sfb": 0.09737575580941904, "sfR": 0.099723742164827, "sft": 0.0, "roll-in": 0.238566907348951, "oneh-out": 0.008148169432665744, "bad-redirect": 0.011789190232048372, "roll-out": 0.2032075463953073, "unknown": 0.013447558217336513, "sfT": 0.000796345022638365, "dsfb-alt": 0.016751979574160657}, "movie": {"alternate": 0.2446373551782236, "oneh-in": 0.01468868754712025, "dsfb": 0.0, "redirect": 0.03253598641594471, "dsfb-red": 0.013467328007217878, "sfb": 0.11375264528105285, "sfR": 0.11567713207251198, "sft": 0.0, "roll-in": 0.20554147970452075, "oneh-out": 0.00623707955971048, "bad-redirect": 0.010907618448911548, "roll-out": 0.19333104265362305, "unknown": 0.03049740429843284, "sfT": 0.001582200813300962, "dsfb-alt": 0.017144040019429103}, "dutch": {"alternate": 0.21321467976910444, "oneh-in": 0.013477251147561866, "dsfb": 0.0, "redirect": 0.028501230536615955, "dsfb-red": 0.007385156221506847, "sfb": 0.0630377333123567, "sfR": 0.18880787437283908, "sft": 0.0,