{"english-450k": {"roll-out": 0.19657212385422215, "sfb": 0.027651273080001707, "sfT": 7.308655026220531e-06, "sft": 0.0, "roll-in": 0.17711853059783045, "alternate": 0.3972063981720177, "dsfb": 0.0, "bad-redirect": 0.004371160398081975, "redirect": 0.013637365586525414, "sfR": 0.11369548401129392, "unknown": 0.00015377410175167997, "dsfb-alt": 0.05160232029332849, "oneh-out": 0.009579015623565676, "dsfb-red": 0.0054917233867021065, "oneh-in": 0.0029135222396525526}, "shai": {"roll-out": 0.2430423286484873, "sfb": 0.017740800580127836, "sfT": 3.108712352146513e-05, "sft": 0.0, "roll-in": 0.17856899684886796, "alternate": 0.35405666448788453, "dsfb": 0.0, "bad-redirect": 0.0027646175277500572, "redirect": 0.012473247734340094, "sfR": 0.09823378925716947, "unknown": 0.02336186495493451, "dsfb-alt": 0.04698231579253742, "oneh-out": 0.01374563301774536, "dsfb-red": 0.006236776748317843, "oneh-in": 0.002761877278316143}, "tr-quotes": {"roll-out": 0.25236240493747253, "sfb": 0.01440211738055061, "sfT": 1.1557754097223828e-05, "sft": 0.0, "roll-in": 0.17705092346455237, "alternate": 0.3547144078962576, "dsfb": 0.0, "bad-redirect": 0.0018607984096530362, "redirect": 0.012213078754536418, "sfR": 0.09677191928064538, "unknown": 0.014035736575668615, "dsfb-alt": 0.04497006541688819, "oneh-out": 0.020928781119252907, "dsfb-red": 0.007659323640230231, "oneh-in": 0.0030188853701948637}, "gutenberg": {"roll-out": 0.27634942447212496, "sfb": 0.015667558156143645, "sfT": 2.216410301875083e-05, "sft": 0.0, "roll-in": 0.16330871034093694, "alternate": 0.32500436651773146, "dsfb": 0.0, "bad-redirect": 0.0025492507207122215, "redirect": 0.012918641071484726, "sfR": 0.09863878308844841, "unknown": 0.035037279263530424, "dsfb-alt": 0.04856761169097709, "oneh-out": 0.013219087801294459, "dsfb-red": 0.0062961207515487404, "oneh-in": 0.0024210020220481678}, "english-200": {"roll-out": 0.2583518930957684, "sfb": 0.004454342984409799, "sfT": 0.0, "sft": 0.0, "roll-in": 0.20044543429844097, "alternate": 0.36302895322939865, "dsfb": 0.0, "bad-redirect": 0.0, "redirect": 0.008908685968819599, "sfR": 0.10690423162583519, "unknown": 0.0, "dsfb-alt": 0.042316258351893093, "oneh-out": 0.0066815144766146995, "dsfb-red": 0.004454342984409799, "oneh-in": 0.004454342984409799}, "monkeyracer": {"roll-out": 0.25293452930228194, "sfb": 0.01424351314575285, "sfT": 1.2707821762047014e-05, "sft": 0.0, "roll-in": 0.17702875486807326, "alternate": 0.3541679700330012, "dsfb": 0.0, "bad-redirect": 0.0018348139574894035, "redirect": 0.012241542455854982, "sfR": 0.09690789370786869, "unknown": 0.01364038037443108, "dsfb-alt": 0.044920194879334345, "oneh-out": 0.02134718551073713, "dsfb-red": 0.00765401879975601, "oneh-in": 0.0030664951436570375}, "chained-bigrams": {"roll-out": 0.22523405810887412, "sfb": 0.018688287647173025, "sfT": 4.2854109676652756e-05, "sft": 0.0, "roll-in": 0.1497458946087582, "alternate": 0.35381651558428656, "dsfb": 0.0, "bad-redirect": 0.005125611239204498, "redirect": 0.024628126970233925, "sfR": 0.11914286586209158, "unknown": 0.023360684211312314, "dsfb-alt": 0.05414811549052697, "oneh-out": 0.011662810878970255, "dsfb-red": 0.00917142877549576, "oneh-in": 0.005232746513396129}, "english-5k": {"roll-out": 0.2066204836769403, "sfb": 0.021653461650143112, "sfT": 0.0, "sft": 0.0, "roll-in": 0.19732857676193638, "alternate": 0.3860289542456548, "dsfb": 0.0, "bad-redirect": 0.0029037209109387314, "redirect": 0.013108225826523417, "sfR": 0.10644211224955408, "unknown": 0.002157049819554486, "dsfb-alt": 0.048201767121582945, "oneh-out": 0.006803003277056457, "dsfb-red": 0.006429667731364334, "oneh-in": 0.0023229767287509854}, "mt-quotes": {"roll-out": 0.2583387121836937, "sfb": 0.01324243076224286, "sfT": 8.96475060063829e-06, "sft": 0.0, "roll-in": 0.17667879896247954, "alternate": 0.35505641816378003, "dsfb": 0.0, "bad-redirect": 0.0017018084890211688, "redirect": 0.012042648306857437, "sfR": 0.0964592223377679, "unknown": 0.008352159309594674, "dsfb-alt": 0.044536880983971024, "oneh-out": 0.02269127789531562, "dsfb-red": 0.0077335915181506315, "oneh-in": 0.0031570863365247845}, "wordle": {"roll-out": 0.19578144283630652, "sfb": 0.03242454841243128, "sfT": 0.0, "sft": 0.0, "roll-in": 0.17282620890833614, "alternate": 0.3619207898575115, "dsfb": 0.0, "bad-redirect": 0.006619544485582857, "redirect": 0.017143498260967126, "sfR": 0.13138112868843263, "unknown": 0.0, "dsfb-alt": 0.06345787052619768, "oneh-out": 0.009581510153708067, "dsfb-red": 0.006843935824077191, "oneh-in": 0.002019522046449007}, "english-1k": {"roll-out": 0.22865208186309105, "sfb": 0.01587861679604799, "sfT": 0.0, "sft": 0.0, "roll-in": 0.2021877205363444, "alternate": 0.3602681721947777, "dsfb": 0.0, "bad-redirect": 0.0017642907551164433, "redirect": 0.013761467889908258, "sfR": 0.10832745236414962, "unknown": 0.0, "dsfb-alt": 0.05010585744530699, "oneh-out": 0.008821453775582216, "dsfb-red": 0.008468595624558928, "oneh-in": 0.0017642907551164433}, "english-10k": {"roll-out": 0.20483973678624495, "sfb": 0.023368904498176416, "sfT": 0.0, "sft": 0.0, "roll-in": 0.20163640223075588, "alternate": 0.37772331680206866, "dsfb": 0.0, "bad-redirect": 0.0031840373593716833, "redirect": 0.014511491480287915, "sfR": 0.10567144593890508, "unknown": 0.0, "dsfb-alt": 0.0503077902780726, "oneh-out": 0.009802975627641304, "dsfb-red": 0.006676829856621833, "oneh-in": 0.0022770691418536886}, "reddit": {"roll-out": 0.24022409272058248, "sfb": 0.01668753981020703, "sfT": 3.401133124208595e-05, "sft": 0.0, "roll-in": 0.1688806807210627, "alternate": 0.3411677011467774, "dsfb": 0.0, "bad-redirect": 0.0024073130355356607, "redirect": 0.011537707347852201, "sfR": 0.10397777127267367, "unknown": 0.04583281595281265, "dsfb-alt": 0.04459548522052209, "oneh-out": 0.015571571096886035, "dsfb-red": 0.006490320910769512, "oneh-in": 0.0025929894330764315}, "akl": {"roll-out": 0.19674631516379917, "sfb": 0.020584891701514476, "sfT": 0.00019523947262809057, "sft": 0.0, "roll-in": 0.15138592476589485, "alternate": 0.2927513108433043, "dsfb": 0.0, "bad-redirect": 0.0028636358032230226, "redirect": 0.011827109146549263, "sfR": 0.13064861186637447, "unknown": 0.12859022152663185, "dsfb-alt": 0.03979300168533025, "oneh-out": 0.014259498460876981, "dsfb-red": 0.008037951272309328, "oneh-in": 0.0023162882915639376}, "french": {"roll-out": 0.21322404022335945, "sfb": 0.04897417629965163, "sfT": 6.728343599113692e-05, "sft": 0.0, "roll-in": 0.13211659232154116, "alternate": 0.2657171057671193, "dsfb": 0.0, "bad-redirect": 0.00333098702763069, "redirect": 0.013289549809690951, "sfR": 0.10898279115633469, "unknown": 0.1582132617644923, "dsfb-alt": 0.03633618663942729, "oneh-out": 0.014063751287820097, "dsfb-red": 0.00434389413605304, "oneh-in": 0.0013403801308882314}, "keymash": {"roll-out": 0.25497407773805175, "sfb": 0.014871948541334001, "sfT": 8.209742501426442e-06, "sft": 0.0, "roll-in": 0.176817329124472, "alternate": 0.34974324030326787, "dsfb": 0.0, "bad-redirect": 0.001953918715339493, "redirect": 0.012392606305903215, "sfR": 0.099723742164827, "unknown": 0.012827722658478816, "dsfb-alt": 0.04555586114041533, "oneh-out": 0.020241120137266894, "dsfb-red": 0.008111225591409326, "oneh-in": 0.002778997836732851}, "movie": {"roll-out": 0.2172984306036564, "sfb": 0.014473130287518905, "sfT": 1.8423697401824393e-05, "sft": 0.0, "roll-in": 0.1781163585456807, "alternate": 0.34159574749480487, "dsfb": 0.0, "bad-redirect": 0.0017161674129799423, "redirect": 0.011384002624587292, "sfR": 0.11567713207251198, "unknown": 0.030293690844304097, "dsfb-alt": 0.048532230087240155, "oneh-out": 0.02931381333820421, "dsfb-red": 0.008995238658602175, "oneh-in": 0.0025856343325074693}, "dutch": {"roll-out": 0.1619605265040628, "sfb": 0.03748359018538612, "sfT": 6.191503249293016e-05, "sft": 0.0, "roll-in": 0.17640880188261865, "alternate": 0.297670585417839, "dsfb": 0.0, "bad-redirect": 0.0016976158749784696, "redirect": 0.009002908338963304,