{"english-450k": {"bad-redirect": 0.0009153359554838593, "roll-in": 0.260482219211706, "sfT": 0.0003017012794823835, "sfR": 0.11369548401129392, "sfb": 0.03564694167868697, "dsfb-alt": 0.04124946427558658, "dsfb-red": 0.028694949017746, "dsfb": 0.0, "alternate": 0.2501995262822158, "oneh-in": 0.012160140232625719, "sft": 0.0, "unknown": 0.00015377410175167997, "oneh-out": 0.010914160723755643, "redirect": 0.05029845623665074, "roll-out": 0.19528784699301469}, "shai": {"bad-redirect": 0.0006606981350512582, "roll-in": 0.3043128778099555, "sfT": 4.4281347137584986e-05, "sfR": 0.09823378925716947, "sfb": 0.018519375885743056, "dsfb-alt": 0.04054995954648717, "dsfb-red": 0.02258092095913065, "dsfb": 0.0, "alternate": 0.22834423446874613, "oneh-in": 0.012321589635726412, "sft": 0.0, "unknown": 0.023260762136131256, "oneh-out": 0.013260922371055783, "redirect": 0.04528822624737857, "roll-out": 0.19262236220028717}, "tr-quotes": {"bad-redirect": 0.0006530131064931463, "roll-in": 0.30462425741429927, "sfT": 2.8894385243059568e-05, "sfR": 0.09677191928064538, "sfb": 0.017998890455606667, "dsfb-alt": 0.04166223619426273, "dsfb-red": 0.021569080696239105, "dsfb": 0.0, "alternate": 0.2222717921453503, "oneh-in": 0.009599870553154111, "sft": 0.0, "unknown": 0.013835787429786644, "oneh-out": 0.018008136658884445, "redirect": 0.047712720464159405, "roll-out": 0.20526340121587572}, "gutenberg": {"bad-redirect": 0.0007482752728552631, "roll-in": 0.32254282502520454, "sfT": 0.0002682424775602665, "sfR": 0.09863878308844841, "sfb": 0.019342631648141644, "dsfb-alt": 0.04308474302711636, "dsfb-red": 0.021274129035997912, "dsfb": 0.0, "alternate": 0.2092492127954693, "oneh-in": 0.010073300666855346, "sft": 0.0, "unknown": 0.032975828246008664, "oneh-out": 0.01503919636372316, "redirect": 0.04095831519476185, "roll-out": 0.18580451715785729}, "english-200": {"bad-redirect": 0.0, "roll-in": 0.311804008908686, "sfT": 0.0, "sfR": 0.10690423162583519, "sfb": 0.008908685968819599, "dsfb-alt": 0.05790645879732739, "dsfb-red": 0.0200445434298441, "dsfb": 0.0, "alternate": 0.21380846325167038, "oneh-in": 0.0066815144766146995, "sft": 0.0, "unknown": 0.0, "oneh-out": 0.0200445434298441, "redirect": 0.028953229398663696, "roll-out": 0.22494432071269488}, "monkeyracer": {"bad-redirect": 0.0006852448503996122, "roll-in": 0.3048635766457607, "sfT": 2.6393168275020725e-05, "sfR": 0.09690789370786869, "sfb": 0.017952242050768726, "dsfb-alt": 0.041659172310242895, "dsfb-red": 0.02148990412437243, "dsfb": 0.0, "alternate": 0.2219274442028872, "oneh-in": 0.009453641866212052, "sft": 0.0, "unknown": 0.013436077701487402, "oneh-out": 0.018104735911913288, "redirect": 0.04764651140966889, "roll-out": 0.2058471620501431}, "chained-bigrams": {"bad-redirect": 0.002254385890868763, "roll-in": 0.286142084748547, "sfT": 9.934361788678594e-05, "sfR": 0.11914286586209158, "sfb": 0.019540175403169515, "dsfb-alt": 0.04750053405310923, "dsfb-red": 0.03273729326950235, "dsfb": 0.0, "alternate": 0.2374637119840219, "oneh-in": 0.011627748425598447, "sft": 0.0, "unknown": 0.022916559801936097, "oneh-out": 0.008892227757905448, "redirect": 0.056932334010125256, "roll-out": 0.1547507351752376}, "english-5k": {"bad-redirect": 0.00029037209109387317, "roll-in": 0.2974654664620235, "sfT": 0.0, "sfR": 0.10644211224955408, "sfb": 0.020782345376861494, "dsfb-alt": 0.041149873480731736, "dsfb-red": 0.02513792674326959, "dsfb": 0.0, "alternate": 0.24631849670220268, "oneh-in": 0.0231468038329116, "sft": 0.0, "unknown": 0.002157049819554486, "oneh-out": 0.010328950097482059, "redirect": 0.04347285020948272, "roll-out": 0.1833077529348322}, "mt-quotes": {"bad-redirect": 0.0006813210456485101, "roll-in": 0.3094721554846344, "sfT": 1.792950120127658e-05, "sfR": 0.0964592223377679, "sfb": 0.017209332903025305, "dsfb-alt": 0.042382352589617624, "dsfb-red": 0.02114635254180562, "dsfb": 0.0, "alternate": 0.22201055449970716, "oneh-in": 0.009215763617456163, "sft": 0.0, "unknown": 0.007977133909467972, "oneh-out": 0.01871839925413275, "redirect": 0.04722780028926262, "roll-out": 0.2074816820262727}, "wordle": {"bad-redirect": 0.0012117132278694042, "roll-in": 0.23300796589251654, "sfT": 0.00029170874004263433, "sfR": 0.13138112868843263, "sfb": 0.03509480534051385, "dsfb-alt": 0.04844608998092673, "dsfb-red": 0.03208796140468978, "dsfb": 0.0, "alternate": 0.23119039605071245, "oneh-in": 0.008055649051946594, "sft": 0.0, "unknown": 0.0, "oneh-out": 0.014697632671378885, "redirect": 0.04651632446987546, "roll-out": 0.21801862448109502}, "english-1k": {"bad-redirect": 0.00035285815102328866, "roll-in": 0.29887085391672547, "sfT": 0.0, "sfR": 0.10832745236414962, "sfb": 0.020465772759350742, "dsfb-alt": 0.04446012702893437, "dsfb-red": 0.02646436132674665, "dsfb": 0.0, "alternate": 0.20748059280169373, "oneh-in": 0.012350035285815103, "sft": 0.0, "unknown": 0.0, "oneh-out": 0.019407198306280876, "redirect": 0.04551870148200424, "roll-out": 0.21630204657727595}, "english-10k": {"bad-redirect": 0.0005017270990525077, "roll-in": 0.29899075664305974, "sfT": 7.718878446961657e-05, "sfR": 0.10567144593890508, "sfb": 0.021825128808784084, "dsfb-alt": 0.041546863240771115, "dsfb-red": 0.024816194206981727, "dsfb": 0.0, "alternate": 0.2381659944810019, "oneh-in": 0.01966384284363482, "sft": 0.0, "unknown": 0.0, "oneh-out": 0.011501128885972867, "redirect": 0.04420987630497289, "roll-out": 0.19302985276239362}, "reddit": {"bad-redirect": 0.0005484514449852671, "roll-in": 0.2855020894681553, "sfT": 5.7234927464655655e-05, "sfR": 0.10397777127267367, "sfb": 0.01975414077657084, "dsfb-alt": 0.03927462220921201, "dsfb-red": 0.021916032840412502, "dsfb": 0.0, "alternate": 0.22320898783139745, "oneh-in": 0.00953527149226776, "sft": 0.0, "unknown": 0.039285409944231534, "oneh-out": 0.01476443875591195, "redirect": 0.04402620745376304, "roll-out": 0.19814934158295402}, "akl": {"bad-redirect": 0.0006662157858698854, "roll-in": 0.24355669590473716, "sfT": 0.00015284122724340272, "sfR": 0.13064861186637447, "sfb": 0.02279061347320867, "dsfb-alt": 0.03157898403970433, "dsfb-red": 0.019283690538962492, "dsfb": 0.0, "alternate": 0.19403132029544462, "oneh-in": 0.007011350400669596, "sft": 0.0, "unknown": 0.13277008071454782, "oneh-out": 0.011480090873572608, "redirect": 0.03437427861522686, "roll-out": 0.1716552262644381}, "french": {"bad-redirect": 0.0024978320156282146, "roll-in": 0.2298787955794528, "sfT": 8.94565567363791e-05, "sfR": 0.10898279115633469, "sfb": 0.03084454884987948, "dsfb-alt": 0.025737434923201522, "dsfb-red": 0.023195571284687994, "dsfb": 0.0, "alternate": 0.18143542581223623, "oneh-in": 0.02632655077046126, "sft": 0.0, "unknown": 0.15807953387545715, "oneh-out": 0.012178391805425832, "redirect": 0.05907813782281498, "roll-out": 0.14167552954768348}, "keymash": {"bad-redirect": 0.0007717157951340856, "roll-in": 0.3072496131158846, "sfT": 4.925845500855866e-05, "sfR": 0.099723742164827, "sfb": 0.01775356815933468, "dsfb-alt": 0.04223912516983905, "dsfb-red": 0.021505420482486565, "dsfb": 0.0, "alternate": 0.21885531560302612, "oneh-in": 0.00955614027166038, "sft": 0.0, "unknown": 0.01232282349464109, "oneh-out": 0.017999860434377474, "redirect": 0.04695562223690854, "roll-out": 0.20501779461687183}, "movie": {"bad-redirect": 0.0006785184557414755, "roll-in": 0.2614530585903845, "sfT": 2.118725201209805e-05, "sfR": 0.11567713207251198, "sfb": 0.015813322675663048, "dsfb-alt": 0.04242687996395272, "dsfb-red": 0.021088422035321124, "dsfb": 0.0, "alternate": 0.2144522325507517, "oneh-in": 0.006222735395304773, "sft": 0.0, "unknown": 0.030236445784519856, "oneh-out": 0.02152440567455144, "redirect": 0.05145422849516951, "roll-out": 0.2189514310541158}, "dutch": {"bad-redirect": 0.00144156413330484, "roll-in": 0.2728570378851503, "sfT": 0.00010415998371023205, "sfR": 0.18880787437283908, "sfb": 0.05165488858539625, "dsfb-alt": 0.032785578649502066, "dsfb-red": 0.025773920871907104, "dsfb": 0.0, "alternate": 0.17467134378285035,