{"english-450k": {"bad-redirect": 0.003309651342073705, "alternate": 0.3617398340993778, "dsfb-alt": 0.05548116968884424, "oneh-out": 0.006471375506416707, "dsfb": 0.0, "sfT": 0.0018128387927037405, "sfR": 0.11369548401129392, "unknown": 0.0045810649704350285, "sft": 0.0, "roll-out": 0.19199895223121544, "roll-in": 0.18430235379620313, "oneh-in": 0.003777405263751819, "redirect": 0.020261345809889603, "sfb": 0.04389022750966058, "dsfb-red": 0.008678296978134258}, "shai": {"bad-redirect": 0.0026328030150794225, "alternate": 0.32566528069907635, "dsfb-alt": 0.06057394137352448, "oneh-out": 0.015361153264163452, "dsfb": 0.0, "sfT": 0.00024402153433532542, "sfR": 0.09823378925716947, "unknown": 0.019684233471728832, "sft": 0.0, "roll-out": 0.23714560601777354, "roll-in": 0.19069592427374876, "oneh-in": 0.003953932226974396, "redirect": 0.015522994408342991, "sfb": 0.02155630763619272, "dsfb-red": 0.008730012821890289}, "tr-quotes": {"bad-redirect": 0.0023300432260003234, "alternate": 0.30904625413189707, "dsfb-alt": 0.06232634474468921, "oneh-out": 0.02608122789579529, "dsfb": 0.0, "sfT": 0.00019532604424308267, "sfR": 0.09677191928064538, "unknown": 0.012060516400453063, "sft": 0.0, "roll-out": 0.2646956843346201, "roll-in": 0.17404821895009362, "oneh-in": 0.0036823004553755115, "redirect": 0.015927740921384156, "sfb": 0.023426411779662974, "dsfb-red": 0.009408011835140196}, "gutenberg": {"bad-redirect": 0.0024143717348203363, "alternate": 0.2834587973113617, "dsfb-alt": 0.059085141602097144, "oneh-out": 0.01869797829281849, "dsfb": 0.0, "sfT": 0.00012275503210385075, "sfR": 0.09863878308844841, "unknown": 0.028306022233058007, "sft": 0.0, "roll-out": 0.27253852481034535, "roll-in": 0.1833031939419634, "oneh-in": 0.0036705270093274883, "redirect": 0.015478689688539415, "sfb": 0.022773900006933388, "dsfb-red": 0.011511315248183017}, "english-200": {"bad-redirect": 0.0, "alternate": 0.31403118040089084, "dsfb-alt": 0.0757238307349666, "oneh-out": 0.017817371937639197, "dsfb": 0.0, "sfT": 0.0, "sfR": 0.10690423162583519, "unknown": 0.0, "sft": 0.0, "roll-out": 0.2806236080178174, "roll-in": 0.16258351893095768, "oneh-in": 0.0, "redirect": 0.017817371937639197, "sfb": 0.017817371937639197, "dsfb-red": 0.0066815144766146995}, "monkeyracer": {"bad-redirect": 0.002344104352722211, "alternate": 0.3081998686206735, "dsfb-alt": 0.06244232603969532, "oneh-out": 0.026509493720381, "dsfb": 0.0, "sfT": 0.0001798645541705116, "sfR": 0.09690789370786869, "unknown": 0.011583668298481318, "sft": 0.0, "roll-out": 0.2652738242332296, "roll-in": 0.1741186636845645, "oneh-in": 0.003718504152525142, "redirect": 0.015935608489606956, "sfb": 0.023374571844159094, "dsfb-red": 0.009411608301922204}, "chained-bigrams": {"bad-redirect": 0.0041055535679617484, "alternate": 0.3229959697657763, "dsfb-alt": 0.06588559640908533, "oneh-out": 0.009322067464056116, "dsfb": 0.0, "sfT": 0.00019024627477665543, "sfR": 0.11914286586209158, "unknown": 0.01976808135008626, "sft": 0.0, "roll-out": 0.2291467681832909, "roll-in": 0.1668745523855779, "oneh-in": 0.0034971550714916933, "redirect": 0.02128290919668673, "sfb": 0.026374107287211488, "dsfb-red": 0.011414127181907254}, "english-5k": {"bad-redirect": 0.003277056456630854, "alternate": 0.3727133197826357, "dsfb-alt": 0.05794997303687725, "oneh-out": 0.008171900277927573, "dsfb": 0.0, "sfT": 0.0003733355456921226, "sfR": 0.10644211224955408, "unknown": 0.005185215912390592, "sft": 0.0, "roll-out": 0.18928112166590616, "roll-in": 0.21039532086116067, "oneh-in": 0.001078524909777243, "redirect": 0.014974903554984029, "sfb": 0.02190235201393786, "dsfb-red": 0.008254863732525822}, "mt-quotes": {"bad-redirect": 0.002136598893152126, "alternate": 0.3059325731224824, "dsfb-alt": 0.06315965623169696, "oneh-out": 0.0282822940199137, "dsfb": 0.0, "sfT": 0.00013447125900957436, "sfR": 0.0964592223377679, "unknown": 0.007113529601606483, "sft": 0.0, "roll-out": 0.2712300235474116, "roll-in": 0.17384593777267784, "oneh-in": 0.003948972639581167, "redirect": 0.015597171920010519, "sfb": 0.022713689771817213, "dsfb-red": 0.009445858882872546}, "wordle": {"bad-redirect": 0.0008302479524290362, "alternate": 0.3216874228654774, "dsfb-alt": 0.056793447772915964, "oneh-out": 0.0072254010995175585, "dsfb": 0.0, "sfT": 0.0007180522831818692, "sfR": 0.13138112868843263, "unknown": 0.004330752832940648, "sft": 0.0, "roll-out": 0.20563222259620778, "roll-in": 0.16932570402782451, "oneh-in": 0.008078088185796028, "redirect": 0.028901604398070234, "sfb": 0.04631437226523056, "dsfb-red": 0.018781555031975764}, "english-1k": {"bad-redirect": 0.0024700070571630206, "alternate": 0.3440366972477064, "dsfb-alt": 0.06245589273112209, "oneh-out": 0.014467184191954835, "dsfb": 0.0, "sfT": 0.0, "sfR": 0.10832745236414962, "unknown": 0.006351446718419196, "sft": 0.0, "roll-out": 0.24805928016937193, "roll-in": 0.17466478475652789, "oneh-in": 0.0, "redirect": 0.011644318983768526, "sfb": 0.0187014820042343, "dsfb-red": 0.008821453775582216}, "english-10k": {"bad-redirect": 0.0025086354952625384, "alternate": 0.36326971691013293, "dsfb-alt": 0.05841261264738234, "oneh-out": 0.007294340132378766, "dsfb": 0.0, "sfT": 0.00040524111846548696, "sfR": 0.10567144593890508, "unknown": 0.00494008220605546, "sft": 0.0, "roll-out": 0.1846355724513228, "roll-in": 0.2195634974238243, "oneh-in": 0.005750564442986434, "redirect": 0.014569383068640127, "sfb": 0.0247004110302773, "dsfb-red": 0.008278497134366377}, "reddit": {"bad-redirect": 0.0024525990481696716, "alternate": 0.2993850429177677, "dsfb-alt": 0.06075877107471125, "oneh-out": 0.020320421950268917, "dsfb": 0.0, "sfT": 0.0002329101956644168, "sfR": 0.10397777127267367, "unknown": 0.041306836708339914, "sft": 0.0, "roll-out": 0.24772763666009476, "roll-in": 0.16771755312444458, "oneh-in": 0.0031159698370433965, "redirect": 0.01778298186106034, "sfb": 0.02482328997075887, "dsfb-red": 0.010398215379002535}, "akl": {"bad-redirect": 0.0022679108064455116, "alternate": 0.25240604483347606, "dsfb-alt": 0.05044926697856391, "oneh-out": 0.018207822708524935, "dsfb": 0.0, "sfT": 0.0006629543823787555, "sfR": 0.13064861186637447, "unknown": 0.13468059605509033, "sft": 0.0, "roll-out": 0.20481480503243454, "roll-in": 0.14470874468505504, "oneh-in": 0.0031651673805392993, "redirect": 0.01937565223437147, "sfb": 0.030249047935787313, "dsfb-red": 0.00836337510095835}, "french": {"bad-redirect": 0.005804488537792504, "alternate": 0.26253282090052743, "dsfb-alt": 0.03767560793266167, "oneh-out": 0.008334876088136538, "dsfb": 0.0, "sfT": 0.0003010300777933454, "sfR": 0.10898279115633469, "unknown": 0.1729388207792045, "sft": 0.0, "roll-out": 0.15018459947021523, "roll-in": 0.20716655338149606, "oneh-in": 0.0035387551617489456, "redirect": 0.011057270878663695, "sfb": 0.024795257073588827, "dsfb-red": 0.006687128561836556}, "keymash": {"bad-redirect": 0.002442398394174367, "alternate": 0.30757800281594166, "dsfb-alt": 0.061934297430761086, "oneh-out": 0.025088973084359208, "dsfb": 0.0, "sfT": 0.00018061433503138174, "sfR": 0.099723742164827, "unknown": 0.0112391374844528, "sft": 0.0, "roll-out": 0.26592997910620536, "roll-in": 0.1737468854289385, "oneh-in": 0.003727223095647605, "redirect": 0.016255290152824356, "sfb": 0.02261784059142985, "dsfb-red": 0.009535615915406814}, "movie": {"bad-redirect": 0.002398239010363198, "alternate": 0.29294297378742135, "dsfb-alt": 0.06165056062653205, "oneh-out": 0.03903560366363119, "dsfb": 0.0, "sfT": 0.00010014595516277403, "sfR": 0.11567713207251198, "unknown": 0.02592766935358747, "sft": 0.0, "roll-out": 0.2680572961197456, "roll-in": 0.13977651265464555, "oneh-in": 0.002336124830551333, "redirect": 0.01981718691459524, "sfb": 0.021211597612236177, "dsfb-red": 0.011068957399016095}, "dutch": {"bad-redirect": 0.0020843472450356713, "alternate": 0.27523075228754795, "dsfb-alt": 0.0417035488161749, "oneh-out": 0.005965700757493575, "dsfb": 0.0, "sfT": 0.00019540979557137355, "sfR": 0.18880787437283908,