{"english-450k": {"bad-redirect": 0.003309651342073705, "sfb": 0.04389022750966058, "sft": 0.0, "sfR": 0.11369548401129392, "dsfb-red": 0.008678296978134258, "sfT": 0.0018128387927037405, "redirect": 0.020261345809889603, "oneh-out": 0.006471375506416707, "alternate": 0.3617398340993778, "oneh-in": 0.003777405263751819, "roll-in": 0.18430235379620313, "unknown": 0.0045810649704350285, "roll-out": 0.19199895223121544, "dsfb": 0.0, "dsfb-alt": 0.05548116968884424}, "shai": {"bad-redirect": 0.0026328030150794225, "sfb": 0.02155630763619272, "sft": 0.0, "sfR": 0.09823378925716947, "dsfb-red": 0.008730012821890289, "sfT": 0.00024402153433532542, "redirect": 0.015522994408342991, "oneh-out": 0.015361153264163452, "alternate": 0.32566528069907635, "oneh-in": 0.003953932226974396, "roll-in": 0.19069592427374876, "unknown": 0.019684233471728832, "roll-out": 0.23714560601777354, "dsfb": 0.0, "dsfb-alt": 0.06057394137352448}, "tr-quotes": {"bad-redirect": 0.0023300432260003234, "sfb": 0.023426411779662974, "sft": 0.0, "sfR": 0.09677191928064538, "dsfb-red": 0.009408011835140196, "sfT": 0.00019532604424308267, "redirect": 0.015927740921384156, "oneh-out": 0.02608122789579529, "alternate": 0.30904625413189707, "oneh-in": 0.0036823004553755115, "roll-in": 0.17404821895009362, "unknown": 0.012060516400453063, "roll-out": 0.2646956843346201, "dsfb": 0.0, "dsfb-alt": 0.06232634474468921}, "gutenberg": {"bad-redirect": 0.0024143717348203363, "sfb": 0.022773900006933388, "sft": 0.0, "sfR": 0.09863878308844841, "dsfb-red": 0.011511315248183017, "sfT": 0.00012275503210385075, "redirect": 0.015478689688539415, "oneh-out": 0.01869797829281849, "alternate": 0.2834587973113617, "oneh-in": 0.0036705270093274883, "roll-in": 0.1833031939419634, "unknown": 0.028306022233058007, "roll-out": 0.27253852481034535, "dsfb": 0.0, "dsfb-alt": 0.059085141602097144}, "english-200": {"bad-redirect": 0.0, "sfb": 0.017817371937639197, "sft": 0.0, "sfR": 0.10690423162583519, "dsfb-red": 0.0066815144766146995, "sfT": 0.0, "redirect": 0.017817371937639197, "oneh-out": 0.017817371937639197, "alternate": 0.31403118040089084, "oneh-in": 0.0, "roll-in": 0.16258351893095768, "unknown": 0.0, "roll-out": 0.2806236080178174, "dsfb": 0.0, "dsfb-alt": 0.0757238307349666}, "monkeyracer": {"bad-redirect": 0.002344104352722211, "sfb": 0.023374571844159094, "sft": 0.0, "sfR": 0.09690789370786869, "dsfb-red": 0.009411608301922204, "sfT": 0.0001798645541705116, "redirect": 0.015935608489606956, "oneh-out": 0.026509493720381, "alternate": 0.3081998686206735, "oneh-in": 0.003718504152525142, "roll-in": 0.1741186636845645, "unknown": 0.011583668298481318, "roll-out": 0.2652738242332296, "dsfb": 0.0, "dsfb-alt": 0.06244232603969532}, "chained-bigrams": {"bad-redirect": 0.0041055535679617484, "sfb": 0.026374107287211488, "sft": 0.0, "sfR": 0.11914286586209158, "dsfb-red": 0.011414127181907254, "sfT": 0.00019024627477665543, "redirect": 0.02128290919668673, "oneh-out": 0.009322067464056116, "alternate": 0.3229959697657763, "oneh-in": 0.0034971550714916933, "roll-in": 0.1668745523855779, "unknown": 0.01976808135008626, "roll-out": 0.2291467681832909, "dsfb": 0.0, "dsfb-alt": 0.06588559640908533}, "english-5k": {"bad-redirect": 0.003277056456630854, "sfb": 0.02190235201393786, "sft": 0.0, "sfR": 0.10644211224955408, "dsfb-red": 0.008254863732525822, "sfT": 0.0003733355456921226, "redirect": 0.014974903554984029, "oneh-out": 0.008171900277927573, "alternate": 0.3727133197826357, "oneh-in": 0.001078524909777243, "roll-in": 0.21039532086116067, "unknown": 0.005185215912390592, "roll-out": 0.18928112166590616, "dsfb": 0.0, "dsfb-alt": 0.05794997303687725}, "mt-quotes": {"bad-redirect": 0.002136598893152126, "sfb": 0.022713689771817213, "sft": 0.0, "sfR": 0.0964592223377679, "dsfb-red": 0.009445858882872546, "sfT": 0.00013447125900957436, "redirect": 0.015597171920010519, "oneh-out": 0.0282822940199137, "alternate": 0.3059325731224824, "oneh-in": 0.003948972639581167, "roll-in": 0.17384593777267784, "unknown": 0.007113529601606483, "roll-out": 0.2712300235474116, "dsfb": 0.0, "dsfb-alt": 0.06315965623169696}, "wordle": {"bad-redirect": 0.0008302479524290362, "sfb": 0.04631437226523056, "sft": 0.0, "sfR": 0.13138112868843263, "dsfb-red": 0.018781555031975764, "sfT": 0.0007180522831818692, "redirect": 0.028901604398070234, "oneh-out": 0.0072254010995175585, "alternate": 0.3216874228654774, "oneh-in": 0.008078088185796028, "roll-in": 0.16932570402782451, "unknown": 0.004330752832940648, "roll-out": 0.20563222259620778, "dsfb": 0.0, "dsfb-alt": 0.056793447772915964}, "english-1k": {"bad-redirect": 0.0024700070571630206, "sfb": 0.0187014820042343, "sft": 0.0, "sfR": 0.10832745236414962, "dsfb-red": 0.008821453775582216, "sfT": 0.0, "redirect": 0.011644318983768526, "oneh-out": 0.014467184191954835, "alternate": 0.3440366972477064, "oneh-in": 0.0, "roll-in": 0.17466478475652789, "unknown": 0.006351446718419196, "roll-out": 0.24805928016937193, "dsfb": 0.0, "dsfb-alt": 0.06245589273112209}, "english-10k": {"bad-redirect": 0.0025086354952625384, "sfb": 0.0247004110302773, "sft": 0.0, "sfR": 0.10567144593890508, "dsfb-red": 0.008278497134366377, "sfT": 0.00040524111846548696, "redirect": 0.014569383068640127, "oneh-out": 0.007294340132378766, "alternate": 0.36326971691013293, "oneh-in": 0.005750564442986434, "roll-in": 0.2195634974238243, "unknown": 0.00494008220605546, "roll-out": 0.1846355724513228, "dsfb": 0.0, "dsfb-alt": 0.05841261264738234}, "reddit": {"bad-redirect": 0.0024525990481696716, "sfb": 0.02482328997075887, "sft": 0.0, "sfR": 0.10397777127267367, "dsfb-red": 0.010398215379002535, "sfT": 0.0002329101956644168, "redirect": 0.01778298186106034, "oneh-out": 0.020320421950268917, "alternate": 0.2993850429177677, "oneh-in": 0.0031159698370433965, "roll-in": 0.16771755312444458, "unknown": 0.041306836708339914, "roll-out": 0.24772763666009476, "dsfb": 0.0, "dsfb-alt": 0.06075877107471125}, "akl": {"bad-redirect": 0.0022679108064455116, "sfb": 0.030249047935787313, "sft": 0.0, "sfR": 0.13064861186637447, "dsfb-red": 0.00836337510095835, "sfT": 0.0006629543823787555, "redirect": 0.01937565223437147, "oneh-out": 0.018207822708524935, "alternate": 0.25240604483347606, "oneh-in": 0.0031651673805392993, "roll-in": 0.14470874468505504, "unknown": 0.13468059605509033, "roll-out": 0.20481480503243454, "dsfb": 0.0, "dsfb-alt": 0.05044926697856391}, "french": {"bad-redirect": 0.005804488537792504, "sfb": 0.024795257073588827, "sft": 0.0, "sfR": 0.10898279115633469, "dsfb-red": 0.006687128561836556, "sfT": 0.0003010300777933454, "redirect": 0.011057270878663695, "oneh-out": 0.008334876088136538, "alternate": 0.26253282090052743, "oneh-in": 0.0035387551617489456, "roll-in": 0.20716655338149606, "unknown": 0.1729388207792045, "roll-out": 0.15018459947021523, "dsfb": 0.0, "dsfb-alt": 0.03767560793266167}, "keymash": {"bad-redirect": 0.002442398394174367, "sfb": 0.02261784059142985, "sft": 0.0, "sfR": 0.099723742164827, "dsfb-red": 0.009535615915406814, "sfT": 0.00018061433503138174, "redirect": 0.016255290152824356, "oneh-out": 0.025088973084359208, "alternate": 0.30757800281594166, "oneh-in": 0.003727223095647605, "roll-in": 0.1737468854289385, "unknown": 0.0112391374844528, "roll-out": 0.26592997910620536, "dsfb": 0.0, "dsfb-alt": 0.061934297430761086}, "movie": {"bad-redirect": 0.002398239010363198, "sfb": 0.021211597612236177, "sft": 0.0, "sfR": 0.11567713207251198, "dsfb-red": 0.011068957399016095, "sfT": 0.00010014595516277403, "redirect": 0.01981718691459524, "oneh-out": 0.03903560366363119, "alternate": 0.29294297378742135, "oneh-in": 0.002336124830551333, "roll-in": 0.13977651265464555, "unknown": 0.02592766935358747, "roll-out": 0.2680572961197456, "dsfb": 0.0, "dsfb-alt": 0.06165056062653205}, "dutch": {"bad-redirect": 0.0020843472450356713, "sfb": 0.05341788013615498, "sft": 0.0, "sfR": 0.18880787437283908, "dsfb-red": 0.01093281765325423, "sfT": 0.00019540979557137355, "redirect": 0.01494782730593869,