{"english-450k": {"sfR": 0.11369548401129392, "sft": 0.0, "roll-out": 0.20373752924192876, "roll-in": 0.26642152463221386, "redirect": 0.036928587424085, "alternate": 0.2647612905564576, "dsfb-red": 0.01586212017650694, "oneh-out": 0.0048760422872932896, "dsfb": 0.0, "sfb": 0.024301862654585362, "sfT": 9.150436092828105e-05, "oneh-in": 0.008419278244005002, "unknown": 0.00015377410175167997, "dsfb-alt": 0.04725045474451573, "bad-redirect": 0.013500547564434565}, "shai": {"sfR": 0.09823378925716947, "sft": 0.0, "roll-out": 0.24599385982865546, "roll-in": 0.24163935190159377, "redirect": 0.03775249385920939, "alternate": 0.24190693261432492, "dsfb-red": 0.01377361220299644, "oneh-out": 0.010059676285200207, "dsfb": 0.0, "sfb": 0.019258008572491055, "sfT": 5.93875527033567e-05, "oneh-in": 0.011566151633947263, "unknown": 0.024097749651430984, "dsfb-alt": 0.0447064380070429, "bad-redirect": 0.010952548633234797}, "tr-quotes": {"sfR": 0.09677191928064538, "sft": 0.0, "roll-out": 0.25263054483252817, "roll-in": 0.23062920413305288, "redirect": 0.045646194031575785, "alternate": 0.24455051894315896, "dsfb-red": 0.015590254501745221, "oneh-out": 0.010399667136682, "dsfb": 0.0, "sfb": 0.01770416772612746, "sfT": 3.0050160652781953e-05, "oneh-in": 0.01301403111347403, "unknown": 0.013894731975682485, "dsfb-alt": 0.04893206352141652, "bad-redirect": 0.010206652643258362}, "gutenberg": {"sfR": 0.09863878308844841, "sft": 0.0, "roll-out": 0.27419363393919005, "roll-in": 0.22748458647656308, "redirect": 0.03296162048766331, "alternate": 0.22932685914201054, "dsfb-red": 0.015091480914434059, "oneh-out": 0.010252507858784734, "dsfb": 0.0, "sfb": 0.017209762965337237, "sfT": 2.595283857751166e-05, "oneh-in": 0.011743754174712994, "unknown": 0.03298207965968062, "dsfb-alt": 0.039671092288672855, "bad-redirect": 0.010417886165924643}, "english-200": {"sfR": 0.10690423162583519, "sft": 0.0, "roll-out": 0.3028953229398664, "roll-in": 0.21603563474387527, "redirect": 0.028953229398663696, "alternate": 0.24498886414253898, "dsfb-red": 0.011135857461024499, "oneh-out": 0.008908685968819599, "dsfb": 0.0, "sfb": 0.013363028953229399, "sfT": 0.0, "oneh-in": 0.013363028953229399, "unknown": 0.0, "dsfb-alt": 0.044543429844097995, "bad-redirect": 0.008908685968819599}, "monkeyracer": {"sfR": 0.09690789370786869, "sft": 0.0, "roll-out": 0.2526989458373086, "roll-in": 0.23051499913977821, "redirect": 0.04604630339240189, "alternate": 0.2443088509001048, "dsfb-red": 0.015585654628775201, "oneh-out": 0.0104624474091684, "dsfb": 0.0, "sfb": 0.017701018189780565, "sfT": 2.9325742527800803e-05, "oneh-in": 0.013170190969235341, "unknown": 0.013491796612290222, "dsfb-alt": 0.048845934279055946, "bad-redirect": 0.010236639191704333}, "chained-bigrams": {"sfR": 0.11914286586209158, "sft": 0.0, "roll-out": 0.21481856154337128, "roll-in": 0.206950287284861, "redirect": 0.043360567336467745, "alternate": 0.25822328159889985, "dsfb-red": 0.024012586122151094, "oneh-out": 0.00850459285673936, "dsfb": 0.0, "sfb": 0.020980333210181876, "sfT": 0.00016687130586211756, "oneh-in": 0.008639648232690023, "unknown": 0.023159399756770463, "dsfb-alt": 0.056276536271134055, "bad-redirect": 0.01576446861877958}, "english-5k": {"sfR": 0.10644211224955408, "sft": 0.0, "roll-out": 0.21139088231633965, "roll-in": 0.2897498651843863, "redirect": 0.03397353465798316, "alternate": 0.24814369270336417, "dsfb-red": 0.016177873646658646, "oneh-out": 0.005475588003484465, "dsfb": 0.0, "sfb": 0.017920106193221885, "sfT": 4.148172729912474e-05, "oneh-in": 0.00850375409632057, "unknown": 0.002157049819554486, "dsfb-alt": 0.04811880366698469, "bad-redirect": 0.0119052557348488}, "mt-quotes": {"sfR": 0.0964592223377679, "sft": 0.0, "roll-out": 0.2572061653578131, "roll-in": 0.22859366969077588, "redirect": 0.04719343541196017, "alternate": 0.24657098289525586, "dsfb-red": 0.015621077921612221, "oneh-out": 0.01061277058605563, "dsfb": 0.0, "sfb": 0.016795460250295838, "sfT": 2.3906001601702106e-05, "oneh-in": 0.013430690524856265, "unknown": 0.007995063410669249, "dsfb-alt": 0.049313598929011125, "bad-redirect": 0.010183956682325098}, "wordle": {"sfR": 0.13138112868843263, "sft": 0.0, "roll-out": 0.23973970604734657, "roll-in": 0.21090541905082463, "redirect": 0.03626164030068439, "alternate": 0.23973970604734657, "dsfb-red": 0.016470324245484124, "oneh-out": 0.01236396275103781, "dsfb": 0.0, "sfb": 0.04104117581061371, "sfT": 0.00011219566924716706, "oneh-in": 0.006956131493324358, "unknown": 0.0, "dsfb-alt": 0.05187927745989005, "bad-redirect": 0.013149332435767979}, "english-1k": {"sfR": 0.10832745236414962, "sft": 0.0, "roll-out": 0.25617501764290757, "roll-in": 0.273817925194072, "redirect": 0.03599153140437544, "alternate": 0.21947776993648554, "dsfb-red": 0.01799576570218772, "oneh-out": 0.009527170077628794, "dsfb": 0.0, "sfb": 0.016584333098094567, "sfT": 0.0, "oneh-in": 0.011291460832745237, "unknown": 0.0, "dsfb-alt": 0.040931545518701484, "bad-redirect": 0.009880028228652082}, "english-10k": {"sfR": 0.10567144593890508, "sft": 0.0, "roll-out": 0.2158391385731653, "roll-in": 0.2866598483240385, "redirect": 0.03319117732193512, "alternate": 0.2483549140309913, "dsfb-red": 0.015032515775457826, "oneh-out": 0.005789158835221242, "dsfb": 0.0, "sfb": 0.020667297041739835, "sfT": 1.929719611740414e-05, "oneh-in": 0.008915304606240713, "unknown": 0.0, "dsfb-alt": 0.046293973485652534, "bad-redirect": 0.01356592887053511}, "reddit": {"sfR": 0.10397777127267367, "sft": 0.0, "roll-out": 0.23861997899762838, "roll-in": 0.2159018705670322, "redirect": 0.04100567910571175, "alternate": 0.24043010849352464, "dsfb-red": 0.01268266809903815, "oneh-out": 0.009087393201891525, "dsfb": 0.0, "sfb": 0.021270379408011804, "sfT": 0.00010177179183342238, "oneh-in": 0.012035741114586536, "unknown": 0.04519937363713543, "dsfb-alt": 0.050046849859637706, "bad-redirect": 0.009640414451294781}, "akl": {"sfR": 0.13064861186637447, "sft": 0.0, "roll-out": 0.20601082593239758, "roll-in": 0.1803637418606055, "redirect": 0.03756328883189449, "alternate": 0.20578092169387513, "dsfb-red": 0.012800712211458136, "oneh-out": 0.007403089433638259, "dsfb": 0.0, "sfb": 0.02058602825121593, "sfT": 0.00020425774743310868, "oneh-in": 0.009640708719779793, "unknown": 0.13920166722946467, "dsfb-alt": 0.04281335780934295, "bad-redirect": 0.0069827884125200045}, "french": {"sfR": 0.10898279115633469, "sft": 0.0, "roll-out": 0.18297594832152697, "roll-in": 0.20544677317645071, "redirect": 0.032462167899274946, "alternate": 0.17809553957263077, "dsfb-red": 0.014822086999145721, "oneh-out": 0.017919716912771076, "dsfb": 0.0, "sfb": 0.049845415144717894, "sfT": 0.000667500825461838, "oneh-in": 0.007670086975414488, "unknown": 0.15842537463172957, "dsfb-alt": 0.03133903940617506, "bad-redirect": 0.01134755897836627}, "keymash": {"sfR": 0.099723742164827, "sft": 0.0, "roll-out": 0.25604134426323716, "roll-in": 0.23036537459002598, "redirect": 0.04541629551789108, "alternate": 0.24223666224708862, "dsfb-red": 0.016152668371556527, "oneh-out": 0.010557728856834406, "dsfb": 0.0, "sfb": 0.01744570281553119, "sfT": 2.462922750427933e-05, "oneh-in": 0.012540381670928892, "unknown": 0.012376186820900362, "dsfb-alt": 0.04716497067069492, "bad-redirect": 0.009954312782979561}, "movie": {"sfR": 0.11567713207251198, "sft": 0.0, "roll-out": 0.2356965980247954, "roll-in": 0.19831886393165124, "redirect": 0.05565062037195076, "alternate": 0.2372498473136078, "dsfb-red": 0.01808957048965845, "oneh-out": 0.009864837175968286, "dsfb": 0.0, "sfb": 0.02092721468305516, "sfT": 4.211130834702718e-05, "oneh-in": 0.014479841777286713, "unknown": 0.030282373430185833, "dsfb-alt": 0.05665484347818878, "bad-redirect": 0.007066145942792577}, "dutch": {"sfR": 0.18880787437283908, "sft": 0.0, "roll-out": 0.1872664715772346, "roll-in": 0.21190569592837208, "redirect": 0.026060257725043393, "alternate": 0.2144339737770741, "dsfb-red": 0.007779884725792791, "oneh-out": 0.0029756511648614957,