{"english-450k": {"sft": 0.0, "sfT": 0.0002794829682026731, "sfb": 0.03171985515999815, "alternate": 0.31939874910907495, "oneh-out": 0.003838213273569974, "unknown": 0.00015377410175167997, "dsfb-red": 0.01787404673212493, "bad-redirect": 0.0015368639789136531, "oneh-in": 0.013356713233518544, "roll-in": 0.2281572074155368, "redirect": 0.0367046502340816, "sfR": 0.11369548401129392, "roll-out": 0.18766433510826458, "dsfb-alt": 0.04562062467366855, "dsfb": 0.0}, "shai": {"sft": 0.0, "sfT": 0.00010343667531264388, "sfb": 0.02223319569127514, "alternate": 0.28782539300905086, "oneh-out": 0.0058481412593938695, "unknown": 0.024368391857526844, "dsfb-red": 0.01687424314155819, "bad-redirect": 0.0016293066425813708, "oneh-in": 0.01392266551648438, "roll-in": 0.22091429970526064, "redirect": 0.027198341885904684, "sfR": 0.09823378925716947, "roll-out": 0.24193966466158848, "dsfb-alt": 0.038909130696893425, "dsfb": 0.0}, "tr-quotes": {"sft": 0.0, "sfT": 0.00010286401146529206, "sfb": 0.023194100922308777, "alternate": 0.2740308823189478, "oneh-out": 0.007080280159959317, "unknown": 0.014823975405099282, "dsfb-red": 0.0209750121356418, "bad-redirect": 0.0026594392177712025, "oneh-in": 0.010652781951411202, "roll-in": 0.22045722475208618, "redirect": 0.03118513210512933, "sfR": 0.09677191928064538, "roll-out": 0.25972585007281385, "dsfb-alt": 0.0383405376667206, "dsfb": 0.0}, "gutenberg": {"sft": 0.0, "sfT": 0.00025573965021635575, "sfb": 0.021077683097276163, "alternate": 0.2599801924904988, "oneh-out": 0.007521018957696115, "unknown": 0.038012004987491486, "dsfb-red": 0.018563857054038357, "bad-redirect": 0.0017312627135757594, "oneh-in": 0.009876096981021844, "roll-in": 0.20898703229480303, "redirect": 0.02976885303229556, "sfR": 0.09863878308844841, "roll-out": 0.2704740428043766, "dsfb-alt": 0.03511343284826152, "dsfb": 0.0}, "english-200": {"sft": 0.0, "sfT": 0.0, "sfb": 0.011135857461024499, "alternate": 0.30066815144766146, "oneh-out": 0.0022271714922048997, "unknown": 0.0, "dsfb-red": 0.024498886414253896, "bad-redirect": 0.0022271714922048997, "oneh-in": 0.004454342984409799, "roll-in": 0.22048997772828507, "redirect": 0.028953229398663696, "sfR": 0.10690423162583519, "roll-out": 0.2739420935412027, "dsfb-alt": 0.024498886414253896, "dsfb": 0.0}, "monkeyracer": {"sft": 0.0, "sfT": 0.00010068504934544943, "sfb": 0.02316538154746078, "alternate": 0.2737372335267529, "oneh-out": 0.007066526424449067, "unknown": 0.014400894630652049, "dsfb-red": 0.02111355709526565, "bad-redirect": 0.0026764627680372867, "oneh-in": 0.010527941567480489, "roll-in": 0.22098608786774482, "redirect": 0.031123410544754992, "sfR": 0.09690789370786869, "roll-out": 0.2600069208752366, "dsfb-alt": 0.038187004394951284, "dsfb": 0.0}, "chained-bigrams": {"sft": 0.0, "sfT": 7.791656304845956e-05, "sfb": 0.021838064708407004, "alternate": 0.27347415020625165, "oneh-out": 0.008654582240607646, "unknown": 0.023856103691362106, "dsfb-red": 0.028775236038488184, "bad-redirect": 0.0030491348339630507, "oneh-in": 0.008772755694564476, "roll-in": 0.2113363404797972, "redirect": 0.038917375328629336, "sfR": 0.11914286586209158, "roll-out": 0.20805929969891743, "dsfb-alt": 0.0540461746538719, "dsfb": 0.0}, "english-5k": {"sft": 0.0, "sfT": 0.0, "sfb": 0.021694943377442235, "alternate": 0.3231841373874808, "oneh-out": 0.0038578006388186002, "unknown": 0.002157049819554486, "dsfb-red": 0.016053428464761273, "bad-redirect": 0.0012029700916746174, "oneh-in": 0.025013481561372217, "roll-in": 0.24246069606338408, "redirect": 0.028580910109096944, "sfR": 0.10644211224955408, "roll-out": 0.18712407184635169, "dsfb-alt": 0.04222839839050898, "dsfb": 0.0}, "mt-quotes": {"sft": 0.0, "sfT": 8.217688050585099e-05, "sfb": 0.022399923500794873, "alternate": 0.27216683998517827, "oneh-out": 0.007222600733914249, "unknown": 0.00888257372013244, "dsfb-red": 0.021627460824039876, "bad-redirect": 0.0028328611898017, "oneh-in": 0.01019590968312595, "roll-in": 0.22217640238581896, "redirect": 0.03118089671412008, "sfR": 0.0964592223377679, "roll-out": 0.2668731547555014, "dsfb-alt": 0.037899977289298475, "dsfb": 0.0}, "wordle": {"sft": 0.0, "sfT": 0.0008302479524290362, "sfb": 0.044092898014136656, "alternate": 0.29814877145742175, "oneh-out": 0.008504431728935263, "unknown": 0.0, "dsfb-red": 0.020554246606081007, "bad-redirect": 0.0019522046449007068, "oneh-in": 0.004644900706832716, "roll-in": 0.18680578929653316, "redirect": 0.036059688096039495, "sfR": 0.13138112868843263, "roll-out": 0.21189274094019972, "dsfb-alt": 0.055132951868057896, "dsfb": 0.0}, "english-1k": {"sft": 0.0, "sfT": 0.0, "sfb": 0.016584333098094567, "alternate": 0.3094565984474241, "oneh-out": 0.006351446718419196, "unknown": 0.0, "dsfb-red": 0.0187014820042343, "bad-redirect": 0.002117148906139732, "oneh-in": 0.015525758645024701, "roll-in": 0.2272406492589979, "redirect": 0.02893436838390967, "sfR": 0.10832745236414962, "roll-out": 0.23147494707127736, "dsfb-alt": 0.035285815102328866, "dsfb": 0.0}, "english-10k": {"sft": 0.0, "sfT": 7.718878446961657e-05, "sfb": 0.022809285810771695, "alternate": 0.3154319677350881, "oneh-out": 0.005133054167229502, "unknown": 0.0, "dsfb-red": 0.01528337932498408, "bad-redirect": 0.0011578317670442484, "oneh-in": 0.021883020397136296, "roll-in": 0.24613573647748982, "redirect": 0.02902298296057583, "sfR": 0.10567144593890508, "roll-out": 0.19515254433530807, "dsfb-alt": 0.04224156230099767, "dsfb": 0.0}, "reddit": {"sft": 0.0, "sfT": 0.0001583699432726205, "sfb": 0.02201735514328678, "alternate": 0.265115330438999, "oneh-out": 0.005677719787459146, "unknown": 0.04606306667213545, "dsfb-red": 0.019963302972227013, "bad-redirect": 0.0019097662151737358, "oneh-in": 0.010796125480086984, "roll-in": 0.21063400979548813, "redirect": 0.030139433347997912, "sfR": 0.10397777127267367, "roll-out": 0.24615996900024478, "dsfb-alt": 0.03738777993095475, "dsfb": 0.0}, "akl": {"sft": 0.0, "sfT": 0.00022777938473277234, "sfb": 0.026326518424841933, "alternate": 0.226222805793824, "oneh-out": 0.0037758898918555665, "unknown": 0.13877677059433619, "dsfb-red": 0.018019328411298954, "bad-redirect": 0.002028444725869524, "oneh-in": 0.00781948665360804, "roll-in": 0.18300184667089645, "redirect": 0.026172812431521336, "sfR": 0.13064861186637447, "roll-out": 0.2039231323764392, "dsfb-alt": 0.03305657277440158, "dsfb": 0.0}, "french": {"sft": 0.0, "sfT": 0.0004651111713081376, "sfb": 0.04913509622527639, "alternate": 0.2217862657083264, "oneh-out": 0.005027230764641717, "unknown": 0.15852829986113484, "dsfb-red": 0.018308525581406568, "bad-redirect": 0.0032618008981701975, "oneh-in": 0.020077640980110067, "roll-in": 0.22027969204471726, "redirect": 0.025191976152868566, "sfR": 0.10898279115633469, "roll-out": 0.13786726609601144, "dsfb-alt": 0.031088303359693727, "dsfb": 0.0}, "keymash": {"sft": 0.0, "sfT": 0.00010672665251854375, "sfb": 0.023122739755267577, "alternate": 0.2740288900838625, "oneh-out": 0.0067976667911810945, "unknown": 0.013447558217336513, "dsfb-red": 0.020811697241116034, "bad-redirect": 0.002820046549239983, "oneh-in": 0.010775287033122206, "roll-in": 0.22123203605718908, "redirect": 0.030622339530320633, "sfR": 0.099723742164827, "roll-out": 0.25792548016731454, "dsfb-alt": 0.03858578975670428, "dsfb": 0.0}, "movie": {"sft": 0.0, "sfT": 7.856390963492259e-05, "sfb": 0.026282588724249756, "alternate": 0.2537839313511979, "oneh-out": 0.006638847760908836, "unknown": 0.030359752959273494, "dsfb-red": 0.023278341667205122, "bad-redirect": 0.00403650050290114, "oneh-in": 0.007184583997518591, "roll-in": 0.20146234150191825, "redirect": 0.03478222992274286, "sfR": 0.11567713207251198, "roll-out": 0.2574660388747911, "dsfb-alt": 0.03896914675514603, "dsfb": 0.0}, "dutch": {"sft": 0.0, "sfT": 0.00012513901296500423, "sfb": 0.026085396698560647, "alternate": 0.22778622935802484, "oneh-out": 0.00317394781830468, "unknown": 0.07385244082398598, "dsfb-red": 0.013244599092364712,