{"english-450k": {"bad-redirect": 0.0027612098689061165, "alternate": 0.3099241010792837, "dsfb-alt": 0.03807721564800582, "oneh-out": 0.00933549123809201, "dsfb": 0.0, "sfT": 0.00011196859500169853, "sfR": 0.11369548401129392, "unknown": 0.00015377410175167997, "sft": 0.0, "roll-out": 0.18856242263788656, "roll-in": 0.23109090154306172, "oneh-in": 0.022743657402995145, "redirect": 0.030449318570239976, "sfb": 0.03340727743245195, "dsfb-red": 0.01968717787102972}, "shai": {"bad-redirect": 0.002349883872254216, "alternate": 0.30012163533751357, "dsfb-alt": 0.03535174120403154, "oneh-out": 0.008433044095103067, "dsfb": 0.0, "sfT": 2.7088991225938056e-05, "sfR": 0.09823378925716947, "unknown": 0.024052709704167625, "sft": 0.0, "roll-out": 0.22472313804695457, "roll-in": 0.23318560886020176, "oneh-in": 0.01812307311697645, "redirect": 0.025079006654935714, "sfb": 0.014015265047143127, "dsfb-red": 0.016304015812322947}, "tr-quotes": {"bad-redirect": 0.0031298398095282124, "alternate": 0.2844894940015256, "dsfb-alt": 0.03489748272115763, "oneh-out": 0.008840526108966506, "dsfb": 0.0, "sfT": 1.0401978687501445e-05, "sfR": 0.09677191928064538, "unknown": 0.013890108874043596, "sft": 0.0, "roll-out": 0.24287695614988095, "roll-in": 0.23603938882596334, "oneh-in": 0.01575553038533552, "redirect": 0.02775594646448302, "sfb": 0.01286840341184901, "dsfb-red": 0.022674001987933706}, "gutenberg": {"bad-redirect": 0.0032780140054398665, "alternate": 0.27139868371749215, "dsfb-alt": 0.03279870485863659, "oneh-out": 0.011066517693584497, "dsfb": 0.0, "sfT": 1.0987333120406395e-05, "sfR": 0.09863878308844841, "unknown": 0.03296484091288825, "sft": 0.0, "roll-out": 0.2364672996128291, "roll-in": 0.24202253312586217, "oneh-in": 0.013347147063180576, "redirect": 0.0270744937396828, "sfb": 0.012889846681238144, "dsfb-red": 0.01804214816759699}, "english-200": {"bad-redirect": 0.0022271714922048997, "alternate": 0.31625835189309576, "dsfb-alt": 0.035634743875278395, "oneh-out": 0.011135857461024499, "dsfb": 0.0, "sfT": 0.0, "sfR": 0.10690423162583519, "unknown": 0.0, "sft": 0.0, "roll-out": 0.23162583518930957, "roll-in": 0.22939866369710468, "oneh-in": 0.008908685968819599, "redirect": 0.022271714922048998, "sfb": 0.011135857461024499, "dsfb-red": 0.024498886414253896}, "monkeyracer": {"bad-redirect": 0.003184775638519167, "alternate": 0.2838731876691118, "dsfb-alt": 0.03505110499397845, "oneh-out": 0.008872992164161597, "dsfb": 0.0, "sfT": 8.797722758340242e-06, "sfR": 0.09690789370786869, "unknown": 0.013484953939033737, "sft": 0.0, "roll-out": 0.24409575050440277, "roll-in": 0.23554436398329606, "oneh-in": 0.015545576113987207, "redirect": 0.027725534510533806, "sfb": 0.012785046217370224, "dsfb-red": 0.022920022834978182}, "chained-bigrams": {"bad-redirect": 0.005216513896094367, "alternate": 0.2905041136698766, "dsfb-alt": 0.047052513815580586, "oneh-out": 0.00983696608486802, "dsfb": 0.0, "sfT": 6.752768797533162e-05, "sfR": 0.11914286586209158, "unknown": 0.023120441475246233, "sft": 0.0, "roll-out": 0.18836394047434304, "roll-in": 0.22962335782727067, "oneh-in": 0.015552795289164598, "redirect": 0.03182177365368295, "sfb": 0.014909983644014807, "dsfb-red": 0.024787206619791197}, "english-5k": {"bad-redirect": 0.00236445845605011, "alternate": 0.334218276849048, "dsfb-alt": 0.037706890114904384, "oneh-out": 0.006180777367569586, "dsfb": 0.0, "sfT": 0.0, "sfR": 0.10644211224955408, "unknown": 0.002157049819554486, "sft": 0.0, "roll-out": 0.2035923175841042, "roll-in": 0.22014352677645496, "oneh-in": 0.02924461774588294, "redirect": 0.026299415107645083, "sfb": 0.01700750819264114, "dsfb-red": 0.014643049736591031}, "mt-quotes": {"bad-redirect": 0.003186968838526912, "alternate": 0.2828573050764394, "dsfb-alt": 0.03519411673300582, "oneh-out": 0.008904985596634035, "dsfb": 0.0, "sfT": 2.9882502002127633e-06, "sfR": 0.0964592223377679, "unknown": 0.00799058103536893, "sft": 0.0, "roll-out": 0.24876435854221202, "roll-in": 0.23788563368833746, "oneh-in": 0.015222146519883817, "redirect": 0.027372371833948913, "sfb": 0.012217460943569883, "dsfb-red": 0.02394186060410466}, "wordle": {"bad-redirect": 0.003859531022102547, "alternate": 0.28950970492538985, "dsfb-alt": 0.04209581510153708, "oneh-out": 0.015348367553012453, "dsfb": 0.0, "sfT": 0.00044878267698866825, "sfR": 0.13138112868843263, "unknown": 0.0, "sft": 0.0, "roll-out": 0.22795916077639403, "roll-in": 0.19136093346796815, "oneh-in": 0.01723325479636486, "redirect": 0.030023561090541905, "sfb": 0.029911365421294737, "dsfb-red": 0.020868394479973074}, "english-1k": {"bad-redirect": 0.001058574453069866, "alternate": 0.305575158786168, "dsfb-alt": 0.038461538461538464, "oneh-out": 0.009174311926605505, "dsfb": 0.0, "sfT": 0.0, "sfR": 0.10832745236414962, "unknown": 0.0, "sft": 0.0, "roll-out": 0.23570924488355682, "roll-in": 0.223712067748765, "oneh-in": 0.021877205363443897, "redirect": 0.027170077628793227, "sfb": 0.014114326040931546, "dsfb-red": 0.014820042342978124}, "english-10k": {"bad-redirect": 0.001775342042801181, "alternate": 0.32380695085004146, "dsfb-alt": 0.037861098782346926, "oneh-out": 0.008239902742131568, "dsfb": 0.0, "sfT": 0.0, "sfR": 0.10567144593890508, "unknown": 0.0, "sft": 0.0, "roll-out": 0.20393276856872697, "roll-in": 0.23365045058952935, "oneh-in": 0.026726616622604737, "redirect": 0.026572239053665504, "sfb": 0.01705872136778526, "dsfb-red": 0.014704463441461955}, "reddit": {"bad-redirect": 0.002696184606613818, "alternate": 0.27875683340272317, "dsfb-alt": 0.03300739765183222, "oneh-out": 0.009060611151409045, "dsfb": 0.0, "sfT": 3.554708518583653e-05, "sfR": 0.10397777127267367, "unknown": 0.04413374768723884, "sft": 0.0, "roll-out": 0.23013302813033007, "roll-in": 0.22244519371756774, "oneh-in": 0.015894940945578685, "redirect": 0.02626483852015499, "sfb": 0.012643974591138288, "dsfb-red": 0.020949931237553603}, "akl": {"bad-redirect": 0.0028405836103652642, "alternate": 0.23629915895569167, "dsfb-alt": 0.03157342482920808, "oneh-out": 0.007637737531784168, "dsfb": 0.0, "sfT": 0.00017722763062025989, "sfR": 0.13064861186637447, "unknown": 0.1386736163551281, "sft": 0.0, "roll-out": 0.19728113592114005, "roll-in": 0.18897280935789562, "oneh-in": 0.012035344817937462, "redirect": 0.019470751795260553, "sfb": 0.01569562783907336, "dsfb-red": 0.018693969489520925}, "french": {"bad-redirect": 0.005569618258114692, "alternate": 0.23709923264072744, "dsfb-alt": 0.020331897758601624, "oneh-out": 0.012149087329630092, "dsfb": 0.0, "sfT": 3.976179895802213e-05, "sfR": 0.10898279115633469, "unknown": 0.15841440792606368, "sft": 0.0, "roll-out": 0.20192972669845843, "roll-in": 0.17913372104233505, "oneh-in": 0.018979696957262045, "redirect": 0.02788947112807235, "sfb": 0.02167406072825248, "dsfb-red": 0.007806526577189435}, "keymash": {"bad-redirect": 0.003193589833054886, "alternate": 0.28499300119451754, "dsfb-alt": 0.03448091850599106, "oneh-out": 0.009560245142911093, "dsfb": 0.0, "sfT": 4.104871250713221e-06, "sfR": 0.099723742164827, "unknown": 0.012376186820900362, "sft": 0.0, "roll-out": 0.2407958524380883, "roll-in": 0.23825493713389678, "oneh-in": 0.015553357168952396, "redirect": 0.02672271184214307, "sfb": 0.012351557593396083, "dsfb-red": 0.021989795290070727}, "movie": {"bad-redirect": 0.004041238025090181, "alternate": 0.2619670797478954, "dsfb-alt": 0.035309147668435036, "oneh-out": 0.010732461725755631, "dsfb": 0.0, "sfT": 2.3424415268033872e-05, "sfR": 0.11567713207251198, "unknown": 0.030144722091026487, "sft": 0.0, "roll-out": 0.2561380850856353, "roll-in": 0.2067129636635996, "oneh-in": 0.011897102597228102, "redirect": 0.028760181231279384, "sfb": 0.012160429872235607, "dsfb-red": 0.026436031804039237}, "dutch": {"bad-redirect": 0.0034005392650504544, "alternate": 0.22374177734120676, "dsfb-alt": 0.028602647108808256, "oneh-out": 0.014898141075113926, "dsfb": 0.0, "sfT": 4.9704161618998665e-05, "sfR": 0.18880787437283908, "unknown": 0.07358430372699806, "sft": 0.0,