{"english-450k": {"roll-in": 0.22977972883135775, "sfT": 0.0002107816109562001, "dsfb": 0.0, "bad-redirect": 0.0015447573263419714, "dsfb-alt": 0.0454113047937176, "sfR": 0.11369548401129392, "redirect": 0.03881217399744256, "unknown": 0.00015377410175167997, "dsfb-red": 0.01892327724768915, "oneh-in": 0.013589128463352357, "sft": 0.0, "sfb": 0.02987047309216331, "alternate": 0.31478143320970986, "roll-out": 0.18875507878437772, "oneh-out": 0.004472604529845916}, "shai": {"roll-in": 0.222398264756398, "sfT": 5.268787506196524e-05, "dsfb": 0.0, "bad-redirect": 0.0014195266149435554, "dsfb-alt": 0.037349344337266804, "sfR": 0.09823378925716947, "redirect": 0.02757859793976591, "unknown": 0.024052709704167625, "dsfb-red": 0.017110461931742708, "oneh-in": 0.013991074992112107, "sft": 0.0, "sfb": 0.01713583633186805, "alternate": 0.28887725013956694, "roll-out": 0.24499873127999372, "oneh-out": 0.0068017248399431145}, "tr-quotes": {"roll-in": 0.22397193777305194, "sfT": 3.0050160652781953e-05, "dsfb": 0.0, "bad-redirect": 0.002128938304708629, "dsfb-alt": 0.035305471440789625, "sfR": 0.09677191928064538, "redirect": 0.03038880284783061, "unknown": 0.013890108874043596, "dsfb-red": 0.022867016481357343, "oneh-in": 0.010886248584175123, "sft": 0.0, "sfb": 0.013991817110099166, "alternate": 0.2768255472596565, "roll-out": 0.26449689096414786, "oneh-out": 0.00844525091884145}, "gutenberg": {"roll-in": 0.21022519107540608, "sfT": 0.00016992478981042304, "dsfb": 0.0, "bad-redirect": 0.0022131898766501366, "dsfb-alt": 0.032451656681454104, "sfR": 0.09863878308844841, "redirect": 0.03062283402724025, "unknown": 0.03296484091288825, "dsfb-red": 0.018019415754244424, "oneh-in": 0.009923645612284293, "sft": 0.0, "sfb": 0.0145498811663092, "alternate": 0.26459600902173713, "roll-out": 0.27651518165282074, "oneh-out": 0.009109446340706592}, "english-200": {"roll-in": 0.22271714922049, "sfT": 0.0, "dsfb": 0.0, "bad-redirect": 0.0022271714922048997, "dsfb-alt": 0.028953229398663696, "sfR": 0.10690423162583519, "redirect": 0.028953229398663696, "unknown": 0.0, "dsfb-red": 0.024498886414253896, "oneh-in": 0.004454342984409799, "sft": 0.0, "sfb": 0.008908685968819599, "alternate": 0.2962138084632517, "roll-out": 0.2739420935412027, "oneh-out": 0.0022271714922048997}, "monkeyracer": {"roll-in": 0.22455405320862723, "sfT": 2.7370693025947417e-05, "dsfb": 0.0, "bad-redirect": 0.002177925145064673, "dsfb-alt": 0.035255407666922124, "sfR": 0.09690789370786869, "redirect": 0.03029642460547101, "unknown": 0.013484953939033737, "dsfb-red": 0.023056876300107918, "oneh-in": 0.01074592958693714, "sft": 0.0, "sfb": 0.013919952453196115, "alternate": 0.27635406728498363, "roll-out": 0.26477528661025695, "oneh-out": 0.008443858798504778}, "chained-bigrams": {"roll-in": 0.2121005721023642, "sfT": 5.9086726978415166e-05, "dsfb": 0.0, "bad-redirect": 0.003041992482350275, "dsfb-alt": 0.05273782569934985, "sfR": 0.11914286586209158, "redirect": 0.03906476749372934, "unknown": 0.023120441475246233, "dsfb-red": 0.028483048927056463, "oneh-in": 0.00868574886582703, "sft": 0.0, "sfb": 0.017710434780914858, "alternate": 0.2756707479795261, "roll-out": 0.21034355360562143, "oneh-out": 0.00983891399894423}, "english-5k": {"roll-in": 0.24499108142863069, "sfT": 0.0, "dsfb": 0.0, "bad-redirect": 0.0012029700916746174, "dsfb-alt": 0.042975069481893224, "sfR": 0.10644211224955408, "redirect": 0.029742398473472435, "unknown": 0.002157049819554486, "dsfb-red": 0.016219355373957772, "oneh-in": 0.02538681710706434, "sft": 0.0, "sfb": 0.020326046376571122, "alternate": 0.32073671547683247, "roll-out": 0.18600406520927532, "oneh-out": 0.0038163189115194758}, "mt-quotes": {"roll-in": 0.22578620862767598, "sfT": 8.96475060063829e-06, "dsfb": 0.0, "bad-redirect": 0.0022381993999593596, "dsfb-alt": 0.03510297510189933, "sfR": 0.0964592223377679, "redirect": 0.029958702382233058, "unknown": 0.00799058103536893, "dsfb-red": 0.024074837738014127, "oneh-in": 0.010448416825043928, "sft": 0.0, "sfb": 0.01310646537813318, "alternate": 0.2746575465270556, "roll-out": 0.271657343326042, "oneh-out": 0.008510536570205951}, "wordle": {"roll-in": 0.188039941658252, "sfT": 0.0007404914170313026, "dsfb": 0.0, "bad-redirect": 0.0019970829125995735, "dsfb-alt": 0.05461685178952092, "sfR": 0.13138112868843263, "redirect": 0.036486031639178726, "unknown": 0.0, "dsfb-red": 0.021160103220015707, "oneh-in": 0.0054302703915628855, "sft": 0.0, "sfb": 0.03444407045888029, "alternate": 0.2984853584651632, "roll-out": 0.21539324582071132, "oneh-out": 0.011825423538651408}, "english-1k": {"roll-in": 0.22971065631616092, "sfT": 0.0, "dsfb": 0.0, "bad-redirect": 0.002117148906139732, "dsfb-alt": 0.03669724770642202, "sfR": 0.10832745236414962, "redirect": 0.02858151023288638, "unknown": 0.0, "dsfb-red": 0.017642907551164433, "oneh-in": 0.01587861679604799, "sft": 0.0, "sfb": 0.015172900494001412, "alternate": 0.30804516584333097, "roll-out": 0.23147494707127736, "oneh-out": 0.006351446718419196}, "english-10k": {"roll-in": 0.24794967291252581, "sfT": 7.718878446961657e-05, "dsfb": 0.0, "bad-redirect": 0.0011385345709268443, "dsfb-alt": 0.042531020242758726, "sfR": 0.10567144593890508, "redirect": 0.029794870805271993, "unknown": 0.0, "dsfb-red": 0.015727214835684376, "oneh-in": 0.022056695162192934, "sft": 0.0, "sfb": 0.02018486713880473, "alternate": 0.31371451728063915, "roll-out": 0.19509465274695587, "oneh-out": 0.0060593195808649}, "reddit": {"roll-in": 0.21373615784703778, "sfT": 4.80578612154144e-05, "dsfb": 0.0, "bad-redirect": 0.0013682443916419775, "dsfb-alt": 0.03610973299044817, "sfR": 0.10397777127267367, "redirect": 0.029192472483316, "unknown": 0.04413374768723884, "dsfb-red": 0.02135016369826031, "oneh-in": 0.010944381921778807, "sft": 0.0, "sfb": 0.015246066175637436, "alternate": 0.26685062002319737, "roll-out": 0.25032362268623215, "oneh-out": 0.006718960961322037}, "akl": {"roll-in": 0.1860555580578866, "sfT": 0.000166257455241005, "dsfb": 0.0, "bad-redirect": 0.0014102605186871872, "dsfb-alt": 0.03248822380086779, "sfR": 0.13064861186637447, "redirect": 0.024470063317925096, "unknown": 0.1386736163551281, "dsfb-red": 0.019651611443405027, "oneh-in": 0.007880934460293192, "sft": 0.0, "sfb": 0.021289774884836014, "alternate": 0.2276264446751201, "roll-out": 0.2052074582466848, "oneh-out": 0.004431184917550608}, "french": {"roll-in": 0.21352766215918584, "sfT": 6.96805301257577e-05, "dsfb": 0.0, "bad-redirect": 0.004045021442980854, "dsfb-alt": 0.02952300088978636, "sfR": 0.10898279115633469, "redirect": 0.025227378236869248, "unknown": 0.15841440792606368, "dsfb-red": 0.016739582524782245, "oneh-in": 0.016385981176249, "sft": 0.0, "sfb": 0.05344144587444593, "alternate": 0.224484629630154, "roll-out": 0.14289117089254136, "oneh-out": 0.0062672475604810445}, "keymash": {"roll-in": 0.22445025511774824, "sfT": 3.694384125641899e-05, "dsfb": 0.0, "bad-redirect": 0.002265888930393698, "dsfb-alt": 0.03501455176858378, "sfR": 0.099723742164827, "redirect": 0.030215957276500022, "unknown": 0.012376186820900362, "dsfb-red": 0.022359233702634918, "oneh-in": 0.011062628020672132, "sft": 0.0, "sfb": 0.014383468862499128, "alternate": 0.2774359332219545, "roll-out": 0.2626337674918826, "oneh-out": 0.008041442780147201}, "movie": {"roll-in": 0.20708670152517947, "sfT": 3.250466613036161e-05, "dsfb": 0.0, "bad-redirect": 0.003153215810322245, "dsfb-alt": 0.03649681816165978, "sfR": 0.11567713207251198, "redirect": 0.03264718658954858, "unknown": 0.030144722091026487, "dsfb-red": 0.026191391422110726, "oneh-in": 0.007331315587540264, "sft": 0.0, "sfb": 0.013499701075509655, "alternate": 0.2561592723376474, "roll-out": 0.26260309210177407, "oneh-out": 0.008976946559038936}, "dutch": {"roll-in": 0.2419053132852231, "sfT": 4.520353226605182e-05, "dsfb": 0.0, "bad-redirect": 0.002544917625751977, "dsfb-alt": 0.03407605791058408, "sfR": 0.18880787437283908, "redirect": 0.034957087485313336, "unknown": 0.07358430372699806,