{"english-450k": {"sfR": 0.11369548401129392, "alternate": 0.31462093514533407, "redirect": 0.03703178563305523, "sfT": 0.00018768626107334323, "sfb": 0.039628696936971915, "oneh-out": 0.003975908334263969, "dsfb": 0.0, "roll-out": 0.1853968979729299, "roll-in": 0.2252010026305311, "oneh-in": 0.012608014612632513, "sft": 0.0, "bad-redirect": 0.0016342152638629107, "unknown": 0.0, "dsfb-alt": 0.0496269370128416, "dsfb-red": 0.016392436185209504}, "shai": {"sfR": 0.09823378925716947, "alternate": 0.2876308004655637, "redirect": 0.027665159632688917, "sfT": 5.5416513269464365e-05, "sfb": 0.026482645241734895, "oneh-out": 0.007201379382734819, "dsfb": 0.0, "roll-out": 0.2420641215271209, "roll-in": 0.2228035081695041, "oneh-in": 0.01298600723363924, "sft": 0.0, "bad-redirect": 0.0016344504158831668, "unknown": 0.01632114237128491, "dsfb-alt": 0.04042886993661509, "dsfb-red": 0.016492709852791325}, "tr-quotes": {"sfR": 0.09677191928064538, "alternate": 0.274167263817295, "redirect": 0.02977855343149719, "sfT": 2.4271283604170037e-05, "sfb": 0.02340907514851714, "oneh-out": 0.008290377013938652, "dsfb": 0.0, "roll-out": 0.26611728808857865, "roll-in": 0.2194043133538291, "oneh-in": 0.009984743764591665, "sft": 0.0, "bad-redirect": 0.001548739049027993, "unknown": 0.009797508148216639, "dsfb-alt": 0.03803772450937334, "dsfb-red": 0.022668223110885094}, "gutenberg": {"sfR": 0.09863878308844841, "alternate": 0.26489494025732335, "redirect": 0.029444347831687697, "sfT": 3.7319045253794133e-05, "sfb": 0.02212488960571766, "oneh-out": 0.011148922691987544, "dsfb": 0.0, "roll-out": 0.27929402974839385, "roll-in": 0.20686912911745572, "oneh-in": 0.008913568712318657, "sft": 0.0, "bad-redirect": 0.0022219039684352863, "unknown": 0.02558514179153392, "dsfb-alt": 0.03348636036255168, "dsfb-red": 0.017340663778892425}, "english-200": {"sfR": 0.10690423162583519, "alternate": 0.29398663697104677, "redirect": 0.022271714922048998, "sfT": 0.0, "sfb": 0.024498886414253896, "oneh-out": 0.008908685968819599, "dsfb": 0.0, "roll-out": 0.267260579064588, "roll-in": 0.21603563474387527, "oneh-in": 0.004454342984409799, "sft": 0.0, "bad-redirect": 0.0022271714922048997, "unknown": 0.0, "dsfb-alt": 0.028953229398663696, "dsfb-red": 0.024498886414253896}, "monkeyracer": {"sfR": 0.09690789370786869, "alternate": 0.27373625600200197, "redirect": 0.02962193252733159, "sfT": 2.541564352409403e-05, "sfb": 0.023417582933199867, "oneh-out": 0.008309937907627822, "dsfb": 0.0, "roll-out": 0.26674402145862336, "roll-in": 0.21957160955315388, "oneh-in": 0.009872022459608677, "sft": 0.0, "bad-redirect": 0.0015640396014827095, "unknown": 0.009415518400925912, "dsfb-alt": 0.037930892910208486, "dsfb-red": 0.022882876894442968}, "chained-bigrams": {"sfR": 0.11914286586209158, "alternate": 0.276471340664849, "redirect": 0.03935370808170071, "sfT": 0.00013440607125859272, "sfb": 0.026029326495722056, "oneh-out": 0.007742309148248598, "dsfb": 0.0, "roll-out": 0.20873197935990245, "roll-in": 0.21036692857453596, "oneh-in": 0.009240904377547304, "sft": 0.0, "bad-redirect": 0.003886737886733991, "unknown": 0.016293651942817036, "dsfb-alt": 0.05377022015974194, "dsfb-red": 0.02883562137485074}, "english-5k": {"sfR": 0.10644211224955408, "alternate": 0.3174596590202016, "redirect": 0.03090388683784793, "sfT": 0.0, "sfb": 0.02882980047289169, "oneh-out": 0.003484465093126478, "dsfb": 0.0, "roll-out": 0.17687808520346787, "roll-in": 0.24868295515825278, "oneh-in": 0.022814950014518606, "sft": 0.0, "bad-redirect": 0.0016592690919649893, "unknown": 0.0, "dsfb-alt": 0.04811880366698469, "dsfb-red": 0.014726013191189281}, "mt-quotes": {"sfR": 0.0964592223377679, "alternate": 0.271657343326042, "redirect": 0.02922359283298072, "sfT": 1.1953000800851053e-05, "sfb": 0.02217879298597913, "oneh-out": 0.008538924947107972, "dsfb": 0.0, "roll-out": 0.27448422801544325, "roll-in": 0.21982016710295119, "oneh-in": 0.009507118011976907, "sft": 0.0, "bad-redirect": 0.0015479136037102115, "unknown": 0.005241390851173187, "dsfb-alt": 0.03747415163576816, "dsfb-red": 0.02385520134829849}, "wordle": {"sfR": 0.13138112868843263, "alternate": 0.2906316616178615, "redirect": 0.03637383596993156, "sfT": 0.00022439133849433412, "sfb": 0.052103668798384385, "oneh-out": 0.009379557949063167, "dsfb": 0.0, "roll-out": 0.21348591944350948, "roll-in": 0.18216088858970045, "oneh-in": 0.005385392123864019, "sft": 0.0, "bad-redirect": 0.0016604959048580725, "unknown": 0.0, "dsfb-alt": 0.056950521709862, "dsfb-red": 0.02026253786603837}, "english-1k": {"sfR": 0.10832745236414962, "alternate": 0.30275229357798167, "redirect": 0.03211009174311927, "sfT": 0.0, "sfb": 0.024347212420606917, "oneh-out": 0.0077628793225123505, "dsfb": 0.0, "roll-out": 0.20995059985885675, "roll-in": 0.24453069865913904, "oneh-in": 0.012702893436838392, "sft": 0.0, "bad-redirect": 0.00035285815102328866, "unknown": 0.0, "dsfb-alt": 0.040578687367678196, "dsfb-red": 0.016584333098094567}, "english-10k": {"sfR": 0.10567144593890508, "alternate": 0.3097392948804539, "redirect": 0.031608807240307984, "sfT": 3.859439223480828e-05, "sfb": 0.02908087454892804, "oneh-out": 0.004322571930298527, "dsfb": 0.0, "roll-out": 0.1850408135697883, "roll-in": 0.25196348970494586, "oneh-in": 0.02039713629609618, "sft": 0.0, "bad-redirect": 0.0009455626097528029, "unknown": 0.0, "dsfb-alt": 0.04729742768375755, "dsfb-red": 0.013893981204530982}, "reddit": {"sfR": 0.10397777127267367, "alternate": 0.2643535215680722, "redirect": 0.027045900501498576, "sfT": 7.094434071862422e-05, "sfb": 0.02493858388877995, "oneh-out": 0.007789943321315123, "dsfb": 0.0, "roll-out": 0.24920447009278388, "roll-in": 0.21301956007391845, "oneh-in": 0.010804965429616864, "sft": 0.0, "bad-redirect": 0.0015649707260951002, "unknown": 0.03804444584285454, "dsfb-alt": 0.03765387739476948, "dsfb-red": 0.021531045546903518}, "akl": {"sfR": 0.13064861186637447, "alternate": 0.22516129308026786, "redirect": 0.022115651196158027, "sfT": 0.0001688023382681745, "sfb": 0.02904306987213544, "oneh-out": 0.0060625043531706635, "dsfb": 0.0, "roll-out": 0.20733873601293373, "roll-in": 0.18440049461654703, "oneh-in": 0.008842826121756643, "sft": 0.0, "bad-redirect": 0.0017820605166759885, "unknown": 0.13066790850369697, "dsfb-alt": 0.03403756341236991, "dsfb-red": 0.019730478109645073}, "french": {"sfR": 0.10898279115633469, "alternate": 0.22493291619700476, "redirect": 0.026737217941236825, "sfT": 0.00012592235125929768, "sfb": 0.05507714800271944, "oneh-out": 0.00838572444746718, "dsfb": 0.0, "roll-out": 0.1755274876806965, "roll-in": 0.18355480160952287, "oneh-in": 0.015018963336789794, "sft": 0.0, "bad-redirect": 0.0037600518958894676, "unknown": 0.1501865471091996, "dsfb-alt": 0.03319891478155064, "dsfb-red": 0.014511513490328917}, "keymash": {"sfR": 0.099723742164827, "alternate": 0.27394268778759756, "redirect": 0.02919384433507243, "sfT": 1.6419485002852885e-05, "sfb": 0.024144852696695168, "oneh-out": 0.008394461707708538, "dsfb": 0.0, "roll-out": 0.26543739455611975, "roll-in": 0.21826831901417412, "oneh-in": 0.009987151752985268, "sft": 0.0, "bad-redirect": 0.0016008997877781563, "unknown": 0.008620229626497765, "dsfb-alt": 0.03859399949920571, "dsfb-red": 0.022075997586335706}, "movie": {"sfR": 0.11567713207251198, "alternate": 0.25300618812516373, "redirect": 0.02945159627520214, "sfT": 7.540556150889555e-05, "sfb": 0.025173876934175683, "oneh-out": 0.008394362927625531, "dsfb": 0.0, "roll-out": 0.27031985775852824, "roll-in": 0.1973445135347719, "oneh-in": 0.008873510657911551, "sft": 0.0, "bad-redirect": 0.001459420029901661, "unknown": 0.024385474283216184, "dsfb-alt": 0.03827681052635319, "dsfb-red": 0.02756185131312929}, "dutch": {"sfR": 0.18880787437283908, "alternate": 0.2194627546742084, "redirect": 0.025080070858195424, "sfT": 0.00015450965392168524, "sfb": 0.06668049967672571, "oneh-out": 0.005981874333893408, "dsfb": 0.0, "roll-out": 0.1432305926317561, "roll-in": 0.22979602036063201,