{"english-450k": {"redirect": 0.038472467711823825, "dsfb-alt": 0.044448024061261734, "unknown": 0.00015377410175167997, "roll-in": 0.2185074440113173, "oneh-in": 0.005303452433226666, "roll-out": 0.21630841588702807, "dsfb-red": 0.018995486759348208, "sfT": 2.0171887872368665e-05, "alternate": 0.3131486796768522, "sfR": 0.11369548401129392, "oneh-out": 0.004994734844919111, "bad-redirect": 0.004543937002901829, "dsfb": 0.0, "sfb": 0.021407927610403082, "sft": 0.0}, "shai": {"redirect": 0.030294529595158336, "dsfb-alt": 0.03996461827086855, "unknown": 0.024097749651430984, "roll-in": 0.21896228998774783, "oneh-in": 0.010076044244036396, "roll-out": 0.24521164246835475, "dsfb-red": 0.014904774009926205, "sfT": 4.763312116268319e-05, "alternate": 0.28395721742996805, "sfR": 0.09823378925716947, "oneh-out": 0.009869089614826205, "bad-redirect": 0.007160577533112895, "dsfb": 0.0, "sfb": 0.017220044816237633, "sft": 0.0}, "tr-quotes": {"redirect": 0.03316035228034488, "dsfb-alt": 0.03459813689003953, "unknown": 0.013894731975682485, "roll-in": 0.20610596148956334, "oneh-in": 0.019536071750537436, "roll-out": 0.2627123737315365, "dsfb-red": 0.01788446869004415, "sfT": 3.698481311111625e-05, "alternate": 0.27991493492984443, "sfR": 0.09677191928064538, "oneh-out": 0.011747301264418298, "bad-redirect": 0.006797115184577333, "dsfb": 0.0, "sfb": 0.016839647719655116, "sft": 0.0}, "gutenberg": {"redirect": 0.03183579771637753, "dsfb-alt": 0.030632116429359216, "unknown": 0.03298207965968062, "roll-in": 0.20636030193191415, "oneh-in": 0.00966676934140031, "roll-out": 0.27284332858604765, "dsfb-red": 0.022238362235702542, "sfT": 3.3340872917095265e-05, "alternate": 0.2563490683309824, "sfR": 0.09863878308844841, "oneh-out": 0.012783193775259027, "bad-redirect": 0.006347268681592012, "dsfb": 0.0, "sfb": 0.019289589350318992, "sft": 0.0}, "english-200": {"redirect": 0.0334075723830735, "dsfb-alt": 0.0334075723830735, "unknown": 0.0, "roll-in": 0.2026726057906459, "oneh-in": 0.008908685968819599, "roll-out": 0.27616926503340755, "dsfb-red": 0.022271714922048998, "sfT": 0.0, "alternate": 0.289532293986637, "sfR": 0.10690423162583519, "oneh-out": 0.015590200445434299, "bad-redirect": 0.0066815144766146995, "dsfb": 0.0, "sfb": 0.004454342984409799, "sft": 0.0}, "monkeyracer": {"redirect": 0.03330329073932152, "dsfb-alt": 0.034545724697749344, "unknown": 0.013491796612290222, "roll-in": 0.20615410482193408, "oneh-in": 0.02007738085928336, "roll-out": 0.26274203512832944, "dsfb-red": 0.01790434333797332, "sfT": 3.616841578428766e-05, "alternate": 0.2796326852995918, "sfR": 0.09690789370786869, "oneh-out": 0.011647207407291553, "bad-redirect": 0.006807482365453493, "dsfb": 0.0, "sfb": 0.01674988660712889, "sft": 0.0}, "chained-bigrams": {"redirect": 0.038479743966173825, "dsfb-alt": 0.05073537002900444, "unknown": 0.023159399756770463, "roll-in": 0.19433040128977885, "oneh-in": 0.0060365857221794045, "roll-out": 0.2254502765713336, "dsfb-red": 0.0207069759348202, "sfT": 6.298255513083814e-05, "alternate": 0.2883815366314982, "sfR": 0.11914286586209158, "oneh-out": 0.009939556226215158, "bad-redirect": 0.004726938158273213, "dsfb": 0.0, "sfb": 0.018847367296730297, "sft": 0.0}, "english-5k": {"redirect": 0.03256315592981292, "dsfb-alt": 0.04633508939312233, "unknown": 0.002157049819554486, "roll-in": 0.24424441033724645, "oneh-in": 0.00472891691210022, "roll-out": 0.21292570622640727, "dsfb-red": 0.01331563446301904, "sfT": 0.0, "alternate": 0.311278881652632, "sfR": 0.10644211224955408, "oneh-out": 0.006139295640270461, "bad-redirect": 0.005351142821587091, "dsfb": 0.0, "sfb": 0.014518604554693658, "sft": 0.0}, "mt-quotes": {"redirect": 0.03393158102341593, "dsfb-alt": 0.03358344987509114, "unknown": 0.007995063410669249, "roll-in": 0.20621018156608217, "oneh-in": 0.02126588254981413, "roll-out": 0.2680714430857867, "dsfb-red": 0.01820591434479626, "sfT": 3.585900240255316e-05, "alternate": 0.27913693357717456, "sfR": 0.0964592223377679, "oneh-out": 0.012033683556256797, "bad-redirect": 0.00693722283979393, "dsfb": 0.0, "sfb": 0.01613356283094871, "sft": 0.0}, "wordle": {"redirect": 0.04292606305396612, "dsfb-alt": 0.04577583305284416, "unknown": 0.0, "roll-in": 0.18420284976999887, "oneh-in": 0.00558734432850892, "roll-out": 0.2333669920341075, "dsfb-red": 0.02537866038370919, "sfT": 2.2439133849433412e-05, "alternate": 0.285425782564793, "sfR": 0.13138112868843263, "oneh-out": 0.010411758106137103, "bad-redirect": 0.006484909682486256, "dsfb": 0.0, "sfb": 0.029036239201166835, "sft": 0.0}, "english-1k": {"redirect": 0.029640084685956247, "dsfb-alt": 0.035285815102328866, "unknown": 0.0, "roll-in": 0.21877205363443897, "oneh-in": 0.0045871559633027525, "roll-out": 0.24982357092448837, "dsfb-red": 0.019054340155257588, "sfT": 0.0, "alternate": 0.305575158786168, "sfR": 0.10832745236414962, "oneh-out": 0.011644318983768526, "bad-redirect": 0.004940014114326041, "dsfb": 0.0, "sfb": 0.012350035285815103, "sft": 0.0}, "english-10k": {"redirect": 0.030933405376198837, "dsfb-alt": 0.046757106192470234, "unknown": 0.0, "roll-in": 0.241369329036491, "oneh-in": 0.004033113988537466, "roll-out": 0.22006522452287683, "dsfb-red": 0.011848478416086142, "sfT": 0.0, "alternate": 0.30640087995214293, "sfR": 0.10567144593890508, "oneh-out": 0.006638235464387025, "bad-redirect": 0.00843287470330561, "dsfb": 0.0, "sfb": 0.01784990640859883, "sft": 0.0}, "reddit": {"redirect": 0.03350674242803073, "dsfb-alt": 0.03674740799382402, "unknown": 0.04519937363713543, "roll-in": 0.19949278916701643, "oneh-in": 0.01524172111569902, "roll-out": 0.24643928893094108, "dsfb-red": 0.016450471841670512, "sfT": 7.188077605017945e-05, "alternate": 0.2686834861689438, "sfR": 0.10397777127267367, "oneh-out": 0.011302287505499217, "bad-redirect": 0.006384129144171149, "dsfb": 0.0, "sfb": 0.016502650018344767, "sft": 0.0}, "akl": {"redirect": 0.031726142518440456, "dsfb-alt": 0.03171193564717228, "unknown": 0.13920166722946467, "roll-in": 0.1669045226351656, "oneh-in": 0.014477197143909899, "roll-out": 0.20644644566688325, "dsfb-red": 0.0168625925988427, "sfT": 0.00017537456045484522, "alternate": 0.22368921414086243, "sfR": 0.13064861186637447, "oneh-out": 0.011537758417120313, "bad-redirect": 0.00643173476053009, "dsfb": 0.0, "sfb": 0.02018680281477899, "sft": 0.0}, "french": {"redirect": 0.02499091988232725, "dsfb-alt": 0.033498716348599994, "unknown": 0.15842537463172957, "roll-in": 0.20700200785099268, "oneh-in": 0.0035303653322777727, "roll-out": 0.18304937431123808, "dsfb-red": 0.01471316903440389, "sfT": 5.207687007463637e-05, "alternate": 0.2028769983731072, "sfR": 0.10898279115633469, "oneh-out": 0.008939647956463017, "bad-redirect": 0.0056056495793257105, "dsfb": 0.0, "sfb": 0.04833290867312555, "sft": 0.0}, "keymash": {"redirect": 0.03264193618567154, "dsfb-alt": 0.034107375222176155, "unknown": 0.012376186820900362, "roll-in": 0.20740272481353622, "oneh-in": 0.01875515674450871, "roll-out": 0.26046229060025533, "dsfb-red": 0.01867716419074516, "sfT": 4.925845500855866e-05, "alternate": 0.27953352243106894, "sfR": 0.099723742164827, "oneh-out": 0.011982119180831894, "bad-redirect": 0.006711464494916117, "dsfb": 0.0, "sfb": 0.017577058695554013, "sft": 0.0}, "movie": {"redirect": 0.03198169631982697, "dsfb-alt": 0.035219529540359014, "unknown": 0.030282373430185833, "roll-in": 0.18062869288209663, "oneh-in": 0.032867218175661794, "roll-out": 0.24397476006095087, "dsfb-red": 0.021825633127071267, "sfT": 0.00010948940170227068, "alternate": 0.26970950698317353, "sfR": 0.11567713207251198, "oneh-out": 0.012722484240829834, "bad-redirect": 0.006218919057985824, "dsfb": 0.0, "sfb": 0.018782564707644216, "sft": 0.0}, "dutch": {"redirect": 0.028461406242620356, "dsfb-alt": 0.030189307229061487, "unknown": 0.07360268279108878, "roll-in": 0.23047724709520237, "oneh-in": 0.0053656646592186216, "roll-out": 0.1531968866833693, "dsfb-red": 0.018663052009810728, "sfT": 0.00045269876204720753,