{"english-450k": {"dsfb-red": 0.019062434039388388, "sft": 0.0, "roll-in": 0.21944529062428192, "dsfb-alt": 0.03851193444896542, "oneh-in": 0.010801315090150799, "roll-out": 0.19747284249965358, "redirect": 0.041447090307495583, "unknown": 0.00015377410175167997, "sfT": 0.00040782295046310564, "sfb": 0.035000564228168024, "sfR": 0.11369548401129392, "oneh-out": 0.007311578488231019, "dsfb": 0.0, "bad-redirect": 0.002447522395180731, "alternate": 0.31424234681497587}, "shai": {"dsfb-red": 0.014388020248740337, "sft": 0.0, "roll-in": 0.22837762061509775, "dsfb-alt": 0.03936088094219994, "oneh-in": 0.01154327751790993, "roll-out": 0.22661891072453125, "redirect": 0.031857880601294325, "unknown": 0.023260762136131256, "sfT": 8.603144691672397e-05, "sfb": 0.020668300392025968, "sfR": 0.09823378925716947, "oneh-out": 0.0078064016871266795, "dsfb": 0.0, "bad-redirect": 0.002448134199768209, "alternate": 0.29534999023108816}, "tr-quotes": {"dsfb-red": 0.015571762095189663, "sft": 0.0, "roll-in": 0.22544901874667714, "dsfb-alt": 0.03661612075541481, "oneh-in": 0.009426504241695754, "roll-out": 0.24928919812302072, "redirect": 0.0348859249670604, "unknown": 0.013835787429786644, "sfT": 5.200989343750722e-05, "sfb": 0.019294514689905458, "sfR": 0.09677191928064538, "oneh-out": 0.009957005154758327, "dsfb": 0.0, "bad-redirect": 0.002291902637479485, "alternate": 0.2865583319849287}, "gutenberg": {"dsfb-red": 0.012117323500806812, "sft": 0.0, "roll-in": 0.21506245920005396, "dsfb-alt": 0.041007568757025735, "oneh-in": 0.007826391043732239, "roll-out": 0.2545950732040541, "redirect": 0.03503652151641867, "unknown": 0.032975828246008664, "sfT": 2.61422753554497e-05, "sfb": 0.01859909229473483, "sfR": 0.09863878308844841, "oneh-out": 0.008698747406136917, "dsfb": 0.0, "bad-redirect": 0.0032143632480526848, "alternate": 0.27220170621917156}, "english-200": {"dsfb-red": 0.013363028953229399, "sft": 0.0, "roll-in": 0.22271714922049, "dsfb-alt": 0.031180400890868598, "oneh-in": 0.0066815144766146995, "roll-out": 0.2583518930957684, "redirect": 0.031180400890868598, "unknown": 0.0, "sfT": 0.0, "sfb": 0.013363028953229399, "sfR": 0.10690423162583519, "oneh-out": 0.004454342984409799, "dsfb": 0.0, "bad-redirect": 0.0022271714922048997, "alternate": 0.30957683741648107}, "monkeyracer": {"dsfb-red": 0.015589564727778907, "sft": 0.0, "roll-in": 0.22581897023632638, "dsfb-alt": 0.03649099895209347, "oneh-in": 0.009361754539624944, "roll-out": 0.2501133928711075, "redirect": 0.03475784756870044, "unknown": 0.013436077701487402, "sfT": 5.1808811799114756e-05, "sfb": 0.019168282840921532, "sfR": 0.09690789370786869, "oneh-out": 0.010067527409794016, "dsfb": 0.0, "bad-redirect": 0.002299138214179583, "alternate": 0.285936742418318}, "chained-bigrams": {"dsfb-red": 0.02331133705471496, "sft": 0.0, "roll-in": 0.21828390068495152, "dsfb-alt": 0.049545194528439224, "oneh-in": 0.008256558464368432, "roll-out": 0.20344534055706448, "redirect": 0.04051336626173862, "unknown": 0.022916559801936097, "sfT": 0.0001623261730176241, "sfb": 0.02225102249256384, "sfR": 0.11914286586209158, "oneh-out": 0.011147912258158352, "dsfb": 0.0, "bad-redirect": 0.004715250673815944, "alternate": 0.27630836518713936}, "english-5k": {"dsfb-red": 0.015140830464180528, "sft": 0.0, "roll-in": 0.23640436387771188, "dsfb-alt": 0.03783133529680176, "oneh-in": 0.018791222466503506, "roll-out": 0.19118928112166592, "redirect": 0.03368316256688929, "unknown": 0.002157049819554486, "sfT": 0.00016592690919649896, "sfb": 0.023976438378894096, "sfR": 0.10644211224955408, "oneh-out": 0.008462272369021445, "dsfb": 0.0, "bad-redirect": 0.002779275729041357, "alternate": 0.3229767287509852}, "mt-quotes": {"dsfb-red": 0.015586713044309773, "sft": 0.0, "roll-in": 0.22767030037891012, "dsfb-alt": 0.03632666355888646, "oneh-in": 0.009094739484347546, "roll-out": 0.2555969926249985, "redirect": 0.03456210181566082, "unknown": 0.007977133909467972, "sfT": 3.137662710223402e-05, "sfb": 0.018374750481108284, "sfR": 0.0964592223377679, "oneh-out": 0.010296016064833076, "dsfb": 0.0, "bad-redirect": 0.002208316897957232, "alternate": 0.2858156727746501}, "wordle": {"dsfb-red": 0.025535734320655222, "sft": 0.0, "roll-in": 0.19580388197015594, "dsfb-alt": 0.05089195557051498, "oneh-in": 0.009222484012117131, "roll-out": 0.20464490070683272, "redirect": 0.03931336250420734, "unknown": 0.0, "sfT": 0.00044878267698866825, "sfb": 0.04137776281835521, "sfR": 0.13138112868843263, "oneh-out": 0.007606866374957927, "dsfb": 0.0, "bad-redirect": 0.001413665432514305, "alternate": 0.29235947492426795}, "english-1k": {"dsfb-red": 0.011644318983768526, "sft": 0.0, "roll-in": 0.23747353563867327, "dsfb-alt": 0.03493295695130558, "oneh-in": 0.009174311926605505, "roll-out": 0.2364149611856034, "redirect": 0.04022582921665491, "unknown": 0.0, "sfT": 0.0, "sfb": 0.017290049400141144, "sfR": 0.10832745236414962, "oneh-out": 0.011291460832745237, "dsfb": 0.0, "bad-redirect": 0.0017642907551164433, "alternate": 0.29146083274523643}, "english-10k": {"dsfb-red": 0.01495532699098821, "sft": 0.0, "roll-in": 0.2543949364157388, "dsfb-alt": 0.04179772679029737, "oneh-in": 0.018756874626116825, "roll-out": 0.1827444472318172, "redirect": 0.03463846703074043, "unknown": 0.0, "sfT": 9.64859805870207e-05, "sfb": 0.025356515698269043, "sfR": 0.10567144593890508, "oneh-out": 0.007159259759556937, "dsfb": 0.0, "bad-redirect": 0.0017367476505663728, "alternate": 0.31269176588641673}, "reddit": {"dsfb-red": 0.016137852270584112, "sft": 0.0, "roll-in": 0.2160468682137702, "dsfb-alt": 0.03777460263771359, "oneh-in": 0.009886472199014232, "roll-out": 0.23314434195471886, "redirect": 0.03185816675553438, "unknown": 0.039285409944231534, "sfT": 0.0001775481388628716, "sfb": 0.0192079367763813, "sfR": 0.10397777127267367, "oneh-out": 0.008378848772623576, "dsfb": 0.0, "bad-redirect": 0.0020558501268963516, "alternate": 0.2820683309369953}, "akl": {"dsfb-red": 0.014607356792328625, "sft": 0.0, "roll-in": 0.18806085176048953, "dsfb-alt": 0.03129929398273774, "oneh-in": 0.0076025786138457, "roll-out": 0.1969130914786865, "redirect": 0.023889854695332658, "unknown": 0.13277008071454782, "sfT": 0.00022990423852244785, "sfb": 0.023625433936529085, "sfR": 0.13064861186637447, "oneh-out": 0.006109695873383224, "dsfb": 0.0, "bad-redirect": 0.001499677331068997, "alternate": 0.2427435687161532}, "french": {"dsfb-red": 0.01582564544044305, "sft": 0.0, "roll-in": 0.17274868626881407, "dsfb-alt": 0.02897542968024727, "oneh-in": 0.013359949468057096, "roll-out": 0.18007947955131132, "redirect": 0.03127355379078489, "unknown": 0.15807953387545715, "sfT": 8.12015638102788e-05, "sfb": 0.050658269765767795, "sfR": 0.10898279115633469, "oneh-out": 0.01749063706267396, "dsfb": 0.0, "bad-redirect": 0.0018094165438418104, "alternate": 0.22063540583245664}, "keymash": {"dsfb-red": 0.016058256332790122, "sft": 0.0, "roll-in": 0.22277957251870795, "dsfb-alt": 0.036976680226424696, "oneh-in": 0.008989668039061954, "roll-out": 0.25255220370013093, "redirect": 0.03500223715483164, "unknown": 0.01232282349464109, "sfT": 3.283897000570577e-05, "sfb": 0.019223112067090015, "sfR": 0.099723742164827, "oneh-out": 0.009650552310426783, "dsfb": 0.0, "bad-redirect": 0.0026476419567100277, "alternate": 0.28404067106435205}, "movie": {"dsfb-red": 0.01999300162694408, "sft": 0.0, "roll-in": 0.2013498253499285, "dsfb-alt": 0.03915904243622341, "oneh-in": 0.0067435996404220655, "roll-out": 0.252899067484556, "redirect": 0.033633512389739106, "unknown": 0.030236445784519856, "sfT": 7.382638744588204e-05, "sfb": 0.016218380822826013, "sfR": 0.11567713207251198, "oneh-out": 0.011854201701849568, "dsfb": 0.0, "bad-redirect": 0.0017313011644171552, "alternate": 0.27043066313861636}, "dutch": {"dsfb-red": 0.013144150783061094, "sft": 0.0, "roll-in": 0.24689500505092543, "dsfb-alt": 0.02669378854694904, "oneh-in": 0.0044298744388961385, "roll-out": 0.14525148279599465, "redirect": 0.03379813059994394,