{"english-450k": {"alternate": 0.34768178232954317, "roll-in": 0.25736727043953084, "dsfb-alt": 0.04290268204251766, "sft": 0.0, "bad-redirect": 0.010572992707131669, "sfT": 0.00013681802209084833, "oneh-in": 0.011042500706016076, "dsfb-red": 0.006617548606941117, "sfb": 0.020780552662952312, "sfR": 0.11369548401129392, "dsfb": 0.0, "roll-out": 0.14898956382531495, "oneh-out": 0.003832951041951095, "unknown": 0.017344900108226563, "redirect": 0.019034953496489797}, "shai": {"alternate": 0.29108217172044004, "roll-in": 0.24480915478631782, "dsfb-alt": 0.03364791371031941, "sft": 0.0, "bad-redirect": 0.006918537648085712, "sfT": 1.1541559056400527e-05, "oneh-in": 0.01671126409718999, "dsfb-red": 0.005424664350407616, "sfb": 0.010446461718715409, "sfR": 0.09823378925716947, "dsfb": 0.0, "roll-out": 0.1937889072845119, "oneh-out": 0.0042122897555233055, "unknown": 0.07104062597824583, "redirect": 0.023672678134017085}, "tr-quotes": {"alternate": 0.28048473220683756, "roll-in": 0.23138854857724048, "dsfb-alt": 0.02851644668408035, "sft": 0.0, "bad-redirect": 0.005648274427313285, "sfT": 9.246203277779062e-06, "oneh-in": 0.02539238575160075, "dsfb-red": 0.003462703127528259, "sfb": 0.008521532095883128, "sfR": 0.09677191928064538, "dsfb": 0.0, "roll-out": 0.19750699244122882, "oneh-out": 0.004105314255333904, "unknown": 0.09497353274311736, "redirect": 0.023218372205912947}, "gutenberg": {"alternate": 0.26609559055589466, "roll-in": 0.23944486688845926, "dsfb-alt": 0.033596612567311626, "sft": 0.0, "bad-redirect": 0.004994121776780582, "sfT": 2.841551669070619e-06, "oneh-in": 0.016412234130218084, "dsfb-red": 0.0037197805715913786, "sfb": 0.009499875540036895, "sfR": 0.09863878308844841, "dsfb": 0.0, "roll-out": 0.20337193675994156, "oneh-out": 0.004817756136520266, "unknown": 0.09886705440586376, "redirect": 0.020538546027264497}, "english-200": {"alternate": 0.3028953229398664, "roll-in": 0.26057906458797325, "dsfb-alt": 0.035634743875278395, "sft": 0.0, "bad-redirect": 0.0022271714922048997, "sfT": 0.0, "oneh-in": 0.017817371937639197, "dsfb-red": 0.0022271714922048997, "sfb": 0.0, "sfR": 0.10690423162583519, "dsfb": 0.0, "roll-out": 0.23385300668151449, "oneh-out": 0.004454342984409799, "unknown": 0.0, "redirect": 0.0334075723830735}, "monkeyracer": {"alternate": 0.2797656286657178, "roll-in": 0.23170269171215416, "dsfb-alt": 0.028341375103617623, "sft": 0.0, "bad-redirect": 0.005612947119821074, "sfT": 1.0752772260193629e-05, "oneh-in": 0.025822293820479535, "dsfb-red": 0.003469235341038835, "sfb": 0.008453634046014045, "sfR": 0.09690789370786869, "dsfb": 0.0, "roll-out": 0.19757534760780143, "oneh-out": 0.0041241769241597195, "unknown": 0.0948687770774356, "redirect": 0.023345246101631294}, "chained-bigrams": {"alternate": 0.30709839368512226, "roll-in": 0.21431924623516907, "dsfb-alt": 0.04314694609277655, "sft": 0.0, "bad-redirect": 0.011785529465771579, "sfT": 2.9218711143172335e-05, "oneh-in": 0.010993377741445574, "dsfb-red": 0.011281019720032802, "sfb": 0.01178812668453986, "sfR": 0.11914286586209158, "dsfb": 0.0, "roll-out": 0.16404942767037917, "oneh-out": 0.0060300926752587, "unknown": 0.06567846821231484, "redirect": 0.03465728724395481}, "english-5k": {"alternate": 0.333886423030655, "roll-in": 0.27394532708341973, "dsfb-alt": 0.038868378479279875, "sft": 0.0, "bad-redirect": 0.008088936823329323, "sfT": 0.0, "oneh-in": 0.014850458373086656, "dsfb-red": 0.007010411913552081, "sfb": 0.010453395279379434, "sfR": 0.10644211224955408, "dsfb": 0.0, "roll-out": 0.16878914838013856, "oneh-out": 0.004023727548015099, "unknown": 0.011780810552951425, "redirect": 0.021860870286638735}, "mt-quotes": {"alternate": 0.28024109202615316, "roll-in": 0.23218704055653172, "dsfb-alt": 0.0277907268619787, "sft": 0.0, "bad-redirect": 0.005577568998697123, "sfT": 7.470625500531909e-06, "oneh-in": 0.027082511564528275, "dsfb-red": 0.00317949821302638, "sfb": 0.008054828414673504, "sfR": 0.0964592223377679, "dsfb": 0.0, "roll-out": 0.20149771100034664, "oneh-out": 0.004116314650793082, "unknown": 0.09001804903120929, "redirect": 0.023787965718793703}, "wordle": {"alternate": 0.3174464265679345, "roll-in": 0.2142937282620891, "dsfb-alt": 0.04938853360260294, "sft": 0.0, "bad-redirect": 0.009761023224503534, "sfT": 0.0003590261415909346, "oneh-in": 0.005452709525412319, "dsfb-red": 0.008033209918097162, "sfb": 0.030427465499831708, "sfR": 0.13138112868843263, "dsfb": 0.0, "roll-out": 0.18202625378660384, "oneh-out": 0.007202961965668125, "unknown": 0.021878155503197577, "redirect": 0.02234937731403568}, "english-1k": {"alternate": 0.31439661256175017, "roll-in": 0.26852505292872264, "dsfb-alt": 0.03458009880028229, "sft": 0.0, "bad-redirect": 0.0038814396612561752, "sfT": 0.0, "oneh-in": 0.017642907551164433, "dsfb-red": 0.005998588567395907, "sfb": 0.008821453775582216, "sfR": 0.10832745236414962, "dsfb": 0.0, "roll-out": 0.20395201129146084, "oneh-out": 0.004234297812279464, "unknown": 0.007057163020465773, "redirect": 0.022582921665490474}, "english-10k": {"alternate": 0.329750487254202, "roll-in": 0.2786901063275506, "dsfb-alt": 0.03890314737268675, "sft": 0.0, "bad-redirect": 0.008336388722718588, "sfT": 1.929719611740414e-05, "oneh-in": 0.012890527006425966, "dsfb-red": 0.006561046679917408, "sfb": 0.013623820458887324, "sfR": 0.10567144593890508, "dsfb": 0.0, "roll-out": 0.16738387912236352, "oneh-out": 0.004862893421585844, "unknown": 0.01034329711892862, "redirect": 0.022963663379710928}, "reddit": {"alternate": 0.2762229143103613, "roll-in": 0.22512819331471326, "dsfb-alt": 0.030290798754990498, "sft": 0.0, "bad-redirect": 0.005712367894726689, "sfT": 1.539499685076798e-05, "oneh-in": 0.020109911287735302, "dsfb-red": 0.004129942014051399, "sfb": 0.010459083675553624, "sfR": 0.10397777127267367, "dsfb": 0.0, "roll-out": 0.19007678207857553, "oneh-out": 0.0032500673765221053, "unknown": 0.1081551718293283, "redirect": 0.02247160119391759}, "akl": {"alternate": 0.24502086841143683, "roll-in": 0.18979791973354926, "dsfb-alt": 0.025709149568532378, "sft": 0.0, "bad-redirect": 0.005682773214873887, "sfT": 4.089108165015058e-05, "oneh-in": 0.018921427675425026, "dsfb-red": 0.005629305963701123, "sfb": 0.015404349916672376, "sfR": 0.13064861186637447, "dsfb": 0.0, "roll-out": 0.16144772515006348, "oneh-out": 0.0031548643104195935, "unknown": 0.17736683325108585, "redirect": 0.02117527985621559}, "french": {"alternate": 0.23267860152868985, "roll-in": 0.2127661353162935, "dsfb-alt": 0.02587146244900351, "sft": 0.0, "bad-redirect": 0.007256588237192405, "sfT": 2.4225632598011225e-05, "oneh-in": 0.011563941669530819, "dsfb-red": 0.010095077293026914, "sfb": 0.024533524357764923, "sfR": 0.10898279115633469, "dsfb": 0.0, "roll-out": 0.11537843307140136, "oneh-out": 0.0018202334311242868, "unknown": 0.2340286898908233, "redirect": 0.015000295966216434}, "keymash": {"alternate": 0.279476054233559, "roll-in": 0.2347493770857877, "dsfb-alt": 0.029850623735186547, "sft": 0.0, "bad-redirect": 0.005668827197234959, "sfT": 4.104871250713221e-06, "oneh-in": 0.0251177071831142, "dsfb-red": 0.0035753428593712157, "sfb": 0.008718746536514882, "sfR": 0.099723742164827, "dsfb": 0.0, "roll-out": 0.1962538944965991, "oneh-out": 0.004104871250713221, "unknown": 0.09004035088439451, "redirect": 0.022716357501446967}, "movie": {"alternate": 0.25552641833189477, "roll-in": 0.1967027108759955, "dsfb-alt": 0.0268699098778522, "sft": 0.0, "bad-redirect": 0.005020852335512901, "sfT": 5.527109220547318e-06, "oneh-in": 0.03380393159070598, "dsfb-red": 0.0025362851430382966, "sfb": 0.007441068184919704, "sfR": 0.11567713207251198, "dsfb": 0.0, "roll-out": 0.17610396439804715, "oneh-out": 0.002712626246741473, "unknown": 0.1580345283776921, "redirect": 0.019565045455867413}, "dutch": {"alternate": 0.23867644344417707, "roll-in": 0.22804242454605236, "dsfb-alt": 0.02449726625318016, "sft": 0.0, "bad-redirect": 0.0026386956796002324, "sfT": 3.23471527996658e-05, "oneh-in": 0.007173501126358702,