{"english-450k": {"dsfb-red": 0.022069214717175514, "dsfb-alt": 0.04591180148991318, "dsfb": 0.0, "bad-redirect": 0.0006972456895014387, "sfT": 0.002175348082004279, "unknown": 0.00015377410175167997, "sfb": 0.040484101921240766, "roll-out": 0.1648493452322135, "roll-in": 0.28551085452209873, "oneh-out": 0.007310993795828921, "redirect": 0.057000200549493917, "oneh-in": 0.009396591594111213, "sfR": 0.11369548401129392, "sft": 0.0, "alternate": 0.2507450442933729}, "shai": {"dsfb-red": 0.016936990209104254, "dsfb-alt": 0.03603200038518308, "dsfb": 0.0, "bad-redirect": 0.001432542799754647, "sfT": 0.00025619009961813, "unknown": 0.023260762136131256, "sfb": 0.022806879295573214, "roll-out": 0.1269815680295563, "roll-in": 0.36747822430598154, "oneh-out": 0.004691821795231842, "redirect": 0.047195184406401594, "oneh-in": 0.01494655894338459, "sfR": 0.09823378925716947, "sft": 0.0, "alternate": 0.23974748833691012}, "tr-quotes": {"dsfb-red": 0.014692217008390929, "dsfb-alt": 0.037402048034026025, "dsfb": 0.0, "bad-redirect": 0.0028455190587365065, "sfT": 0.00019763759506252746, "unknown": 0.013835787429786644, "sfb": 0.019872402394766647, "roll-out": 0.11518226578211321, "roll-in": 0.4002126626753889, "oneh-out": 0.003727375696354684, "redirect": 0.04690483345276346, "oneh-in": 0.016789949377037053, "sfR": 0.09677191928064538, "sft": 0.0, "alternate": 0.231565382214928}, "gutenberg": {"dsfb-red": 0.013629786735864133, "dsfb-alt": 0.033337084181536504, "dsfb": 0.0, "bad-redirect": 0.0009337338784566055, "sfT": 8.865641207500332e-05, "unknown": 0.032975828246008664, "sfb": 0.025373730347355065, "roll-out": 0.1064231191674784, "roll-in": 0.39839653133682124, "oneh-out": 0.004639306691702631, "redirect": 0.04266930817309823, "oneh-in": 0.016307665028796284, "sfR": 0.09863878308844841, "sft": 0.0, "alternate": 0.22658646671235882}, "english-200": {"dsfb-red": 0.013363028953229399, "dsfb-alt": 0.028953229398663696, "dsfb": 0.0, "bad-redirect": 0.0, "sfT": 0.0, "unknown": 0.0, "sfb": 0.0066815144766146995, "roll-out": 0.0935412026726058, "roll-in": 0.43875278396436523, "oneh-out": 0.0, "redirect": 0.035634743875278395, "oneh-in": 0.017817371937639197, "sfR": 0.10690423162583519, "sft": 0.0, "alternate": 0.2583518930957684}, "monkeyracer": {"dsfb-red": 0.014781151758762531, "dsfb-alt": 0.03736197350516915, "dsfb": 0.0, "bad-redirect": 0.002828956629181851, "sfT": 0.00018670722742699844, "unknown": 0.013436077701487402, "sfb": 0.01967757323615434, "roll-out": 0.11495104556047359, "roll-in": 0.40120352847334095, "oneh-out": 0.003677448112986221, "redirect": 0.04673545834180522, "oneh-in": 0.01696298700283091, "sfR": 0.09690789370786869, "sft": 0.0, "alternate": 0.23128919874251216}, "chained-bigrams": {"dsfb-red": 0.025493000820071825, "dsfb-alt": 0.049830239288258166, "dsfb": 0.0, "bad-redirect": 0.0027179894410070977, "sfT": 9.414918035022196e-05, "unknown": 0.022916559801936097, "sfb": 0.022917858411320238, "roll-out": 0.0988118373439802, "roll-in": 0.3405914776161947, "oneh-out": 0.0032543151166573277, "redirect": 0.053081957186147215, "oneh-in": 0.018462978919024563, "sfR": 0.11914286586209158, "sft": 0.0, "alternate": 0.24268477101296076}, "english-5k": {"dsfb-red": 0.020035674285477246, "dsfb-alt": 0.04040320238934749, "dsfb": 0.0, "bad-redirect": 0.00012444518189737422, "sfT": 0.00041481727299124733, "unknown": 0.002157049819554486, "sfb": 0.028497946654498695, "roll-out": 0.1472601319118928, "roll-in": 0.3284937984817688, "oneh-out": 0.0053926245488862155, "redirect": 0.05508773385323765, "oneh-in": 0.01252748164433567, "sfR": 0.10644211224955408, "sft": 0.0, "alternate": 0.25316298170655827}, "mt-quotes": {"dsfb-red": 0.014058223066900945, "dsfb-alt": 0.03758172864297582, "dsfb": 0.0, "bad-redirect": 0.0029030850695066996, "sfT": 0.0001389536343098935, "unknown": 0.007977133909467972, "sfb": 0.018356820979907006, "roll-out": 0.1124971611623098, "roll-in": 0.41068717801604093, "oneh-out": 0.0033677579756397845, "redirect": 0.04636120773120092, "oneh-in": 0.01754551105054924, "sfR": 0.0964592223377679, "sft": 0.0, "alternate": 0.2320660164234231}, "wordle": {"dsfb-red": 0.021070346684617974, "dsfb-alt": 0.050196342421182545, "dsfb": 0.0, "bad-redirect": 0.0019522046449007068, "sfT": 0.0007404914170313026, "unknown": 0.0, "sfb": 0.04499046336811399, "roll-out": 0.16683496017053742, "roll-in": 0.2768764725681589, "oneh-out": 0.007427353304162459, "redirect": 0.04658364187142376, "oneh-in": 0.012184449680242343, "sfR": 0.13138112868843263, "sft": 0.0, "alternate": 0.239762145181196}, "english-1k": {"dsfb-red": 0.01587861679604799, "dsfb-alt": 0.03669724770642202, "dsfb": 0.0, "bad-redirect": 0.0, "sfT": 0.0, "unknown": 0.0, "sfb": 0.025405786873676783, "roll-out": 0.12561750176429076, "roll-in": 0.3884968242766408, "oneh-out": 0.004940014114326041, "redirect": 0.051164431898376855, "oneh-in": 0.02081863091037403, "sfR": 0.10832745236414962, "sft": 0.0, "alternate": 0.22265349329569514}, "english-10k": {"dsfb-red": 0.019586654059165202, "dsfb-alt": 0.03880666139209973, "dsfb": 0.0, "bad-redirect": 0.0007718878446961656, "sfT": 0.0004245383145828911, "unknown": 0.0, "sfb": 0.02773007082070975, "roll-out": 0.1627139576619517, "roll-in": 0.32490689102873355, "oneh-out": 0.00685050462167847, "redirect": 0.05387777155979236, "oneh-in": 0.01067134945292449, "sfR": 0.10567144593890508, "sft": 0.0, "alternate": 0.24798826730476062}, "reddit": {"dsfb-red": 0.014740353639184349, "dsfb-alt": 0.03786734719295082, "dsfb": 0.0, "bad-redirect": 0.0031158574648036098, "sfT": 0.00032891354585545894, "unknown": 0.039285409944231534, "sfb": 0.02101023767290576, "roll-out": 0.11535197701163634, "roll-in": 0.37085041625486925, "oneh-out": 0.003969099881503473, "redirect": 0.043917281295996535, "oneh-in": 0.014194336926061127, "sfR": 0.10397777127267367, "sft": 0.0, "alternate": 0.23139099789732812}, "akl": {"dsfb-red": 0.013569785745309638, "dsfb-alt": 0.03349886356148275, "dsfb": 0.0, "bad-redirect": 0.0037937287806479583, "sfT": 0.00030874619716029107, "unknown": 0.13277008071454782, "sfb": 0.025555814189244866, "roll-out": 0.10774384927097626, "roll-in": 0.3101580636731216, "oneh-out": 0.0031144673808135535, "redirect": 0.0343856441122414, "oneh-in": 0.010789636929939098, "sfR": 0.13064861186637447, "sft": 0.0, "alternate": 0.19366270757814033}, "french": {"dsfb-red": 0.020590619124918913, "dsfb-alt": 0.030464189938068525, "dsfb": 0.0, "bad-redirect": 0.0026666773337355658, "sfT": 0.000312176565519332, "unknown": 0.15807953387545715, "sfb": 0.023983615981444575, "roll-out": 0.11700232951106186, "roll-in": 0.26475151130417907, "oneh-out": 0.011730359929826868, "redirect": 0.051185076147365734, "oneh-in": 0.024739105143485336, "sfR": 0.10898279115633469, "sft": 0.0, "alternate": 0.1855120139886024}, "keymash": {"dsfb-red": 0.014108442488701342, "dsfb-alt": 0.038470853361684314, "dsfb": 0.0, "bad-redirect": 0.002467027621678646, "sfT": 0.00018061433503138174, "unknown": 0.01232282349464109, "sfb": 0.020865060567375304, "roll-out": 0.11406205744356829, "roll-in": 0.40176837853480724, "oneh-out": 0.003743642580650458, "redirect": 0.0467585884168743, "oneh-in": 0.017191200797986972, "sfR": 0.099723742164827, "sft": 0.0, "alternate": 0.22833756819217366}, "movie": {"dsfb-red": 0.014853711236705164, "dsfb-alt": 0.040965485966472294, "dsfb": 0.0, "bad-redirect": 0.005633835067639315, "sfT": 0.00010514667302898351, "unknown": 0.030236445784519856, "sfb": 0.019989711680979468, "roll-out": 0.1054531643950467, "roll-in": 0.3871655786376702, "oneh-out": 0.002831327497144656, "redirect": 0.04290865965101043, "oneh-in": 0.015528808148643443, "sfR": 0.11567713207251198, "sft": 0.0, "alternate": 0.21865099318862746}, "dutch": {"dsfb-red": 0.01713513317147086, "dsfb-alt": 0.028886222619632376, "dsfb": 0.0, "bad-redirect": 0.0011854227376600363, "sfT": 0.00016499916854907133, "unknown": 0.07290361491625476, "sfb": 0.030939459936670587, "roll-out": 0.14498205468182182,