{"english-450k": {"sfR": 0.11369548401129392, "dsfb": 0.0, "unknown": 0.0001543587941537776, "oneh-in": 0.014853818129089558, "alternate": 0.2162552088784372, "oneh-out": 0.008568374806539901, "sfT": 6.957839584961946e-05, "roll-in": 0.25648409256616234, "dsfb-alt": 0.05104598547273258, "dsfb-red": 0.039747097148396686, "roll-out": 0.20266578806888377, "sft": 0.0, "redirect": 0.06132721667121752, "sfb": 0.03427232984135541, "bad-redirect": 0.0008606672158877297}, "shai": {"sfR": 0.09823378925716947, "dsfb": 0.0, "unknown": 0.031793109309943265, "oneh-in": 0.018029850450500103, "alternate": 0.19422446760978723, "oneh-out": 0.011615193583914952, "sfT": 5.970492622536369e-05, "roll-in": 0.26618187345125593, "dsfb-alt": 0.04681473870250892, "dsfb-red": 0.03789132929345223, "roll-out": 0.2199809970668494, "sft": 0.0, "redirect": 0.050835094885394096, "sfb": 0.02408030958935582, "bad-redirect": 0.0002595418736432282}, "tr-quotes": {"sfR": 0.09677191928064538, "dsfb": 0.0, "unknown": 0.039616513719054114, "oneh-in": 0.01586070594762026, "alternate": 0.18285985067381708, "oneh-out": 0.013468250849494927, "sfT": 3.1205936062504334e-05, "roll-in": 0.25816208594345946, "dsfb-alt": 0.0466228242527912, "dsfb-red": 0.03984998035181803, "roll-out": 0.23318924666558793, "sft": 0.0, "redirect": 0.050815977439264005, "sfb": 0.022125008668315575, "bad-redirect": 0.0006264302720695315}, "gutenberg": {"sfR": 0.09863878308844841, "dsfb": 0.0, "unknown": 0.04011588984327138, "oneh-in": 0.013887041880303992, "alternate": 0.18093125604540117, "oneh-out": 0.014513319868167158, "sfT": 0.0001229444688817888, "roll-in": 0.24041724586961521, "dsfb-alt": 0.04282445689422949, "dsfb-red": 0.04560065287491149, "roll-out": 0.2469247780653428, "sft": 0.0, "redirect": 0.05248554313229166, "sfb": 0.022919008578833926, "bad-redirect": 0.000619079390301519}, "english-200": {"sfR": 0.10690423162583519, "dsfb": 0.0, "unknown": 0.0, "oneh-in": 0.015590200445434299, "alternate": 0.2071269487750557, "oneh-out": 0.013363028953229399, "sfT": 0.0, "roll-in": 0.26057906458797325, "dsfb-alt": 0.0400890868596882, "dsfb-red": 0.05790645879732739, "roll-out": 0.22494432071269488, "sft": 0.0, "redirect": 0.0467706013363029, "sfb": 0.026726057906458798, "bad-redirect": 0.0}, "monkeyracer": {"sfR": 0.09690789370786869, "dsfb": 0.0, "unknown": 0.03912933825484461, "oneh-in": 0.01583394591551058, "alternate": 0.18280103852229537, "oneh-out": 0.01351623473106339, "sfT": 3.03032672787275e-05, "roll-in": 0.2586422963229429, "dsfb-alt": 0.046414830223501256, "dsfb-red": 0.0399455714218684, "roll-out": 0.2331142374524923, "sft": 0.0, "redirect": 0.050886028434239956, "sfb": 0.02213995808373868, "bad-redirect": 0.0006383236623551308}, "chained-bigrams": {"sfR": 0.11914286586209158, "dsfb": 0.0, "unknown": 0.033665798979163164, "oneh-in": 0.011560220737623117, "alternate": 0.21658012517295855, "oneh-out": 0.009649966333551717, "sfT": 0.00014609355571586167, "roll-in": 0.22060516495910354, "dsfb-alt": 0.05297157538849523, "dsfb-red": 0.05684662579077195, "roll-out": 0.19005602850187878, "sft": 0.0, "redirect": 0.06286503098157338, "sfb": 0.02440931128900617, "bad-redirect": 0.0015011924480669875}, "english-5k": {"sfR": 0.10644211224955408, "dsfb": 0.0, "unknown": 0.0022400132741527356, "oneh-in": 0.024017920106193223, "alternate": 0.21529016468245737, "oneh-out": 0.010411913552080309, "sfT": 0.0, "roll-in": 0.28518687518148256, "dsfb-alt": 0.048035840212386445, "dsfb-red": 0.038329116024391256, "roll-out": 0.19347077612311778, "sft": 0.0, "redirect": 0.05010992657734268, "sfb": 0.026092006471149457, "bad-redirect": 0.0003733355456921226}, "mt-quotes": {"sfR": 0.0964592223377679, "dsfb": 0.0, "unknown": 0.03468910244916987, "oneh-in": 0.01565843104911488, "alternate": 0.18225188558587632, "oneh-out": 0.013817668925783818, "sfT": 1.942362630138296e-05, "roll-in": 0.26026314531263073, "dsfb-alt": 0.04668991525322432, "dsfb-red": 0.04045493121048039, "roll-out": 0.23687411099556543, "sft": 0.0, "redirect": 0.050511887259296444, "sfb": 0.021667802201742747, "bad-redirect": 0.0006424737930457442}, "wordle": {"sfR": 0.13138112868843263, "dsfb": 0.0, "unknown": 0.0, "oneh-in": 0.0077639403119039605, "alternate": 0.2028946482665769, "oneh-out": 0.012004936609446876, "sfT": 0.0, "roll-in": 0.2300235610905419, "dsfb-alt": 0.05205879053068552, "dsfb-red": 0.0390216537641647, "roll-out": 0.22905867833501628, "sft": 0.0, "redirect": 0.05665881296981937, "sfb": 0.03832604061483227, "bad-redirect": 0.0008078088185796028}, "english-1k": {"sfR": 0.10832745236414962, "dsfb": 0.0, "unknown": 0.0, "oneh-in": 0.015525758645024701, "alternate": 0.18207480592801695, "oneh-out": 0.0187014820042343, "sfT": 0.0, "roll-in": 0.2794636556104446, "dsfb-alt": 0.04410726887791108, "dsfb-red": 0.045871559633027525, "roll-out": 0.22477064220183487, "sft": 0.0, "redirect": 0.05786873676781934, "sfb": 0.02328863796753705, "bad-redirect": 0.0}, "english-10k": {"sfR": 0.10567144593890508, "dsfb": 0.0, "unknown": 0.0, "oneh-in": 0.02186372320101889, "alternate": 0.20715540032033344, "oneh-out": 0.00941703170529322, "sfT": 3.859439223480828e-05, "roll-in": 0.2941471604175913, "dsfb-alt": 0.04899558094208911, "dsfb-red": 0.03816985392022539, "roll-out": 0.19631037610235233, "sft": 0.0, "redirect": 0.0512533528878254, "sfb": 0.026726616622604737, "bad-redirect": 0.00025086354952625386}, "reddit": {"sfR": 0.10397777127267367, "dsfb": 0.0, "unknown": 0.06027826737738363, "oneh-in": 0.01487770997361687, "alternate": 0.18347214114252977, "oneh-out": 0.011614457587626468, "sfT": 0.00015945620825722455, "roll-in": 0.24982596349363045, "dsfb-alt": 0.05014858419405787, "dsfb-red": 0.03583839148877673, "roll-out": 0.21793543353303754, "sft": 0.0, "redirect": 0.04920690482464593, "sfb": 0.02229191798249877, "bad-redirect": 0.0003730009212650792}, "akl": {"sfR": 0.13064861186637447, "dsfb": 0.0, "unknown": 0.15113620503040356, "oneh-in": 0.010283180499930164, "alternate": 0.15396495369931237, "oneh-out": 0.008055370131864225, "sfT": 0.0002637289459418171, "roll-in": 0.2208040827237206, "dsfb-alt": 0.045083121685953874, "dsfb-red": 0.031325731117097654, "roll-out": 0.183864092572665, "sft": 0.0, "redirect": 0.039208913969191544, "sfb": 0.025061044455079146, "bad-redirect": 0.00030096330246554936}, "french": {"sfR": 0.10898279115633469, "dsfb": 0.0, "unknown": 0.1845785256052277, "oneh-in": 0.02320463529688453, "alternate": 0.14268070602752167, "oneh-out": 0.01441915045695431, "sfT": 5.147759654098118e-05, "roll-in": 0.22134019645355016, "dsfb-alt": 0.030491666629586616, "dsfb-red": 0.03222437616112056, "roll-out": 0.14455969822862086, "sft": 0.0, "redirect": 0.05137915088123997, "sfb": 0.044629308344106396, "bad-redirect": 0.0014583171623115737}, "keymash": {"sfR": 0.099723742164827, "dsfb": 0.0, "unknown": 0.03457533054475746, "oneh-in": 0.015783229958992336, "alternate": 0.18363962514315738, "oneh-out": 0.013656906651122888, "sfT": 3.283897000570577e-05, "roll-in": 0.260195473968959, "dsfb-alt": 0.04677911277312787, "dsfb-red": 0.03934519093808623, "roll-out": 0.23126023652268146, "sft": 0.0, "redirect": 0.05142172215768452, "sfb": 0.022938020548985482, "bad-redirect": 0.000648569657612689}, "movie": {"sfR": 0.11567713207251198, "dsfb": 0.0, "unknown": 0.08496732886260383, "oneh-in": 0.013399291924669713, "alternate": 0.1607257041767443, "oneh-out": 0.013126226409606957, "sfT": 2.184524120502035e-05, "roll-in": 0.23789007079832117, "dsfb-alt": 0.050308274516776025, "dsfb-red": 0.04110405849050173, "roll-out": 0.21521036769883678, "sft": 0.0, "redirect": 0.046547208290032165, "sfb": 0.01993404579525824, "bad-redirect": 0.0010884457229320683}, "dutch": {"sfR": 0.18880787437283908, "dsfb": 0.0, "unknown": 0.07489956334571263, "oneh-in": 0.007610546305038887, "alternate": 0.14489392482815755, "oneh-out": 0.007403015292564756, "sfT": 0.00020312003709235818, "roll-in": 0.28665706125973367, "dsfb-alt": 0.03861692396579393, "dsfb-red": 0.03699985321851839,