{"english-450k": {"roll-out": 0.23010072496010936, "dsfb-alt": 0.04648684646737621, "dsfb": 0.0, "dsfb-red": 0.008732673371529338, "sfb": 0.0247511987655974, "unknown": 0.00015377410175167997, "oneh-in": 0.005461611727994078, "alternate": 0.3770856708848326, "sfR": 0.11369548401129392, "sfT": 0.0002753901213879896, "redirect": 0.018181010243226194, "bad-redirect": 0.0036671907459564137, "oneh-out": 0.008487979601251475, "roll-in": 0.1629204449976934, "sft": 0.0}, "shai": {"roll-out": 0.3110465066773841, "dsfb-alt": 0.03879223273975712, "dsfb": 0.0, "dsfb-red": 0.00624712235105351, "sfb": 0.014721486930558364, "unknown": 0.02403961224077163, "oneh-in": 0.00411487156590238, "alternate": 0.33694856350551283, "sfR": 0.09823378925716947, "sfT": 5.115906358400474e-05, "redirect": 0.013823416623498707, "bad-redirect": 0.0036328972982379113, "oneh-out": 0.010298824974850084, "roll-in": 0.1380495167717199, "sft": 0.0}, "tr-quotes": {"roll-out": 0.3296028755692194, "dsfb-alt": 0.03841335151753311, "dsfb": 0.0, "dsfb-red": 0.006858371281292619, "sfb": 0.01251935923811285, "unknown": 0.013892420424863041, "oneh-in": 0.004101846929104736, "alternate": 0.3292249370102402, "sfR": 0.09677191928064538, "sfT": 3.236171147222672e-05, "redirect": 0.014121263955988072, "bad-redirect": 0.0038753149487991494, "oneh-out": 0.010861977300570954, "roll-in": 0.1397240008321583, "sft": 0.0}, "gutenberg": {"roll-out": 0.34716828009970435, "dsfb-alt": 0.03382052683883439, "dsfb": 0.0, "dsfb-red": 0.006475517380256065, "sfb": 0.012833773394968483, "unknown": 0.03298056416545711, "oneh-in": 0.004023637163403997, "alternate": 0.307351889802353, "sfR": 0.09863878308844841, "sfT": 0.00016992478981042304, "redirect": 0.016262010765313216, "bad-redirect": 0.004039928726306668, "oneh-out": 0.011297630562668906, "roll-in": 0.12493753322247493, "sft": 0.0}, "english-200": {"roll-out": 0.3429844097995546, "dsfb-alt": 0.031180400890868598, "dsfb": 0.0, "dsfb-red": 0.004454342984409799, "sfb": 0.008908685968819599, "unknown": 0.0, "oneh-in": 0.0, "alternate": 0.33853006681514475, "sfR": 0.10690423162583519, "sfT": 0.0, "redirect": 0.017817371937639197, "bad-redirect": 0.004454342984409799, "oneh-out": 0.004454342984409799, "roll-in": 0.1403118040089087, "sft": 0.0}, "monkeyracer": {"roll-out": 0.3302674898728436, "dsfb-alt": 0.03837762172138198, "dsfb": 0.0, "dsfb-red": 0.006900347216791529, "sfb": 0.012518181960367237, "unknown": 0.01348984156278837, "oneh-in": 0.004079210785617092, "alternate": 0.3284893723509079, "sfR": 0.09690789370786869, "sfT": 2.9325742527800803e-05, "redirect": 0.014089064235106433, "bad-redirect": 0.003914986627461407, "oneh-out": 0.010888648200572438, "roll-in": 0.14004801601576553, "sft": 0.0}, "chained-bigrams": {"roll-out": 0.2870926668177382, "dsfb-alt": 0.049806864319343634, "dsfb": 0.0, "dsfb-red": 0.011196610110063638, "sfb": 0.015567729297082219, "unknown": 0.02315875045207839, "oneh-in": 0.004949000362961323, "alternate": 0.3271313913495733, "sfR": 0.11914286586209158, "sfT": 5.7138812902203675e-05, "redirect": 0.020903715256517557, "bad-redirect": 0.004942507316040618, "oneh-out": 0.012750396238188336, "roll-in": 0.12330036380541896, "sft": 0.0}, "english-5k": {"roll-out": 0.2556104036172066, "dsfb-alt": 0.04388766748247397, "dsfb": 0.0, "dsfb-red": 0.007176338822748579, "sfb": 0.016426764010453395, "unknown": 0.002157049819554486, "oneh-in": 0.007051893640851205, "alternate": 0.369809598871697, "sfR": 0.10644211224955408, "sfT": 0.0, "redirect": 0.015265275646077903, "bad-redirect": 0.004604471730202846, "oneh-out": 0.00551706973078359, "roll-in": 0.16605135437839633, "sft": 0.0}, "mt-quotes": {"roll-out": 0.3385523123080049, "dsfb-alt": 0.03848716845364029, "dsfb": 0.0, "dsfb-red": 0.006944693465294462, "sfb": 0.011805082415940521, "unknown": 0.007995063410669249, "oneh-in": 0.003972878641182869, "alternate": 0.32736280943330825, "sfR": 0.0964592223377679, "sfT": 1.1953000800851053e-05, "redirect": 0.013947657809493074, "bad-redirect": 0.003907137136778188, "oneh-out": 0.011201455875497543, "roll-in": 0.1393525657116219, "sft": 0.0}, "wordle": {"roll-out": 0.239762145181196, "dsfb-alt": 0.054751486592617526, "dsfb": 0.0, "dsfb-red": 0.011286884326265007, "sfb": 0.03314260069561315, "unknown": 0.0, "oneh-in": 0.003545383148210479, "alternate": 0.3430943565578369, "sfR": 0.13138112868843263, "sfT": 0.0008302479524290362, "redirect": 0.023852799281947716, "bad-redirect": 0.003163917872770111, "oneh-out": 0.015550319757657355, "roll-in": 0.13963872994502413, "sft": 0.0}, "english-1k": {"roll-out": 0.29428369795342274, "dsfb-alt": 0.03599153140437544, "dsfb": 0.0, "dsfb-red": 0.008821453775582216, "sfb": 0.015172900494001412, "unknown": 0.0, "oneh-in": 0.0056457304163726185, "alternate": 0.35991531404375443, "sfR": 0.10832745236414962, "sfT": 0.0, "redirect": 0.013408609738884969, "bad-redirect": 0.004234297812279464, "oneh-out": 0.007057163020465773, "roll-in": 0.14714184897671137, "sft": 0.0}, "english-10k": {"roll-out": 0.26311726906080546, "dsfb-alt": 0.0433607996758071, "dsfb": 0.0, "dsfb-red": 0.006406669110978175, "sfb": 0.017078018563902665, "unknown": 0.0, "oneh-in": 0.0053646205206383515, "alternate": 0.3671484533297312, "sfR": 0.10567144593890508, "sfT": 7.718878446961657e-05, "redirect": 0.015495648482275526, "bad-redirect": 0.00405241118465487, "oneh-out": 0.011385345709268442, "roll-in": 0.1608421296385635, "sft": 0.0}, "reddit": {"roll-out": 0.3114762210039823, "dsfb-alt": 0.037853675237110106, "dsfb": 0.0, "dsfb-red": 0.006946439832063433, "sfb": 0.01344870965766359, "unknown": 0.045076887895768004, "oneh-in": 0.004334983894248733, "alternate": 0.31557507336502605, "sfR": 0.10397777127267367, "sfT": 5.337681389864811e-05, "redirect": 0.014876885910525103, "bad-redirect": 0.0031639902408455486, "oneh-out": 0.00956343946704094, "roll-in": 0.1336525454091539, "sft": 0.0}, "akl": {"roll-out": 0.253266412957477, "dsfb-alt": 0.03428271224145316, "dsfb": 0.0, "dsfb-red": 0.005792474968666437, "sfb": 0.02034043468529297, "unknown": 0.1390258726397723, "oneh-in": 0.003788589599389208, "alternate": 0.26787782179656733, "sfR": 0.13064861186637447, "sfT": 0.00017777119786878154, "redirect": 0.01543516029662267, "bad-redirect": 0.002948135802765932, "oneh-out": 0.007394688848888379, "roll-in": 0.11902131309886131, "sft": 0.0}, "french": {"roll-out": 0.20478605912375752, "dsfb-alt": 0.033955722345365445, "dsfb": 0.0, "dsfb-red": 0.0072403629062686905, "sfb": 0.05055200358641239, "unknown": 0.1583924745147319, "oneh-in": 0.004080977855000166, "alternate": 0.26616880819311195, "sfR": 0.10898279115633469, "sfT": 7.095398638477499e-05, "redirect": 0.009588766066279982, "bad-redirect": 0.006934553622044445, "oneh-out": 0.007948659277534105, "roll-in": 0.14129786736677397, "sft": 0.0}, "keymash": {"roll-out": 0.3284759023533227, "dsfb-alt": 0.03772787166530522, "dsfb": 0.0, "dsfb-red": 0.007150685718742431, "sfb": 0.012905715212242368, "unknown": 0.012376186820900362, "oneh-in": 0.004285485585744603, "alternate": 0.3289110187058983, "sfR": 0.099723742164827, "sfT": 2.873409875499255e-05, "redirect": 0.013829311243652843, "bad-redirect": 0.004072032280707516, "oneh-out": 0.010762972419370067, "roll-in": 0.13975034173053164, "sft": 0.0}, "movie": {"roll-out": 0.3066113832919963, "dsfb-alt": 0.04173401734380554, "dsfb": 0.0, "dsfb-red": 0.008234208358068243, "sfb": 0.01251284888396479, "unknown": 0.030282373430185833, "oneh-in": 0.003186904856999867, "alternate": 0.31460818914925814, "sfR": 0.11567713207251198, "sfT": 3.382064451620621e-05, "redirect": 0.015076901170944408, "bad-redirect": 0.004140199599705695, "oneh-out": 0.009271857315306711, "roll-in": 0.13863016388273633, "sft": 0.0}, "dutch": {"roll-out": 0.19874492329905527, "dsfb-alt": 0.03791721058236745, "dsfb": 0.0, "dsfb-red": 0.005597330520732857, "sfb": 0.024140407586318215, "unknown": 0.07351390742883206, "oneh-in": 0.002646513505886626, "alternate": 0.2955385063985501, "sfR": 0.18880787437283908,