{"english-450k": {"redirect": 0.027141128959171514, "dsfb-red": 0.008506397411917551, "oneh-out": 0.003141259930269584, "dsfb-alt": 0.03979855007978128, "sfR": 0.11369548401129392, "oneh-in": 0.002508330404998886, "unknown": 0.20329725586314923, "sfb": 0.019303912001454714, "roll-in": 0.1865262313475815, "alternate": 0.27581753153392297, "bad-redirect": 0.001753200167689781, "sfT": 2.6895850496491555e-05, "roll-out": 0.11848382243827256, "dsfb": 0.0, "sft": 0.0}, "shai": {"redirect": 0.02620216058604801, "dsfb-red": 0.008295752953973409, "oneh-out": 0.012006011983404926, "dsfb-alt": 0.031507360898281635, "sfR": 0.09823378925716947, "oneh-in": 0.0018572388875144638, "unknown": 0.21462267152335884, "sfb": 0.009472875865462112, "roll-in": 0.1891053991273931, "alternate": 0.24533584001649722, "bad-redirect": 0.0008162498649227327, "sfT": 1.7246541634916413e-05, "roll-out": 0.16252740249433914, "dsfb": 0.0, "sft": 0.0}, "tr-quotes": {"redirect": 0.025913640461385543, "dsfb-red": 0.00825108065000809, "oneh-out": 0.02244862578303784, "dsfb-alt": 0.029046947597142922, "sfR": 0.09677191928064538, "oneh-in": 0.0013846189408474145, "unknown": 0.18983726682231108, "sfb": 0.0071195765238898775, "roll-in": 0.18456115207692841, "alternate": 0.2603557476711125, "bad-redirect": 0.0006992441228820416, "sfT": 5.778877048611914e-06, "roll-out": 0.17360440119276022, "dsfb": 0.0, "sft": 0.0}, "gutenberg": {"redirect": 0.021959700735355685, "dsfb-red": 0.006187952351346119, "oneh-out": 0.012933417140163894, "dsfb-alt": 0.035760170008141995, "sfR": 0.09863878308844841, "oneh-in": 0.0015285653611820551, "unknown": 0.21313134068575357, "sfb": 0.0076424479323543995, "roll-in": 0.1816793418814785, "alternate": 0.23182079432356484, "bad-redirect": 0.0009445317747990738, "sfT": 7.956344673397735e-06, "roll-out": 0.18776499837273808, "dsfb": 0.0, "sft": 0.0}, "english-200": {"redirect": 0.024498886414253896, "dsfb-red": 0.008908685968819599, "oneh-out": 0.015590200445434299, "dsfb-alt": 0.0334075723830735, "sfR": 0.10690423162583519, "oneh-in": 0.0022271714922048997, "unknown": 0.19821826280623608, "sfb": 0.0, "roll-in": 0.23608017817371937, "alternate": 0.22271714922049, "bad-redirect": 0.0, "sfT": 0.0, "roll-out": 0.1514476614699332, "dsfb": 0.0, "sft": 0.0}, "monkeyracer": {"redirect": 0.025856507186761968, "dsfb-red": 0.008166241769241597, "oneh-out": 0.023037325805089385, "dsfb-alt": 0.028981653815474608, "sfR": 0.09690789370786869, "oneh-in": 0.0013880851463159048, "unknown": 0.18954986940269328, "sfb": 0.007041110780924973, "roll-in": 0.18414513505481958, "alternate": 0.2604057509736146, "bad-redirect": 0.0007116380186746328, "sfT": 6.842673256486854e-06, "roll-out": 0.17380194566526425, "dsfb": 0.0, "sft": 0.0}, "chained-bigrams": {"redirect": 0.03539879320229932, "dsfb-red": 0.015091788957794545, "oneh-out": 0.005674273704004067, "dsfb-alt": 0.03961537787260512, "sfR": 0.11914286586209158, "oneh-in": 0.004870434495220793, "unknown": 0.19383498180972905, "sfb": 0.011398543869297563, "roll-in": 0.1543637495787636, "alternate": 0.2531729897039755, "bad-redirect": 0.0027309755348485076, "sfT": 5.1295070673569206e-05, "roll-out": 0.1646539303386968, "dsfb": 0.0, "sft": 0.0}, "english-5k": {"redirect": 0.02696312274443108, "dsfb-red": 0.009831169369892562, "oneh-out": 0.004023727548015099, "dsfb-alt": 0.032106856929522545, "sfR": 0.10644211224955408, "oneh-in": 0.0022814950014518605, "unknown": 0.2160368357738416, "sfb": 0.011200066370763678, "roll-in": 0.21305015140830463, "alternate": 0.2527066827062679, "bad-redirect": 0.0013274152735719916, "sfT": 0.0, "roll-out": 0.12403036462438297, "dsfb": 0.0, "sft": 0.0}, "mt-quotes": {"redirect": 0.025790093352936253, "dsfb-red": 0.00816389954698127, "oneh-out": 0.024811441412366575, "dsfb-alt": 0.02864984879453987, "sfR": 0.0964592223377679, "oneh-in": 0.0013252889637943605, "unknown": 0.18199489606865804, "sfb": 0.006281301920847229, "roll-in": 0.1839103644469944, "alternate": 0.2643973894646251, "bad-redirect": 0.0006753445452480846, "sfT": 4.482375300319145e-06, "roll-out": 0.17753642676994058, "dsfb": 0.0, "sft": 0.0}, "wordle": {"redirect": 0.024974755974419387, "dsfb-red": 0.011017614720071804, "oneh-out": 0.007202961965668125, "dsfb-alt": 0.049074385728710875, "sfR": 0.13138112868843263, "oneh-in": 0.001795130707954673, "unknown": 0.1876360372489622, "sfb": 0.022461572983282847, "roll-in": 0.16214518119600582, "alternate": 0.25488612139571415, "bad-redirect": 0.000875126220127903, "sfT": 4.4878267698866824e-05, "roll-out": 0.14650510490295074, "dsfb": 0.0, "sft": 0.0}, "english-1k": {"redirect": 0.025052928722653495, "dsfb-red": 0.008821453775582216, "oneh-out": 0.0067043048694424845, "dsfb-alt": 0.029640084685956247, "sfR": 0.10832745236414962, "oneh-in": 0.0024700070571630206, "unknown": 0.22477064220183487, "sfb": 0.006351446718419196, "roll-in": 0.2268877911079746, "alternate": 0.22477064220183487, "bad-redirect": 0.0, "sfT": 0.0, "roll-out": 0.13620324629498942, "dsfb": 0.0, "sft": 0.0}, "english-10k": {"redirect": 0.028540553057640725, "dsfb-red": 0.009185465351884371, "oneh-out": 0.0038015476351286157, "dsfb-alt": 0.034426197873448985, "sfR": 0.10567144593890508, "oneh-in": 0.0024121495146755176, "unknown": 0.21190251056521486, "sfb": 0.011173076551976998, "roll-in": 0.20777291059609038, "alternate": 0.2571351382644102, "bad-redirect": 0.000964859805870207, "sfT": 0.0, "roll-out": 0.12701414484475407, "dsfb": 0.0, "sft": 0.0}, "reddit": {"redirect": 0.02529532829268923, "dsfb-red": 0.008619999599205678, "oneh-out": 0.017281352182652834, "dsfb-alt": 0.030824005032778046, "sfR": 0.10397777127267367, "oneh-in": 0.0012920185556533818, "unknown": 0.19900052384192446, "sfb": 0.009415445227241952, "roll-in": 0.18400961756542922, "alternate": 0.2543494330914146, "bad-redirect": 0.0008970301328033859, "sfT": 3.7869444808093495e-05, "roll-out": 0.16499960576072542, "dsfb": 0.0, "sft": 0.0}, "akl": {"redirect": 0.02044986465546126, "dsfb-red": 0.009529005650208595, "oneh-out": 0.01541853208033835, "dsfb-alt": 0.024657470480654035, "sfR": 0.13064861186637447, "oneh-in": 0.002558645161597972, "unknown": 0.2661608411041007, "sfb": 0.013054360455700097, "roll-in": 0.15679214578928224, "alternate": 0.22503375243768292, "bad-redirect": 0.0009562830357627964, "sfT": 0.00012437806950263324, "roll-out": 0.13461610921333392, "dsfb": 0.0, "sft": 0.0}, "french": {"redirect": 0.01694863909699786, "dsfb-red": 0.007527924311393135, "oneh-out": 0.007577424305273054, "dsfb-alt": 0.02904991938048061, "sfR": 0.10898279115633469, "oneh-in": 0.0005347167922421884, "unknown": 0.3343908563563363, "sfb": 0.027945413312439063, "roll-in": 0.13246924981425892, "alternate": 0.18604836380122378, "bad-redirect": 0.001235851844780424, "sfT": 1.7903296817948927e-05, "roll-out": 0.147270946531422, "dsfb": 0.0, "sft": 0.0}, "keymash": {"redirect": 0.02628759548956747, "dsfb-red": 0.007901877157622951, "oneh-out": 0.02152183996748942, "dsfb-alt": 0.030281635216511435, "sfR": 0.099723742164827, "oneh-in": 0.0016378436290345752, "unknown": 0.190658954981877, "sfb": 0.006986490868713903, "roll-in": 0.18434155812702935, "alternate": 0.25627942679577853, "bad-redirect": 0.0007717157951340856, "sfT": 0.0, "roll-out": 0.17360731980641428, "dsfb": 0.0, "sft": 0.0}, "movie": {"redirect": 0.02414754539105548, "dsfb-red": 0.008626106721372765, "oneh-out": 0.03395342673533793, "dsfb-alt": 0.031014846999746937, "sfR": 0.11567713207251198, "oneh-in": 0.0009947480618599327, "unknown": 0.18396601406859853, "sfb": 0.008359752696077818, "roll-in": 0.16959658287788418, "alternate": 0.25982822007738215, "bad-redirect": 0.0005474470085113534, "sfT": 1.1975403311185856e-05, "roll-out": 0.16327620188634973, "dsfb": 0.0, "sft": 0.0}, "dutch": {"redirect": 0.018415463603015946, "dsfb-red": 0.006325625590169678, "oneh-out": 0.002131218341165564, "dsfb-alt": 0.030778889674297524, "sfR": 0.18880787437283908, "oneh-in": 0.0012798283693065112, "unknown": 0.2434311521514317,