{"english-450k": {"sft": 0.0, "bad-redirect": 0.006746765627804696, "oneh-in": 0.005546976818700334, "roll-in": 0.23486801446061248, "sfT": 9.062732232513457e-06, "unknown": 0.00015377410175167997, "dsfb-red": 0.0088911250124978, "roll-out": 0.1759158183267156, "dsfb-alt": 0.04079340420195042, "alternate": 0.36068183319778213, "redirect": 0.028173988087477, "sfR": 0.11369548401129392, "dsfb": 0.0, "oneh-out": 0.004758519114471663, "sfb": 0.019765234306709754}, "shai": {"sft": 0.0, "bad-redirect": 0.006932602713682948, "oneh-in": 0.004626702167088334, "roll-in": 0.23981100948621717, "sfT": 2.349338144612716e-05, "unknown": 0.023260762136131256, "dsfb-red": 0.0069208598933686895, "roll-out": 0.22774582669300197, "dsfb-alt": 0.03142098111457246, "alternate": 0.3171199134700444, "redirect": 0.0238256870053037, "sfR": 0.09823378925716947, "dsfb": 0.0, "oneh-out": 0.006279389949260489, "sfb": 0.013798982732712973}, "tr-quotes": {"sft": 0.0, "bad-redirect": 0.005571993250271607, "oneh-in": 0.005566214373222995, "roll-in": 0.2250283164975382, "sfT": 6.934652458334297e-06, "unknown": 0.013835787429786644, "dsfb-red": 0.008121633804119184, "roll-out": 0.2572235963107649, "dsfb-alt": 0.027611474538267722, "alternate": 0.30862901920898733, "redirect": 0.029662975890524954, "sfR": 0.09677191928064538, "dsfb": 0.0, "oneh-out": 0.008603592149973418, "sfb": 0.013366542613439357}, "gutenberg": {"sft": 0.0, "bad-redirect": 0.005496697548650206, "oneh-in": 0.004998857696229033, "roll-in": 0.2165904562509022, "sfT": 1.6480999680609592e-05, "unknown": 0.032975828246008664, "dsfb-red": 0.012009912847715942, "roll-out": 0.26801098581762617, "dsfb-alt": 0.028098399524437913, "alternate": 0.28351695440218866, "redirect": 0.025404040231825152, "sfR": 0.09863878308844841, "dsfb": 0.0, "oneh-out": 0.011119749428185086, "sfb": 0.013122853918101935}, "english-200": {"sft": 0.0, "bad-redirect": 0.0, "oneh-in": 0.0066815144766146995, "roll-in": 0.22939866369710468, "sfT": 0.0, "unknown": 0.0, "dsfb-red": 0.004454342984409799, "roll-out": 0.2717149220489978, "dsfb-alt": 0.022271714922048998, "alternate": 0.30957683741648107, "redirect": 0.031180400890868598, "sfR": 0.10690423162583519, "dsfb": 0.0, "oneh-out": 0.0066815144766146995, "sfb": 0.011135857461024499}, "monkeyracer": {"sft": 0.0, "bad-redirect": 0.005506396921970064, "oneh-in": 0.00569114909989521, "roll-in": 0.22512199508891564, "sfT": 5.865148505560161e-06, "unknown": 0.013436077701487402, "dsfb-red": 0.008101725135680436, "roll-out": 0.25796291662104887, "dsfb-alt": 0.027562287877129048, "alternate": 0.30791345386865193, "redirect": 0.029733370348937235, "sfR": 0.09690789370786869, "dsfb": 0.0, "oneh-out": 0.008656959194206797, "sfb": 0.013399909285703114}, "chained-bigrams": {"sft": 0.0, "bad-redirect": 0.005488572562071905, "oneh-in": 0.007280653512186475, "roll-in": 0.21251742571467344, "sfT": 3.2465234603524814e-05, "unknown": 0.022916559801936097, "dsfb-red": 0.013680849861925358, "roll-out": 0.2082748688566848, "dsfb-alt": 0.04519874891971932, "alternate": 0.31245126156655145, "redirect": 0.0316821731448878, "sfR": 0.11914286586209158, "dsfb": 0.0, "oneh-out": 0.00656771696029307, "sfb": 0.014765838002375157}, "english-5k": {"sft": 0.0, "bad-redirect": 0.00866968100551707, "oneh-in": 0.0059733687310739615, "roll-in": 0.27531422408429085, "sfT": 0.0, "unknown": 0.002157049819554486, "dsfb-red": 0.006720039822458207, "roll-out": 0.1683743311071473, "dsfb-alt": 0.03861948811548513, "alternate": 0.3486539179491434, "redirect": 0.021653461650143112, "sfR": 0.10644211224955408, "dsfb": 0.0, "oneh-out": 0.003982245820715975, "sfb": 0.013440079644916414}, "mt-quotes": {"sft": 0.0, "bad-redirect": 0.0053908033611838255, "oneh-in": 0.005800193638612974, "roll-in": 0.22472836805680066, "sfT": 0.0, "unknown": 0.007977133909467972, "dsfb-red": 0.008286417805189994, "roll-out": 0.26597667969543753, "dsfb-alt": 0.026626803408995828, "alternate": 0.3063225397736102, "redirect": 0.030716223807986994, "sfR": 0.0964592223377679, "dsfb": 0.0, "oneh-out": 0.008936362223736269, "sfb": 0.012779251981209883}, "wordle": {"sft": 0.0, "bad-redirect": 0.00756198810725906, "oneh-in": 0.003500504880511612, "roll-in": 0.18548188039941657, "sfT": 2.2439133849433412e-05, "unknown": 0.0, "dsfb-red": 0.011915180074049141, "roll-out": 0.20338830921126444, "dsfb-alt": 0.05082463816896668, "alternate": 0.3350611466397397, "redirect": 0.033524065971053514, "sfR": 0.13138112868843263, "dsfb": 0.0, "oneh-out": 0.0076517446426567935, "sfb": 0.029686974082800403}, "english-1k": {"sft": 0.0, "bad-redirect": 0.0067043048694424845, "oneh-in": 0.0056457304163726185, "roll-in": 0.24453069865913904, "sfT": 0.0, "unknown": 0.0, "dsfb-red": 0.0067043048694424845, "roll-out": 0.21383203952011293, "dsfb-alt": 0.03140437544107269, "alternate": 0.33980239943542695, "redirect": 0.022230063514467185, "sfR": 0.10832745236414962, "dsfb": 0.0, "oneh-out": 0.008821453775582216, "sfb": 0.011997177134791814}, "english-10k": {"sft": 0.0, "bad-redirect": 0.009339842920823604, "oneh-in": 0.004862893421585844, "roll-in": 0.27890237548484204, "sfT": 0.0, "unknown": 0.0, "dsfb-red": 0.006040022384747496, "roll-out": 0.1658401034329712, "dsfb-alt": 0.03809266513575577, "alternate": 0.34916346654831054, "redirect": 0.023465390478763434, "sfR": 0.10567144593890508, "dsfb": 0.0, "oneh-out": 0.0036278728700719787, "sfb": 0.014993921383223018}, "reddit": {"sft": 0.0, "bad-redirect": 0.005704127263809003, "oneh-in": 0.005704501837941626, "roll-in": 0.221032412461557, "sfT": 7.918497163631025e-05, "unknown": 0.039285409944231534, "dsfb-red": 0.007891864942801594, "roll-out": 0.2414149013456014, "dsfb-alt": 0.029861611713832104, "alternate": 0.29636811048138956, "redirect": 0.027433397441696133, "sfR": 0.10397777127267367, "dsfb": 0.0, "oneh-out": 0.006958463661720603, "sfb": 0.014288242661109484}, "akl": {"sft": 0.0, "bad-redirect": 0.005496502601846404, "oneh-in": 0.006055190902917827, "roll-in": 0.18884796184395108, "sfT": 0.00015756037926465877, "unknown": 0.13277008071454782, "dsfb-red": 0.007299712826010325, "roll-out": 0.2048432928977775, "dsfb-alt": 0.026881278217162675, "alternate": 0.2470106210322525, "redirect": 0.02713104736785837, "sfR": 0.13064861186637447, "dsfb": 0.0, "oneh-out": 0.005303239737394756, "sfb": 0.017554899612641624}, "french": {"sft": 0.0, "bad-redirect": 0.006517818806740623, "oneh-in": 0.0018602499213341123, "roll-in": 0.19737437889605516, "sfT": 3.09374961749494e-05, "unknown": 0.15807953387545715, "dsfb-red": 0.008087600846312062, "roll-out": 0.18592037395627337, "dsfb-alt": 0.03039278649653351, "alternate": 0.24036662176459897, "redirect": 0.015726390761431407, "sfR": 0.10898279115633469, "dsfb": 0.0, "oneh-out": 0.011086125899309192, "sfb": 0.03557439012344481}, "keymash": {"sft": 0.0, "bad-redirect": 0.005775553849753502, "oneh-in": 0.00563188335597854, "roll-in": 0.2238181049451384, "sfT": 0.0, "unknown": 0.01232282349464109, "dsfb-red": 0.008423195806463531, "roll-out": 0.2583729111336423, "dsfb-alt": 0.026956689503433724, "alternate": 0.3073029764421439, "redirect": 0.029234893047579563, "sfR": 0.099723742164827, "dsfb": 0.0, "oneh-out": 0.00880494883277986, "sfb": 0.013632277423618609}, "movie": {"sft": 0.0, "bad-redirect": 0.0041490166548908535, "oneh-in": 0.005207458070625665, "roll-in": 0.18571442295203167, "sfT": 1.0791022763925716e-05, "unknown": 0.030236445784519856, "dsfb-red": 0.010345037688962982, "roll-out": 0.26435860726849075, "dsfb-alt": 0.027804780923156205, "alternate": 0.30423433153364515, "redirect": 0.02891230833268302, "sfR": 0.11567713207251198, "dsfb": 0.0, "oneh-out": 0.009303046003051228, "sfb": 0.014046621692666671}, "dutch": {"sft": 0.0, "bad-redirect": 0.0034007365037870374, "oneh-in": 0.007521968181518738, "roll-in": 0.20125718894850558, "sfT": 3.0858896878173415e-05, "unknown": 0.07290361491625476, "dsfb-red": 0.006694551681551676, "roll-out": 0.1532102092634858, "dsfb-alt": 0.025626870428387117,