{"english-450k": {"oneh-in": 0.007503649942320095, "roll-in": 0.22432513341218885, "dsfb": 0.0, "sft": 0.0, "oneh-out": 0.004874580556288045, "sfb": 0.046031663432343196, "alternate": 0.3519585149046864, "bad-redirect": 0.0026992324742837665, "redirect": 0.025744883502962345, "dsfb-red": 0.011848206836106627, "dsfb-alt": 0.03884082392514534, "sfR": 0.11369548401129392, "roll-out": 0.16998031340682138, "sfT": 0.0023437394938083996, "unknown": 0.00015377410175167997}, "shai": {"oneh-in": 0.006003638803542074, "roll-in": 0.20926250366527713, "dsfb": 0.0, "sft": 0.0, "oneh-out": 0.014586641887793442, "sfb": 0.022415902209322235, "alternate": 0.3274911731456794, "bad-redirect": 0.0036594444322311545, "redirect": 0.020416762523791404, "dsfb-red": 0.009871833734668923, "dsfb-alt": 0.03674118313133412, "sfR": 0.09823378925716947, "roll-out": 0.22748818519008196, "sfT": 0.0002523313020395816, "unknown": 0.02357661071706909}, "tr-quotes": {"oneh-in": 0.0057603846420563555, "roll-in": 0.19664131665934675, "dsfb": 0.0, "sft": 0.0, "oneh-out": 0.02487806569427429, "sfb": 0.018395321421141444, "alternate": 0.3240990730681214, "bad-redirect": 0.0032315480455837823, "redirect": 0.01995099512262777, "dsfb-red": 0.010534892859619518, "dsfb-alt": 0.034711402880192324, "sfR": 0.09677191928064538, "roll-out": 0.2500300501606528, "sfT": 0.00022999930653475417, "unknown": 0.01476503085920344}, "gutenberg": {"oneh-in": 0.006057809284902685, "roll-in": 0.18275913151572534, "dsfb": 0.0, "sft": 0.0, "oneh-out": 0.017496380810357495, "sfb": 0.021627618063630297, "alternate": 0.29969049819220483, "bad-redirect": 0.0032816133042206895, "redirect": 0.018849906588724798, "dsfb-red": 0.009918720256057905, "dsfb-alt": 0.03145843965472495, "sfR": 0.09863878308844841, "roll-out": 0.27212176389888165, "sfT": 9.206627407788807e-05, "unknown": 0.03800726906804304}, "english-200": {"oneh-in": 0.0066815144766146995, "roll-in": 0.20044543429844097, "dsfb": 0.0, "sft": 0.0, "oneh-out": 0.0200445434298441, "sfb": 0.017817371937639197, "alternate": 0.33853006681514475, "bad-redirect": 0.0022271714922048997, "redirect": 0.0200445434298441, "dsfb-red": 0.004454342984409799, "dsfb-alt": 0.028953229398663696, "sfR": 0.10690423162583519, "roll-out": 0.25389755011135856, "sfT": 0.0, "unknown": 0.0}, "monkeyracer": {"oneh-in": 0.005828002565024947, "roll-in": 0.19642871107496443, "dsfb": 0.0, "sft": 0.0, "oneh-out": 0.025426396296354223, "sfb": 0.018280690367080094, "alternate": 0.3236095687942819, "bad-redirect": 0.003195528410779361, "redirect": 0.019880898384347093, "dsfb-red": 0.010504480973458248, "dsfb-alt": 0.034682578162879084, "sfR": 0.09690789370786869, "roll-out": 0.25069306504840705, "sfT": 0.00021701049470572594, "unknown": 0.014345175719849227}, "chained-bigrams": {"oneh-in": 0.006206703551501875, "roll-in": 0.17951002169326977, "dsfb": 0.0, "sft": 0.0, "oneh-out": 0.007480639357344188, "sfb": 0.025795576806576678, "alternate": 0.32711515873227154, "bad-redirect": 0.005804134642418166, "redirect": 0.026678631187792554, "dsfb-red": 0.012943239731733273, "dsfb-alt": 0.04602920962087748, "sfR": 0.11914286586209158, "roll-out": 0.2195474476157207, "sfT": 0.00013310746187445176, "unknown": 0.02361326373652774}, "english-5k": {"oneh-in": 0.009043016551209192, "roll-in": 0.24544738042892106, "dsfb": 0.0, "sft": 0.0, "oneh-out": 0.005765960094578338, "sfb": 0.02206827892313436, "alternate": 0.3640851205044178, "bad-redirect": 0.0017007508192641142, "redirect": 0.021155680922553616, "dsfb-red": 0.009997096279089061, "dsfb-alt": 0.038495042933587756, "sfR": 0.10644211224955408, "roll-out": 0.1730617662919484, "sfT": 0.0005807441821877463, "unknown": 0.002157049819554486}, "mt-quotes": {"oneh-in": 0.005735946259308399, "roll-in": 0.19557051672822462, "dsfb": 0.0, "sft": 0.0, "oneh-out": 0.02718859444663583, "sfb": 0.017077849894215943, "alternate": 0.32336154241522336, "bad-redirect": 0.003264663343732444, "redirect": 0.01966418044250009, "dsfb-red": 0.01055449970715148, "dsfb-alt": 0.034729443826872736, "sfR": 0.0964592223377679, "roll-out": 0.25736902499372466, "sfT": 0.00015987138571138285, "unknown": 0.008864644218931163}, "wordle": {"oneh-in": 0.0022663525187927745, "roll-in": 0.17567597890721418, "dsfb": 0.0, "sft": 0.0, "oneh-out": 0.011937619207898575, "sfb": 0.045753393918994724, "alternate": 0.3281498934141142, "bad-redirect": 0.005475148659261753, "redirect": 0.02425670369123752, "dsfb-red": 0.014159093458992482, "dsfb-alt": 0.04858072478402334, "sfR": 0.13138112868843263, "roll-out": 0.21166834960170539, "sfT": 0.0006956131493324357, "unknown": 0.0}, "english-1k": {"oneh-in": 0.008468595624558928, "roll-in": 0.23394495412844038, "dsfb": 0.0, "sft": 0.0, "oneh-out": 0.010232886379675371, "sfb": 0.024700070571630206, "alternate": 0.3352152434721242, "bad-redirect": 0.00035285815102328866, "redirect": 0.020465772759350742, "dsfb-red": 0.011291460832745237, "dsfb-alt": 0.03952011291460833, "sfR": 0.10832745236414962, "roll-out": 0.20748059280169373, "sfT": 0.0, "unknown": 0.0}, "english-10k": {"oneh-in": 0.007468014897435402, "roll-in": 0.24933907103297892, "dsfb": 0.0, "sft": 0.0, "oneh-out": 0.006136508365334517, "sfb": 0.025163543737095, "alternate": 0.3556280272476409, "bad-redirect": 0.004129599969124486, "redirect": 0.021728642828197062, "dsfb-red": 0.009494220489762837, "dsfb-alt": 0.039597846432913295, "sfR": 0.10567144593890508, "roll-out": 0.17512205476544257, "sfT": 0.0005210242951699118, "unknown": 0.0}, "reddit": {"oneh-in": 0.006180960134636926, "roll-in": 0.19495523558184566, "dsfb": 0.0, "sft": 0.0, "oneh-out": 0.018585844056922533, "sfb": 0.021470589281898312, "alternate": 0.31237800822827, "bad-redirect": 0.003392480461745025, "redirect": 0.020215278991241894, "dsfb-red": 0.010695889442197312, "dsfb-alt": 0.037292076240069805, "sfR": 0.10397777127267367, "roll-out": 0.23038391788436036, "sfT": 0.00031239482660682473, "unknown": 0.040159553597531705}, "akl": {"oneh-in": 0.005499714590133123, "roll-in": 0.1689329179458307, "dsfb": 0.0, "sft": 0.0, "oneh-out": 0.01590146687304762, "sfb": 0.02735657836079044, "alternate": 0.2668400036735263, "bad-redirect": 0.0033810871162134174, "redirect": 0.016833215259820327, "dsfb-red": 0.009701143514774515, "dsfb-alt": 0.02957603755931091, "sfR": 0.13064861186637447, "roll-out": 0.19260692702829585, "sfT": 0.0003020010217581816, "unknown": 0.13242029519012413}, "french": {"oneh-in": 0.005449928351605408, "roll-in": 0.16867924442933677, "dsfb": 0.0, "sft": 0.0, "oneh-out": 0.012152638025316999, "sfb": 0.055611670031063196, "alternate": 0.250569313602432, "bad-redirect": 0.0034769400967524125, "redirect": 0.014343671955390437, "dsfb-red": 0.007878169728137914, "dsfb-alt": 0.030303389867150497, "sfR": 0.10898279115633469, "roll-out": 0.1841455055316468, "sfT": 0.00019398484284418636, "unknown": 0.1582127523819887}, "keymash": {"oneh-in": 0.005853546403517053, "roll-in": 0.19555196151272716, "dsfb": 0.0, "sft": 0.0, "oneh-out": 0.023997077331669493, "sfb": 0.020200071424759762, "alternate": 0.32206819833095934, "bad-redirect": 0.003222323931809879, "redirect": 0.0194981384408878, "dsfb-red": 0.010533099629330127, "dsfb-alt": 0.03517053687611088, "sfR": 0.099723742164827, "roll-out": 0.25059007524229004, "sfT": 0.00019703382003423463, "unknown": 0.013394194891077241}, "movie": {"oneh-in": 0.004551969236636469, "roll-in": 0.17185809173395813, "dsfb": 0.0, "sft": 0.0, "oneh-out": 0.033951584365597746, "sfb": 0.016812808259712018, "alternate": 0.30554109807078883, "bad-redirect": 0.002708546713745355, "redirect": 0.02066704575617368, "dsfb-red": 0.011527707464321524, "dsfb-alt": 0.039229447279866096, "sfR": 0.11567713207251198, "roll-out": 0.246989929738598, "sfT": 0.00017081399448262902, "unknown": 0.030313825313607518}, "dutch": {"oneh-in": 0.005745420950318467, "roll-in": 0.1854691604863104, "dsfb": 0.0, "sft": 0.0, "oneh-out": 0.0071599454459171565, "sfb": 0.04220345935944246, "alternate": 0.27144925536818393,