{"english-450k": {"dsfb": 0.0, "dsfb-alt": 0.04745918993206459, "sfb": 0.02457491400636496, "alternate": 0.3694422794584111, "oneh-out": 0.005934043188888973, "bad-redirect": 0.0014851187013280118, "sft": 0.0, "redirect": 0.025973205885981475, "dsfb-red": 0.009744775919560357, "unknown": 0.0, "sfT": 8.039520528842584e-05, "roll-out": 0.17183788116828558, "oneh-in": 0.006031394473838231, "sfR": 0.11369548401129392, "roll-in": 0.22374131804869435}, "shai": {"dsfb": 0.0, "dsfb-alt": 0.043306677569866295, "sfb": 0.01419362509610225, "alternate": 0.33512848828334363, "oneh-out": 0.014761352141249486, "bad-redirect": 0.0009300979399207278, "sft": 0.0, "redirect": 0.02251184577318847, "dsfb-red": 0.01132401885910876, "unknown": 0.015546460696927484, "sfT": 5.56758306593969e-05, "roll-out": 0.22298994189123036, "oneh-in": 0.004443651182657596, "sfR": 0.09823378925716947, "roll-in": 0.21657437547857605}, "tr-quotes": {"dsfb": 0.0, "dsfb-alt": 0.045885439541388316, "sfb": 0.01306719678232126, "alternate": 0.3300686530593375, "oneh-out": 0.02415223873696863, "bad-redirect": 0.0008552738031945632, "sft": 0.0, "redirect": 0.022381590809273943, "dsfb-red": 0.012797901111855943, "unknown": 0.009742030928549965, "sfT": 4.276369015972816e-05, "roll-out": 0.23819953306673447, "oneh-in": 0.0034072259078615844, "sfR": 0.09677191928064538, "roll-in": 0.2026282332817087}, "gutenberg": {"dsfb": 0.0, "dsfb-alt": 0.049166231909261296, "sfb": 0.013363628062861186, "alternate": 0.30670591038958434, "oneh-out": 0.014023057486863506, "bad-redirect": 0.0012368327231574716, "sft": 0.0, "redirect": 0.019616936102595926, "dsfb-red": 0.010883521766096348, "unknown": 0.025597834055655768, "sfT": 4.622257381688208e-05, "roll-out": 0.24567449533095173, "oneh-in": 0.004045422392866872, "sfR": 0.09863878308844841, "roll-in": 0.21100112411784028}, "english-200": {"dsfb": 0.0, "dsfb-alt": 0.051224944320712694, "sfb": 0.004454342984409799, "alternate": 0.33407572383073497, "oneh-out": 0.013363028953229399, "bad-redirect": 0.0, "sft": 0.0, "redirect": 0.0200445434298441, "dsfb-red": 0.013363028953229399, "unknown": 0.0, "sfT": 0.0, "roll-out": 0.22717149220489977, "oneh-in": 0.0022271714922048997, "sfR": 0.10690423162583519, "roll-in": 0.22717149220489977}, "monkeyracer": {"dsfb": 0.0, "dsfb-alt": 0.045963213788573126, "sfb": 0.013045067801116724, "alternate": 0.32946689710183463, "oneh-out": 0.02464730906986565, "bad-redirect": 0.0008611993055664169, "sft": 0.0, "redirect": 0.022414642538749082, "dsfb-red": 0.012690226316530334, "unknown": 0.009365664638628651, "sfT": 3.910099003706774e-05, "roll-out": 0.23860988160220217, "oneh-in": 0.0034584825687786415, "sfR": 0.09690789370786869, "roll-in": 0.20253042057024884}, "chained-bigrams": {"dsfb": 0.0, "dsfb-alt": 0.05091587673340004, "sfb": 0.014908035729938596, "alternate": 0.3406421233821762, "oneh-out": 0.007952034563787368, "bad-redirect": 0.002573194494675377, "sft": 0.0, "redirect": 0.03817067493274827, "dsfb-red": 0.013060114576305962, "unknown": 0.01607548556628135, "sfT": 8.246169589295303e-05, "roll-out": 0.21107531999358486, "oneh-in": 0.006348251974373243, "sfR": 0.11914286586209158, "roll-in": 0.1790535604947442}, "english-5k": {"dsfb": 0.0, "dsfb-alt": 0.04085950138963786, "sfb": 0.013937860372505911, "alternate": 0.36698884141535654, "oneh-out": 0.007923009914132825, "bad-redirect": 0.000622225909486871, "sft": 0.0, "redirect": 0.020782345376861494, "dsfb-red": 0.012485999917036545, "unknown": 0.0, "sfT": 0.0, "roll-out": 0.17982328784170573, "oneh-in": 0.007134857095449454, "sfR": 0.10644211224955408, "roll-in": 0.2429999585182727}, "mt-quotes": {"dsfb": 0.0, "dsfb-alt": 0.04670037412892507, "sfb": 0.012103907435961798, "alternate": 0.3293753959431515, "oneh-out": 0.026192013004864872, "bad-redirect": 0.0008367100560595737, "sft": 0.0, "redirect": 0.022277405242586153, "dsfb-red": 0.012734428228206692, "unknown": 0.00522794372527223, "sfT": 1.792950120127658e-05, "roll-out": 0.24268177525967893, "oneh-in": 0.00330351059633521, "sfR": 0.0964592223377679, "roll-in": 0.20208938453998876}, "wordle": {"dsfb": 0.0, "dsfb-alt": 0.05394367777403792, "sfb": 0.024952316840569953, "alternate": 0.3436553349040727, "oneh-out": 0.010097610232245036, "bad-redirect": 0.0024234264557388085, "sft": 0.0, "redirect": 0.026590373611578594, "dsfb-red": 0.011623471334006508, "unknown": 0.0, "sfT": 2.2439133849433412e-05, "roll-out": 0.1932233815774711, "oneh-in": 0.0026253786603837093, "sfR": 0.13138112868843263, "roll-in": 0.1994614607876136}, "english-1k": {"dsfb": 0.0, "dsfb-alt": 0.04410726887791108, "sfb": 0.011291460832745237, "alternate": 0.32427664079040225, "oneh-out": 0.01058574453069866, "bad-redirect": 0.00035285815102328866, "sft": 0.0, "redirect": 0.01834862385321101, "dsfb-red": 0.01587861679604799, "unknown": 0.0, "sfT": 0.0, "roll-out": 0.21242060691601977, "oneh-in": 0.007057163020465773, "sfR": 0.10832745236414962, "roll-in": 0.24735356386732535}, "english-10k": {"dsfb": 0.0, "dsfb-alt": 0.042974855753459024, "sfb": 0.01426062793076166, "alternate": 0.35914011694100845, "oneh-out": 0.008143416761544547, "bad-redirect": 0.0008297794330483781, "sft": 0.0, "redirect": 0.024391655892398834, "dsfb-red": 0.010748538237394106, "unknown": 0.0, "sfT": 3.859439223480828e-05, "roll-out": 0.17954111267632814, "oneh-in": 0.006445263503212983, "sfR": 0.10567144593890508, "roll-in": 0.24781459253970398}, "reddit": {"dsfb": 0.0, "dsfb-alt": 0.04436317434346987, "sfb": 0.017128413564303235, "alternate": 0.32795242608856395, "oneh-out": 0.018610790694155162, "bad-redirect": 0.0007229280759606375, "sft": 0.0, "redirect": 0.02188816452494542, "dsfb-red": 0.01100764749277868, "unknown": 0.03279448971484982, "sfT": 8.645170980917883e-05, "roll-out": 0.2180951519431876, "oneh-in": 0.0033014589475178564, "sfR": 0.10397777127267367, "roll-in": 0.20007113162778495}, "akl": {"dsfb": 0.0, "dsfb-alt": 0.03648042875003277, "sfb": 0.02077336129113825, "alternate": 0.28291758633509495, "oneh-out": 0.017104035287595132, "bad-redirect": 0.0012867719228639531, "sft": 0.0, "redirect": 0.020220701645004977, "dsfb-red": 0.010257138687205536, "unknown": 0.12423987988349773, "sfT": 0.00015854868335287993, "roll-out": 0.1831450272256775, "oneh-in": 0.003785772932737778, "sfR": 0.13064861186637447, "roll-in": 0.16898213548942412}, "french": {"dsfb": 0.0, "dsfb-alt": 0.025629101250155006, "sfb": 0.02405851019131313, "alternate": 0.269059853537848, "oneh-out": 0.010659443143346693, "bad-redirect": 0.0031963602282950505, "sft": 0.0, "redirect": 0.02161263519105282, "dsfb-red": 0.010544742189005089, "unknown": 0.14987089475718507, "sfT": 0.00017838874913080993, "roll-out": 0.1543125004429006, "oneh-in": 0.007037718560863187, "sfR": 0.10898279115633469, "roll-in": 0.21485706060256984}, "keymash": {"dsfb": 0.0, "dsfb-alt": 0.04623316489678301, "sfb": 0.012696366778455993, "alternate": 0.32561070222032484, "oneh-out": 0.023397766129065363, "bad-redirect": 0.0009318057739119012, "sft": 0.0, "redirect": 0.022433121385147754, "dsfb-red": 0.013402404633578668, "unknown": 0.008566866300238493, "sfT": 4.5153583757845434e-05, "roll-out": 0.238624375546461, "oneh-in": 0.0037929010356590165, "sfR": 0.099723742164827, "roll-in": 0.20454162955178912}, "movie": {"dsfb": 0.0, "dsfb-alt": 0.04953632159563959, "sfb": 0.012279262720477373, "alternate": 0.3220518892909495, "oneh-out": 0.036501424086010245, "bad-redirect": 0.0010593626006049027, "sft": 0.0, "redirect": 0.019214205618201245, "dsfb-red": 0.011870914627349795, "unknown": 0.024481409107544254, "sfT": 3.066229639017917e-05, "roll-out": 0.2288237693068834, "oneh-in": 0.002249928246278512, "sfR": 0.11567713207251198, "roll-in": 0.176223718431159}, "dutch": {"dsfb": 0.0, "dsfb-alt": 0.04452015383617329, "sfb": 0.05451110272985942, "alternate": 0.2888231370648918, "oneh-out": 0.0021530939101320787, "bad-redirect": 0.001128384881198985, "sft": 0.0, "redirect": 0.01362487537649737, "dsfb-red": 0.006371241530703132,