{"english-450k": {"sfT": 0.00014003383030238538, "dsfb-red": 0.02801758286991588, "redirect": 0.103791671758363, "sfb": 0.021684194770394218, "dsfb-alt": 0.0265865482157819, "alternate": 0.23997150209232176, "oneh-out": 0.01229871233192286, "sft": 0.0, "sfR": 0.11369548401129392, "dsfb": 0.0, "roll-out": 0.199157926002499, "roll-in": 0.22052375575995103, "oneh-in": 0.012598367187997903, "unknown": 0.00015377410175167997, "bad-redirect": 0.021380447067504492}, "shai": {"sfT": 3.880084826975697e-05, "dsfb-red": 0.022309276317154302, "redirect": 0.09113887320943277, "sfb": 0.011521080723413466, "dsfb-alt": 0.02181231969700582, "alternate": 0.2701532070362174, "oneh-out": 0.012994448595242866, "sft": 0.0, "sfR": 0.09823378925716947, "dsfb": 0.0, "roll-out": 0.18915869852704625, "roll-in": 0.22398976524577252, "oneh-in": 0.010272204303089547, "unknown": 0.023576761663012483, "bad-redirect": 0.02480077457717332}, "tr-quotes": {"sfT": 2.4271283604170037e-05, "dsfb-red": 0.020398280206190333, "redirect": 0.08126488060840018, "sfb": 0.008705300386028987, "dsfb-alt": 0.02057164651764869, "alternate": 0.2839566815376436, "oneh-out": 0.014377846096946442, "sft": 0.0, "sfR": 0.09677191928064538, "dsfb": 0.0, "roll-out": 0.19767457987563858, "roll-in": 0.22603961998104527, "oneh-in": 0.010866600402209842, "unknown": 0.0147164882919951, "bad-redirect": 0.02463188553200342}, "gutenberg": {"sfT": 0.00015855858313414055, "dsfb-red": 0.018335206863067142, "redirect": 0.07626042707384965, "sfb": 0.008545114179229167, "dsfb-alt": 0.02099603584598487, "alternate": 0.28085063175271074, "oneh-out": 0.01461353192369638, "sft": 0.0, "sfR": 0.09863878308844841, "dsfb": 0.0, "roll-out": 0.18377716476036438, "roll-in": 0.22583023509483016, "oneh-in": 0.011343663699707851, "unknown": 0.03781518017521387, "bad-redirect": 0.02283546695976325}, "english-200": {"sfT": 0.0, "dsfb-red": 0.011135857461024499, "redirect": 0.0801781737193764, "sfb": 0.0, "dsfb-alt": 0.022271714922048998, "alternate": 0.30734966592427615, "oneh-out": 0.008908685968819599, "sft": 0.0, "sfR": 0.10690423162583519, "dsfb": 0.0, "roll-out": 0.20935412026726058, "roll-in": 0.22271714922049, "oneh-in": 0.013363028953229399, "unknown": 0.0, "bad-redirect": 0.017817371937639197}, "monkeyracer": {"sfT": 2.4438118773167336e-05, "dsfb-red": 0.020265065611461283, "redirect": 0.08099085818852933, "sfb": 0.008596352659649342, "dsfb-alt": 0.02051433442294759, "alternate": 0.2838184462830599, "oneh-out": 0.014429242848428923, "sft": 0.0, "sfR": 0.09690789370786869, "dsfb": 0.0, "roll-out": 0.19800936859721288, "roll-in": 0.22638202449286016, "oneh-in": 0.010966850180646574, "unknown": 0.014307052254563085, "bad-redirect": 0.024788072633999094}, "chained-bigrams": {"sfT": 5.3892289441851195e-05, "dsfb-red": 0.025363789186349798, "redirect": 0.07243253561923214, "sfb": 0.013080243021760148, "dsfb-alt": 0.034155374716984314, "alternate": 0.2806275399987923, "oneh-out": 0.012682868550213004, "sft": 0.0, "sfR": 0.11914286586209158, "dsfb": 0.0, "roll-out": 0.17461296570567408, "roll-in": 0.20611593075555043, "oneh-in": 0.011213492032057472, "unknown": 0.023346399508086764, "bad-redirect": 0.02717210275376613}, "english-5k": {"sfT": 0.0, "dsfb-red": 0.02372754801509935, "redirect": 0.11341104243580703, "sfb": 0.013523043099514664, "dsfb-alt": 0.024515700833782718, "alternate": 0.23515991205873812, "oneh-out": 0.011780810552951425, "sft": 0.0, "sfR": 0.10644211224955408, "dsfb": 0.0, "roll-out": 0.1941759654872029, "roll-in": 0.2434977392458622, "oneh-in": 0.011448956734558428, "unknown": 0.002157049819554486, "bad-redirect": 0.020160119467374622}, "mt-quotes": {"sfT": 1.1953000800851053e-05, "dsfb-red": 0.020257348107242324, "redirect": 0.07992224572979047, "sfb": 0.007631991011343398, "dsfb-alt": 0.02032458373674711, "alternate": 0.2884871684536403, "oneh-out": 0.014545307849535626, "sft": 0.0, "sfR": 0.0964592223377679, "dsfb": 0.0, "roll-out": 0.19896965133096664, "roll-in": 0.22849804568436907, "oneh-in": 0.011144679121693502, "unknown": 0.008869126594231481, "bad-redirect": 0.024878677041871362}, "wordle": {"sfT": 0.0001795130707954673, "dsfb-red": 0.02762257376865253, "redirect": 0.08742286547739257, "sfb": 0.027084034556266127, "dsfb-alt": 0.037069449119264, "alternate": 0.2333669920341075, "oneh-out": 0.01321664983731628, "sft": 0.0, "sfR": 0.13138112868843263, "dsfb": 0.0, "roll-out": 0.2063727140132391, "roll-in": 0.2094019970829126, "oneh-in": 0.009761023224503534, "unknown": 0.0, "bad-redirect": 0.017121059127117692}, "english-1k": {"sfT": 0.0, "dsfb-red": 0.016584333098094567, "redirect": 0.0935074100211715, "sfb": 0.009174311926605505, "dsfb-alt": 0.02399435426958363, "alternate": 0.2547635850388144, "oneh-out": 0.013408609738884969, "sft": 0.0, "sfR": 0.10832745236414962, "dsfb": 0.0, "roll-out": 0.21383203952011293, "roll-in": 0.22618207480592803, "oneh-in": 0.017642907551164433, "unknown": 0.0, "bad-redirect": 0.022582921665490474}, "english-10k": {"sfT": 7.718878446961657e-05, "dsfb-red": 0.026437158680843672, "redirect": 0.11126763281295228, "sfb": 0.01379749522394396, "dsfb-alt": 0.023195229733119778, "alternate": 0.23324520947106386, "oneh-out": 0.011308156924798828, "sft": 0.0, "sfR": 0.10567144593890508, "dsfb": 0.0, "roll-out": 0.19636826769070453, "roll-in": 0.24735145983288628, "oneh-in": 0.011597614866559889, "unknown": 0.0, "bad-redirect": 0.019683140039752224}, "reddit": {"sfT": 6.536318614255506e-05, "dsfb-red": 0.02105278929437163, "redirect": 0.07968933570588589, "sfb": 0.011393870880925317, "dsfb-alt": 0.02181051530725286, "alternate": 0.26436659420530073, "oneh-out": 0.011799721953621355, "sft": 0.0, "sfR": 0.10397777127267367, "dsfb": 0.0, "roll-out": 0.19036685228687808, "roll-in": 0.22368555850033253, "oneh-in": 0.00957445194654003, "unknown": 0.03964118045539599, "bad-redirect": 0.022575995004679366}, "akl": {"sfT": 0.00020791447255952698, "dsfb-red": 0.017950147125123474, "redirect": 0.06917483749130571, "sfb": 0.01811020297221089, "dsfb-alt": 0.020630996087229993, "alternate": 0.21586636725335445, "oneh-out": 0.0074532705737176885, "sft": 0.0, "sfR": 0.13064861186637447, "dsfb": 0.0, "roll-out": 0.16856450288934408, "roll-in": 0.19622248928943975, "oneh-in": 0.0081003873830827, "unknown": 0.1306993118661002, "bad-redirect": 0.016370960730157084}, "french": {"sfT": 4.108020073206356e-05, "dsfb-red": 0.01721453676388067, "redirect": 0.08124364779417974, "sfb": 0.03437329614361638, "dsfb-alt": 0.02238545834005456, "alternate": 0.18903416927346908, "oneh-out": 0.025667859265944157, "sft": 0.0, "sfR": 0.10898279115633469, "dsfb": 0.0, "roll-out": 0.17598043359927146, "roll-in": 0.1569157596549371, "oneh-in": 0.006468723322495921, "unknown": 0.15816744730284438, "bad-redirect": 0.023524797182239817}, "keymash": {"sfT": 2.873409875499255e-05, "dsfb-red": 0.020154917841001915, "redirect": 0.08070997853152335, "sfb": 0.00889525600029555, "dsfb-alt": 0.020725494944851056, "alternate": 0.2791476645335019, "oneh-out": 0.014798060858821164, "sft": 0.0, "sfR": 0.099723742164827, "dsfb": 0.0, "roll-out": 0.20049012162733515, "roll-in": 0.22652731997060913, "oneh-in": 0.011029789050666426, "unknown": 0.013394194891077241, "bad-redirect": 0.024374725486735107}, "movie": {"sfT": 2.3819208783787253e-05, "dsfb-red": 0.021471108549924733, "redirect": 0.07104756748633258, "sfb": 0.009701261062607804, "dsfb-alt": 0.020669282919429616, "alternate": 0.2634709798472386, "oneh-out": 0.016534742026783057, "sft": 0.0, "sfR": 0.11567713207251198, "dsfb": 0.0, "roll-out": 0.20776864152472413, "roll-in": 0.2135563144656687, "oneh-in": 0.008313430256896088, "unknown": 0.030434368933750885, "bad-redirect": 0.021331351645348037}, "dutch": {"sfT": 4.5849040858506344e-05, "dsfb-red": 0.024202842611843956, "redirect": 0.09434997446116977, "sfb": 0.022477254697859123, "dsfb-alt": 0.019620054359713035, "alternate": 0.20120626549287862, "oneh-out": 0.02201594915457919, "sft": 0.0, "sfR": 0.18880787437283908, "dsfb": 0.0,