{"english-450k": {"oneh-in": 0.003689116711035075, "dsfb-alt": 0.05494120625550707, "bad-redirect": 0.0013515164874487006, "alternate": 0.35927038573911846, "redirect": 0.034353309739045934, "dsfb": 0.0, "dsfb-red": 0.01288632819603099, "sfR": 0.11369548401129392, "sfb": 0.02807780618733194, "unknown": 0.00015377410175167997, "oneh-out": 0.004252175494255105, "sfT": 0.00014091086890553184, "roll-out": 0.15439241396689823, "roll-in": 0.2327955722413774, "sft": 0.0}, "shai": {"oneh-in": 0.003145206436768512, "dsfb-alt": 0.04931424483834541, "bad-redirect": 0.0007346113319996421, "alternate": 0.32947019831665086, "redirect": 0.0321163658533338, "dsfb": 0.0, "dsfb-red": 0.009622668427031801, "sfR": 0.09823378925716947, "sfb": 0.01653454510156417, "unknown": 0.023260762136131256, "oneh-out": 0.012629360673488289, "sfT": 4.068573735777409e-05, "roll-out": 0.1928685202002828, "roll-in": 0.23202904168987623, "sft": 0.0}, "tr-quotes": {"oneh-in": 0.0030570259587157024, "dsfb-alt": 0.047512771318277434, "bad-redirect": 0.0007454751392709369, "alternate": 0.33306673447215734, "redirect": 0.03041769723307367, "dsfb": 0.0, "dsfb-red": 0.010173135156376413, "sfR": 0.09677191928064538, "sfb": 0.013553778229814382, "unknown": 0.013835787429786644, "oneh-out": 0.022731790758419825, "sfT": 2.080395737500289e-05, "roll-out": 0.2075541480779455, "roll-in": 0.22055893298814175, "sft": 0.0}, "gutenberg": {"oneh-in": 0.0025537972033827347, "dsfb-alt": 0.05049001611349233, "bad-redirect": 0.001064445255233854, "alternate": 0.3083138497607224, "redirect": 0.02672157302238423, "dsfb": 0.0, "dsfb-red": 0.008019995430784917, "sfR": 0.09863878308844841, "sfb": 0.013439023900480525, "unknown": 0.032975828246008664, "oneh-out": 0.013746669227851904, "sfT": 0.00015287547979599933, "roll-out": 0.22182743597699933, "roll-in": 0.22205570729441468, "sft": 0.0}, "english-200": {"oneh-in": 0.0066815144766146995, "dsfb-alt": 0.051224944320712694, "bad-redirect": 0.0, "alternate": 0.3273942093541203, "redirect": 0.026726057906458798, "dsfb": 0.0, "dsfb-red": 0.0022271714922048997, "sfR": 0.10690423162583519, "sfb": 0.013363028953229399, "unknown": 0.0, "oneh-out": 0.017817371937639197, "sfT": 0.0, "roll-out": 0.17817371937639198, "roll-in": 0.26948775055679286, "sft": 0.0}, "monkeyracer": {"oneh-in": 0.0031104837574487385, "dsfb-alt": 0.047349343885387175, "bad-redirect": 0.0007448738602061404, "alternate": 0.333128704818806, "redirect": 0.030345300843017346, "dsfb": 0.0, "dsfb-red": 0.010128133944351471, "sfR": 0.09690789370786869, "sfb": 0.013526009978572657, "unknown": 0.013436077701487402, "oneh-out": 0.023290504715579398, "sfT": 1.8572970267607176e-05, "roll-out": 0.2081277272940551, "roll-in": 0.2198863725229523, "sft": 0.0}, "chained-bigrams": {"oneh-in": 0.005276899232456923, "dsfb-alt": 0.06208132021824429, "bad-redirect": 0.002676433940714586, "alternate": 0.3317648296321884, "redirect": 0.0376220124679487, "dsfb": 0.0, "dsfb-red": 0.017247480535468592, "sfR": 0.11914286586209158, "sfb": 0.017378640083266835, "unknown": 0.022916559801936097, "oneh-out": 0.006098918972618172, "sfT": 4.5451328444934745e-05, "roll-out": 0.1897183900620021, "roll-in": 0.18803019786261882, "sft": 0.0}, "english-5k": {"oneh-in": 0.0036918737296221015, "dsfb-alt": 0.051976604305803295, "bad-redirect": 0.0010370431824781184, "alternate": 0.3508109677686979, "redirect": 0.033102418384701536, "dsfb": 0.0, "dsfb-red": 0.011614883643754926, "sfR": 0.10644211224955408, "sfb": 0.018417886920811383, "unknown": 0.002157049819554486, "oneh-out": 0.005102252457792342, "sfT": 0.0, "roll-out": 0.14829717509437093, "roll-in": 0.2673497324428589, "sft": 0.0}, "mt-quotes": {"oneh-in": 0.003158580461624891, "dsfb-alt": 0.04764914356749262, "bad-redirect": 0.0006947681715494675, "alternate": 0.33533396684237576, "redirect": 0.029981114258734655, "dsfb": 0.0, "dsfb-red": 0.010040520672714884, "sfR": 0.0964592223377679, "sfb": 0.01257754509269552, "unknown": 0.007977133909467972, "oneh-out": 0.025022113051481575, "sfT": 5.9765004004255265e-06, "roll-out": 0.2121373758382042, "roll-in": 0.21896253929549014, "sft": 0.0}, "wordle": {"oneh-in": 0.0018400089756535397, "dsfb-alt": 0.060540783125771346, "bad-redirect": 0.0017053741725569394, "alternate": 0.3255020756198811, "redirect": 0.036149444631437225, "dsfb": 0.0, "dsfb-red": 0.015483002356109055, "sfR": 0.13138112868843263, "sfb": 0.031010882979916974, "unknown": 0.0, "oneh-out": 0.007068327162571525, "sfT": 0.0002019522046449007, "roll-out": 0.18467407158083698, "roll-in": 0.2044429485021878, "sft": 0.0}, "english-1k": {"oneh-in": 0.0038814396612561752, "dsfb-alt": 0.046224417784050814, "bad-redirect": 0.0, "alternate": 0.3158080451658433, "redirect": 0.03493295695130558, "dsfb": 0.0, "dsfb-red": 0.01058574453069866, "sfR": 0.10832745236414962, "sfb": 0.014467184191954835, "unknown": 0.0, "oneh-out": 0.009174311926605505, "sfT": 0.0, "roll-out": 0.17678193366266762, "roll-in": 0.2798165137614679, "sft": 0.0}, "english-10k": {"oneh-in": 0.003550684085602362, "dsfb-alt": 0.05268134540051331, "bad-redirect": 0.0006368074718743367, "alternate": 0.35200015437756893, "redirect": 0.03614364832789796, "dsfb": 0.0, "dsfb-red": 0.010690646649041895, "sfR": 0.10567144593890508, "sfb": 0.01900773817564308, "unknown": 0.0, "oneh-out": 0.004689218656529206, "sfT": 7.718878446961657e-05, "roll-out": 0.1514829895216225, "roll-in": 0.2633681326103317, "sft": 0.0}, "reddit": {"oneh-in": 0.003423345370273085, "dsfb-alt": 0.04847124122817614, "bad-redirect": 0.0007974308709391716, "alternate": 0.32507629606863847, "redirect": 0.030215322067267146, "dsfb": 0.0, "dsfb-red": 0.009662027378747075, "sfR": 0.10397777127267367, "sfb": 0.014817890484637122, "unknown": 0.039285409944231534, "oneh-out": 0.01738185042243534, "sfT": 6.39023470253289e-05, "roll-out": 0.19248491917720298, "roll-in": 0.21434259336775294, "sft": 0.0}, "akl": {"oneh-in": 0.0035948078752912438, "dsfb-alt": 0.041158195537594554, "bad-redirect": 0.0012115372741481171, "alternate": 0.2789533256840244, "redirect": 0.0249553700404461, "dsfb": 0.0, "dsfb-red": 0.010859732397396184, "sfR": 0.13064861186637447, "sfb": 0.021343489212030834, "unknown": 0.13277008071454782, "oneh-out": 0.01495333734601265, "sfT": 0.00015506491144190034, "roll-out": 0.15697498204560317, "roll-in": 0.18242146509508855, "sft": 0.0}, "french": {"oneh-in": 0.0012013187074035436, "dsfb-alt": 0.03816024043932863, "bad-redirect": 0.0016929926780909477, "alternate": 0.24842105282082322, "redirect": 0.029001408187931222, "dsfb": 0.0, "dsfb-red": 0.007781641743704403, "sfR": 0.10898279115633469, "sfb": 0.0459650441051088, "unknown": 0.15807953387545715, "oneh-out": 0.01222332233861163, "sfT": 5.192705169122258e-05, "roll-out": 0.17264282459909386, "roll-in": 0.17579590229642067, "sft": 0.0}, "keymash": {"oneh-in": 0.0029801365280177987, "dsfb-alt": 0.04758366753826766, "bad-redirect": 0.0008086596363905046, "alternate": 0.3296498955310267, "redirect": 0.030503298264049947, "dsfb": 0.0, "dsfb-red": 0.01061519705434439, "sfR": 0.099723742164827, "sfb": 0.014650285493795488, "unknown": 0.01232282349464109, "oneh-out": 0.021911802736307176, "sfT": 2.873409875499255e-05, "roll-out": 0.2080800285699039, "roll-in": 0.22114172888967337, "sft": 0.0}, "movie": {"oneh-in": 0.001807891106473311, "dsfb-alt": 0.05373745099460989, "bad-redirect": 0.0005606067923697994, "alternate": 0.31658241992370223, "redirect": 0.02731299980036608, "dsfb": 0.0, "dsfb-red": 0.010517562455347209, "sfR": 0.11567713207251198, "sfb": 0.012665765572399932, "unknown": 0.030236445784519856, "oneh-out": 0.03419622474752625, "sfT": 1.7370914693148713e-05, "roll-out": 0.19651084122733933, "roll-in": 0.200177288608141, "sft": 0.0}, "dutch": {"oneh-in": 0.002329317755872165, "dsfb-alt": 0.035583230819994226, "bad-redirect": 0.0005135379468860468, "alternate": 0.2783378899665336, "redirect": 0.022099632171273226, "dsfb": 0.0, "dsfb-red": 0.008206350735874416, "sfR": 0.18880787437283908,