{"english-450k": {"oneh-in": 0.005195576685039651, "roll-in": 0.2049916944444282, "dsfb": 0.0, "sft": 0.0, "oneh-out": 0.005891945335937943, "sfb": 0.04019321745119719, "alternate": 0.34582362987567683, "bad-redirect": 0.00040226837264317804, "redirect": 0.038524797681811565, "dsfb-red": 0.01895485063740242, "dsfb-alt": 0.05077147238994773, "sfR": 0.11369548401129392, "roll-out": 0.1751469478179572, "sfT": 0.00025434119491247445, "unknown": 0.00015377410175167997}, "shai": {"oneh-in": 0.004764090068438117, "roll-in": 0.2213416121893726, "dsfb": 0.0, "sft": 0.0, "oneh-out": 0.013787154763405005, "sfb": 0.024573035852680475, "alternate": 0.33144391715715066, "bad-redirect": 0.0003353554413148491, "redirect": 0.03348201637771227, "dsfb-red": 0.01608010492213821, "dsfb-alt": 0.051794158964811175, "sfR": 0.09823378925716947, "roll-out": 0.18082291780521192, "sfT": 8.108506446398089e-05, "unknown": 0.023260762136131256}, "tr-quotes": {"oneh-in": 0.0033078292226254593, "roll-in": 0.20818751300247335, "dsfb": 0.0, "sft": 0.0, "oneh-out": 0.022947920760037908, "sfb": 0.024838769330343728, "alternate": 0.3355146667899494, "bad-redirect": 0.00047502369339589933, "redirect": 0.03089272092646957, "dsfb-red": 0.013224382238043503, "dsfb-alt": 0.05925429370564712, "sfR": 0.09677191928064538, "roll-out": 0.19071218880747093, "sfT": 3.698481311111625e-05, "unknown": 0.013835787429786644}, "gutenberg": {"oneh-in": 0.00588125420786443, "roll-in": 0.21786195590442234, "dsfb": 0.0, "sft": 0.0, "oneh-out": 0.012850443831427031, "sfb": 0.022825426810532533, "alternate": 0.3185854907340789, "bad-redirect": 0.000610365298516369, "redirect": 0.029531867623095072, "dsfb-red": 0.013561210622250562, "dsfb-alt": 0.06254349942013403, "sfR": 0.09863878308844841, "roll-out": 0.18396925365319355, "sfT": 0.0001646205600281579, "unknown": 0.032975828246008664}, "english-200": {"oneh-in": 0.0, "roll-in": 0.19821826280623608, "dsfb": 0.0, "sft": 0.0, "oneh-out": 0.011135857461024499, "sfb": 0.022271714922048998, "alternate": 0.33407572383073497, "bad-redirect": 0.0, "redirect": 0.0334075723830735, "dsfb-red": 0.0066815144766146995, "dsfb-alt": 0.08240534521158129, "sfR": 0.10690423162583519, "roll-out": 0.20489977728285078, "sfT": 0.0, "unknown": 0.0}, "monkeyracer": {"oneh-in": 0.003322606628399831, "roll-in": 0.20729780878051832, "dsfb": 0.0, "sft": 0.0, "oneh-out": 0.023436155903467475, "sfb": 0.024920038475374197, "alternate": 0.33559206719114126, "bad-redirect": 0.0004780096032031531, "redirect": 0.03087902935702332, "dsfb-red": 0.013267943444328011, "dsfb-alt": 0.059457942975116126, "sfR": 0.09690789370786869, "roll-out": 0.19097021286578977, "sfT": 3.421336628243427e-05, "unknown": 0.013436077701487402}, "chained-bigrams": {"oneh-in": 0.008327332675804116, "roll-in": 0.1965360893287423, "dsfb": 0.0, "sft": 0.0, "oneh-out": 0.007004699018056514, "sfb": 0.0243469780385674, "alternate": 0.33009936309702753, "bad-redirect": 0.0016752061055418804, "redirect": 0.03784797050078923, "dsfb-red": 0.018399347059201654, "dsfb-alt": 0.06234623653260905, "sfR": 0.11914286586209158, "roll-out": 0.1712346333928313, "sfT": 0.0001227185868013238, "unknown": 0.022916559801936097}, "english-5k": {"oneh-in": 0.0033600199112291036, "roll-in": 0.2205168623221471, "dsfb": 0.0, "sft": 0.0, "oneh-out": 0.006761521549757332, "sfb": 0.023354212469407228, "alternate": 0.34317832994565894, "bad-redirect": 0.00020740863649562367, "redirect": 0.037872817024100884, "dsfb-red": 0.01953789355788775, "dsfb-alt": 0.046708424938814455, "sfR": 0.10644211224955408, "roll-out": 0.18986186584809392, "sfT": 4.148172729912474e-05, "unknown": 0.002157049819554486}, "mt-quotes": {"oneh-in": 0.003139156835323508, "roll-in": 0.20845136921624174, "dsfb": 0.0, "sft": 0.0, "oneh-out": 0.024868218166170616, "sfb": 0.02440952176043796, "alternate": 0.338244522537383, "bad-redirect": 0.0004885789077347868, "redirect": 0.030438316539367207, "dsfb-red": 0.012638804221799882, "dsfb-alt": 0.06129797635696441, "sfR": 0.0964592223377679, "roll-out": 0.19157223796033995, "sfT": 1.4941251001063817e-05, "unknown": 0.007977133909467972}, "wordle": {"oneh-in": 0.006193200942443622, "roll-in": 0.187366767642769, "dsfb": 0.0, "sft": 0.0, "oneh-out": 0.0067093010209805905, "sfb": 0.050241220688881406, "alternate": 0.31152249523168407, "bad-redirect": 0.0005609783462358353, "redirect": 0.03630651856838326, "dsfb-red": 0.02250645125098171, "dsfb-alt": 0.05917199596095591, "sfR": 0.13138112868843263, "roll-out": 0.18698530236732863, "sfT": 0.0010546392909233703, "unknown": 0.0}, "english-1k": {"oneh-in": 0.0038814396612561752, "roll-in": 0.20465772759350742, "dsfb": 0.0, "sft": 0.0, "oneh-out": 0.009527170077628794, "sfb": 0.02328863796753705, "alternate": 0.32145377558221594, "bad-redirect": 0.00035285815102328866, "redirect": 0.0374029640084686, "dsfb-red": 0.016231474947071278, "dsfb-alt": 0.05822159491884263, "sfR": 0.10832745236414962, "roll-out": 0.21665490472829924, "sfT": 0.0, "unknown": 0.0}, "english-10k": {"oneh-in": 0.005866347619690859, "roll-in": 0.23035063005345324, "dsfb": 0.0, "sft": 0.0, "oneh-out": 0.006599641072152216, "sfb": 0.02543370448273866, "alternate": 0.3432585245363849, "bad-redirect": 0.00017367476505663728, "redirect": 0.036799752995889695, "dsfb-red": 0.018795469018351635, "dsfb-alt": 0.04457652303120357, "sfR": 0.10567144593890508, "roll-out": 0.18237780050558655, "sfT": 9.64859805870207e-05, "unknown": 0.0}, "reddit": {"oneh-in": 0.0036155019003082183, "roll-in": 0.2047310960394966, "dsfb": 0.0, "sft": 0.0, "oneh-out": 0.01749826806285429, "sfb": 0.02686722864023784, "alternate": 0.3223670388247961, "bad-redirect": 0.000274487924385469, "redirect": 0.030796473834030322, "dsfb-red": 0.013677387165629377, "dsfb-alt": 0.05759384439853414, "sfR": 0.10397777127267367, "roll-out": 0.17919206981612343, "sfT": 0.0001234221766989793, "unknown": 0.039285409944231534}, "akl": {"oneh-in": 0.0024522789341031694, "roll-in": 0.17176391500654023, "dsfb": 0.0, "sft": 0.0, "oneh-out": 0.015277105765313902, "sfb": 0.027998432450885673, "alternate": 0.27524501108420096, "bad-redirect": 0.00042548961758141584, "redirect": 0.026625430996324424, "dsfb-red": 0.011683607392939551, "dsfb-alt": 0.04930923350519859, "sfR": 0.13064861186637447, "roll-out": 0.1552484148034808, "sfT": 0.000552387862509013, "unknown": 0.13277008071454782}, "french": {"oneh-in": 0.006356719099055765, "roll-in": 0.20148569497369662, "dsfb": 0.0, "sft": 0.0, "oneh-out": 0.01308486793427102, "sfb": 0.02615357046497169, "alternate": 0.24465315044164287, "bad-redirect": 0.002453545701491096, "redirect": 0.02773195207975108, "dsfb-red": 0.011648708910866347, "dsfb-alt": 0.030189482950240987, "sfR": 0.10898279115633469, "roll-out": 0.1690624948359476, "sfT": 0.00011748757627310082, "unknown": 0.15807953387545715}, "keymash": {"oneh-in": 0.0035671331168697896, "roll-in": 0.20863008131749947, "dsfb": 0.0, "sft": 0.0, "oneh-out": 0.0222607167926178, "sfb": 0.025080763341857784, "alternate": 0.33116459302253987, "bad-redirect": 0.000537738133843432, "redirect": 0.031829171678030316, "dsfb-red": 0.013410614376080094, "dsfb-alt": 0.0591142508815211, "sfR": 0.099723742164827, "roll-out": 0.192305008353413, "sfT": 5.3363326259271875e-05, "unknown": 0.01232282349464109}, "movie": {"oneh-in": 0.003128343818829782, "roll-in": 0.1765329733518325, "dsfb": 0.0, "sft": 0.0, "oneh-out": 0.03618716844747055, "sfb": 0.02270562787368555, "alternate": 0.3185479652407997, "bad-redirect": 0.0005063884828730019, "redirect": 0.026185469519374425, "dsfb-red": 0.012397700775203387, "dsfb-alt": 0.0602400949925838, "sfR": 0.11567713207251198, "roll-out": 0.19761152554925976, "sfT": 4.316409105570286e-05, "unknown": 0.030236445784519856}, "dutch": {"oneh-in": 0.0030784663390041145, "roll-in": 0.1666330763121334, "dsfb": 0.0, "sft": 0.0, "oneh-out": 0.002206724915688509, "sfb": 0.0522016702247937, "alternate": 0.27622397484180466, "bad-redirect": 0.0005432134113447203,