{"english-450k": {"sft": 0.0, "oneh-out": 0.0007907964738370615, "sfR": 0.11369548401129392, "bad-redirect": 0.006536861055451643, "redirect": 0.009284915345310563, "roll-in": 0.2574415263745972, "dsfb-red": 0.006531891170033813, "roll-out": 0.11899338186670065, "oneh-in": 0.004114188087360061, "dsfb-alt": 0.06243170061877997, "sfT": 3.9174390940542045e-05, "alternate": 0.39363480463380424, "sfb": 0.026505275971890327, "dsfb": 0.0, "unknown": 0.0}, "shai": {"sft": 0.0, "oneh-out": 0.0004499853388914468, "sfR": 0.09823378925716947, "bad-redirect": 0.009093571932166906, "redirect": 0.008133594436271862, "roll-in": 0.31578420829858994, "dsfb-red": 0.005471813670469679, "roll-out": 0.10812035763815889, "oneh-in": 0.010294950695636315, "dsfb-alt": 0.057347077051788854, "sfT": 7.419573679114623e-05, "alternate": 0.34765888260368905, "sfb": 0.023764975772789045, "dsfb": 0.0, "unknown": 0.015572597567587401}, "tr-quotes": {"sft": 0.0, "oneh-out": 0.0002068837983403065, "sfR": 0.09677191928064538, "bad-redirect": 0.008558516908994245, "redirect": 0.007155405561591272, "roll-in": 0.33376713437044914, "dsfb-red": 0.006198423522341139, "roll-out": 0.09796467950347888, "oneh-in": 0.0186357227063637, "dsfb-alt": 0.05869836573357065, "sfT": 4.738679179861769e-05, "alternate": 0.33321814105083103, "sfb": 0.029034234067635976, "dsfb": 0.0, "unknown": 0.009743186703959687}, "gutenberg": {"sft": 0.0, "oneh-out": 0.0005969152872827682, "sfR": 0.09863878308844841, "bad-redirect": 0.009294904946307934, "redirect": 0.007277971571601608, "roll-in": 0.3545924968638741, "dsfb-red": 0.005775359048997065, "roll-out": 0.09807445092697098, "oneh-in": 0.012873176244779596, "dsfb-alt": 0.05635573650556584, "sfT": 0.00017238746792361758, "alternate": 0.3064388045326917, "sfb": 0.024310990023122654, "dsfb": 0.0, "unknown": 0.025598023492433706}, "english-200": {"sft": 0.0, "oneh-out": 0.0, "sfR": 0.10690423162583519, "bad-redirect": 0.0066815144766146995, "redirect": 0.0, "roll-in": 0.3585746102449889, "dsfb-red": 0.0022271714922048997, "roll-out": 0.0801781737193764, "oneh-in": 0.013363028953229399, "dsfb-alt": 0.066815144766147, "sfT": 0.0, "alternate": 0.33853006681514475, "sfb": 0.026726057906458798, "dsfb": 0.0, "unknown": 0.0}, "monkeyracer": {"sft": 0.0, "oneh-out": 0.00020430267294367893, "sfR": 0.09690789370786869, "bad-redirect": 0.008518150679575207, "redirect": 0.007147660978775982, "roll-in": 0.334022162441153, "dsfb-red": 0.0062111922673882105, "roll-out": 0.09798903608239361, "oneh-in": 0.019043159672802915, "dsfb-alt": 0.058688630996136824, "sfT": 4.594366329355459e-05, "alternate": 0.33270934670065844, "sfb": 0.02914587797363029, "dsfb": 0.0, "unknown": 0.009366642163379577}, "chained-bigrams": {"sft": 0.0, "oneh-out": 0.0023543788134476194, "sfR": 0.11914286586209158, "bad-redirect": 0.007043657299580744, "redirect": 0.01161735955052532, "roll-in": 0.29764776389203623, "dsfb-red": 0.008054624705134506, "roll-out": 0.08860346897524786, "oneh-in": 0.010803131466668918, "dsfb-alt": 0.07078784683421757, "sfT": 7.07742114356841e-05, "alternate": 0.3449924648190485, "sfb": 0.022793841215134773, "dsfb": 0.0, "unknown": 0.016087822355430687}, "english-5k": {"sft": 0.0, "oneh-out": 0.00045629900029037207, "sfR": 0.10644211224955408, "bad-redirect": 0.006761521549757332, "redirect": 0.007508192641141577, "roll-in": 0.28095573899697185, "dsfb-red": 0.005102252457792342, "roll-out": 0.11867922180279587, "oneh-in": 0.004687435184801095, "dsfb-alt": 0.06110258431161074, "sfT": 0.0, "alternate": 0.38814452233791014, "sfb": 0.020160119467374622, "dsfb": 0.0, "unknown": 0.0}, "mt-quotes": {"sft": 0.0, "oneh-out": 0.00015240076021085094, "sfR": 0.0964592223377679, "bad-redirect": 0.008701784583019567, "redirect": 0.006892399086790739, "roll-in": 0.3404872043126427, "dsfb-red": 0.006179701414039995, "roll-out": 0.09629038620145587, "oneh-in": 0.02034998386344892, "dsfb-alt": 0.05878635206368559, "sfT": 2.3906001601702106e-05, "alternate": 0.33066183765434315, "sfb": 0.029786877995720825, "dsfb": 0.0, "unknown": 0.00522794372527223}, "wordle": {"sft": 0.0, "oneh-out": 0.0006956131493324357, "sfR": 0.13138112868843263, "bad-redirect": 0.01032200157073937, "redirect": 0.01525861101761472, "roll-in": 0.21712105912711768, "dsfb-red": 0.005766857399304387, "roll-out": 0.15489734096263885, "oneh-in": 0.003522944014361046, "dsfb-alt": 0.06523056210030292, "sfT": 8.975653539773365e-05, "alternate": 0.35918321552788063, "sfb": 0.036530909906877594, "dsfb": 0.0, "unknown": 0.0}, "english-1k": {"sft": 0.0, "oneh-out": 0.0, "sfR": 0.10832745236414962, "bad-redirect": 0.0077628793225123505, "redirect": 0.0038814396612561752, "roll-in": 0.3158080451658433, "dsfb-red": 0.003175723359209598, "roll-out": 0.11291460832745237, "oneh-in": 0.007410021171489062, "dsfb-alt": 0.061397318278052226, "sfT": 0.0, "alternate": 0.360621030345801, "sfb": 0.0187014820042343, "dsfb": 0.0, "unknown": 0.0}, "english-10k": {"sft": 0.0, "oneh-out": 0.0005403214912873159, "sfR": 0.10567144593890508, "bad-redirect": 0.009146870959649563, "redirect": 0.010497674687867853, "roll-in": 0.27782173250226744, "dsfb-red": 0.004496246695355165, "roll-out": 0.12639663456899713, "oneh-in": 0.003705061654541595, "dsfb-alt": 0.059589741610543985, "sfT": 1.929719611740414e-05, "alternate": 0.38001968314003975, "sfb": 0.02209528955442774, "dsfb": 0.0, "unknown": 0.0}, "reddit": {"sft": 0.0, "oneh-out": 0.0004004572051862785, "sfR": 0.10397777127267367, "bad-redirect": 0.009726603959211124, "redirect": 0.00825583862747048, "roll-in": 0.3093020803660039, "dsfb-red": 0.00575308410294271, "roll-out": 0.10204496874834368, "oneh-in": 0.014187632049087191, "dsfb-alt": 0.05715076065705547, "sfT": 7.630075081512013e-05, "alternate": 0.32579858736857364, "sfb": 0.030127596805407053, "dsfb": 0.0, "unknown": 0.0331983180872297}, "akl": {"sft": 0.0, "oneh-out": 0.0007131602300603906, "sfR": 0.13064861186637447, "bad-redirect": 0.008019544108666208, "redirect": 0.011857005345217954, "roll-in": 0.25339704205033764, "dsfb-red": 0.005369851432940862, "roll-out": 0.09377701235822376, "oneh-in": 0.01422508077100468, "dsfb-alt": 0.04645006977797477, "sfT": 0.00010310482400367273, "alternate": 0.2801369433676803, "sfb": 0.030480039308806803, "dsfb": 0.0, "unknown": 0.12482253455870851}, "french": {"sft": 0.0, "oneh-out": 0.001132866688021779, "sfR": 0.10898279115633469, "bad-redirect": 0.004766951287136925, "redirect": 0.01027449978900328, "roll-in": 0.23696193907416704, "dsfb-red": 0.006929190123918231, "roll-out": 0.13200093252954573, "oneh-in": 0.0051311148317008445, "dsfb-alt": 0.03676917674933151, "sfT": 0.0002259261221880082, "alternate": 0.27732181301877706, "sfb": 0.029622600151079856, "dsfb": 0.0, "unknown": 0.14988019847879508}, "keymash": {"sft": 0.0, "oneh-out": 0.0002462922750427933, "sfR": 0.099723742164827, "bad-redirect": 0.008542237072734214, "redirect": 0.007064483422477454, "roll-in": 0.3329214779178451, "dsfb-red": 0.00648569657612689, "roll-out": 0.10016706825990403, "oneh-in": 0.018213313739414563, "dsfb-alt": 0.05801414538632996, "sfT": 2.462922750427933e-05, "alternate": 0.33230985210148883, "sfb": 0.027720195556066383, "dsfb": 0.0, "unknown": 0.008566866300238493}, "movie": {"sft": 0.0, "oneh-out": 0.00032241470453192686, "sfR": 0.11567713207251198, "bad-redirect": 0.006623582411633039, "redirect": 0.007767562422447749, "roll-in": 0.3107052604525202, "dsfb-red": 0.009323706863708987, "roll-out": 0.0926839629215194, "oneh-in": 0.029217615318198966, "dsfb-alt": 0.057835012894614214, "sfT": 4.6717232697483285e-05, "alternate": 0.31497613670594027, "sfb": 0.030337776120229892, "dsfb": 0.0, "unknown": 0.02448311987944585}, "dutch": {"sft": 0.0, "oneh-out": 0.0012941550739001546, "sfR": 0.18880787437283908, "bad-redirect": 0.008796238004612445, "redirect": 0.008586519435241663, "roll-in": 0.22076555239092976, "dsfb-red": 0.0051429821256160435, "roll-out": 0.1210609407089958, "oneh-in": 0.0057402927431673, "dsfb-alt": 0.051708716829689264,