{"english-450k": {"alternate": 0.37455512216855397, "roll-in": 0.20213137921336655, "dsfb-alt": 0.040619750558527415, "sft": 0.0, "bad-redirect": 0.003403202126409328, "sfT": 0.00014032617650343418, "oneh-in": 0.004862302015843994, "dsfb-red": 0.011549136672433683, "sfb": 0.024621397052331725, "sfR": 0.11369548401129392, "dsfb": 0.0, "roll-out": 0.1902369816774942, "oneh-out": 0.007152249808659411, "unknown": 0.00015377410175167997, "redirect": 0.026878894416830723}, "shai": {"alternate": 0.33953799858993267, "roll-in": 0.2446877207100621, "dsfb-alt": 0.040454085649979425, "sft": 0.0, "bad-redirect": 0.0037313488870097623, "sfT": 4.1668821194234766e-05, "oneh-in": 0.005845308120148636, "dsfb-red": 0.01019957608186441, "sfb": 0.01400505877912444, "sfR": 0.09823378925716947, "dsfb": 0.0, "roll-out": 0.18339910835070114, "oneh-out": 0.014522524695530422, "unknown": 0.023260762136131256, "redirect": 0.02208104992115203}, "tr-quotes": {"alternate": 0.33852892905850535, "roll-in": 0.24072721388779733, "dsfb-alt": 0.04263077598761009, "sft": 0.0, "bad-redirect": 0.0035447631816185477, "sfT": 2.195973278472527e-05, "oneh-in": 0.004446268001202006, "dsfb-red": 0.010883937033355679, "sfb": 0.015281662467349345, "sfR": 0.09677191928064538, "dsfb": 0.0, "roll-out": 0.18822958322738725, "oneh-out": 0.023323547768197683, "unknown": 0.013835787429786644, "redirect": 0.021773652943759967}, "gutenberg": {"alternate": 0.31589416242991314, "roll-in": 0.2556703163556304, "dsfb-alt": 0.04349222153646109, "sft": 0.0, "bad-redirect": 0.0034193338417816454, "sfT": 0.0001578008360223884, "oneh-in": 0.005116308498550619, "dsfb-red": 0.008527117685325053, "sfb": 0.012303729290297844, "sfR": 0.09863878308844841, "dsfb": 0.0, "roll-out": 0.19060048806491467, "oneh-out": 0.014036696934875045, "unknown": 0.032975828246008664, "redirect": 0.019167213191771018}, "english-200": {"alternate": 0.3273942093541203, "roll-in": 0.24053452115812918, "dsfb-alt": 0.051224944320712694, "sft": 0.0, "bad-redirect": 0.004454342984409799, "sfT": 0.0, "oneh-in": 0.0, "dsfb-red": 0.008908685968819599, "sfb": 0.013363028953229399, "sfR": 0.10690423162583519, "dsfb": 0.0, "roll-out": 0.20935412026726058, "oneh-out": 0.013363028953229399, "unknown": 0.0, "redirect": 0.024498886414253896}, "monkeyracer": {"alternate": 0.33822356382063595, "roll-in": 0.23999307912476345, "dsfb-alt": 0.04280385379357805, "sft": 0.0, "bad-redirect": 0.003588493360651892, "sfT": 2.1505544520387257e-05, "oneh-in": 0.004438939893958115, "dsfb-red": 0.010791873250230696, "sfb": 0.015362778985563914, "sfR": 0.09690789370786869, "dsfb": 0.0, "roll-out": 0.18873656880992226, "oneh-out": 0.023849648873109468, "unknown": 0.013436077701487402, "redirect": 0.021845723133709746}, "chained-bigrams": {"alternate": 0.347833822151549, "roll-in": 0.21165060395075933, "dsfb-alt": 0.04827645316013347, "sft": 0.0, "bad-redirect": 0.0050898994811406206, "sfT": 6.103464105462665e-05, "oneh-in": 0.009279862659071533, "dsfb-red": 0.014474949500327574, "sfb": 0.014994393253983971, "sfR": 0.11914286586209158, "dsfb": 0.0, "roll-out": 0.16659210484452724, "oneh-out": 0.007394281833298812, "unknown": 0.022916559801936097, "redirect": 0.032293168860126134}, "english-5k": {"alternate": 0.3690629277803128, "roll-in": 0.22839839050898078, "dsfb-alt": 0.035425395113452524, "sft": 0.0, "bad-redirect": 0.004314099639108972, "sfT": 0.0, "oneh-in": 0.002779275729041357, "dsfb-red": 0.01182229228025055, "sfb": 0.014062305554403286, "sfR": 0.10644211224955408, "dsfb": 0.0, "roll-out": 0.19185298875845191, "oneh-out": 0.00945783382420044, "unknown": 0.002157049819554486, "redirect": 0.024225328742688845}, "mt-quotes": {"alternate": 0.33946223449396973, "roll-in": 0.24268177525967893, "dsfb-alt": 0.044016925449134006, "sft": 0.0, "bad-redirect": 0.0035171704856504227, "sfT": 1.0458875700744673e-05, "oneh-in": 0.004453986923417124, "dsfb-red": 0.010830912850671162, "sfb": 0.01497711000346637, "sfR": 0.0964592223377679, "dsfb": 0.0, "roll-out": 0.18874236502073846, "oneh-out": 0.025225314065096042, "unknown": 0.007977133909467972, "redirect": 0.02164539032524115}, "wordle": {"alternate": 0.3406260518343992, "roll-in": 0.20522831818691797, "dsfb-alt": 0.04629193313138113, "sft": 0.0, "bad-redirect": 0.0018400089756535397, "sfT": 0.0001795130707954673, "oneh-in": 0.012857623695725346, "dsfb-red": 0.013755189049702682, "sfb": 0.023695725345001684, "sfR": 0.13138112868843263, "dsfb": 0.0, "roll-out": 0.1910692247279255, "oneh-out": 0.006103444407045888, "unknown": 0.0, "redirect": 0.02697183888701896}, "english-1k": {"alternate": 0.32815808045165845, "roll-in": 0.22547635850388145, "dsfb-alt": 0.03599153140437544, "sft": 0.0, "bad-redirect": 0.003175723359209598, "sfT": 0.0, "oneh-in": 0.0028228652081863093, "dsfb-red": 0.012350035285815103, "sfb": 0.013408609738884969, "sfR": 0.10832745236414962, "dsfb": 0.0, "roll-out": 0.23535638673253353, "oneh-out": 0.011644318983768526, "unknown": 0.0, "redirect": 0.02328863796753705}, "english-10k": {"alternate": 0.37017811312016363, "roll-in": 0.2353486038478609, "dsfb-alt": 0.03647170066189383, "sft": 0.0, "bad-redirect": 0.0035699812817197663, "sfT": 7.718878446961657e-05, "oneh-in": 0.00741012330908319, "dsfb-red": 0.010555566276220065, "sfb": 0.013643117655004727, "sfR": 0.10567144593890508, "dsfb": 0.0, "roll-out": 0.18511800235425793, "oneh-out": 0.008355685918835993, "unknown": 0.0, "redirect": 0.023600470851585266}, "reddit": {"alternate": 0.3299926939315432, "roll-in": 0.2269613216623525, "dsfb-alt": 0.044227241390741315, "sft": 0.0, "bad-redirect": 0.003657678947641466, "sfT": 4.607261831251731e-05, "oneh-in": 0.0045139928722288305, "dsfb-red": 0.010075257561855767, "sfb": 0.017510741381470605, "sfR": 0.10397777127267367, "dsfb": 0.0, "roll-out": 0.17976655416332593, "oneh-out": 0.018318323211403833, "unknown": 0.039285409944231534, "redirect": 0.021666941042218814}, "akl": {"alternate": 0.28261333692153606, "roll-in": 0.188339084068926, "dsfb-alt": 0.038359540728172076, "sft": 0.0, "bad-redirect": 0.003123139749187694, "sfT": 0.00012190730928208034, "oneh-in": 0.005071161229878222, "dsfb-red": 0.009688048485605586, "sfb": 0.017836714523397888, "sfR": 0.13064861186637447, "dsfb": 0.0, "roll-out": 0.15370285545511614, "oneh-out": 0.017624772711678862, "unknown": 0.13277008071454782, "redirect": 0.020100746236297134}, "french": {"alternate": 0.26747828079150193, "roll-in": 0.19835414617806638, "dsfb-alt": 0.024699792799677555, "sft": 0.0, "bad-redirect": 0.006258423257697972, "sfT": 4.4660860095653346e-05, "oneh-in": 0.003819260121014601, "dsfb-red": 0.008529430240837696, "sfb": 0.01506561678138485, "sfR": 0.10898279115633469, "dsfb": 0.0, "roll-out": 0.1796083606628283, "oneh-out": 0.011667511117984778, "unknown": 0.15807953387545715, "redirect": 0.017412192157118495}, "keymash": {"alternate": 0.3358359365058515, "roll-in": 0.23840271249892248, "dsfb-alt": 0.04199283289479625, "sft": 0.0, "bad-redirect": 0.0035671331168697896, "sfT": 2.873409875499255e-05, "oneh-in": 0.004757545779576624, "dsfb-red": 0.0112391374844528, "sfb": 0.014588712425034789, "sfR": 0.099723742164827, "dsfb": 0.0, "roll-out": 0.19216954760213945, "oneh-out": 0.02267120391768912, "unknown": 0.01232282349464109, "redirect": 0.022699938016444113}, "movie": {"alternate": 0.3285492693753801, "roll-in": 0.21259696622238797, "dsfb-alt": 0.042016557903246377, "sft": 0.0, "bad-redirect": 0.0032952098781548773, "sfT": 2.2766426075111572e-05, "oneh-in": 0.003494843799287503, "dsfb-red": 0.010403861922810235, "sfb": 0.014838577485267951, "sfR": 0.11567713207251198, "dsfb": 0.0, "roll-out": 0.18374058697110335, "oneh-out": 0.034819340513223676, "unknown": 0.030236445784519856, "redirect": 0.020308441646031027}, "dutch": {"alternate": 0.2785444347853248, "roll-in": 0.19773516855251405, "dsfb-alt": 0.03552205095006493, "sft": 0.0, "bad-redirect": 0.005173984468848096, "sfT": 4.246012074812007e-05, "oneh-in": 0.0035775879273253434,