{"english-450k": {"sfR": 0.11369548401129392, "sft": 0.0, "sfT": 7.601001227269352e-06, "sfb": 0.016801720866677854, "bad-redirect": 0.004569078776192027, "dsfb-red": 0.0035838720786574994, "oneh-out": 0.003944334944550696, "oneh-in": 0.006205925155864377, "dsfb": 0.0, "dsfb-alt": 0.05436616127804404, "alternate": 0.40474776077427305, "roll-out": 0.13618392318077344, "unknown": 0.0, "roll-in": 0.2439287002697186, "redirect": 0.011965437662727204}, "shai": {"sfR": 0.09823378925716947, "sft": 0.0, "sfT": 6.487579238879464e-05, "sfb": 0.016792952945427545, "bad-redirect": 0.004590378380453754, "dsfb-red": 0.0033309202624570654, "oneh-out": 0.003037160104569157, "oneh-in": 0.012039069145008118, "dsfb": 0.0, "dsfb-alt": 0.044685622948489816, "alternate": 0.35904809462870857, "roll-out": 0.134449719209582, "unknown": 0.015546460696927484, "roll-in": 0.2935344782209, "redirect": 0.014646478407918176}, "tr-quotes": {"sfR": 0.09677191928064538, "sft": 0.0, "sfT": 1.5025080326390976e-05, "sfb": 0.01996486442754444, "bad-redirect": 0.003965465430757495, "dsfb-red": 0.003900742007813042, "oneh-out": 0.002751901250548993, "oneh-in": 0.01990129678000971, "dsfb": 0.0, "dsfb-alt": 0.04074223896812371, "alternate": 0.3486153810591526, "roll-out": 0.13263331869351147, "unknown": 0.009742030928549965, "roll-in": 0.30511777351425073, "redirect": 0.015878042578766093}, "gutenberg": {"sfR": 0.09863878308844841, "sft": 0.0, "sfT": 1.875424101586609e-05, "sfb": 0.014668468589298413, "bad-redirect": 0.004652946139714171, "dsfb-red": 0.00472455324177475, "oneh-out": 0.0030899032849473914, "oneh-in": 0.013092165160075971, "dsfb": 0.0, "dsfb-alt": 0.03568306923952121, "alternate": 0.32368910696850767, "roll-out": 0.12934534817153728, "unknown": 0.025597834055655768, "roll-in": 0.3302375575082699, "redirect": 0.01656151031123326}, "english-200": {"sfR": 0.10690423162583519, "sft": 0.0, "sfT": 0.0, "sfb": 0.008908685968819599, "bad-redirect": 0.004454342984409799, "dsfb-red": 0.0, "oneh-out": 0.0, "oneh-in": 0.008908685968819599, "dsfb": 0.0, "dsfb-alt": 0.0334075723830735, "alternate": 0.36971046770601335, "roll-out": 0.15367483296213807, "unknown": 0.0, "roll-in": 0.2984409799554566, "redirect": 0.015590200445434299}, "monkeyracer": {"sfR": 0.09690789370786869, "sft": 0.0, "sfT": 1.5640396014827094e-05, "sfb": 0.019918044324882304, "bad-redirect": 0.003993188607535543, "dsfb-red": 0.003855357617654879, "oneh-out": 0.002752709698609569, "oneh-in": 0.020339357492531712, "dsfb": 0.0, "dsfb-alt": 0.04049005270813457, "alternate": 0.3482275521216197, "roll-out": 0.13285636642319784, "unknown": 0.009365664638628651, "roll-in": 0.30544129377355833, "redirect": 0.01583687848976336}, "chained-bigrams": {"sfR": 0.11914286586209158, "sft": 0.0, "sfT": 6.103464105462665e-05, "sfb": 0.017028015549548765, "bad-redirect": 0.005331440826590845, "dsfb-red": 0.0072235146992842714, "oneh-out": 0.003717918666795662, "oneh-in": 0.006738484094307611, "dsfb": 0.0, "dsfb-alt": 0.05957370549746804, "alternate": 0.3535834151998333, "roll-out": 0.11011947855638789, "unknown": 0.01607548556628135, "roll-in": 0.28225469755712096, "redirect": 0.019149943283235146}, "english-5k": {"sfR": 0.10644211224955408, "sft": 0.0, "sfT": 8.296345459824948e-05, "sfb": 0.012278591280540922, "bad-redirect": 0.005226697639689717, "dsfb-red": 0.0035259468204256023, "oneh-out": 0.005226697639689717, "oneh-in": 0.003567428547724727, "dsfb": 0.0, "dsfb-alt": 0.05475588003484465, "alternate": 0.39540382461525697, "roll-out": 0.1516157132783009, "unknown": 0.0, "roll-in": 0.25013481561372214, "redirect": 0.0117393288256523}, "mt-quotes": {"sfR": 0.0964592223377679, "sft": 0.0, "sfT": 1.1953000800851053e-05, "sfb": 0.019755322073606578, "bad-redirect": 0.003916101887378827, "dsfb-red": 0.003726347999665316, "oneh-out": 0.0026535661777889337, "oneh-in": 0.021921803468760832, "dsfb": 0.0, "dsfb-alt": 0.0394971970213122, "alternate": 0.3467864357346912, "roll-out": 0.13300701641147009, "unknown": 0.00522794372527223, "roll-in": 0.3111545403473542, "redirect": 0.01588254981413084}, "wordle": {"sfR": 0.13138112868843263, "sft": 0.0, "sfT": 0.0, "sfb": 0.025176708179064287, "bad-redirect": 0.007090766296420958, "dsfb-red": 0.005407831257713452, "oneh-out": 0.003119039605071244, "oneh-in": 0.012767867160327611, "dsfb": 0.0, "dsfb-alt": 0.05585100415123976, "alternate": 0.3717266913497139, "roll-out": 0.14939975316952767, "unknown": 0.0, "roll-in": 0.22273084258947604, "redirect": 0.015348367553012453}, "english-1k": {"sfR": 0.10832745236414962, "sft": 0.0, "sfT": 0.0, "sfb": 0.009880028228652082, "bad-redirect": 0.0045871559633027525, "dsfb-red": 0.0028228652081863093, "oneh-out": 0.00529287226534933, "oneh-in": 0.0045871559633027525, "dsfb": 0.0, "dsfb-alt": 0.03952011291460833, "alternate": 0.38637967537050105, "roll-out": 0.1806633733239238, "unknown": 0.0, "roll-in": 0.24488355681016233, "redirect": 0.01305575158786168}, "english-10k": {"sfR": 0.10567144593890508, "sft": 0.0, "sfT": 0.0, "sfb": 0.013816792420061366, "bad-redirect": 0.004669921460411802, "dsfb-red": 0.0033191177321935123, "oneh-out": 0.004920785009938056, "oneh-in": 0.007680284054726848, "dsfb": 0.0, "dsfb-alt": 0.05102178653441655, "alternate": 0.39109627371142974, "roll-out": 0.1421624437969163, "unknown": 0.0, "roll-in": 0.26385056251326683, "redirect": 0.01179058682773393}, "reddit": {"sfR": 0.10397777127267367, "sft": 0.0, "sfT": 8.51407003450015e-05, "sfb": 0.019454144353753804, "bad-redirect": 0.004117206493542249, "dsfb-red": 0.003489045673135, "oneh-out": 0.002960671401658277, "oneh-in": 0.015489127330295912, "dsfb": 0.0, "dsfb-alt": 0.04239879521975983, "alternate": 0.3377059619279106, "roll-out": 0.1347253631823968, "unknown": 0.03279448971484982, "roll-in": 0.2858192788436597, "redirect": 0.016983003886019338}, "akl": {"sfR": 0.13064861186637447, "sft": 0.0, "sfT": 0.00020751915092423852, "sfb": 0.01976912079949452, "bad-redirect": 0.0040478217617296195, "dsfb-red": 0.005145358159301425, "oneh-out": 0.004250745298643629, "oneh-in": 0.015480968191111721, "dsfb": 0.0, "dsfb-alt": 0.03705520170013999, "alternate": 0.2871383613122632, "roll-out": 0.11862537377351771, "unknown": 0.12423987988349773, "roll-in": 0.23509874010253606, "redirect": 0.01829229800046564}, "french": {"sfR": 0.10898279115633469, "sft": 0.0, "sfT": 0.000498535652647756, "sfb": 0.04560870108015908, "bad-redirect": 0.004904259835535671, "dsfb-red": 0.004912275119048309, "oneh-out": 0.0023554446240317407, "oneh-in": 0.005051381488048021, "dsfb": 0.0, "dsfb-alt": 0.03797527466316595, "alternate": 0.2728063318882002, "roll-out": 0.14122447134073954, "unknown": 0.14987089475718507, "roll-in": 0.21054632127476627, "redirect": 0.015263317120137699}, "keymash": {"sfR": 0.099723742164827, "sft": 0.0, "sfT": 3.283897000570577e-05, "sfb": 0.019670543033417757, "bad-redirect": 0.004306009941998169, "dsfb-red": 0.004178758933226059, "oneh-out": 0.0028980391030035343, "oneh-in": 0.01939551665961997, "dsfb": 0.0, "dsfb-alt": 0.039624322183134726, "alternate": 0.34795762130920765, "roll-out": 0.13330158899566116, "unknown": 0.008566866300238493, "roll-in": 0.30474564165294954, "redirect": 0.01559851075271024}, "movie": {"sfR": 0.11567713207251198, "sft": 0.0, "sfT": 3.013590503584133e-05, "sfb": 0.028734651250594, "bad-redirect": 0.004533808734911814, "dsfb-red": 0.0060500790310819615, "oneh-out": 0.0028211944635736525, "oneh-in": 0.02822036689740593, "dsfb": 0.0, "dsfb-alt": 0.041237367100987785, "alternate": 0.3310335733721775, "roll-out": 0.12155771308749716, "unknown": 0.024481409107544254, "roll-in": 0.2782640244803563, "redirect": 0.017358544496321775}, "dutch": {"sfR": 0.18880787437283908, "sft": 0.0, "sfT": 0.00032479840677003676, "sfb": 0.029038598509040114, "bad-redirect": 0.004495967346445789, "dsfb-red": 0.0053377464125949625, "oneh-out": 0.003316318324529373, "oneh-in": 0.006064140817842891, "dsfb": 0.0, "dsfb-alt": 0.031495386281127816, "alternate": 0.2944576919144562,