{"shai": {"bad-redirect": 0.0014416808349431655, "sfb": 0.024852525813304483, "dsfb-red": 0.008417330235354915, "unknown": 0.015572597567587401, "sfR": 0.09823378925716947, "oneh-out": 0.012337969205789017, "alternate": 0.31512824367350717, "roll-out": 0.22854260453122693, "roll-in": 0.20340412517459414, "sfT": 0.00021954506905273757, "redirect": 0.019246552162428363, "dsfb": 0.0, "dsfb-alt": 0.07063100900319015, "oneh-in": 0.001972027471852065, "sft": 0.0}, "english-200": {"bad-redirect": 0.0022271714922048997, "sfb": 0.0200445434298441, "dsfb-red": 0.0066815144766146995, "unknown": 0.0, "sfR": 0.10690423162583519, "oneh-out": 0.015590200445434299, "alternate": 0.289532293986637, "roll-out": 0.26948775055679286, "roll-in": 0.18262806236080179, "sfT": 0.0, "redirect": 0.011135857461024499, "dsfb": 0.0, "dsfb-alt": 0.09131403118040089, "oneh-in": 0.004454342984409799, "sft": 0.0}, "monkeyracer": {"bad-redirect": 0.0009257159391275787, "sfb": 0.02846943084598902, "dsfb-red": 0.009467327212725026, "unknown": 0.009366642163379577, "sfR": 0.09690789370786869, "oneh-out": 0.022673686597744654, "alternate": 0.294590769038272, "roll-out": 0.2538446048453947, "roll-in": 0.18517740119179818, "sfT": 0.00017595445516680483, "redirect": 0.02073525501665702, "dsfb": 0.0, "dsfb-alt": 0.07580704443436508, "oneh-in": 0.0018582745515116443, "sft": 0.0}, "reddit": {"bad-redirect": 0.0008975545365890568, "sfb": 0.02819142311388346, "dsfb-red": 0.010206807997232645, "unknown": 0.0331983180872297, "sfR": 0.10397777127267367, "oneh-out": 0.01660842975339725, "alternate": 0.2926547323602272, "roll-out": 0.23970171163522772, "roll-in": 0.18103849554547077, "sfT": 0.00026276375403439753, "redirect": 0.020610979104943875, "dsfb": 0.0, "dsfb-alt": 0.07076851562077141, "oneh-in": 0.0018824972183188477, "sft": 0.0}}