{"english-450k": {"roll-out": 0.2209146226307533, "dsfb-red": 0.008711916791254872, "oneh-out": 0.006827160833093122, "sfT": 0.0017979291364502506, "oneh-in": 0.002272991713154585, "dsfb": 0.0, "unknown": 0.0, "dsfb-alt": 0.06416472889859738, "alternate": 0.36688922008465175, "bad-redirect": 0.0007890423966307685, "sft": 0.0, "sfb": 0.04422467156366043, "roll-in": 0.15303680463263483, "sfR": 0.11369548401129392, "redirect": 0.016675427307824762}, "shai": {"roll-out": 0.2815527994976519, "dsfb-red": 0.009749672021557867, "oneh-out": 0.014460567191380568, "sfT": 0.0002848775696805179, "oneh-in": 0.0022472328899289795, "dsfb": 0.0, "unknown": 0.016772683614515952, "dsfb-alt": 0.06142350771744034, "alternate": 0.32516566897848764, "bad-redirect": 0.0011936805203563378, "sft": 0.0, "sfb": 0.022571272029979876, "roll-in": 0.15040150846860928, "sfR": 0.09823378925716947, "redirect": 0.01594274024324126}, "tr-quotes": {"roll-out": 0.29910774138369434, "dsfb-red": 0.010694389866161207, "oneh-out": 0.023344351725572688, "sfT": 0.00021959732784725271, "oneh-in": 0.0018931601211252629, "dsfb": 0.0, "unknown": 0.010735997780911213, "dsfb-alt": 0.057781835833660804, "alternate": 0.3149025681329604, "bad-redirect": 0.0017174822588474608, "sft": 0.0, "sfb": 0.022641640276461476, "roll-in": 0.14209565197290863, "sfR": 0.09677191928064538, "redirect": 0.018093664039203903}, "gutenberg": {"roll-out": 0.32235982909771643, "dsfb-red": 0.011754930944611339, "oneh-out": 0.018066017201617185, "sfT": 0.00011138882542756828, "oneh-in": 0.0021440454527027514, "dsfb": 0.0, "unknown": 0.030721151714990094, "dsfb-alt": 0.054153533962036114, "alternate": 0.28611659530583244, "bad-redirect": 0.0011280960126210358, "sft": 0.0, "sfb": 0.022097800146472515, "roll-in": 0.13596976285925264, "sfR": 0.09863878308844841, "redirect": 0.016738065388271516}, "english-200": {"roll-out": 0.33184855233853006, "dsfb-red": 0.0066815144766146995, "oneh-out": 0.015590200445434299, "sfT": 0.0, "oneh-in": 0.0, "dsfb": 0.0, "unknown": 0.0, "dsfb-alt": 0.07126948775055679, "alternate": 0.311804008908686, "bad-redirect": 0.0022271714922048997, "sft": 0.0, "sfb": 0.011135857461024499, "roll-in": 0.12472160356347439, "sfR": 0.10690423162583519, "redirect": 0.017817371937639197}, "monkeyracer": {"roll-out": 0.299805863584466, "dsfb-red": 0.010682390478126906, "oneh-out": 0.02377535699203904, "sfT": 0.0002111453462001658, "oneh-in": 0.0018748924722773981, "dsfb": 0.0, "unknown": 0.01033830176580071, "dsfb-alt": 0.0576954658491953, "alternate": 0.3141344213835494, "bad-redirect": 0.0017360839576458075, "sft": 0.0, "sfb": 0.02258668689491218, "roll-in": 0.14214969423025792, "sfR": 0.09690789370786869, "redirect": 0.01810180333766051}, "chained-bigrams": {"roll-out": 0.26514746683513957, "dsfb-red": 0.013869797527317871, "oneh-out": 0.010279142580168026, "sfT": 0.0001584303448652011, "oneh-in": 0.0037490852920150455, "dsfb": 0.0, "unknown": 0.017076064096761982, "dsfb-alt": 0.06612129401230692, "alternate": 0.3205565320376675, "bad-redirect": 0.0025387813459956405, "sft": 0.0, "sfb": 0.02338016335207443, "roll-in": 0.13614620783334166, "sfR": 0.11914286586209158, "redirect": 0.02183416888025458}, "english-5k": {"roll-out": 0.23590658315012236, "dsfb-red": 0.009333388642303065, "oneh-out": 0.008379308914423197, "sfT": 0.00045629900029037207, "oneh-in": 0.002074086364956237, "dsfb": 0.0, "unknown": 0.0, "dsfb-alt": 0.06126851122080723, "alternate": 0.37101256896337165, "bad-redirect": 0.0011200066370763678, "sft": 0.0, "sfb": 0.021777906832040485, "roll-in": 0.16866470319824117, "sfR": 0.10644211224955408, "redirect": 0.013564524826813789}, "mt-quotes": {"roll-out": 0.306207492140902, "dsfb-red": 0.010700923966961906, "oneh-out": 0.025186466812493275, "sfT": 0.00017780088691265943, "oneh-in": 0.0018019148707282963, "dsfb": 0.0, "unknown": 0.006137865911237016, "dsfb-alt": 0.05730268583927995, "alternate": 0.3122796165477343, "bad-redirect": 0.001843750373531275, "sft": 0.0, "sfb": 0.021847097213755513, "roll-in": 0.1418074132510967, "sfR": 0.0964592223377679, "redirect": 0.01824774984759924}, "wordle": {"roll-out": 0.20964882755525638, "dsfb-red": 0.014720071805228318, "oneh-out": 0.0067093010209805905, "sfT": 0.0005609783462358353, "oneh-in": 0.006440031414787389, "dsfb": 0.0, "unknown": 0.0, "dsfb-alt": 0.06720520587905307, "alternate": 0.3341187030180635, "bad-redirect": 0.0007404914170313026, "sft": 0.0, "sfb": 0.04229776730618198, "roll-in": 0.16048468529114776, "sfR": 0.13138112868843263, "redirect": 0.025692808257601257}, "english-1k": {"roll-out": 0.29710656316160905, "dsfb-red": 0.01058574453069866, "oneh-out": 0.014820042342978124, "sfT": 0.0, "oneh-in": 0.001058574453069866, "dsfb": 0.0, "unknown": 0.0, "dsfb-alt": 0.06422018348623854, "alternate": 0.33733239237826396, "bad-redirect": 0.0017642907551164433, "sft": 0.0, "sfb": 0.017642907551164433, "roll-in": 0.13620324629498942, "sfR": 0.10832745236414962, "redirect": 0.010938602681721948}, "english-10k": {"roll-out": 0.22473514598328861, "dsfb-red": 0.00866444105671446, "oneh-out": 0.007468014897435402, "sfT": 0.0004824299029351035, "oneh-in": 0.003145442967136875, "dsfb": 0.0, "unknown": 0.0, "dsfb-alt": 0.06373863877578588, "alternate": 0.36083827019934006, "bad-redirect": 0.000964859805870207, "sft": 0.0, "sfb": 0.024488141872985855, "roll-in": 0.18396017058721367, "sfR": 0.10567144593890508, "redirect": 0.0158429980123888}, "reddit": {"roll-out": 0.2811746345139723, "dsfb-red": 0.011399601865154436, "oneh-out": 0.017418221570712947, "sfT": 0.000299734220924198, "oneh-in": 0.0017902770668672887, "dsfb": 0.0, "unknown": 0.041052351042636465, "dsfb-alt": 0.05539588084572097, "alternate": 0.3075911755578392, "bad-redirect": 0.0009321651864433381, "sft": 0.0, "sfb": 0.02556794334641159, "roll-in": 0.13575113444458242, "sfR": 0.10397777127267367, "redirect": 0.017649109066061205}, "akl": {"roll-out": 0.23199430400821794, "dsfb-red": 0.009679993807286583, "oneh-out": 0.015605272137807739, "sfT": 0.00033204546604010494, "oneh-in": 0.002046604813490588, "dsfb": 0.0, "unknown": 0.13144916288543582, "dsfb-alt": 0.04754553073696131, "alternate": 0.2589526452366597, "bad-redirect": 0.0008602198783876994, "sft": 0.0, "sfb": 0.026068966379451497, "roll-in": 0.12562632227365877, "sfR": 0.13064861186637447, "redirect": 0.019190320510227798}, "french": {"roll-out": 0.21900144159743073, "dsfb-red": 0.0105307341701559, "oneh-out": 0.01186296418098642, "sfT": 0.00032933077042021197, "oneh-in": 0.00982162877962005, "dsfb": 0.0, "unknown": 0.15037208219521925, "dsfb-alt": 0.04717965170312115, "alternate": 0.2521427212468821, "bad-redirect": 0.0021564708290198746, "sft": 0.0, "sfb": 0.020890570510351678, "roll-in": 0.15270716650094507, "sfR": 0.10898279115633469, "redirect": 0.014022446359512912}, "keymash": {"roll-out": 0.30194611945996314, "dsfb-red": 0.01084506984438433, "oneh-out": 0.022634260076432704, "sfT": 0.0002093484337863743, "oneh-in": 0.0019990722990973387, "dsfb": 0.0, "unknown": 0.009691601022933916, "dsfb-alt": 0.05885974886397688, "alternate": 0.31026669348515884, "bad-redirect": 0.0015434315902681712, "sft": 0.0, "sfb": 0.02227303140636994, "roll-in": 0.14149080714083404, "sfR": 0.099723742164827, "redirect": 0.01851707421196734}, "movie": {"roll-out": 0.2820757558749552, "dsfb-red": 0.01317557559907613, "oneh-out": 0.032816947801322535, "sfT": 0.00018792171349860882, "oneh-in": 0.0014275733529642216, "dsfb": 0.0, "unknown": 0.024744473186874588, "dsfb-alt": 0.05059068347837828, "alternate": 0.3087490585819622, "bad-redirect": 0.0009426353177804866, "sft": 0.0, "sfb": 0.021155142139483444, "roll-in": 0.126980465222047, "sfR": 0.11567713207251198, "redirect": 0.02147663565914528}, "dutch": {"roll-out": 0.16917846013853546, "dsfb-red": 0.007083004407855423, "oneh-out": 0.004752162534473297, "sfT": 0.0003524118298917027, "oneh-in": 0.002640883236496884, "dsfb": 0.0, "unknown": 0.06864641402584021, "dsfb-alt": 0.05652394196748652,