{"english-450k": {"roll-out": 0.18968357031890878, "sfT": 0.0017558312834992202, "redirect": 0.018978530679687376, "unknown": 0.0, "dsfb-alt": 0.05733493694969482, "sfb": 0.045753057502743666, "roll-in": 0.18263773452743112, "dsfb": 0.0, "bad-redirect": 0.0008428340976237516, "dsfb-red": 0.007711215745064758, "sfR": 0.11369548401129392, "oneh-in": 0.004329354891331994, "alternate": 0.37371901203355434, "oneh-out": 0.003558437959166252, "sft": 0.0}, "shai": {"roll-out": 0.24690169517713004, "sfT": 0.0002103489777321448, "redirect": 0.01765034912635584, "unknown": 0.015959862931794418, "dsfb-alt": 0.056780131829220225, "sfb": 0.023361032817041442, "roll-in": 0.18468112708162196, "dsfb": 0.0, "bad-redirect": 0.0009450028842286415, "dsfb-red": 0.008613881205697366, "sfR": 0.09823378925716947, "oneh-in": 0.0044302208641043735, "alternate": 0.3301444351417019, "oneh-out": 0.012088122706202221, "sft": 0.0}, "tr-quotes": {"roll-out": 0.2657532188345161, "sfT": 0.0001941702688333603, "redirect": 0.01949446383578743, "unknown": 0.008437160490973395, "dsfb-alt": 0.053256975104597676, "sfb": 0.024779824784447887, "roll-in": 0.17536695869258687, "dsfb": 0.0, "bad-redirect": 0.0008021081343473337, "dsfb-red": 0.009899216384272208, "sfR": 0.09677191928064538, "oneh-in": 0.0033991354799935277, "alternate": 0.3203451145373431, "oneh-out": 0.021499734171655766, "sft": 0.0}, "gutenberg": {"roll-out": 0.2848007674462748, "sfT": 0.0001077895266467455, "redirect": 0.017904995940369848, "unknown": 0.028746083868208077, "dsfb-alt": 0.05049380484905109, "sfb": 0.024086128567710197, "roll-in": 0.1731848073219588, "dsfb": 0.0, "bad-redirect": 0.0008695148107356096, "dsfb-red": 0.01098695424685052, "sfR": 0.09863878308844841, "oneh-in": 0.0036942066065697434, "alternate": 0.29058654551805846, "oneh-out": 0.015899618209117745, "sft": 0.0}, "english-200": {"roll-out": 0.3028953229398664, "sfT": 0.0, "redirect": 0.017817371937639197, "unknown": 0.0, "dsfb-alt": 0.060133630289532294, "sfb": 0.017817371937639197, "roll-in": 0.1492204899777283, "dsfb": 0.0, "bad-redirect": 0.0, "dsfb-red": 0.0066815144766146995, "sfR": 0.10690423162583519, "oneh-in": 0.0, "alternate": 0.32293986636971045, "oneh-out": 0.015590200445434299, "sft": 0.0}, "monkeyracer": {"roll-out": 0.2663715845285203, "sfT": 0.00018572970267607177, "redirect": 0.01953485462251904, "unknown": 0.007987354739822013, "dsfb-alt": 0.05325554843048626, "sfb": 0.024683477485649936, "roll-in": 0.1755986361574675, "dsfb": 0.0, "bad-redirect": 0.0007937500977524751, "dsfb-red": 0.009894505528879992, "sfR": 0.09690789370786869, "oneh-in": 0.003351932370927632, "alternate": 0.31951178503839717, "oneh-out": 0.021922947589032956, "sft": 0.0}, "chained-bigrams": {"roll-out": 0.23153620945011036, "sfT": 0.00012012136803304181, "redirect": 0.022221803781420666, "unknown": 0.016307936646042586, "dsfb-alt": 0.06365068965897869, "sfb": 0.02464955402507225, "roll-in": 0.16884843864947222, "dsfb": 0.0, "bad-redirect": 0.002914728762704458, "dsfb-red": 0.013084788154604642, "sfR": 0.11914286586209158, "oneh-in": 0.0056216800239463575, "alternate": 0.32322647293146134, "oneh-out": 0.008674710686061831, "sft": 0.0}, "english-5k": {"roll-out": 0.1986974737628075, "sfT": 0.00041481727299124733, "redirect": 0.01775417928402539, "unknown": 0.0, "dsfb-alt": 0.0545069896710499, "sfb": 0.02322976728750985, "roll-in": 0.20404861658439458, "dsfb": 0.0, "bad-redirect": 0.0011614883643754927, "dsfb-red": 0.007549674368440702, "sfR": 0.10644211224955408, "oneh-in": 0.0041896544572115986, "alternate": 0.377774090513129, "oneh-out": 0.004231136184510723, "sft": 0.0}, "mt-quotes": {"roll-out": 0.27220419311268096, "sfT": 0.00014791838491053178, "redirect": 0.019484885430487323, "unknown": 0.004019196519286167, "dsfb-alt": 0.052898005044166335, "sfb": 0.023870142599299555, "roll-in": 0.1759900072913305, "dsfb": 0.0, "bad-redirect": 0.0007963686783567014, "dsfb-red": 0.010010638170712757, "sfR": 0.0964592223377679, "oneh-in": 0.0031884629636270184, "alternate": 0.31752698389930795, "oneh-out": 0.023403975568066362, "sft": 0.0}, "wordle": {"roll-out": 0.19881072590598003, "sfT": 0.0005385392123864019, "redirect": 0.02697183888701896, "unknown": 0.0, "dsfb-alt": 0.06478177942331426, "sfb": 0.04429485021878155, "roll-in": 0.16977448670481318, "dsfb": 0.0, "bad-redirect": 0.0007180522831818692, "dsfb-red": 0.014742510939077752, "sfR": 0.13138112868843263, "oneh-in": 0.005475148659261753, "alternate": 0.3365421294738023, "oneh-out": 0.0059688096039492875, "sft": 0.0}, "english-1k": {"roll-out": 0.2589978828510939, "sfT": 0.0, "redirect": 0.015525758645024701, "unknown": 0.0, "dsfb-alt": 0.056457304163726185, "sfb": 0.019407198306280876, "roll-in": 0.17254763585038815, "dsfb": 0.0, "bad-redirect": 0.0014114326040931546, "dsfb-red": 0.009880028228652082, "sfR": 0.10832745236414962, "oneh-in": 0.0028228652081863093, "alternate": 0.3450952717007763, "oneh-out": 0.009527170077628794, "sft": 0.0}, "english-10k": {"roll-out": 0.19077208081665734, "sfT": 0.0003859439223480828, "redirect": 0.017772717624129214, "unknown": 0.0, "dsfb-alt": 0.05656008182011154, "sfb": 0.026456455876961077, "roll-in": 0.21597421894598715, "dsfb": 0.0, "bad-redirect": 0.0009262654136353987, "dsfb-red": 0.007468014897435402, "sfR": 0.10567144593890508, "oneh-in": 0.006310183130391154, "alternate": 0.3680168271550144, "oneh-out": 0.0036857644584241908, "sft": 0.0}, "reddit": {"roll-out": 0.25093698782840085, "sfT": 0.00023849135024048596, "redirect": 0.01877470433459059, "unknown": 0.038288892921803715, "dsfb-alt": 0.05285851567133892, "sfb": 0.025299823182280697, "roll-in": 0.16764559743356788, "dsfb": 0.0, "bad-redirect": 0.0007048736027682527, "dsfb-red": 0.010273744394732214, "sfR": 0.10397777127267367, "oneh-in": 0.0035482658435025526, "alternate": 0.31129020748972214, "oneh-out": 0.016162124674378026, "sft": 0.0}, "akl": {"roll-out": 0.21362269460467256, "sfT": 0.0002854716358826827, "redirect": 0.021137427809636723, "unknown": 0.12876008629179486, "dsfb-alt": 0.0433230262276386, "sfb": 0.025003302788724823, "roll-in": 0.14617326309818557, "dsfb": 0.0, "bad-redirect": 0.0007878266039254994, "dsfb-red": 0.008336987381802847, "sfR": 0.13064861186637447, "oneh-in": 0.002894742674399784, "alternate": 0.26423809550046645, "oneh-out": 0.014788463516495154, "sft": 0.0}, "french": {"roll-out": 0.17984469916266355, "sfT": 0.0003073524135734077, "redirect": 0.013778527049476907, "unknown": 0.1502637335403344, "dsfb-alt": 0.03891273323370111, "sfb": 0.02339954901370588, "roll-in": 0.1890992653610624, "dsfb": 0.0, "bad-redirect": 0.0022149898895813046, "dsfb-red": 0.011061510738914305, "sfR": 0.10898279115633469, "oneh-in": 0.014095467839588798, "alternate": 0.260454750031548, "oneh-out": 0.007584630569515258, "sft": 0.0}, "keymash": {"roll-out": 0.26980908243812934, "sfT": 0.00019703382003423463, "redirect": 0.020130288613497638, "unknown": 0.007503704646303769, "dsfb-alt": 0.05395442771937458, "sfb": 0.024214635507957293, "roll-in": 0.17332408369011507, "dsfb": 0.0, "bad-redirect": 0.0008702327051512029, "dsfb-red": 0.009966627396731702, "sfR": 0.099723742164827, "oneh-in": 0.0036697548981376197, "alternate": 0.3159806742661516, "oneh-out": 0.02065571213358893, "sft": 0.0}, "movie": {"roll-out": 0.26189272696909516, "sfT": 0.00017870986479769663, "redirect": 0.022716945287803814, "unknown": 0.011106725978689835, "dsfb-alt": 0.04984215497250987, "sfb": 0.0254370726113446, "roll-in": 0.14899757320425866, "dsfb": 0.0, "bad-redirect": 0.0007956405320816449, "dsfb-red": 0.01317728637097773, "sfR": 0.11567713207251198, "oneh-in": 0.0026967029082727535, "alternate": 0.31541448910626513, "oneh-out": 0.03206684012139111, "sft": 0.0}, "dutch": {"roll-out": 0.1575160026062768, "sfT": 0.00025850826048380365, "redirect": 0.014442663039960318, "unknown": 0.06806418320624046, "dsfb-alt": 0.047709468345137236, "sfb": 0.056013470186414636, "roll-in": 0.1593886230329874, "dsfb": 0.0,