{"english-450k": {"roll-out": 0.18923920409331457, "roll-in": 0.22971307389751863, "oneh-out": 0.00440448786500154, "alternate": 0.3179109992919375, "sfR": 0.11369548401129392, "bad-redirect": 0.0007703322397636439, "oneh-in": 0.013758396913759624, "dsfb-alt": 0.04626173989256862, "dsfb-red": 0.017037351904723205, "sfT": 0.0002768518523932337, "sft": 0.0, "redirect": 0.036910169613418926, "dsfb": 0.0, "unknown": 0.0001543587941537776, "sfb": 0.029867549630152822}, "shai": {"roll-out": 0.24260796427953268, "roll-in": 0.22236608617759354, "oneh-out": 0.006492034079413977, "alternate": 0.2836655163295644, "sfR": 0.09823378925716947, "bad-redirect": 0.0011398276522440786, "oneh-in": 0.014406350504840643, "dsfb-alt": 0.03822413413536461, "dsfb-red": 0.01596281992412141, "sfT": 5.5013990753748184e-05, "sft": 0.0, "redirect": 0.026919536987639152, "dsfb": 0.0, "unknown": 0.03262951626392225, "sfb": 0.017297410417840046}, "tr-quotes": {"roll-out": 0.2561972677469314, "roll-in": 0.2222186264765031, "oneh-out": 0.0075691731582718845, "alternate": 0.2653013106493146, "sfR": 0.09677191928064538, "bad-redirect": 0.0015591410277154944, "oneh-in": 0.011142830725133493, "dsfb-alt": 0.03607059476202584, "dsfb-red": 0.02002380897344028, "sfT": 3.35174868819491e-05, "sft": 0.0, "redirect": 0.0289579528905943, "dsfb": 0.0, "unknown": 0.039675458264949955, "sfb": 0.014478398557592288}, "gutenberg": {"roll-out": 0.27509554243895307, "roll-in": 0.2107402696746196, "oneh-out": 0.0085129099269797, "alternate": 0.25894283669451007, "sfR": 0.09863878308844841, "bad-redirect": 0.0015350062116319485, "oneh-in": 0.010359350201541788, "dsfb-alt": 0.03321546577010028, "dsfb-red": 0.01868623321258633, "sfT": 0.00017219803114567952, "sft": 0.0, "redirect": 0.0288771741185412, "dsfb": 0.0, "unknown": 0.040122141256943335, "sfb": 0.01510208937399859}, "english-200": {"roll-out": 0.2739420935412027, "roll-in": 0.22494432071269488, "oneh-out": 0.0022271714922048997, "alternate": 0.29398663697104677, "sfR": 0.10690423162583519, "bad-redirect": 0.0022271714922048997, "oneh-in": 0.004454342984409799, "dsfb-alt": 0.028953229398663696, "dsfb-red": 0.024498886414253896, "sfT": 0.0, "sft": 0.0, "redirect": 0.028953229398663696, "dsfb": 0.0, "unknown": 0.0, "sfb": 0.008908685968819599}, "monkeyracer": {"roll-out": 0.25648392167289674, "roll-in": 0.2228160142014796, "oneh-out": 0.007594389789949482, "alternate": 0.2649737241346951, "sfR": 0.09690789370786869, "bad-redirect": 0.0016109607895271908, "oneh-in": 0.010993243348921595, "dsfb-alt": 0.035906439151039304, "dsfb-red": 0.020154605314606566, "sfT": 2.9325742527800803e-05, "sft": 0.0, "redirect": 0.028953305597697734, "dsfb": 0.0, "unknown": 0.039185057165647436, "sfb": 0.01439111938314278}, "chained-bigrams": {"roll-out": 0.20759439753939493, "roll-in": 0.21021369266720732, "oneh-out": 0.009291550143528803, "alternate": 0.2702613905898868, "sfR": 0.11914286586209158, "bad-redirect": 0.003064068841880672, "oneh-in": 0.009032477571392673, "dsfb-alt": 0.05332804366444193, "dsfb-red": 0.028360979644947208, "sfT": 5.778811759427417e-05, "sft": 0.0, "redirect": 0.03830897683215928, "dsfb": 0.0, "unknown": 0.033907340324613386, "sfb": 0.01743642820086111}, "english-5k": {"roll-out": 0.18828556021072718, "roll-in": 0.24420292860994733, "oneh-out": 0.0038578006388186002, "alternate": 0.32119301447712284, "sfR": 0.10644211224955408, "bad-redirect": 0.00045629900029037207, "oneh-in": 0.02546978056166259, "dsfb-alt": 0.04351433193678185, "dsfb-red": 0.014933421827684906, "sfT": 0.0, "sft": 0.0, "redirect": 0.028954245654789067, "dsfb": 0.0, "unknown": 0.0022400132741527356, "sfb": 0.020450491558468495}, "mt-quotes": {"roll-out": 0.26279568735731107, "roll-in": 0.22416060051876024, "oneh-out": 0.007754509269552121, "alternate": 0.262809134483212, "sfR": 0.0964592223377679, "bad-redirect": 0.0017003143639210624, "oneh-in": 0.01066655908965946, "dsfb-alt": 0.03573349589414423, "dsfb-red": 0.020810174394281684, "sfT": 1.1953000800851053e-05, "sft": 0.0, "redirect": 0.028841096807353486, "dsfb": 0.0, "unknown": 0.03470703195037114, "sfb": 0.013550220532864775}, "wordle": {"roll-out": 0.21653764164703243, "roll-in": 0.19142825086951643, "oneh-out": 0.012004936609446876, "alternate": 0.2940872882306743, "sfR": 0.13138112868843263, "bad-redirect": 0.0013014697632671378, "oneh-in": 0.0062829574778413555, "dsfb-alt": 0.05349489509704925, "dsfb-red": 0.02012790306294177, "sfT": 0.0008302479524290362, "sft": 0.0, "redirect": 0.03671042297767306, "dsfb": 0.0, "unknown": 0.0, "sfb": 0.035812857623695724}, "english-1k": {"roll-out": 0.23465067043048696, "roll-in": 0.22935779816513763, "oneh-out": 0.006351446718419196, "alternate": 0.30592801693719124, "sfR": 0.10832745236414962, "bad-redirect": 0.00035285815102328866, "oneh-in": 0.016231474947071278, "dsfb-alt": 0.0374029640084686, "dsfb-red": 0.016584333098094567, "sfT": 0.0, "sft": 0.0, "redirect": 0.030345800988002825, "dsfb": 0.0, "unknown": 0.0, "sfb": 0.014467184191954835}, "english-10k": {"roll-out": 0.19677350880917002, "roll-in": 0.24796897010864322, "oneh-out": 0.006040022384747496, "alternate": 0.3134829509272303, "sfR": 0.10567144593890508, "bad-redirect": 0.0004245383145828911, "oneh-in": 0.022211072731132167, "dsfb-alt": 0.043553771636981146, "dsfb-red": 0.014125547557939832, "sfT": 7.718878446961657e-05, "sft": 0.0, "redirect": 0.029524710059628336, "dsfb": 0.0, "unknown": 0.0, "sfb": 0.020146272746569924}, "reddit": {"roll-out": 0.24304025342187516, "roll-in": 0.2136459603959024, "oneh-out": 0.006353414065296137, "alternate": 0.2556756502653764, "sfR": 0.10397777127267367, "bad-redirect": 0.0010809834893340951, "oneh-in": 0.011088667877664837, "dsfb-alt": 0.035412350870332364, "dsfb-red": 0.019215240971967435, "sfT": 6.487623977014633e-05, "sft": 0.0, "redirect": 0.02857326398467842, "dsfb": 0.0, "unknown": 0.06618889736050719, "sfb": 0.015682669784621746}, "akl": {"roll-out": 0.19953061485634024, "roll-in": 0.18677867545163582, "oneh-out": 0.004168716059321273, "alternate": 0.2154171089224513, "sfR": 0.13064861186637447, "bad-redirect": 0.001164691660366434, "oneh-in": 0.00799599776376434, "dsfb-alt": 0.03232053330469887, "dsfb-red": 0.017599422711815988, "sfT": 0.00018068669492903397, "sft": 0.0, "redirect": 0.02452701434100884, "dsfb": 0.0, "unknown": 0.15755724139917868, "sfb": 0.022110684968114715}, "french": {"roll-out": 0.14476683712552876, "roll-in": 0.20525407677170387, "oneh-out": 0.005474363729940199, "alternate": 0.22588348387608864, "sfR": 0.10898279115633469, "bad-redirect": 0.0026132820618868877, "oneh-in": 0.01711303480911782, "dsfb-alt": 0.02917662078733366, "dsfb-red": 0.014335207216727559, "sfT": 6.860183776517835e-05, "sft": 0.0, "redirect": 0.023933876278151193, "dsfb": 0.0, "unknown": 0.1849240367610566, "sfb": 0.03747378758836494}, "keymash": {"roll-out": 0.25556517919815447, "roll-in": 0.22318184990127785, "oneh-out": 0.007343614667525953, "alternate": 0.2677155981002656, "sfR": 0.099723742164827, "bad-redirect": 0.0016091095302795827, "oneh-in": 0.011181669286942815, "dsfb-alt": 0.03583552601872642, "dsfb-red": 0.019933254793463404, "sfT": 3.694384125641899e-05, "sft": 0.0, "redirect": 0.02849191135120047, "dsfb": 0.0, "unknown": 0.03462869387101673, "sfb": 0.014752907275063318}, "movie": {"roll-out": 0.24403174192505792, "roll-in": 0.2036297579034043, "oneh-out": 0.006450399656055889, "alternate": 0.23535352245960572, "sfR": 0.11567713207251198, "bad-redirect": 0.0025351007624910367, "oneh-in": 0.008024704599041784, "dsfb-alt": 0.03483302668843646, "dsfb-red": 0.020970773567626617, "sfT": 4.119012347693597e-05, "sft": 0.0, "redirect": 0.029287362172648733, "dsfb": 0.0, "unknown": 0.0850124669212383, "sfb": 0.01415282114840433}, "dutch": {"roll-out": 0.1313122805965604, "roll-in": 0.24451130319613898, "oneh-out": 0.003412499104805098, "alternate": 0.21723298868792812, "sfR": 0.18880787437283908, "bad-redirect": 0.0026478762462484743, "oneh-in": 0.006837818727488112,