{"english-450k": {"redirect": 0.02567325868370538, "roll-out": 0.20157679846997692, "dsfb-red": 0.009157744747854324, "dsfb-alt": 0.04169324580877869, "sfR": 0.11369548401129392, "sfb": 0.022081200911418516, "alternate": 0.35978199159095386, "bad-redirect": 0.004362097665849461, "oneh-out": 0.007720278477297271, "sfT": 0.00013798740689504362, "unknown": 0.00015377410175167997, "oneh-in": 0.006170843611738519, "sft": 0.0, "roll-in": 0.2077952945124864, "dsfb": 0.0}, "shai": {"redirect": 0.022801654243686513, "roll-out": 0.24679727541798094, "dsfb-red": 0.0067077319621145805, "dsfb-alt": 0.033743466362896345, "sfR": 0.09823378925716947, "sfb": 0.012601284728017085, "alternate": 0.3147974282217205, "bad-redirect": 0.0040356481680735865, "oneh-out": 0.008664777081482633, "sfT": 3.088973267241201e-05, "unknown": 0.023260762136131256, "oneh-in": 0.006327638465423161, "sft": 0.0, "roll-in": 0.22199765422263149, "dsfb": 0.0}, "tr-quotes": {"redirect": 0.028160467857885854, "roll-out": 0.27262314786990594, "dsfb-red": 0.00823143246804281, "dsfb-alt": 0.0282194124037817, "sfR": 0.09677191928064538, "sfb": 0.01166061810868912, "alternate": 0.30802108134347334, "bad-redirect": 0.003686923557014401, "oneh-out": 0.010612329812070918, "sfT": 2.3115508194447656e-05, "unknown": 0.013835787429786644, "oneh-in": 0.0067069647026189875, "sft": 0.0, "roll-in": 0.21144679965789048, "dsfb": 0.0}, "gutenberg": {"redirect": 0.023491865395318563, "roll-out": 0.2815267316131716, "dsfb-red": 0.012006124112157181, "dsfb-alt": 0.026607721518843466, "sfR": 0.09863878308844841, "sfb": 0.01108261981970923, "alternate": 0.28500763240778315, "bad-redirect": 0.003863373649268414, "oneh-out": 0.013360975947970052, "sfT": 0.00016821985880898066, "unknown": 0.032975828246008664, "oneh-in": 0.006083193813146382, "sft": 0.0, "roll-in": 0.20518693052936593, "dsfb": 0.0}, "english-200": {"redirect": 0.0334075723830735, "roll-out": 0.29175946547884185, "dsfb-red": 0.004454342984409799, "dsfb-alt": 0.022271714922048998, "sfR": 0.10690423162583519, "sfb": 0.008908685968819599, "alternate": 0.30957683741648107, "bad-redirect": 0.004454342984409799, "oneh-out": 0.0066815144766146995, "sfT": 0.0, "unknown": 0.0, "oneh-in": 0.0022271714922048997, "sft": 0.0, "roll-in": 0.20935412026726058, "dsfb": 0.0}, "monkeyracer": {"redirect": 0.02812631965841375, "roll-out": 0.27325042620079143, "dsfb-red": 0.008226848303799052, "dsfb-alt": 0.028144892628681358, "sfR": 0.09690789370786869, "sfb": 0.011699016219090667, "alternate": 0.3073308491170996, "bad-redirect": 0.003715571578272362, "oneh-out": 0.010661862458357445, "sfT": 2.052801976946056e-05, "unknown": 0.013436077701487402, "oneh-in": 0.006809437414955347, "sft": 0.0, "roll-in": 0.21167027699141341, "dsfb": 0.0}, "chained-bigrams": {"redirect": 0.030603678051358704, "roll-out": 0.22489706897368952, "dsfb-red": 0.013726301190370292, "dsfb-alt": 0.04527276965461535, "sfR": 0.11914286586209158, "sfb": 0.01367175959623637, "alternate": 0.3123772408316554, "bad-redirect": 0.006079439831856057, "oneh-out": 0.007997485892232302, "sfT": 3.311453929559531e-05, "unknown": 0.022916559801936097, "oneh-in": 0.00692028940808735, "sft": 0.0, "roll-in": 0.19636142636657536, "dsfb": 0.0}, "english-5k": {"redirect": 0.021860870286638735, "roll-out": 0.20267971958352346, "dsfb-red": 0.006471149458663459, "dsfb-alt": 0.038495042933587756, "sfR": 0.10644211224955408, "sfb": 0.01410378728170241, "alternate": 0.34877836313104077, "bad-redirect": 0.005600033185381839, "oneh-out": 0.00850375409632057, "sfT": 0.0, "unknown": 0.002157049819554486, "oneh-in": 0.004231136184510723, "sft": 0.0, "roll-in": 0.2406769817895217, "dsfb": 0.0}, "mt-quotes": {"redirect": 0.028986026942063804, "roll-out": 0.2808477068167964, "dsfb-red": 0.00842387731439978, "dsfb-alt": 0.027442595713653914, "sfR": 0.0964592223377679, "sfb": 0.010984807735982118, "alternate": 0.30550674746895207, "bad-redirect": 0.003566476613953933, "oneh-out": 0.010883207229174885, "sfT": 5.9765004004255265e-06, "unknown": 0.007977133909467972, "oneh-in": 0.007074682349003717, "sft": 0.0, "roll-in": 0.21184153906838313, "dsfb": 0.0}, "wordle": {"redirect": 0.028475260854931, "roll-out": 0.20329855267586672, "dsfb-red": 0.012117132278694043, "dsfb-alt": 0.046404128800628296, "sfR": 0.13138112868843263, "sfb": 0.02822843038258723, "alternate": 0.3394816560080781, "bad-redirect": 0.0023112307864916414, "oneh-out": 0.008280040390440929, "sfT": 0.0002019522046449007, "unknown": 0.0, "oneh-in": 0.012072254010995176, "sft": 0.0, "roll-in": 0.18774823291820936, "dsfb": 0.0}, "english-1k": {"redirect": 0.020465772759350742, "roll-out": 0.2459421312632322, "dsfb-red": 0.008115737473535639, "dsfb-alt": 0.02858151023288638, "sfR": 0.10832745236414962, "sfb": 0.010938602681721948, "alternate": 0.34262526464361326, "bad-redirect": 0.0035285815102328866, "oneh-out": 0.013761467889908258, "sfT": 0.0, "unknown": 0.0, "oneh-in": 0.0038814396612561752, "sft": 0.0, "roll-in": 0.21383203952011293, "dsfb": 0.0}, "english-10k": {"redirect": 0.021458482082553406, "roll-out": 0.1939175237837942, "dsfb-red": 0.005596186874047201, "dsfb-alt": 0.03996449315914398, "sfR": 0.10567144593890508, "sfb": 0.014762355029814168, "alternate": 0.34729163852492234, "bad-redirect": 0.00414889716524189, "oneh-out": 0.007853958819783485, "sfT": 7.718878446961657e-05, "unknown": 0.0, "oneh-in": 0.00796974199648791, "sft": 0.0, "roll-in": 0.2512880878408367, "dsfb": 0.0}, "reddit": {"redirect": 0.026748526097609897, "roll-out": 0.25989496566747144, "dsfb-red": 0.007678919548405935, "dsfb-alt": 0.03234683616895316, "sfR": 0.10397777127267367, "sfb": 0.012782791764688035, "alternate": 0.2938828860262685, "bad-redirect": 0.004063380190684454, "oneh-out": 0.008397540021841418, "sfT": 7.914751422304803e-05, "unknown": 0.039285409944231534, "oneh-in": 0.006815526172712012, "sft": 0.0, "roll-in": 0.20404629961023688, "dsfb": 0.0}, "akl": {"redirect": 0.02485421711701666, "roll-out": 0.2216589163448275, "dsfb-red": 0.007520401128910111, "dsfb-alt": 0.028926153498498877, "sfR": 0.13064861186637447, "sfb": 0.017796836453438165, "alternate": 0.24496574575091629, "bad-redirect": 0.0034663036362202874, "oneh-out": 0.0061471278907246005, "sfT": 0.00017359561309604712, "unknown": 0.13277008071454782, "oneh-in": 0.00807889176916389, "sft": 0.0, "roll-in": 0.17299311821626528, "dsfb": 0.0}, "french": {"redirect": 0.015197711650040796, "roll-out": 0.2064443089187348, "dsfb-red": 0.0076515694232245435, "dsfb-alt": 0.030925720450013072, "sfR": 0.10898279115633469, "sfb": 0.03458641279402251, "alternate": 0.2398336878111194, "bad-redirect": 0.0050238898146915895, "oneh-out": 0.012746293369594177, "sfT": 4.040601800670147e-05, "unknown": 0.15807953387545715, "oneh-in": 0.0028779212543490217, "sft": 0.0, "roll-in": 0.17760975346441155, "dsfb": 0.0}, "keymash": {"redirect": 0.027769454011074942, "roll-out": 0.274308021328911, "dsfb-red": 0.00841088119271139, "dsfb-alt": 0.0280362706423713, "sfR": 0.099723742164827, "sfb": 0.012285879653384672, "alternate": 0.3062233953032063, "bad-redirect": 0.003686174383140473, "oneh-out": 0.010799916260626485, "sfT": 2.462922750427933e-05, "unknown": 0.01232282349464109, "oneh-in": 0.006723779108668257, "sft": 0.0, "roll-in": 0.20968503322893278, "dsfb": 0.0}, "movie": {"redirect": 0.028175097240932877, "roll-out": 0.27722966546908245, "dsfb-red": 0.01032674558939974, "dsfb-alt": 0.027959145187815778, "sfR": 0.11567713207251198, "sfb": 0.01246271010746411, "alternate": 0.30407996726898556, "bad-redirect": 0.0030738623136558154, "oneh-out": 0.010581387407060671, "sfT": 2.184524120502035e-05, "unknown": 0.030236445784519856, "oneh-in": 0.005561061462902109, "sft": 0.0, "roll-in": 0.17461493485446397, "dsfb": 0.0}, "dutch": {"redirect": 0.018144027239888817, "roll-out": 0.17621543619759003, "dsfb-red": 0.006549204663483998, "dsfb-alt": 0.026274387269795946, "sfR": 0.18880787437283908, "sfb": 0.022523157531100336, "alternate": 0.28939107704148637,