{"english-450k": {"roll-in": 0.27611075477357494, "sfb": 0.03638891633694888, "sft": 0.0, "dsfb": 0.0, "sfT": 9.76436311503063e-05, "roll-out": 0.1081055323010394, "bad-redirect": 0.004236388799398468, "dsfb-alt": 0.061381008372210506, "unknown": 0.00015377410175167997, "sfR": 0.11369548401129392, "oneh-in": 0.012236150244898412, "oneh-out": 0.0015003207037825505, "dsfb-red": 0.006008591470156423, "alternate": 0.3694644977696908, "redirect": 0.010620937484103676}, "shai": {"roll-in": 0.32792306819381645, "sfb": 0.0276547753258652, "sft": 0.0, "dsfb": 0.0, "sfT": 6.313797883536613e-05, "roll-out": 0.10576685880408083, "bad-redirect": 0.006812000775320292, "dsfb-alt": 0.061242426771091325, "unknown": 0.023621906111313578, "sfR": 0.09823378925716947, "oneh-in": 0.018026529639745444, "oneh-out": 0.0016666599579580714, "dsfb-red": 0.005973081926026889, "alternate": 0.3144916233516316, "redirect": 0.008524141907145486}, "tr-quotes": {"roll-in": 0.34435634867432563, "sfb": 0.03214558147060863, "sft": 0.0, "dsfb": 0.0, "sfT": 4.160791475000578e-05, "roll-out": 0.09711634035274265, "bad-redirect": 0.008393241025403944, "dsfb-alt": 0.06532442615750907, "unknown": 0.01476965396084233, "sfR": 0.09677191928064538, "oneh-in": 0.026238413351517532, "oneh-out": 0.0016839647719655117, "dsfb-red": 0.0067173666813064884, "alternate": 0.29907306812140266, "redirect": 0.00736806823698019}, "gutenberg": {"roll-in": 0.35612674532839433, "sfb": 0.024079687717260306, "sft": 0.0, "dsfb": 0.0, "sfT": 0.00010589515886736508, "roll-out": 0.1036399140260127, "bad-redirect": 0.007668969081265725, "dsfb-alt": 0.05484327327050852, "unknown": 0.03802431837805746, "sfR": 0.09863878308844841, "oneh-in": 0.020624929198004245, "oneh-out": 0.0012101221374682077, "dsfb-red": 0.007636954265794197, "alternate": 0.279672713867492, "redirect": 0.007727694482426518}, "english-200": {"roll-in": 0.37193763919821826, "sfb": 0.024498886414253896, "sft": 0.0, "dsfb": 0.0, "sfT": 0.0, "roll-out": 0.10022271714922049, "bad-redirect": 0.004454342984409799, "dsfb-alt": 0.066815144766147, "unknown": 0.0, "sfR": 0.10690423162583519, "oneh-in": 0.0200445434298441, "oneh-out": 0.0, "dsfb-red": 0.004454342984409799, "alternate": 0.2962138084632517, "redirect": 0.004454342984409799}, "monkeyracer": {"roll-in": 0.34504277648310056, "sfb": 0.032179137275755824, "sft": 0.0, "dsfb": 0.0, "sfT": 4.789871279540798e-05, "roll-out": 0.0970809155887827, "bad-redirect": 0.008275724541345387, "dsfb-alt": 0.06537392276772448, "unknown": 0.014352018393105714, "sfR": 0.09690789370786869, "oneh-in": 0.026661987581525565, "oneh-out": 0.001712623363623567, "dsfb-red": 0.006758606127907158, "alternate": 0.29825550932949624, "redirect": 0.0073509861269687345}, "chained-bigrams": {"roll-in": 0.3081379304971272, "sfb": 0.026476697428558627, "sft": 0.0, "dsfb": 0.0, "sfT": 0.00012921163372202877, "roll-out": 0.09007284549340339, "bad-redirect": 0.0068287374465054096, "dsfb-alt": 0.0643876504844787, "unknown": 0.02365222201805197, "sfR": 0.11914286586209158, "oneh-in": 0.015024261269819214, "oneh-out": 0.0016148207691793243, "dsfb-red": 0.010331736260225738, "alternate": 0.3154523478533013, "redirect": 0.01874867298353558}, "english-5k": {"roll-in": 0.2973410212801261, "sfb": 0.02654830547143983, "sft": 0.0, "dsfb": 0.0, "sfT": 0.0, "roll-out": 0.11295474343551666, "bad-redirect": 0.003484465093126478, "dsfb-alt": 0.059526278674243996, "unknown": 0.002157049819554486, "sfR": 0.10644211224955408, "oneh-in": 0.014477122827394533, "oneh-out": 0.0006637076367859958, "dsfb-red": 0.005558551458082714, "alternate": 0.3618865889575642, "redirect": 0.008960053096610942}, "mt-quotes": {"roll-in": 0.3518440491985513, "sfb": 0.03237769091930529, "sft": 0.0, "dsfb": 0.0, "sfT": 3.884725260276592e-05, "roll-out": 0.09642186921026524, "bad-redirect": 0.008621101827613822, "dsfb-alt": 0.06636604869652526, "unknown": 0.008869126594231481, "sfR": 0.0964592223377679, "oneh-in": 0.02794312762218955, "oneh-out": 0.001757091117725105, "dsfb-red": 0.006858034209488292, "alternate": 0.29533026141212754, "redirect": 0.007113529601606483}, "wordle": {"roll-in": 0.2323796701447324, "sfb": 0.050196342421182545, "sft": 0.0, "dsfb": 0.0, "sfT": 0.00029170874004263433, "roll-out": 0.146258274430607, "bad-redirect": 0.007584427241108493, "dsfb-alt": 0.06772130595759003, "unknown": 0.0, "sfR": 0.13138112868843263, "oneh-in": 0.007068327162571525, "oneh-out": 0.005048805116122518, "dsfb-red": 0.008908336138225064, "alternate": 0.3267362279815999, "redirect": 0.016425445977785256}, "english-1k": {"roll-in": 0.32427664079040225, "sfb": 0.02117148906139732, "sft": 0.0, "dsfb": 0.0, "sfT": 0.0, "roll-out": 0.11256175017642908, "bad-redirect": 0.0035285815102328866, "dsfb-alt": 0.06422018348623854, "unknown": 0.0, "sfR": 0.10832745236414962, "oneh-in": 0.019054340155257588, "oneh-out": 0.0, "dsfb-red": 0.0024700070571630206, "alternate": 0.33627381792519406, "redirect": 0.008115737473535639}, "english-10k": {"roll-in": 0.2985083267401247, "sfb": 0.028251095115879664, "sft": 0.0, "dsfb": 0.0, "sfT": 1.929719611740414e-05, "roll-out": 0.11755851874722603, "bad-redirect": 0.005847050423573454, "dsfb-alt": 0.06072827618147083, "unknown": 0.0, "sfR": 0.10567144593890508, "oneh-in": 0.012909824202543371, "oneh-out": 0.001929719611740414, "dsfb-red": 0.006329480326508558, "alternate": 0.35337025530190463, "redirect": 0.008876710214005904}, "reddit": {"roll-in": 0.3247583200874556, "sfb": 0.03277467474323412, "sft": 0.0, "dsfb": 0.0, "sfT": 0.00010106010098144041, "roll-out": 0.09783441838095201, "bad-redirect": 0.008590295870488747, "dsfb-alt": 0.06021627535843467, "unknown": 0.041217688064775854, "sfR": 0.10397777127267367, "oneh-in": 0.020727471660189345, "oneh-out": 0.0018078820511005268, "dsfb-red": 0.0065056784502070175, "alternate": 0.2922679845682949, "redirect": 0.009220479391212153}, "akl": {"roll-in": 0.2685790482547625, "sfb": 0.02984443624206957, "sft": 0.0, "dsfb": 0.0, "sfT": 0.000113531432134406, "roll-out": 0.09304507435048717, "bad-redirect": 0.006188266048396806, "dsfb-alt": 0.0517357918254058, "unknown": 0.13295000147380848, "sfR": 0.13064861186637447, "oneh-in": 0.019575067291772295, "oneh-out": 0.002594372354387167, "dsfb-red": 0.0050680480720003244, "alternate": 0.24728005743430378, "redirect": 0.012377693354097273}, "french": {"roll-in": 0.2444761550034778, "sfb": 0.029717495115134156, "sft": 0.0, "dsfb": 0.0, "sfT": 0.0002037679832811074, "roll-out": 0.12383500663238492, "bad-redirect": 0.0036542201898459603, "dsfb-alt": 0.033348238764299175, "unknown": 0.15822382396052298, "sfR": 0.10898279115633469, "oneh-in": 0.01252277932337913, "oneh-out": 0.0013883519772573297, "dsfb-red": 0.0052911208651867814, "alternate": 0.26923199486039046, "redirect": 0.0091242541685055}, "keymash": {"roll-in": 0.3437829672472323, "sfb": 0.030942519487876262, "sft": 0.0, "dsfb": 0.0, "sfT": 3.694384125641899e-05, "roll-out": 0.09875499254965868, "bad-redirect": 0.007795150505104408, "dsfb-alt": 0.06441363966619187, "unknown": 0.013394194891077241, "sfR": 0.099723742164827, "oneh-in": 0.02574164761322261, "oneh-out": 0.0017117313115474133, "dsfb-red": 0.007220468530004557, "alternate": 0.2990398706144582, "redirect": 0.00744213157754307}, "movie": {"roll-in": 0.32076367804904626, "sfb": 0.03418385455069932, "sft": 0.0, "dsfb": 0.0, "sfT": 5.658707059131778e-05, "roll-out": 0.089133979627865, "bad-redirect": 0.0071789252904594595, "dsfb-alt": 0.06172057067665898, "unknown": 0.030451476652766863, "sfR": 0.11567713207251198, "oneh-in": 0.03568722825868819, "oneh-out": 0.0017514356337205775, "dsfb-red": 0.009547028395786816, "alternate": 0.2839736599030203, "redirect": 0.009874443818184952}, "dutch": {"roll-in": 0.19937337970619246, "sfb": 0.08341782024730224, "sft": 0.0, "dsfb": 0.0, "sfT": 0.0002644074917870687, "roll-out": 0.10798752690919118, "bad-redirect": 0.0038601055212896087, "dsfb-alt": 0.06227653523549893, "unknown": 0.07325981014373002, "sfR": 0.18880787437283908,