{"english-450k": {"dsfb-red": 0.022750089019418218, "sft": 0.0, "unknown": 0.00015377410175167997, "oneh-out": 0.03171430058217822, "sfT": 2.8649927702784482e-05, "sfb": 0.02215457980788177, "alternate": 0.21118797217565796, "dsfb-alt": 0.029724884684040997, "sfR": 0.11369548401129392, "roll-in": 0.23916199546161757, "oneh-in": 0.028720967829639343, "bad-redirect": 0.02751884025092659, "redirect": 0.0635762359958861, "dsfb": 0.0, "roll-out": 0.2096122261520048}, "shai": {"dsfb-red": 0.019718219531445213, "sft": 0.0, "unknown": 0.02357661071706909, "oneh-out": 0.0633284726159288, "sfT": 2.3094729339215943e-05, "sfb": 0.013839652988435529, "alternate": 0.1903877700655152, "dsfb-alt": 0.028997524641344696, "sfR": 0.09823378925716947, "roll-in": 0.21860336762721957, "oneh-in": 0.027829907453880982, "bad-redirect": 0.024281760497245352, "redirect": 0.05090669744828592, "dsfb": 0.0, "roll-out": 0.24027313242712098}, "tr-quotes": {"dsfb-red": 0.02237465615681561, "sft": 0.0, "unknown": 0.01476503085920344, "oneh-out": 0.07576338965812163, "sfT": 6.934652458334297e-06, "sfb": 0.012799056887265667, "alternate": 0.18715240054552598, "dsfb-alt": 0.03043272231340006, "sfR": 0.09677191928064538, "roll-in": 0.21015348697441114, "oneh-in": 0.025017914518850697, "bad-redirect": 0.022662444233836482, "redirect": 0.04920944961974989, "dsfb": 0.0, "roll-out": 0.25289059429971567}, "gutenberg": {"dsfb-red": 0.018485619664749944, "sft": 0.0, "unknown": 0.03800726906804304, "oneh-out": 0.07445433683298837, "sfT": 5.87254011607928e-06, "sfb": 0.011620241395497392, "alternate": 0.17873435773165372, "dsfb-alt": 0.024705397394789656, "sfR": 0.09863878308844841, "roll-in": 0.21092667546411065, "oneh-in": 0.02427745971342762, "bad-redirect": 0.025540813585496418, "redirect": 0.04806825634433241, "dsfb": 0.0, "roll-out": 0.24653491717634632}, "english-200": {"dsfb-red": 0.015590200445434299, "sft": 0.0, "unknown": 0.0, "oneh-out": 0.062360801781737196, "sfT": 0.0, "sfb": 0.0, "alternate": 0.1714922048997773, "dsfb-alt": 0.0334075723830735, "sfR": 0.10690423162583519, "roll-in": 0.23162583518930957, "oneh-in": 0.0400890868596882, "bad-redirect": 0.022271714922048998, "redirect": 0.0378619153674833, "dsfb": 0.0, "roll-out": 0.27839643652561247}, "monkeyracer": {"dsfb-red": 0.02220838481630355, "sft": 0.0, "unknown": 0.014345175719849227, "oneh-out": 0.07601916730531617, "sfT": 6.842673256486854e-06, "sfb": 0.012698046514537749, "alternate": 0.18701123762453664, "dsfb-alt": 0.030681569357336128, "sfR": 0.09690789370786869, "roll-in": 0.20973771055883134, "oneh-in": 0.025139004019581777, "bad-redirect": 0.02261601263743998, "redirect": 0.049210551011151606, "dsfb": 0.0, "roll-out": 0.25341840405399063}, "chained-bigrams": {"dsfb-red": 0.032908060403516896, "sft": 0.0, "unknown": 0.02361326373652774, "oneh-out": 0.046151928207678806, "sfT": 3.9607586216300277e-05, "sfb": 0.01497880994137428, "alternate": 0.1779224717211574, "dsfb-alt": 0.03690128425975044, "sfR": 0.11914286586209158, "roll-in": 0.20041698347324768, "oneh-in": 0.022180248281128155, "bad-redirect": 0.026656554828262156, "redirect": 0.06254427446369056, "dsfb": 0.0, "roll-out": 0.236543647235358}, "english-5k": {"dsfb-red": 0.01804455137511926, "sft": 0.0, "unknown": 0.002157049819554486, "oneh-out": 0.030157215746463684, "sfT": 0.0, "sfb": 0.017463807192931512, "alternate": 0.2080723441324097, "dsfb-alt": 0.02932758120048119, "sfR": 0.10644211224955408, "roll-in": 0.2542829883436346, "oneh-in": 0.035093541295059524, "bad-redirect": 0.026589787198738956, "redirect": 0.05944331521964574, "dsfb": 0.0, "roll-out": 0.21292570622640727}, "mt-quotes": {"dsfb-red": 0.02245520612949881, "sft": 0.0, "unknown": 0.008864644218931163, "oneh-out": 0.07956365570576493, "sfT": 2.9882502002127633e-06, "sfb": 0.01183944729324297, "alternate": 0.18707342728391962, "dsfb-alt": 0.031077802082212738, "sfR": 0.0964592223377679, "roll-in": 0.20897431300127897, "oneh-in": 0.025137160684189766, "bad-redirect": 0.0226165716403103, "redirect": 0.04867710163636581, "dsfb": 0.0, "roll-out": 0.2572584597363168}, "wordle": {"dsfb-red": 0.027532817233254795, "sft": 0.0, "unknown": 0.0, "oneh-out": 0.035812857623695724, "sfT": 4.4878267698866824e-05, "sfb": 0.023067429597217547, "alternate": 0.1904633681139908, "dsfb-alt": 0.03451138786042859, "sfR": 0.13138112868843263, "roll-in": 0.21507909794681926, "oneh-in": 0.02118254235386514, "bad-redirect": 0.019095702905867835, "redirect": 0.05163244698754628, "dsfb": 0.0, "roll-out": 0.25019634242118255}, "english-1k": {"dsfb-red": 0.0187014820042343, "sft": 0.0, "unknown": 0.0, "oneh-out": 0.03705010585744531, "sfT": 0.0, "sfb": 0.013761467889908258, "alternate": 0.20077628793225125, "dsfb-alt": 0.02611150317572336, "sfR": 0.10832745236414962, "roll-in": 0.23712067748764998, "oneh-in": 0.03634438955539873, "bad-redirect": 0.02328863796753705, "redirect": 0.056810162314749474, "dsfb": 0.0, "roll-out": 0.24170783345095273}, "english-10k": {"dsfb-red": 0.020821674610679068, "sft": 0.0, "unknown": 0.0, "oneh-out": 0.03172459041701241, "sfT": 0.0, "sfb": 0.017135910152254876, "alternate": 0.2119989965458019, "dsfb-alt": 0.028270392311997065, "sfR": 0.10567144593890508, "roll-in": 0.24233418884236121, "oneh-in": 0.03338414928310916, "bad-redirect": 0.027807259605179366, "redirect": 0.06190540514463248, "dsfb": 0.0, "roll-out": 0.21894598714806737}, "reddit": {"dsfb-red": 0.02120947365404745, "sft": 0.0, "unknown": 0.040159553597531705, "oneh-out": 0.06499430553674881, "sfT": 9.251981075765672e-05, "sfb": 0.01427816661694195, "alternate": 0.1822783359244499, "dsfb-alt": 0.032831123065020264, "sfR": 0.10397777127267367, "roll-in": 0.2004261155332709, "oneh-in": 0.024425754443807044, "bad-redirect": 0.022012860253695313, "redirect": 0.0467424692338854, "dsfb": 0.0, "roll-out": 0.24657155105716994}, "akl": {"dsfb-red": 0.01906641188516707, "sft": 0.0, "unknown": 0.13242029519012413, "oneh-out": 0.05037479826551644, "sfT": 0.0001378437127046466, "sfb": 0.017395980315255664, "alternate": 0.15487785018560227, "dsfb-alt": 0.0293069964788949, "sfR": 0.13064861186637447, "roll-in": 0.17423245154289463, "oneh-in": 0.02077430018002206, "bad-redirect": 0.017485767741670554, "redirect": 0.0422089851517935, "dsfb": 0.0, "roll-out": 0.21106970748397966}, "french": {"dsfb-red": 0.010390968600269166, "sft": 0.0, "unknown": 0.1582127523819887, "oneh-out": 0.03319534910402539, "sfT": 0.00016336196527440592, "sfb": 0.021430456036821643, "alternate": 0.1666919335370294, "dsfb-alt": 0.027329180337781426, "sfR": 0.10898279115633469, "roll-in": 0.17013237787558222, "oneh-in": 0.02932649909810082, "bad-redirect": 0.021618103562047426, "redirect": 0.04346620830631172, "dsfb": 0.0, "roll-out": 0.209060018038433}, "keymash": {"dsfb-red": 0.022851818252720504, "sft": 0.0, "unknown": 0.013394194891077241, "oneh-out": 0.07548447742936543, "sfT": 1.6419485002852885e-05, "sfb": 0.012211991970871833, "alternate": 0.18535956619720623, "dsfb-alt": 0.02979315553767656, "sfR": 0.099723742164827, "roll-in": 0.20993543037522627, "oneh-in": 0.02520390947937918, "bad-redirect": 0.023771309412880266, "redirect": 0.05000143670493775, "dsfb": 0.0, "roll-out": 0.25225254809882885}, "movie": {"dsfb-red": 0.02531021229494918, "sft": 0.0, "unknown": 0.030313825313607518, "oneh-out": 0.07698907830058235, "sfT": 1.0791022763925716e-05, "sfb": 0.017902043569675594, "alternate": 0.18035865411732133, "dsfb-alt": 0.03480091681582185, "sfR": 0.11567713207251198, "roll-in": 0.18633609114150465, "oneh-in": 0.018910214611071143, "bad-redirect": 0.022471252123166627, "redirect": 0.043997631765296835, "dsfb": 0.0, "roll-out": 0.246922156851727}, "dutch": {"dsfb-red": 0.01094050996398098, "sft": 0.0, "unknown": 0.07324141314884507, "oneh-out": 0.017238055930378887, "sfT": 7.170524614515717e-05, "sfb": 0.027434420002819437, "alternate": 0.15867110437088572, "dsfb-alt": 0.020800761298489307, "sfR": 0.18880787437283908, "roll-in": 0.2166888608060774,