{"english-450k": {"dsfb-alt": 0.04891185820507618, "dsfb-red": 0.014429916137568766, "sfR": 0.11369548401129392, "sfb": 0.1067089944986292, "bad-redirect": 0.007548963603482662, "oneh-out": 0.007046128137678689, "sfT": 0.0007726710093720346, "dsfb": 0.0, "redirect": 0.025412193526168785, "oneh-in": 0.005662453568114618, "unknown": 5.846924020976424e-07, "alternate": 0.2818454178533486, "roll-out": 0.18201708354260449, "sft": 0.0, "roll-in": 0.20594825121425994}, "shai": {"dsfb-alt": 0.052003849973046475, "dsfb-red": 0.012132551128874396, "sfR": 0.09823378925716947, "sfb": 0.07921147696967426, "bad-redirect": 0.007621961225934959, "oneh-out": 0.006861754880508095, "sfT": 0.000989024913976294, "dsfb": 0.0, "redirect": 0.02528038789546676, "oneh-in": 0.003956835033578118, "unknown": 0.024948461636353107, "alternate": 0.2706625063900449, "roll-out": 0.21124361885700327, "sft": 0.0, "roll-in": 0.20685378183836986}, "tr-quotes": {"dsfb-alt": 0.04880608400175678, "dsfb-red": 0.011791220729987749, "sfR": 0.09677191928064538, "sfb": 0.07035667229144033, "bad-redirect": 0.006312845287903654, "oneh-out": 0.0065786736321398025, "sfT": 0.0012944684588890687, "dsfb": 0.0, "redirect": 0.02595524837613555, "oneh-in": 0.003310140773444904, "unknown": 0.03558401331453272, "alternate": 0.27363213980259354, "roll-out": 0.22804604609232335, "sft": 0.0, "roll-in": 0.19156052795820716}, "gutenberg": {"dsfb-alt": 0.050624326789050406, "dsfb-red": 0.010974072545950732, "sfR": 0.09863878308844841, "sfb": 0.06465609836769906, "bad-redirect": 0.006125627651404503, "oneh-out": 0.006036213492217748, "sfT": 0.0006476843437701632, "dsfb": 0.0, "redirect": 0.025760370811126608, "oneh-in": 0.0036667382737687274, "unknown": 0.03277691962917372, "alternate": 0.26701000188300156, "roll-out": 0.23678062804353864, "sft": 0.0, "roll-in": 0.19630253508084972}, "english-200": {"dsfb-alt": 0.0467706013363029, "dsfb-red": 0.008908685968819599, "sfR": 0.10690423162583519, "sfb": 0.0957683741648107, "bad-redirect": 0.0066815144766146995, "oneh-out": 0.0066815144766146995, "sfT": 0.0022271714922048997, "dsfb": 0.0, "redirect": 0.015590200445434299, "oneh-in": 0.0066815144766146995, "unknown": 0.0, "alternate": 0.289532293986637, "roll-out": 0.22048997772828507, "sft": 0.0, "roll-in": 0.19376391982182628}, "monkeyracer": {"dsfb-alt": 0.04859959804182242, "dsfb-red": 0.011728341961618469, "sfR": 0.09690789370786869, "sfb": 0.07039839998748769, "bad-redirect": 0.006305034643477173, "oneh-out": 0.006629572860784835, "sfT": 0.001298152869230649, "dsfb": 0.0, "redirect": 0.026180067879318706, "oneh-in": 0.003291325836370177, "unknown": 0.03511757667704146, "alternate": 0.27320350501274693, "roll-out": 0.22912886904296417, "sft": 0.0, "roll-in": 0.19121166147926866}, "chained-bigrams": {"dsfb-alt": 0.05160478901168684, "dsfb-red": 0.012643910268688774, "sfR": 0.11914286586209158, "sfb": 0.07685559918161637, "bad-redirect": 0.007013139979053431, "oneh-out": 0.010086299086623089, "sfT": 0.0008746134202189585, "dsfb": 0.0, "redirect": 0.03181592991145432, "oneh-in": 0.007013789283745501, "unknown": 0.027156519441156438, "alternate": 0.2859258662860875, "roll-out": 0.19159617923147, "sft": 0.0, "roll-in": 0.17827049903610717}, "english-5k": {"dsfb-alt": 0.052142531214999795, "dsfb-red": 0.015970465010163023, "sfR": 0.10644211224955408, "sfb": 0.09059609242128842, "bad-redirect": 0.00858671755091882, "oneh-out": 0.006844485004355581, "sfT": 0.0008711162732816195, "dsfb": 0.0, "redirect": 0.0238105114696976, "oneh-in": 0.004604471730202846, "unknown": 8.296345459824948e-05, "alternate": 0.2749823702658979, "roll-out": 0.17671215829427137, "sft": 0.0, "roll-in": 0.23835400506077073}, "mt-quotes": {"dsfb-alt": 0.0478553328313073, "dsfb-red": 0.01147936314411733, "sfR": 0.0964592223377679, "sfb": 0.06872975460489356, "bad-redirect": 0.006179701414039995, "oneh-out": 0.006633915444472335, "sfT": 0.0013506890904961691, "dsfb": 0.0, "redirect": 0.026226377882167317, "oneh-in": 0.0030524975795173377, "unknown": 0.0319593358912755, "alternate": 0.2757796344772355, "roll-out": 0.2333270580079129, "sft": 0.0, "roll-in": 0.19096711729479685}, "wordle": {"dsfb-alt": 0.05457197352182206, "dsfb-red": 0.01229664534948951, "sfR": 0.13138112868843263, "sfb": 0.09949511948838775, "bad-redirect": 0.010568832043083136, "oneh-out": 0.010860540783125771, "sfT": 0.0010770784247728037, "dsfb": 0.0, "redirect": 0.029956243688993606, "oneh-in": 0.004779535509929316, "unknown": 0.0, "alternate": 0.2783798945360709, "roll-out": 0.19838438236284078, "sft": 0.0, "roll-in": 0.16824862560305173}, "english-1k": {"dsfb-alt": 0.04728299223712068, "dsfb-red": 0.015172900494001412, "sfR": 0.10832745236414962, "sfb": 0.08045165843330981, "bad-redirect": 0.01305575158786168, "oneh-out": 0.008821453775582216, "sfT": 0.0007057163020465773, "dsfb": 0.0, "redirect": 0.022230063514467185, "oneh-in": 0.0045871559633027525, "unknown": 0.0, "alternate": 0.2646436132674665, "roll-out": 0.20430486944248413, "sft": 0.0, "roll-in": 0.2304163726182075}, "english-10k": {"dsfb-alt": 0.05447598463943189, "dsfb-red": 0.014415005499700893, "sfR": 0.10567144593890508, "sfb": 0.09023368904498176, "bad-redirect": 0.008741629841184076, "oneh-out": 0.007236448544026553, "sfT": 0.0005596186874047201, "dsfb": 0.0, "redirect": 0.02585824279732155, "oneh-in": 0.004419057910885548, "unknown": 0.0, "alternate": 0.2727658671195075, "roll-out": 0.18401806217556588, "sft": 0.0, "roll-in": 0.2316049478010845}, "reddit": {"dsfb-alt": 0.04956211347461146, "dsfb-red": 0.010862425101561093, "sfR": 0.10397777127267367, "sfb": 0.06894205469269282, "bad-redirect": 0.006444398122110044, "oneh-out": 0.007050234324213015, "sfT": 0.0015287494074705439, "dsfb": 0.0, "redirect": 0.024319487762382158, "oneh-in": 0.0033068528150276147, "unknown": 0.06011330492937686, "alternate": 0.26892774596082664, "roll-out": 0.20656092813476878, "sft": 0.0, "roll-in": 0.18840393400228528}, "akl": {"dsfb-alt": 0.04498577373326409, "dsfb-red": 0.008812089864612965, "sfR": 0.13064861186637447, "sfb": 0.06467027099520467, "bad-redirect": 0.006001476575723007, "oneh-out": 0.008247397616205597, "sfT": 0.0013230920981060807, "dsfb": 0.0, "redirect": 0.0221973098214473, "oneh-in": 0.002892098960963792, "unknown": 0.14963166030170008, "alternate": 0.22848866586928646, "roll-out": 0.17555119510301254, "sft": 0.0, "roll-in": 0.15655035719409893}, "french": {"dsfb-alt": 0.039684642490564026, "dsfb-red": 0.022147876347636958, "sfR": 0.10898279115633469, "sfb": 0.06390363813419002, "bad-redirect": 0.01412925188504861, "oneh-out": 0.01000229476817875, "sfT": 0.000842578588319203, "dsfb": 0.0, "redirect": 0.021606073145859297, "oneh-in": 0.003480835374721171, "unknown": 0.1767446421912269, "alternate": 0.19605964767240736, "roll-out": 0.17698382724034703, "sft": 0.0, "roll-in": 0.165431901005166}, "keymash": {"dsfb-alt": 0.04904910657477228, "dsfb-red": 0.012540381670928892, "sfR": 0.099723742164827, "sfb": 0.06974176254961763, "bad-redirect": 0.006502116061129742, "oneh-out": 0.006974176254961763, "sfT": 0.0011986224052082607, "dsfb": 0.0, "redirect": 0.025540508921937665, "oneh-in": 0.00305812908178135, "unknown": 0.030885051290366276, "alternate": 0.2742095044188939, "roll-out": 0.22839503638968364, "sft": 0.0, "roll-in": 0.1921818622158916}, "movie": {"dsfb-alt": 0.05097047484053303, "dsfb-red": 0.012614705611029162, "sfR": 0.11567713207251198, "sfb": 0.06131682850788186, "bad-redirect": 0.005556587136390237, "oneh-out": 0.005951643847820786, "sfT": 0.0007965617169517361, "dsfb": 0.0, "redirect": 0.023131346881506278, "oneh-in": 0.00293028907176017, "unknown": 0.07931480690188553, "alternate": 0.262070120855507, "roll-out": 0.21580189998327393, "sft": 0.0, "roll-in": 0.1638676025729483}, "dutch": {"dsfb-alt": 0.04371360878069559, "dsfb-red": 0.008989818859171864, "sfR": 0.18880787437283908, "sfb": 0.07547159154339275, "bad-redirect": 0.004402243084980238, "oneh-out": 0.0051305381544170595,