{"english-450k": {"redirect": 0.04083433267009725, "oneh-in": 0.00867040363070594, "sfb": 0.036647058032474984, "roll-out": 0.14603423607891242, "unknown": 0.1995587326441369, "dsfb-red": 0.020332385936744468, "dsfb-alt": 0.024457975525945433, "bad-redirect": 0.0010255504732792648, "sfR": 0.11369548401129392, "alternate": 0.2006149794685263, "dsfb": 0.0, "roll-in": 0.1995616561061474, "sfT": 0.00034029097802082794, "oneh-out": 0.008226914443714877, "sft": 0.0}, "shai": {"redirect": 0.040424109333784985, "oneh-in": 0.008575575769754644, "sfb": 0.03297209775847596, "roll-out": 0.1352078355342542, "unknown": 0.20998752412425808, "dsfb-red": 0.016932005122563463, "dsfb-alt": 0.020972197150574075, "bad-redirect": 0.000977932322341269, "sfR": 0.09823378925716947, "alternate": 0.18533499007472365, "dsfb": 0.0, "roll-in": 0.24318964027801301, "sfT": 0.0001279247518216466, "oneh-out": 0.0070643785222655325, "sft": 0.0}, "tr-quotes": {"redirect": 0.04290469475971429, "oneh-in": 0.007910126904139987, "sfb": 0.03320196019509489, "roll-out": 0.1316173921083655, "unknown": 0.21052680243175145, "dsfb-red": 0.015540556159127158, "dsfb-alt": 0.01931069554564157, "bad-redirect": 0.0008367813966390052, "sfR": 0.09677191928064538, "alternate": 0.1774450428792677, "dsfb": 0.0, "roll-in": 0.2575911328910566, "sfT": 0.00010401978687501444, "oneh-out": 0.006238875661681422, "sft": 0.0}, "gutenberg": {"redirect": 0.03846703212809866, "oneh-in": 0.008108272969304043, "sfb": 0.03267310827486367, "roll-out": 0.1257665085627318, "unknown": 0.2080029082334149, "dsfb-red": 0.015291905025492507, "dsfb-alt": 0.02436630556228056, "bad-redirect": 0.0013789103066110025, "sfR": 0.09863878308844841, "alternate": 0.1698205995825571, "dsfb": 0.0, "roll-in": 0.2701438545004306, "sfT": 0.00030972913192869753, "oneh-out": 0.007032082633838031, "sft": 0.0}, "english-200": {"redirect": 0.026726057906458798, "oneh-in": 0.008908685968819599, "sfb": 0.022271714922048998, "roll-out": 0.11804008908685969, "unknown": 0.2583518930957684, "dsfb-red": 0.017817371937639197, "dsfb-alt": 0.015590200445434299, "bad-redirect": 0.0, "sfR": 0.10690423162583519, "alternate": 0.155902004454343, "dsfb": 0.0, "roll-in": 0.26280623608017817, "sfT": 0.0, "oneh-out": 0.0066815144766146995, "sft": 0.0}, "monkeyracer": {"redirect": 0.04284490983311697, "oneh-in": 0.007897422462736756, "sfb": 0.03340690836291975, "roll-out": 0.13139203434630964, "unknown": 0.21036821402317907, "dsfb-red": 0.015398947401348203, "dsfb-alt": 0.019259192642757713, "bad-redirect": 0.0008631543550682703, "sfR": 0.09690789370786869, "alternate": 0.17753022506529864, "dsfb": 0.0, "roll-in": 0.2577556813738524, "sfT": 0.00010166257409637611, "oneh-out": 0.006273753851447518, "sft": 0.0}, "chained-bigrams": {"redirect": 0.041791847200425426, "oneh-in": 0.013936026605909061, "sfb": 0.03125752787627369, "roll-out": 0.11048698501209979, "unknown": 0.216648951470318, "dsfb-red": 0.021579641440962943, "dsfb-alt": 0.022390623001358995, "bad-redirect": 0.002727729011388155, "sfR": 0.11914286586209158, "alternate": 0.18015088542434335, "dsfb": 0.0, "roll-in": 0.23038694014514557, "sfT": 0.0012765330246105957, "oneh-out": 0.008223443925072836, "sft": 0.0}, "english-5k": {"redirect": 0.040942464844236116, "oneh-in": 0.00875264446011532, "sfb": 0.029534989836976812, "roll-out": 0.14514456381963745, "unknown": 0.1894885303024018, "dsfb-red": 0.02103123574065624, "dsfb-alt": 0.027460903472020574, "bad-redirect": 0.0003733355456921226, "sfR": 0.10644211224955408, "alternate": 0.20164267640104533, "dsfb": 0.0, "roll-in": 0.22080723441324096, "sfT": 0.00029037209109387317, "oneh-out": 0.008088936823329323, "sft": 0.0}, "mt-quotes": {"redirect": 0.04268864823513943, "oneh-in": 0.00777542702095361, "sfb": 0.03391962802261508, "roll-out": 0.1307135343828068, "unknown": 0.20834528633413418, "dsfb-red": 0.014911368499061689, "dsfb-alt": 0.018806552635039026, "bad-redirect": 0.0007859098026559568, "sfR": 0.0964592223377679, "alternate": 0.17752297964403962, "dsfb": 0.0, "roll-in": 0.2618230119171418, "sfT": 9.263575620659567e-05, "oneh-out": 0.006155795412438292, "sft": 0.0}, "wordle": {"redirect": 0.04007629305508807, "oneh-in": 0.008818579602827331, "sfb": 0.031055761247615842, "roll-out": 0.16806911253225626, "unknown": 0.19055312464938853, "dsfb-red": 0.023583529675754517, "dsfb-alt": 0.024974755974419387, "bad-redirect": 0.0018175698418041065, "sfR": 0.13138112868843263, "alternate": 0.18097161449568047, "dsfb": 0.0, "roll-in": 0.18296869740828003, "sfT": 4.4878267698866824e-05, "oneh-out": 0.015684954560753955, "sft": 0.0}, "english-1k": {"redirect": 0.0465772759350741, "oneh-in": 0.012702893436838392, "sfb": 0.02611150317572336, "roll-out": 0.14431898376852506, "unknown": 0.20606916019760058, "dsfb-red": 0.022582921665490474, "dsfb-alt": 0.022230063514467185, "bad-redirect": 0.00035285815102328866, "sfR": 0.10832745236414962, "alternate": 0.15737473535638674, "dsfb": 0.0, "roll-in": 0.24453069865913904, "sfT": 0.0, "oneh-out": 0.008821453775582216, "sft": 0.0}, "english-10k": {"redirect": 0.04091005576889678, "oneh-in": 0.009860867215993515, "sfb": 0.03847860905810386, "roll-out": 0.1537600586634762, "unknown": 0.18341984909592637, "dsfb-red": 0.021304104513614173, "dsfb-alt": 0.023928523185581134, "bad-redirect": 0.0008104822369309739, "sfR": 0.10567144593890508, "alternate": 0.19401400976438124, "dsfb": 0.0, "roll-in": 0.2189652843441848, "sfT": 0.00015437756893923313, "oneh-out": 0.008722332645066671, "sft": 0.0}, "reddit": {"redirect": 0.040780297850113036, "oneh-in": 0.007851485851304933, "sfb": 0.03318659391687863, "roll-out": 0.1330452483679337, "unknown": 0.22769818389604668, "dsfb-red": 0.015136990188217883, "dsfb-alt": 0.01856786449855667, "bad-redirect": 0.0011348097921918899, "sfR": 0.10397777127267367, "alternate": 0.17788540541188452, "dsfb": 0.0, "roll-in": 0.23432204048509597, "sfT": 0.0001291531609280973, "oneh-out": 0.006284155308174313, "sft": 0.0}, "akl": {"redirect": 0.033353681690923065, "oneh-in": 0.007365286802263799, "sfb": 0.032402957865656515, "roll-out": 0.11632185931229404, "unknown": 0.29401386931600687, "dsfb-red": 0.013643315569473293, "dsfb-alt": 0.015465180033302389, "bad-redirect": 0.0009518356673658012, "sfR": 0.13064861186637447, "alternate": 0.1516050564898557, "dsfb": 0.0, "roll-in": 0.1988127601818608, "sfT": 0.0002143878643373756, "oneh-out": 0.00520119734028592, "sft": 0.0}, "french": {"redirect": 0.05132526120872603, "oneh-in": 0.01424001261590643, "sfb": 0.02368357470498176, "roll-out": 0.1165563950928307, "unknown": 0.3161119348874923, "dsfb-red": 0.013587943083936214, "dsfb-alt": 0.015886861231905927, "bad-redirect": 0.0019990866172436795, "sfR": 0.10898279115633469, "alternate": 0.15701368095033635, "dsfb": 0.0, "roll-in": 0.16877282099161703, "sfT": 0.00010388406705912791, "oneh-out": 0.011735753391629763, "sft": 0.0}, "keymash": {"redirect": 0.042518256414887545, "oneh-in": 0.007688423852585864, "sfb": 0.03408685086592259, "roll-out": 0.13258323652678633, "unknown": 0.20461141236305122, "dsfb-red": 0.01555746204020311, "dsfb-alt": 0.020163127583503342, "bad-redirect": 0.0009851691001711732, "sfR": 0.099723742164827, "alternate": 0.1761933886943636, "dsfb": 0.0, "roll-in": 0.25935397536256277, "sfT": 0.00016419485002852887, "oneh-out": 0.00637076018110692, "sft": 0.0}, "movie": {"redirect": 0.042790353194123, "oneh-in": 0.007885605683658009, "sfb": 0.029700842581481104, "roll-out": 0.13474289532878997, "unknown": 0.23317255148074545, "dsfb-red": 0.01600821907460663, "dsfb-alt": 0.020327260136948605, "bad-redirect": 0.0013528257806482483, "sfR": 0.11567713207251198, "alternate": 0.1639599842556346, "dsfb": 0.0, "roll-in": 0.22894878725353862, "sfT": 0.000165944874455004, "oneh-out": 0.005267598282858763, "sft": 0.0}, "dutch": {"redirect": 0.03962768283681231, "oneh-in": 0.006608179045722413, "sfb": 0.03910132437204834, "roll-out": 0.12039246276912643, "unknown": 0.1892616131209519,