{"english-450k": {"roll-out": 0.19702906096646147, "dsfb-alt": 0.037069498292990534, "dsfb": 0.0, "dsfb-red": 0.01054521981803203, "sfb": 0.040469776957389375, "unknown": 0.00015377410175167997, "oneh-in": 0.007542239640858539, "alternate": 0.3247060020429153, "sfR": 0.11369548401129392, "sfT": 0.0005575042054001021, "redirect": 0.0222709335958992, "bad-redirect": 0.031756106088928204, "oneh-out": 0.007370047728440784, "roll-in": 0.20683435254963892, "sft": 0.0}, "shai": {"roll-out": 0.21965846428990538, "dsfb-alt": 0.027908441918942494, "dsfb": 0.0, "dsfb-red": 0.008706155622016496, "sfb": 0.03330734869875308, "unknown": 0.023260762136131256, "oneh-in": 0.009891774080832095, "alternate": 0.2912150776883937, "sfR": 0.09823378925716947, "sfT": 0.00010871978333141877, "redirect": 0.025252660286788003, "bad-redirect": 0.024144109408096835, "oneh-out": 0.003062352595480663, "roll-in": 0.2352503442341591, "sft": 0.0}, "tr-quotes": {"roll-out": 0.22746353528582325, "dsfb-alt": 0.023862139109128315, "dsfb": 0.0, "dsfb-red": 0.008321582950001155, "sfb": 0.03353135618686577, "unknown": 0.013835787429786644, "oneh-in": 0.013185085874112943, "alternate": 0.27307390027969763, "sfR": 0.09677191928064538, "sfT": 7.512540163195488e-05, "redirect": 0.03225306858371281, "bad-redirect": 0.02429208756154504, "oneh-out": 0.0020803957375002888, "roll-in": 0.2512540163195488, "sft": 0.0}, "gutenberg": {"roll-out": 0.24221481145546928, "dsfb-alt": 0.024357023160161598, "dsfb": 0.0, "dsfb-red": 0.008271567471886634, "sfb": 0.028262451774132256, "unknown": 0.032975828246008664, "oneh-in": 0.010549165853035706, "alternate": 0.2635880159263288, "sfR": 0.09863878308844841, "sfT": 0.00011517756098632911, "redirect": 0.03431741950736587, "bad-redirect": 0.020598029175537044, "oneh-out": 0.00275251638343974, "roll-in": 0.23335921039719967, "sft": 0.0}, "english-200": {"roll-out": 0.22717149220489977, "dsfb-alt": 0.028953229398663696, "dsfb": 0.0, "dsfb-red": 0.008908685968819599, "sfb": 0.017817371937639197, "unknown": 0.0, "oneh-in": 0.011135857461024499, "alternate": 0.2873051224944321, "sfR": 0.10690423162583519, "sfT": 0.0, "redirect": 0.0334075723830735, "bad-redirect": 0.015590200445434299, "oneh-out": 0.0, "roll-in": 0.26280623608017817, "sft": 0.0}, "monkeyracer": {"roll-out": 0.22714351627383206, "dsfb-alt": 0.023780244615793672, "dsfb": 0.0, "dsfb-red": 0.008330465927397281, "sfb": 0.0334528520262133, "unknown": 0.013436077701487402, "oneh-in": 0.01327674116708635, "alternate": 0.27263654065720944, "sfR": 0.09690789370786869, "sfT": 7.917950482506217e-05, "redirect": 0.03237073212693745, "bad-redirect": 0.024097940159844847, "oneh-out": 0.0019951280166413815, "roll-in": 0.2524926881148631, "sft": 0.0}, "chained-bigrams": {"roll-out": 0.20013583454158115, "dsfb-alt": 0.04190937134969019, "dsfb": 0.0, "dsfb-red": 0.013032843779239002, "sfb": 0.02984074503817587, "unknown": 0.022916559801936097, "oneh-in": 0.011166092789536324, "alternate": 0.2778478666120385, "sfR": 0.11914286586209158, "sfT": 0.00020453097800220634, "redirect": 0.03818236241720554, "bad-redirect": 0.02350937498579646, "oneh-out": 0.005818419345643718, "roll-in": 0.21629313249906337, "sft": 0.0}, "english-5k": {"roll-out": 0.18890778612021406, "dsfb-alt": 0.031775003111129546, "dsfb": 0.0, "dsfb-red": 0.008628199278217945, "sfb": 0.03642095656863152, "unknown": 0.002157049819554486, "oneh-in": 0.009997096279089061, "alternate": 0.330567884846725, "sfR": 0.10644211224955408, "sfT": 0.00016592690919649896, "redirect": 0.02094827228605799, "bad-redirect": 0.035881694113742896, "oneh-out": 0.003899282366117725, "roll-in": 0.2242087360517692, "sft": 0.0}, "mt-quotes": {"roll-out": 0.2315744492654881, "dsfb-alt": 0.022601630389309235, "dsfb": 0.0, "dsfb-red": 0.008253547052987652, "sfb": 0.03252859755441603, "unknown": 0.007977133909467972, "oneh-in": 0.013690668292274775, "alternate": 0.27077730364207936, "sfR": 0.0964592223377679, "sfT": 5.5282628703936124e-05, "redirect": 0.03315762422156082, "bad-redirect": 0.024134602742018382, "oneh-out": 0.0017645617432256368, "roll-in": 0.2570253762207002, "sft": 0.0}, "wordle": {"roll-out": 0.19232581622349376, "dsfb-alt": 0.0485582856501739, "dsfb": 0.0, "dsfb-red": 0.013373723774262313, "sfb": 0.05576124761584203, "unknown": 0.0, "oneh-in": 0.009648827555256367, "alternate": 0.2905194659486144, "sfR": 0.13138112868843263, "sfT": 0.0006058566139347021, "redirect": 0.029417704476607204, "bad-redirect": 0.025894760462246157, "oneh-out": 0.006821496690227758, "roll-in": 0.19569168630090877, "sft": 0.0}, "english-1k": {"roll-out": 0.1990119971771348, "dsfb-alt": 0.030345800988002825, "dsfb": 0.0, "dsfb-red": 0.006351446718419196, "sfb": 0.032462949894142556, "unknown": 0.0, "oneh-in": 0.013761467889908258, "alternate": 0.31333803810868033, "sfR": 0.10832745236414962, "sfT": 0.0, "redirect": 0.02399435426958363, "bad-redirect": 0.026817219477769938, "oneh-out": 0.0017642907551164433, "roll-in": 0.24382498235709246, "sft": 0.0}, "english-10k": {"roll-out": 0.19441925088284673, "dsfb-alt": 0.03265085583064781, "dsfb": 0.0, "dsfb-red": 0.008471469095540418, "sfb": 0.03853650064645607, "unknown": 0.0, "oneh-in": 0.008780224233418885, "alternate": 0.3229964686131105, "sfR": 0.10567144593890508, "sfT": 0.00013508037282182898, "redirect": 0.020512919472800602, "bad-redirect": 0.03382798479380946, "oneh-out": 0.004631327068176994, "roll-in": 0.22936647305146562, "sft": 0.0}, "reddit": {"roll-out": 0.22206676147137963, "dsfb-alt": 0.026187713706248103, "dsfb": 0.0, "dsfb-red": 0.009395517883386457, "sfb": 0.03577729844774607, "unknown": 0.039285409944231534, "oneh-in": 0.013236026465160766, "alternate": 0.2607132977750109, "sfR": 0.10397777127267367, "sfT": 0.0001601304416959443, "redirect": 0.029188501997510205, "bad-redirect": 0.02187119631673764, "oneh-out": 0.002482227862060079, "roll-in": 0.23565814641615898, "sft": 0.0}, "akl": {"roll-out": 0.187516815067526, "dsfb-alt": 0.025173686413534152, "dsfb": 0.0, "dsfb-red": 0.00933826296118191, "sfb": 0.03872316250983084, "unknown": 0.13277008071454782, "oneh-in": 0.012877849345543797, "alternate": 0.214823088750226, "sfR": 0.13064861186637447, "sfT": 0.0003975947346913735, "redirect": 0.024394210979154122, "bad-redirect": 0.018203968322580873, "oneh-out": 0.0024068910688516128, "roll-in": 0.20272577726595706, "sft": 0.0}, "french": {"roll-out": 0.13081973443103465, "dsfb-alt": 0.02386967910085838, "dsfb": 0.0, "dsfb-red": 0.017703154439546433, "sfb": 0.030657560525540715, "unknown": 0.15807953387545715, "oneh-in": 0.008503391805800377, "alternate": 0.23296869486449398, "sfR": 0.10898279115633469, "sfT": 9.510470979107931e-05, "redirect": 0.017311783876554566, "bad-redirect": 0.03265401033923631, "oneh-out": 0.004610630785882967, "roll-in": 0.2337439300894687, "sft": 0.0}, "keymash": {"roll-out": 0.2268269755719112, "dsfb-alt": 0.023758994799128127, "dsfb": 0.0, "dsfb-red": 0.008287735055189994, "sfb": 0.033733831938361256, "unknown": 0.01232282349464109, "oneh-in": 0.013394194891077241, "alternate": 0.27551895834787143, "sfR": 0.099723742164827, "sfT": 5.3363326259271875e-05, "redirect": 0.031086189981651226, "bad-redirect": 0.023734365571623846, "oneh-out": 0.001986757685345199, "roll-in": 0.24957206717211314, "sft": 0.0}, "movie": {"roll-out": 0.21941834018541345, "dsfb-alt": 0.02332900683506014, "dsfb": 0.0, "dsfb-red": 0.009879444536051163, "sfb": 0.03786359331319799, "unknown": 0.030236445784519856, "oneh-in": 0.018223405491498847, "alternate": 0.2446940738466535, "sfR": 0.11567713207251198, "sfT": 0.00010593626006049026, "redirect": 0.03225305106298812, "bad-redirect": 0.021230416103153755, "oneh-out": 0.001719194163267385, "roll-in": 0.2453699603456233, "sft": 0.0}, "dutch": {"roll-out": 0.16454695391846846, "dsfb-alt": 0.02291363643715262, "dsfb": 0.0, "dsfb-red": 0.012209884680248573, "sfb": 0.04263060673970501, "unknown": 0.07290361491625476, "oneh-in": 0.004324046891322065, "alternate": 0.21941966697566206,