{"english-450k": {"dsfb-alt": 0.029896784250257703, "sft": 0.0, "dsfb-red": 0.014316193465360776, "redirect": 0.041837080139694706, "roll-out": 0.24984578737894675, "oneh-in": 0.006844701605156051, "sfb": 0.03698939543390316, "roll-in": 0.17061236589348894, "oneh-out": 0.008093896922237664, "dsfb": 0.0, "sfR": 0.11369548401129392, "unknown": 0.00015377410175167997, "alternate": 0.32167583366904423, "sfT": 0.0005300236625015129, "bad-redirect": 0.0055086794663629386}, "shai": {"dsfb-alt": 0.02497690140025198, "sft": 0.0, "dsfb-red": 0.011445212970018576, "redirect": 0.045392529894263525, "roll-out": 0.25963476345454733, "oneh-in": 0.008041679967971593, "sfb": 0.03063096488052977, "roll-in": 0.2079400585143885, "oneh-out": 0.007720637298417498, "dsfb": 0.0, "sfR": 0.09823378925716947, "unknown": 0.023260762136131256, "alternate": 0.2781061307894736, "sfT": 0.00019009512845577191, "bad-redirect": 0.004426474308381169}, "tr-quotes": {"dsfb-alt": 0.023980028200919996, "sft": 0.0, "dsfb-red": 0.011298860405446014, "redirect": 0.051138438778576545, "roll-out": 0.24408474145304085, "oneh-in": 0.008841681884376227, "sfb": 0.02957860428561522, "roll-in": 0.24053073206814451, "oneh-out": 0.009367559695799912, "dsfb": 0.0, "sfR": 0.09677191928064538, "unknown": 0.013835787429786644, "alternate": 0.2665044728508356, "sfT": 0.00019301449342363792, "bad-redirect": 0.003874159173389427}, "gutenberg": {"dsfb-alt": 0.02250641527648487, "sft": 0.0, "dsfb-red": 0.012703440891747112, "redirect": 0.044147862224904647, "roll-out": 0.24763516598261046, "oneh-in": 0.010996994396081235, "sfb": 0.025840123694638523, "roll-in": 0.2401959837129836, "oneh-out": 0.005961385964932221, "dsfb": 0.0, "sfR": 0.09863878308844841, "unknown": 0.032975828246008664, "alternate": 0.2546721739726749, "sfT": 0.00018280649071020984, "bad-redirect": 0.0035430360577751864}, "english-200": {"dsfb-alt": 0.0200445434298441, "sft": 0.0, "dsfb-red": 0.013363028953229399, "redirect": 0.053452115812917596, "roll-out": 0.24944320712694878, "oneh-in": 0.011135857461024499, "sfb": 0.015590200445434299, "roll-in": 0.2516703786191537, "oneh-out": 0.0066815144766146995, "dsfb": 0.0, "sfR": 0.10690423162583519, "unknown": 0.0, "alternate": 0.2717149220489978, "sfT": 0.0, "bad-redirect": 0.0}, "monkeyracer": {"dsfb-alt": 0.023872131942380782, "sft": 0.0, "dsfb-red": 0.011321691665232964, "redirect": 0.05140704912648388, "roll-out": 0.24390024555421744, "oneh-in": 0.00894044137197554, "sfb": 0.029401989458373086, "roll-in": 0.24145252357789698, "oneh-out": 0.009405743153416645, "dsfb": 0.0, "sfR": 0.09690789370786869, "unknown": 0.013436077701487402, "alternate": 0.26591605799458845, "sfT": 0.00020723524719645903, "bad-redirect": 0.003830919498881712}, "chained-bigrams": {"dsfb-alt": 0.03445665209410503, "sft": 0.0, "dsfb-red": 0.02188806116969643, "redirect": 0.048543317388574446, "roll-out": 0.2221115518447071, "oneh-in": 0.009088317774910737, "sfb": 0.029170013291267047, "roll-in": 0.1851037816154571, "oneh-out": 0.008527967825653899, "dsfb": 0.0, "sfR": 0.11914286586209158, "unknown": 0.022916559801936097, "alternate": 0.28631674771071397, "sfT": 0.0002999787677365693, "bad-redirect": 0.012434184853150005}, "english-5k": {"dsfb-alt": 0.02584311610735471, "sft": 0.0, "dsfb-red": 0.009831169369892562, "redirect": 0.0464595345750197, "roll-out": 0.28468909445389307, "oneh-in": 0.006844485004355581, "sfb": 0.033932052930684034, "roll-in": 0.17024100883560792, "oneh-out": 0.006637076367859957, "dsfb": 0.0, "sfR": 0.10644211224955408, "unknown": 0.002157049819554486, "alternate": 0.3038121707387896, "sfT": 0.00016592690919649896, "bad-redirect": 0.0029452026382378563}, "mt-quotes": {"dsfb-alt": 0.02339650494256583, "sft": 0.0, "dsfb-red": 0.010742759469764884, "redirect": 0.05267388627915038, "roll-out": 0.24333470792842543, "oneh-in": 0.008993138977540312, "sfb": 0.028313670647015933, "roll-in": 0.24835795651498307, "oneh-out": 0.009758131028794779, "dsfb": 0.0, "sfR": 0.0964592223377679, "unknown": 0.007977133909467972, "alternate": 0.26600955044763985, "sfT": 0.0001882597626134041, "bad-redirect": 0.0037950777542702097}, "wordle": {"dsfb-alt": 0.03202064400314148, "sft": 0.0, "dsfb-red": 0.022259620778637943, "redirect": 0.04465387636037249, "roll-out": 0.22239425558173453, "oneh-in": 0.009761023224503534, "sfb": 0.04770559856389543, "roll-in": 0.19775608661505667, "oneh-out": 0.011152249523168406, "dsfb": 0.0, "sfR": 0.13138112868843263, "unknown": 0.0, "alternate": 0.2723886457982722, "sfT": 0.00042634354313923485, "bad-redirect": 0.008100527319645461}, "english-1k": {"dsfb-alt": 0.02081863091037403, "sft": 0.0, "dsfb-red": 0.013761467889908258, "redirect": 0.045871559633027525, "roll-out": 0.25617501764290757, "oneh-in": 0.010938602681721948, "sfb": 0.031051517290049402, "roll-in": 0.22194777699364857, "oneh-out": 0.006351446718419196, "dsfb": 0.0, "sfR": 0.10832745236414962, "unknown": 0.0, "alternate": 0.2801693719124912, "sfT": 0.0, "bad-redirect": 0.0045871559633027525}, "english-10k": {"dsfb-alt": 0.025375812894386444, "sft": 0.0, "dsfb-red": 0.010034541981050154, "redirect": 0.04291696416510681, "roll-out": 0.2886474595241311, "oneh-in": 0.006020725188630092, "sfb": 0.03469635861909265, "roll-in": 0.16145963991432044, "oneh-out": 0.007448717701317998, "dsfb": 0.0, "sfR": 0.10567144593890508, "unknown": 0.0, "alternate": 0.3112830705698462, "sfT": 0.00011578317670442484, "bad-redirect": 0.006329480326508558}, "reddit": {"dsfb-alt": 0.02466188597701201, "sft": 0.0, "dsfb-red": 0.012204299474266477, "redirect": 0.04883967234502323, "roll-out": 0.2357231350281689, "oneh-in": 0.007841185062657824, "sfb": 0.028208990640703435, "roll-in": 0.2209499312375536, "oneh-out": 0.010374280091927984, "dsfb": 0.0, "sfR": 0.10397777127267367, "unknown": 0.039285409944231534, "alternate": 0.2635152621166772, "sfT": 0.00019796242909077562, "bad-redirect": 0.004220214380013324}, "akl": {"dsfb-alt": 0.023668598117582144, "sft": 0.0, "dsfb-red": 0.010032991319996977, "redirect": 0.040394162354592984, "roll-out": 0.20084219321181854, "oneh-in": 0.00496439968074813, "sfb": 0.027809938153659692, "roll-in": 0.18824756711035673, "oneh-out": 0.011020949501787261, "dsfb": 0.0, "sfR": 0.13064861186637447, "unknown": 0.13277008071454782, "alternate": 0.22493751632709238, "sfT": 0.0004280345006085853, "bad-redirect": 0.004234957140834296}, "french": {"dsfb-alt": 0.022143336850619522, "sft": 0.0, "dsfb-red": 0.020318878541082965, "redirect": 0.03971148994487178, "roll-out": 0.22611477349640285, "oneh-in": 0.008677960186154136, "sfb": 0.031324986441810844, "roll-in": 0.1544885670070885, "oneh-out": 0.006814159569133116, "dsfb": 0.0, "sfR": 0.10898279115633469, "unknown": 0.15807953387545715, "alternate": 0.21554884698798304, "sfT": 0.0001261920243494425, "bad-redirect": 0.007668483918711961}, "keymash": {"dsfb-alt": 0.02290928645023049, "sft": 0.0, "dsfb-red": 0.011694778193281968, "redirect": 0.0498947100524192, "roll-out": 0.24615270942026904, "oneh-in": 0.008858312159039131, "sfb": 0.02971516298391301, "roll-in": 0.24071375501307402, "oneh-out": 0.009170282374093336, "dsfb": 0.0, "sfR": 0.099723742164827, "unknown": 0.01232282349464109, "alternate": 0.264604105692225, "sfT": 0.00022576791878922716, "bad-redirect": 0.0040145640831975304}, "movie": {"dsfb-alt": 0.026518543648831695, "sft": 0.0, "dsfb-red": 0.01066218847995153, "redirect": 0.04980530757770622, "roll-out": 0.21514812192118632, "oneh-in": 0.006683064634673214, "sfb": 0.030574257436166166, "roll-in": 0.24492055372685737, "oneh-out": 0.012973572916848985, "dsfb": 0.0, "sfR": 0.11567713207251198, "unknown": 0.030236445784519856, "alternate": 0.25299460751536834, "sfT": 0.00022305833640065963, "bad-redirect": 0.0035831459489776758}, "dutch": {"dsfb-alt": 0.021039545685314777, "sft": 0.0, "dsfb-red": 0.0111463375510028, "redirect": 0.030680377890771268, "roll-out": 0.2983854682531881, "oneh-in": 0.004347321062238898, "sfb": 0.043359170771055354,