{"mt-quotes": {"dsfb": 0.0, "oneh-out": 0.026419120020081042, "sfT": 1.1953000800851053e-05, "sft": 0.0, "dsfb-alt": 0.027361912958248167, "oneh-in": 0.010832406975771267, "sfb": 0.012187578441567756, "sfR": 0.0964592223377679, "alternate": 0.30943629648223187, "roll-out": 0.16776036623994453, "redirect": 0.047280094667766344, "unknown": 0.007977133909467972, "roll-in": 0.2803695867847623, "dsfb-red": 0.008150452421080312, "bad-redirect": 0.005753875760509676}, "monkeyracer": {"dsfb": 0.0, "oneh-out": 0.02475288174296573, "sfT": 2.541564352409403e-05, "sft": 0.0, "dsfb-alt": 0.027891713718191345, "oneh-in": 0.01084074948777703, "sfb": 0.01295220294977869, "sfR": 0.09690789370786869, "alternate": 0.30915491030232883, "roll-out": 0.16647051003331403, "redirect": 0.04649205467882447, "unknown": 0.013436077701487402, "roll-in": 0.2771976711450334, "dsfb-red": 0.00827181444234168, "bad-redirect": 0.005606104446564587}}