{"english-450k": {"dsfb-alt": 0.03276177702053615, "roll-out": 0.07759715979818757, "oneh-in": 0.003618953622783358, "bad-redirect": 0.0024247193914989232, "alternate": 0.06461552674061466, "redirect": 0.017873754385923882, "dsfb": 0.0, "sfT": 0.008556096266095851, "oneh-out": 0.001352393526051847, "dsfb-red": 0.010089452090596918, "unknown": 0.5122735705586327, "sfR": 0.11369548401129392, "roll-in": 0.06864493442967057, "sft": 0.0, "sfb": 0.08649617815811368}, "shai": {"dsfb-alt": 0.03386171509270558, "roll-out": 0.07263261413912973, "oneh-in": 0.001544192482551423, "bad-redirect": 0.001841598565533607, "alternate": 0.0644738426935816, "redirect": 0.012482819255314768, "dsfb": 0.0, "sfT": 0.00552809328490265, "oneh-out": 0.0034045044746570277, "dsfb-red": 0.005100951098778096, "unknown": 0.5230700980575812, "sfR": 0.09823378925716947, "roll-in": 0.09284441916465432, "sft": 0.0, "sfb": 0.08498136243344058}, "tr-quotes": {"dsfb-alt": 0.03395205843600472, "roll-out": 0.06742331430156492, "oneh-in": 0.0015117542359168767, "bad-redirect": 0.001844617553916923, "alternate": 0.05600425325350778, "redirect": 0.015189200434571554, "dsfb": 0.0, "sfT": 0.006467719192806454, "oneh-out": 0.005341993943736853, "dsfb-red": 0.004885462656896512, "unknown": 0.530354129585539, "sfR": 0.09677191928064538, "roll-in": 0.09590046462171471, "sft": 0.0, "sfb": 0.08435311250317838}, "gutenberg": {"dsfb-alt": 0.03450988727375092, "roll-out": 0.06810365828939348, "oneh-in": 0.0015770611763341938, "bad-redirect": 0.0020747115919774284, "alternate": 0.06078079020142055, "redirect": 0.01250036466579753, "dsfb": 0.0, "sfT": 0.0068507916373513255, "oneh-out": 0.005624188500202508, "dsfb-red": 0.006780510592736312, "unknown": 0.5053354868506249, "sfR": 0.09863878308844841, "roll-in": 0.11184328425784164, "sft": 0.0, "sfb": 0.08538048187412077}, "english-200": {"dsfb-alt": 0.051224944320712694, "roll-out": 0.10244988864142539, "oneh-in": 0.0, "bad-redirect": 0.0, "alternate": 0.07349665924276169, "redirect": 0.0200445434298441, "dsfb": 0.0, "sfT": 0.004454342984409799, "oneh-out": 0.008908685968819599, "dsfb-red": 0.0, "unknown": 0.45879732739420936, "sfR": 0.10690423162583519, "roll-in": 0.09131403118040089, "sft": 0.0, "sfb": 0.08240534521158129}, "monkeyracer": {"dsfb-alt": 0.03398658054021928, "roll-out": 0.0675684658335549, "oneh-in": 0.0014848600966576473, "bad-redirect": 0.0018582745515116443, "alternate": 0.05609330278242645, "redirect": 0.015289464629244413, "dsfb": 0.0, "sfT": 0.0064565509798708105, "oneh-out": 0.005473161080438557, "dsfb-red": 0.004895443952640881, "unknown": 0.5297714938142234, "sfR": 0.09690789370786869, "roll-in": 0.09603496410529115, "sft": 0.0, "sfb": 0.0841795439260522}, "chained-bigrams": {"dsfb-alt": 0.03229771399297063, "roll-out": 0.06461815365016373, "oneh-in": 0.0011544637425013424, "bad-redirect": 0.0012161476882480396, "alternate": 0.06574145076744568, "redirect": 0.012410809884235466, "dsfb": 0.0, "sfT": 0.005578825914269704, "oneh-out": 0.0022810073832436537, "dsfb-red": 0.01587030528358707, "unknown": 0.5096353569779801, "sfR": 0.11914286586209158, "roll-in": 0.08367914219058521, "sft": 0.0, "sfb": 0.08637375666267777}, "english-5k": {"dsfb-alt": 0.033932052930684034, "roll-out": 0.07993528850541337, "oneh-in": 0.002074086364956237, "bad-redirect": 0.002820757456340482, "alternate": 0.0662463184967022, "redirect": 0.014062305554403286, "dsfb": 0.0, "sfT": 0.006803003277056457, "oneh-out": 0.0019081594557597379, "dsfb-red": 0.008005973368731075, "unknown": 0.522130501514083, "sfR": 0.10644211224955408, "roll-in": 0.06388186004065209, "sft": 0.0, "sfb": 0.09175758078566391}, "mt-quotes": {"dsfb-alt": 0.03460841969376412, "roll-out": 0.06731332400999271, "oneh-in": 0.0013417243398955309, "bad-redirect": 0.0018840917512341474, "alternate": 0.05572638385866772, "redirect": 0.01545971241080073, "dsfb": 0.0, "sfT": 0.006612997693070845, "oneh-out": 0.005804676013913293, "dsfb-red": 0.004600411183227549, "unknown": 0.5267567922927051, "sfR": 0.0964592223377679, "roll-in": 0.09869592761262715, "sft": 0.0, "sfb": 0.08473631680233322}, "wordle": {"dsfb-alt": 0.03058453943677774, "roll-out": 0.07535061146639739, "oneh-in": 0.0049141703130259175, "bad-redirect": 0.00289464826657691, "alternate": 0.06828228430382587, "redirect": 0.018714237630427465, "dsfb": 0.0, "sfT": 0.0077639403119039605, "oneh-out": 0.003926848423650847, "dsfb-red": 0.010905419050824637, "unknown": 0.48558285650173905, "sfR": 0.13138112868843263, "roll-in": 0.07375743296308762, "sft": 0.0, "sfb": 0.08594188264332997}, "english-1k": {"dsfb-alt": 0.04763585038814397, "roll-out": 0.08256880733944955, "oneh-in": 0.002117148906139732, "bad-redirect": 0.0017642907551164433, "alternate": 0.0716302046577276, "redirect": 0.015525758645024701, "dsfb": 0.0, "sfT": 0.011291460832745237, "oneh-out": 0.004940014114326041, "dsfb-red": 0.0067043048694424845, "unknown": 0.47706422018348627, "sfR": 0.10832745236414962, "roll-in": 0.07621736062103035, "sft": 0.0, "sfb": 0.09421312632321807}, "english-10k": {"dsfb-alt": 0.03413673993168793, "roll-out": 0.08305513208930743, "oneh-in": 0.0022963663379710927, "bad-redirect": 0.0019683140039752226, "alternate": 0.06466490418942128, "redirect": 0.013604523262769919, "dsfb": 0.0, "sfT": 0.00685050462167847, "oneh-out": 0.0014858841010401188, "dsfb-red": 0.006580343876034812, "unknown": 0.5294764670693348, "sfR": 0.10567144593890508, "roll-in": 0.06229134906698057, "sft": 0.0, "sfb": 0.08791802551089327}, "reddit": {"dsfb-alt": 0.0317350442381415, "roll-out": 0.06375547650792777, "oneh-in": 0.0012776723663739558, "bad-redirect": 0.0017136766567460709, "alternate": 0.05848720370483783, "redirect": 0.013398217064586132, "dsfb": 0.0, "sfT": 0.005610783389959578, "oneh-out": 0.004955578317177014, "dsfb-red": 0.0045741869353412, "unknown": 0.5372938180097865, "sfR": 0.10397777127267367, "roll-in": 0.09054393220807518, "sft": 0.0, "sfb": 0.0826766393283736}, "akl": {"dsfb-alt": 0.0267567024868424, "roll-out": 0.05608030247441942, "oneh-in": 0.0013144444373341456, "bad-redirect": 0.0014088274777592665, "alternate": 0.049645034526773935, "redirect": 0.013484939839335852, "dsfb": 0.0, "sfT": 0.005981834031969611, "oneh-out": 0.003936934043031205, "dsfb-red": 0.00415784471435084, "unknown": 0.5615915431609814, "sfR": 0.13064861186637447, "roll-in": 0.07342985720513089, "sft": 0.0, "sfb": 0.07156312373569655}, "french": {"dsfb-alt": 0.021564228871371823, "roll-out": 0.05970385430114271, "oneh-in": 0.001557481950293167, "bad-redirect": 0.0003769580345074585, "alternate": 0.05055771166682046, "redirect": 0.008586061589768112, "dsfb": 0.0, "sfT": 0.0068273885323885545, "oneh-out": 0.001383392988766333, "dsfb-red": 0.004944680835380714, "unknown": 0.6033450579702009, "sfR": 0.10898279115633469, "roll-in": 0.05396495625160877, "sft": 0.0, "sfb": 0.0782054358514163}, "keymash": {"dsfb-alt": 0.03394318037214763, "roll-out": 0.06917118544576849, "oneh-in": 0.0017527800240545455, "bad-redirect": 0.0019416041015873537, "alternate": 0.05699613731615308, "redirect": 0.014075603518695636, "dsfb": 0.0, "sfT": 0.00637076018110692, "oneh-out": 0.005652407712232106, "dsfb-red": 0.0050325721533744094, "unknown": 0.524040178479802, "sfR": 0.099723742164827, "roll-in": 0.0959349460004187, "sft": 0.0, "sfb": 0.08536490252983216}, "movie": {"dsfb-alt": 0.030872326540559967, "roll-out": 0.06382403052859299, "oneh-in": 0.000951320775127061, "bad-redirect": 0.0014541561163582825, "alternate": 0.04707504722059443, "redirect": 0.013289276131613103, "dsfb": 0.0, "sfT": 0.008783629334158364, "oneh-out": 0.004969529178464961, "dsfb-red": 0.0039504355164669035, "unknown": 0.5487724619415761, "sfR": 0.11567713207251198, "roll-in": 0.08474216496078582, "sft": 0.0, "sfb": 0.07563848968319005}, "dutch": {"dsfb-alt": 0.01801436966677663, "roll-out": 0.06460463369736312, "oneh-in": 0.0030088948573729042, "bad-redirect": 0.006732582896123789, "alternate": 0.05311233940239317,