{"shai": {"dsfb-red": 0.006234961526588315, "sfR": 0.09823378925716947, "bad-redirect": 0.004556740657529818, "oneh-out": 0.009927954662340891, "roll-out": 0.23632117410863712, "dsfb": 0.0, "sfb": 0.015702055001295814, "sfT": 2.0037106383294943e-05, "redirect": 0.018284647202948447, "dsfb-alt": 0.03528083531472461, "unknown": 0.023260762136131256, "oneh-in": 0.010846414282985094, "roll-in": 0.20187291791358336, "alternate": 0.3394577108296825, "sft": 0.0}, "mt-quotes": {"dsfb-red": 0.007637967511743823, "sfR": 0.0964592223377679, "bad-redirect": 0.004080455648390528, "oneh-out": 0.013152783256236478, "roll-out": 0.2624266384575848, "dsfb": 0.0, "sfb": 0.013905822306690095, "sfT": 2.9882502002127633e-06, "redirect": 0.021250941298813067, "dsfb-alt": 0.02953287672870274, "unknown": 0.007977133909467972, "oneh-in": 0.021252435423913172, "roll-in": 0.19397030874601068, "alternate": 0.32835042612447857, "sft": 0.0}}