{"english-450k": {"redirect": 0.033112300115593685, "sfT": 6.577789523598478e-05, "roll-in": 0.18896439866432868, "oneh-in": 0.006558202328128207, "unknown": 0.00015377410175167997, "alternate": 0.3365974761167771, "sfb": 0.0360734747860172, "sfR": 0.11369548401129392, "sft": 0.0, "bad-redirect": 0.0019195451560865603, "roll-out": 0.2097122085527635, "dsfb-alt": 0.04952432349627346, "oneh-out": 0.005396418525160191, "dsfb": 0.0, "dsfb-red": 0.018226616250589807}, "shai": {"redirect": 0.026911637483268223, "sfT": 4.144046707474193e-05, "roll-in": 0.16232434149638675, "oneh-in": 0.006215187608003758, "unknown": 0.023621906111313578, "alternate": 0.3229480911608223, "sfb": 0.018594198628760605, "sfR": 0.09823378925716947, "sft": 0.0, "bad-redirect": 0.0020594754883914053, "roll-out": 0.2760677567698869, "dsfb-alt": 0.03935622096999876, "oneh-out": 0.009957930978535333, "dsfb": 0.0, "dsfb-red": 0.013668023580388235}, "tr-quotes": {"redirect": 0.029046947597142922, "sfT": 9.246203277779062e-06, "roll-in": 0.15327431173574352, "oneh-in": 0.006859527056702341, "unknown": 0.01476965396084233, "alternate": 0.3228323432190657, "sfb": 0.016548392316405078, "sfR": 0.09677191928064538, "sft": 0.0, "bad-redirect": 0.0020769284112711218, "roll-out": 0.29401886225468665, "dsfb-alt": 0.03807008622084557, "oneh-out": 0.011362428052980746, "dsfb": 0.0, "dsfb-red": 0.014359353690390883}, "gutenberg": {"redirect": 0.030115901209478053, "sfT": 7.956344673397735e-06, "roll-in": 0.1362658525431698, "oneh-in": 0.007013328392822165, "unknown": 0.03802431837805746, "alternate": 0.3046152861082601, "sfb": 0.01709534315146266, "sfR": 0.09863878308844841, "sft": 0.0, "bad-redirect": 0.0027172811427432645, "roll-out": 0.3047259171865759, "dsfb-alt": 0.03360930483143347, "oneh-out": 0.012582769664200579, "dsfb": 0.0, "dsfb-red": 0.014587957958674746}, "english-200": {"redirect": 0.024498886414253896, "sfT": 0.0, "roll-in": 0.12694877505567928, "oneh-in": 0.0066815144766146995, "unknown": 0.0, "alternate": 0.3429844097995546, "sfb": 0.017817371937639197, "sfR": 0.10690423162583519, "sft": 0.0, "bad-redirect": 0.004454342984409799, "roll-out": 0.30734966592427615, "dsfb-alt": 0.042316258351893093, "oneh-out": 0.011135857461024499, "dsfb": 0.0, "dsfb-red": 0.008908685968819599}, "monkeyracer": {"redirect": 0.029070608567808937, "sfT": 9.775247509266934e-06, "roll-in": 0.1532739258958037, "oneh-in": 0.006874931573267435, "unknown": 0.014352018393105714, "alternate": 0.32217651750942333, "sfb": 0.016513325617404633, "sfR": 0.09690789370786869, "sft": 0.0, "bad-redirect": 0.002103633263994244, "roll-out": 0.29480191438447223, "dsfb-alt": 0.037991499444765944, "oneh-out": 0.011478095625381235, "dsfb": 0.0, "dsfb-red": 0.014445860769194676}, "chained-bigrams": {"redirect": 0.03159776353491863, "sfT": 6.493046920704963e-05, "roll-in": 0.15368003173801334, "oneh-in": 0.005461301765004945, "unknown": 0.02365222201805197, "alternate": 0.30021381603509883, "sfb": 0.01979210562369287, "sfR": 0.11914286586209158, "sft": 0.0, "bad-redirect": 0.0041542514198670355, "roll-out": 0.25226720965853716, "dsfb-alt": 0.05951202155172134, "oneh-out": 0.008602637865242006, "dsfb": 0.0, "dsfb-red": 0.021858842458553258}, "english-5k": {"redirect": 0.027294976562824078, "sfT": 0.0, "roll-in": 0.19819969303521798, "oneh-in": 0.008171900277927573, "unknown": 0.002157049819554486, "alternate": 0.34388351930974403, "sfb": 0.020450491558468495, "sfR": 0.10644211224955408, "sft": 0.0, "bad-redirect": 0.0027377940017422327, "roll-out": 0.22686356659891319, "dsfb-alt": 0.04513211930144771, "oneh-out": 0.004438544821006347, "dsfb": 0.0, "dsfb-red": 0.014228232463599784}, "mt-quotes": {"redirect": 0.029068203822569656, "sfT": 2.9882502002127633e-06, "roll-in": 0.1518031101708084, "oneh-in": 0.0069954937186980795, "unknown": 0.008869126594231481, "alternate": 0.3231344354000072, "sfb": 0.01592737356713403, "sfR": 0.0964592223377679, "sft": 0.0, "bad-redirect": 0.0020857986397485088, "roll-out": 0.3013680209416574, "dsfb-alt": 0.03788354191319731, "oneh-out": 0.011888753421546478, "dsfb": 0.0, "dsfb-red": 0.014513931222433392}, "wordle": {"redirect": 0.04124312801525861, "sfT": 0.00011219566924716706, "roll-in": 0.1583529675754516, "oneh-in": 0.0046000224391338496, "unknown": 0.0, "alternate": 0.31136542129473804, "sfb": 0.03215527880623808, "sfR": 0.13138112868843263, "sft": 0.0, "bad-redirect": 0.0009424436216762033, "roll-out": 0.2337933355772467, "dsfb-alt": 0.049410972736452376, "oneh-out": 0.01270054975877931, "dsfb": 0.0, "dsfb-red": 0.02394255581734545}, "english-1k": {"redirect": 0.02928722653493296, "sfT": 0.0, "roll-in": 0.17466478475652789, "oneh-in": 0.008821453775582216, "unknown": 0.0, "alternate": 0.3458009880028229, "sfb": 0.016584333098094567, "sfR": 0.10832745236414962, "sft": 0.0, "bad-redirect": 0.0014114326040931546, "roll-out": 0.2519407198306281, "dsfb-alt": 0.04199011997177135, "oneh-out": 0.008821453775582216, "dsfb": 0.0, "dsfb-red": 0.012350035285815103}, "english-10k": {"redirect": 0.029235252117867275, "sfT": 1.929719611740414e-05, "roll-in": 0.20198375176086913, "oneh-in": 0.007294340132378766, "unknown": 0.0, "alternate": 0.3374307713089288, "sfb": 0.021458482082553406, "sfR": 0.10567144593890508, "sft": 0.0, "bad-redirect": 0.0017367476505663728, "roll-out": 0.2287296655795913, "dsfb-alt": 0.04515543891472569, "oneh-out": 0.00708207097508732, "dsfb": 0.0, "dsfb-red": 0.014202736342409449}, "reddit": {"redirect": 0.026995932312206792, "sfT": 9.090914198738172e-05, "roll-in": 0.1527058205261755, "oneh-in": 0.007651463264484735, "unknown": 0.041217688064775854, "alternate": 0.3086883031922893, "sfb": 0.017730504025079984, "sfR": 0.10397777127267367, "sft": 0.0, "bad-redirect": 0.0022054924928788773, "roll-out": 0.27518856530053865, "dsfb-alt": 0.03809917112363063, "oneh-out": 0.010922656622086727, "dsfb": 0.0, "dsfb-red": 0.01452572266119189}, "akl": {"redirect": 0.021838085992981114, "sfT": 0.00018337982356943664, "roll-in": 0.13520044400549466, "oneh-in": 0.006785868822941937, "unknown": 0.13295000147380848, "alternate": 0.26288999930892837, "sfb": 0.02255440879612381, "sfR": 0.13064861186637447, "sft": 0.0, "bad-redirect": 0.0021861780583496216, "roll-out": 0.2285214775650154, "dsfb-alt": 0.0348999822673539, "oneh-out": 0.00809430931294014, "dsfb": 0.0, "dsfb-red": 0.013247252706118663}, "french": {"redirect": 0.015497842817533658, "sfT": 3.054796837807352e-05, "roll-in": 0.11369780040994205, "oneh-in": 0.0018135665130623727, "unknown": 0.15822382396052298, "alternate": 0.24350440300497922, "sfb": 0.04931979232834892, "sfR": 0.10898279115633469, "sft": 0.0, "bad-redirect": 0.0023922100553214866, "roll-out": 0.239616301336786, "dsfb-alt": 0.04122404136197915, "oneh-out": 0.015317955884568711, "dsfb": 0.0, "dsfb-red": 0.010378923202242697}, "keymash": {"redirect": 0.02846728212369619, "sfT": 0.0, "roll-in": 0.15301728561283676, "oneh-in": 0.0068428203749389405, "unknown": 0.013394194891077241, "alternate": 0.32041804008817265, "sfb": 0.01650158242786715, "sfR": 0.099723742164827, "sft": 0.0, "bad-redirect": 0.0021550574066244413, "roll-out": 0.2959817415326768, "dsfb-alt": 0.03709161662144467, "oneh-out": 0.011407437205732042, "dsfb": 0.0, "dsfb-red": 0.014999199550106111}, "movie": {"redirect": 0.029079437587685285, "sfT": 7.106283283560837e-06, "roll-in": 0.13722048783581958, "oneh-in": 0.006649112392318424, "unknown": 0.030451476652766863, "alternate": 0.3065880904745668, "sfb": 0.014470761526424385, "sfR": 0.11567713207251198, "sft": 0.0, "bad-redirect": 0.0016624754948374827, "roll-out": 0.28936351257792403, "dsfb-alt": 0.04075637700096159, "oneh-out": 0.012213990192539482, "dsfb": 0.0, "dsfb-red": 0.01586003990836053}, "dutch": {"redirect": 0.029475034040716316, "sfT": 5.083380165579409e-05, "roll-in": 0.12846472702571266, "oneh-in": 0.004387199148617201, "unknown": 0.07325981014373002, "alternate": 0.2822678538621622, "sfb": 0.0244369829229626, "sfR": 0.18880787437283908,