{"english-450k": {"oneh-out": 0.012851538998106182, "oneh-in": 0.011424304844585837, "bad-redirect": 0.002825526033136857, "dsfb-red": 0.016486864008148274, "sfT": 9.6474246346111e-05, "sfb": 0.04003213469441928, "dsfb": 0.0, "redirect": 0.02570366268861446, "alternate": 0.2995560430590873, "roll-out": 0.2238781360707852, "dsfb-alt": 0.05008065831686937, "roll-in": 0.20336917302860724, "unknown": 0.0, "sft": 0.0, "sfR": 0.11369548401129392}, "shai": {"oneh-out": 0.009620806760396615, "oneh-in": 0.014126481244153747, "bad-redirect": 0.0020832320576362703, "dsfb-red": 0.013014334755682767, "sfT": 0.00019015318458784637, "sfb": 0.03582114438389749, "dsfb": 0.0, "redirect": 0.022036830500555327, "alternate": 0.28374666332056925, "roll-out": 0.23447610765681426, "dsfb-alt": 0.044035920644853455, "roll-in": 0.22588716736545608, "unknown": 0.016727368868227444, "sft": 0.0, "sfR": 0.09823378925716947}, "tr-quotes": {"oneh-out": 0.0087989181942165, "oneh-in": 0.016131157393495296, "bad-redirect": 0.002183259748965581, "dsfb-red": 0.016202815468898082, "sfT": 0.00014447192621529784, "sfb": 0.0332643720672199, "dsfb": 0.0, "redirect": 0.02368992857307968, "alternate": 0.2762638404105314, "roll-out": 0.25250803263909755, "dsfb-alt": 0.04237072652042255, "roll-in": 0.22093918309794042, "unknown": 0.010731374679272324, "sft": 0.0, "sfR": 0.09677191928064538}, "gutenberg": {"oneh-out": 0.0118204760697779, "oneh-in": 0.012956338990294396, "bad-redirect": 0.0016071816240263424, "dsfb-red": 0.021562072938463735, "sfT": 0.00010059092908509992, "sfb": 0.032112754285722946, "dsfb": 0.0, "redirect": 0.021488760905401715, "alternate": 0.25859863006899664, "roll-out": 0.24377936980445958, "dsfb-alt": 0.03503803701064218, "roll-in": 0.23159328075326124, "unknown": 0.030703723531419796, "sft": 0.0, "sfR": 0.09863878308844841}, "english-200": {"oneh-out": 0.011135857461024499, "oneh-in": 0.022271714922048998, "bad-redirect": 0.0, "dsfb-red": 0.0200445434298441, "sfT": 0.0, "sfb": 0.011135857461024499, "dsfb": 0.0, "redirect": 0.024498886414253896, "alternate": 0.29175946547884185, "roll-out": 0.2984409799554566, "dsfb-alt": 0.035634743875278395, "roll-in": 0.17817371937639198, "unknown": 0.0, "sft": 0.0, "sfR": 0.10690423162583519}, "monkeyracer": {"oneh-out": 0.008807498005849509, "oneh-in": 0.01616825938032751, "bad-redirect": 0.0021925880163285736, "dsfb-red": 0.01620638284561365, "sfT": 0.0001505388116427108, "sfb": 0.03313320143266028, "dsfb": 0.0, "redirect": 0.02381641303157796, "alternate": 0.27587117005802586, "roll-out": 0.25374685237030203, "dsfb-alt": 0.04223493438853872, "roll-in": 0.2204328088587203, "unknown": 0.010331459092544223, "sft": 0.0, "sfR": 0.09690789370786869}, "chained-bigrams": {"oneh-out": 0.009352584784583428, "oneh-in": 0.013089982592141206, "bad-redirect": 0.003491960633955129, "dsfb-red": 0.019187602955375235, "sfT": 0.00028829128327930033, "sfb": 0.033921625027838936, "dsfb": 0.0, "redirect": 0.028405132364008, "alternate": 0.28957301074144753, "roll-out": 0.20954036370153023, "dsfb-alt": 0.05252615236973487, "roll-in": 0.2044433218687768, "unknown": 0.017037105815237753, "sft": 0.0, "sfR": 0.11914286586209158}, "english-5k": {"oneh-out": 0.013025262371925167, "oneh-in": 0.012071182644045298, "bad-redirect": 0.0019911229103579875, "dsfb-red": 0.011490438461857553, "sfT": 0.00012444518189737422, "sfb": 0.03911726884307463, "dsfb": 0.0, "redirect": 0.020118637740075496, "alternate": 0.3053469946488572, "roll-out": 0.23657029078690836, "dsfb-alt": 0.04874102957647156, "roll-in": 0.20496121458497532, "unknown": 0.0, "sft": 0.0, "sfR": 0.10644211224955408}, "mt-quotes": {"oneh-out": 0.008670407955917333, "oneh-in": 0.016680412617587646, "bad-redirect": 0.0021515401441531898, "dsfb-red": 0.01628148121585924, "sfT": 0.00015240076021085094, "sfb": 0.03199818314387827, "dsfb": 0.0, "redirect": 0.024088284863915087, "alternate": 0.2746396170258543, "roll-out": 0.25876902021252435, "dsfb-alt": 0.042083527569596345, "roll-in": 0.22189251861679873, "unknown": 0.006133383535936697, "sft": 0.0, "sfR": 0.0964592223377679}, "wordle": {"oneh-out": 0.012139571412543475, "oneh-in": 0.018332772354987096, "bad-redirect": 0.005520026926960619, "dsfb-red": 0.023269381801862447, "sfT": 0.0002019522046449007, "sfb": 0.05421294738023112, "dsfb": 0.0, "redirect": 0.02964209581510154, "alternate": 0.2742735330416246, "roll-out": 0.21357567597890723, "dsfb-alt": 0.05273196454616852, "roll-in": 0.18471894984853585, "unknown": 0.0, "sft": 0.0, "sfR": 0.13138112868843263}, "english-1k": {"oneh-out": 0.014114326040931546, "oneh-in": 0.013761467889908258, "bad-redirect": 0.0024700070571630206, "dsfb-red": 0.015525758645024701, "sfT": 0.0, "sfb": 0.03669724770642202, "dsfb": 0.0, "redirect": 0.022935779816513763, "alternate": 0.2956951305575159, "roll-out": 0.2734650670430487, "dsfb-alt": 0.04163726182074806, "roll-in": 0.17537050105857446, "unknown": 0.0, "sft": 0.0, "sfR": 0.10832745236414962}, "english-10k": {"oneh-out": 0.012176530750082014, "oneh-in": 0.01188707280832095, "bad-redirect": 0.0021612859651492637, "dsfb-red": 0.009860867215993515, "sfT": 5.789158835221242e-05, "sfb": 0.04220296790876286, "dsfb": 0.0, "redirect": 0.020860269002913878, "alternate": 0.302773007082071, "roll-out": 0.22079851797533817, "dsfb-alt": 0.04718164450705312, "roll-in": 0.22436849925705796, "unknown": 0.0, "sft": 0.0, "sfR": 0.10567144593890508}, "reddit": {"oneh-out": 0.008377163189026775, "oneh-in": 0.017052412472794213, "bad-redirect": 0.0024771336538564185, "dsfb-red": 0.014352182465548076, "sfT": 0.0003730383786783414, "sfb": 0.034845732579914926, "dsfb": 0.0, "redirect": 0.022501829326420194, "alternate": 0.26858407419414587, "roll-out": 0.23955210672665847, "dsfb-alt": 0.042197836197608085, "roll-in": 0.20571656312501205, "unknown": 0.03999215641766289, "sft": 0.0, "sfR": 0.10397777127267367}, "akl": {"oneh-out": 0.0074453641410119195, "oneh-in": 0.016302915993683057, "bad-redirect": 0.002738689458869662, "dsfb-red": 0.013801963083234996, "sfT": 0.0015580861026828676, "sfb": 0.03597664074106203, "dsfb": 0.0, "redirect": 0.02000211348829266, "alternate": 0.21871930466482248, "roll-out": 0.20944696158632492, "dsfb-alt": 0.04058905592079019, "roll-in": 0.17185014453823752, "unknown": 0.13092014841461322, "sft": 0.0, "sfR": 0.13064861186637447}, "french": {"oneh-out": 0.0179212450602819, "oneh-in": 0.007733130551155015, "bad-redirect": 0.005663449511646754, "dsfb-red": 0.012188010145640997, "sfT": 0.00044771725699379553, "sfb": 0.03320355915143647, "dsfb": 0.0, "redirect": 0.022105297963070758, "alternate": 0.19809512517498226, "roll-out": 0.2339570767035515, "dsfb-alt": 0.04062941219820978, "roll-in": 0.16871215952817278, "unknown": 0.15036102559852332, "sft": 0.0, "sfR": 0.10898279115633469}, "keymash": {"oneh-out": 0.009535615915406814, "oneh-in": 0.015233177211396765, "bad-redirect": 0.0020893794666130296, "dsfb-red": 0.016550840882875707, "sfT": 0.00020524356253566106, "sfb": 0.03420589213219327, "dsfb": 0.0, "redirect": 0.023697421730367426, "alternate": 0.2759458649579456, "roll-out": 0.24918210440329538, "dsfb-alt": 0.04181632343101559, "roll-in": 0.22212279311859384, "unknown": 0.009691601022933916, "sft": 0.0, "sfR": 0.099723742164827}, "movie": {"oneh-out": 0.007089438760222027, "oneh-in": 0.015098746412149429, "bad-redirect": 0.00216017852036391, "dsfb-red": 0.02037660932641778, "sfT": 0.00027227592803124765, "sfb": 0.03472932759163191, "dsfb": 0.0, "redirect": 0.025598016767933395, "alternate": 0.2686885709514353, "roll-out": 0.2572128446333546, "dsfb-alt": 0.044948689344746724, "roll-in": 0.18354740134406136, "unknown": 0.02460076834714036, "sft": 0.0, "sfR": 0.11567713207251198}, "dutch": {"oneh-out": 0.016129628023163287, "oneh-in": 0.008590284902030981, "bad-redirect": 0.0021710247043669265, "dsfb-red": 0.01263106110603092, "sfT": 0.0005869107568950449, "sfb": 0.04208866641475096, "dsfb": 0.0, "redirect": 0.027106394053087127, "alternate": 0.23273726233135686,