{"english-450k": {"dsfb-red": 0.07014642451825731, "dsfb": 0.0, "alternate": 0.12403050691077185, "roll-out": 0.16558576531265548, "sfR": 0.11369548401129392, "unknown": 0.00015377410175167997, "sft": 0.0, "redirect": 0.02932232396519677, "sfT": 0.019819903046305883, "bad-redirect": 0.00017043783521146277, "sfb": 0.18464819935204388, "dsfb-alt": 0.10281406606205575, "oneh-out": 0.008430972092046955, "oneh-in": 0.005275387197925979, "roll-in": 0.17590675559448307}, "shai": {"dsfb-red": 0.055284911629278004, "dsfb": 0.0, "alternate": 0.13298782709985935, "roll-out": 0.18120779512718627, "sfR": 0.09823378925716947, "unknown": 0.02439382431378426, "sft": 0.0, "redirect": 0.03022747863302115, "sfT": 0.015138016455739707, "bad-redirect": 0.00014933972373950847, "sfb": 0.16872854051838088, "dsfb-alt": 0.0912858868174805, "oneh-out": 0.023525196206503958, "oneh-in": 0.004487789324669397, "roll-in": 0.17434960489318754}, "tr-quotes": {"dsfb-red": 0.053608330829153276, "dsfb": 0.0, "alternate": 0.1348188899932965, "roll-out": 0.18273155960333787, "sfR": 0.09677191928064538, "unknown": 0.01482859850673817, "sft": 0.0, "redirect": 0.03655717620951897, "sfT": 0.014814729201821503, "bad-redirect": 6.472342294445344e-05, "sfb": 0.15732992764845935, "dsfb-alt": 0.09356810984489494, "oneh-out": 0.027888860636601096, "oneh-in": 0.006037770740389727, "roll-in": 0.18097940408219876}, "gutenberg": {"dsfb-red": 0.04903248954403704, "dsfb": 0.0, "alternate": 0.13619917079733562, "roll-out": 0.16892001714023966, "sfR": 0.09863878308844841, "unknown": 0.03803056979172942, "sft": 0.0, "redirect": 0.0304517726167622, "sfT": 0.011242693897066875, "bad-redirect": 6.137751605192537e-05, "sfb": 0.14927485495773096, "dsfb-alt": 0.08467880804863827, "oneh-out": 0.032581231437563724, "oneh-in": 0.005172192348042341, "roll-in": 0.19571603881635355}, "english-200": {"dsfb-red": 0.0556792873051225, "dsfb": 0.0, "alternate": 0.1358574610244989, "roll-out": 0.18262806236080179, "sfR": 0.10690423162583519, "unknown": 0.0, "sft": 0.0, "redirect": 0.026726057906458798, "sfT": 0.0200445434298441, "bad-redirect": 0.0, "sfb": 0.155902004454343, "dsfb-alt": 0.10022271714922049, "oneh-out": 0.0200445434298441, "oneh-in": 0.0022271714922048997, "roll-in": 0.19376391982182628}, "monkeyracer": {"dsfb-red": 0.05369445704365235, "dsfb": 0.0, "alternate": 0.13488668533087259, "roll-out": 0.18314414970987064, "sfR": 0.09690789370786869, "unknown": 0.014407737303908536, "sft": 0.0, "redirect": 0.03670116677354271, "sfT": 0.014823185323052379, "bad-redirect": 6.744920781394185e-05, "sfb": 0.15715763173123543, "dsfb-alt": 0.09364882618827909, "oneh-out": 0.02792885965872656, "oneh-in": 0.0059863615746750705, "roll-in": 0.18064559644650202}, "chained-bigrams": {"dsfb-red": 0.06278191998098837, "dsfb": 0.0, "alternate": 0.12084274554593213, "roll-out": 0.17611805398189348, "sfR": 0.11914286586209158, "unknown": 0.02388856892596563, "sft": 0.0, "redirect": 0.03168931549650057, "sfT": 0.017955222649825433, "bad-redirect": 0.0003889335105502273, "sfb": 0.14929982228530578, "dsfb-alt": 0.09966112788120841, "oneh-out": 0.02039595898731843, "oneh-in": 0.0075150525060239245, "roll-in": 0.17032041238639603}, "english-5k": {"dsfb-red": 0.06529223876882233, "dsfb": 0.0, "alternate": 0.12295183971460572, "roll-out": 0.1744306632928195, "sfR": 0.10644211224955408, "unknown": 0.002157049819554486, "sft": 0.0, "redirect": 0.02949350810967769, "sfT": 0.01646824573775252, "bad-redirect": 8.296345459824948e-05, "sfb": 0.20566640394906044, "dsfb-alt": 0.09702576015265275, "oneh-out": 0.012071182644045298, "oneh-in": 0.005848923549176588, "roll-in": 0.16206910855768034}, "mt-quotes": {"dsfb-red": 0.05354944358781272, "dsfb": 0.0, "alternate": 0.13634040950980744, "roll-out": 0.18481729838275898, "sfR": 0.0964592223377679, "unknown": 0.008887056095432758, "sft": 0.0, "redirect": 0.03712602048744337, "sfT": 0.014747014738049987, "bad-redirect": 5.677675380404251e-05, "sfb": 0.15519477414804986, "dsfb-alt": 0.09497555611336225, "oneh-out": 0.029119004075973273, "oneh-in": 0.006148324786937761, "roll-in": 0.18257909898279964}, "wordle": {"dsfb-red": 0.06224615729832828, "dsfb": 0.0, "alternate": 0.14125434758218333, "roll-out": 0.1745315830808931, "sfR": 0.13138112868843263, "unknown": 0.0, "sft": 0.0, "redirect": 0.033434309435655785, "sfT": 0.014764950072927186, "bad-redirect": 0.0010995175586222372, "sfb": 0.1764837877257938, "dsfb-alt": 0.08935263098844384, "oneh-out": 0.013104454168069112, "oneh-in": 0.004151239762145181, "roll-in": 0.15819589363850556}, "english-1k": {"dsfb-red": 0.05539872971065632, "dsfb": 0.0, "alternate": 0.13832039520112915, "roll-out": 0.16549047282992238, "sfR": 0.10832745236414962, "unknown": 0.0, "sft": 0.0, "redirect": 0.027170077628793227, "sfT": 0.015525758645024701, "bad-redirect": 0.0, "sfb": 0.20395201129146084, "dsfb-alt": 0.09668313338038109, "oneh-out": 0.016937191249117856, "oneh-in": 0.00529287226534933, "roll-in": 0.16690190543401554}, "english-10k": {"dsfb-red": 0.0629088593427375, "dsfb": 0.0, "alternate": 0.12211265703093341, "roll-out": 0.19368595743038536, "sfR": 0.10567144593890508, "unknown": 0.0, "sft": 0.0, "redirect": 0.03130005210242952, "sfT": 0.01653769707261535, "bad-redirect": 0.00025086354952625386, "sfb": 0.1994172246772544, "dsfb-alt": 0.09550182358503309, "oneh-out": 0.012620366260782308, "oneh-in": 0.005248837343933927, "roll-in": 0.1547442156654638}, "reddit": {"dsfb-red": 0.0506231321626768, "dsfb": 0.0, "alternate": 0.13373476443126442, "roll-out": 0.18140703903455765, "sfR": 0.10397777127267367, "unknown": 0.04694297876707801, "sft": 0.0, "redirect": 0.03405594302128124, "sfT": 0.014341432187941821, "bad-redirect": 0.0006383866942278314, "sfb": 0.15262285235579973, "dsfb-alt": 0.08794783380969799, "oneh-out": 0.021837184985495552, "oneh-in": 0.004036223566069352, "roll-in": 0.16783445771123592}, "akl": {"dsfb-red": 0.04192173456855202, "dsfb": 0.0, "alternate": 0.11085710597928174, "roll-out": 0.16025447150154745, "sfR": 0.13064861186637447, "unknown": 0.13919665158621694, "sft": 0.0, "redirect": 0.03180169836598497, "sfT": 0.011391094090428293, "bad-redirect": 0.0011115209004201355, "sfb": 0.12916551333638537, "dsfb-alt": 0.0787015947497136, "oneh-out": 0.016244284853649336, "oneh-in": 0.004088366936948892, "roll-in": 0.1446173512644968}, "french": {"dsfb-red": 0.04022184626797088, "dsfb": 0.0, "alternate": 0.12048031833649817, "roll-out": 0.1542178302064214, "sfR": 0.10898279115633469, "unknown": 0.15854927443481276, "sft": 0.0, "redirect": 0.021069154023380925, "sfT": 0.010332329685001007, "bad-redirect": 0.0003638189622820684, "sfb": 0.16879527876729075, "dsfb-alt": 0.06673706332866514, "oneh-out": 0.008845981503152711, "oneh-in": 0.001772246602916847, "roll-in": 0.13963206672527262}, "keymash": {"dsfb-red": 0.0529979927179584, "dsfb": 0.0, "alternate": 0.13470135009215436, "roll-out": 0.18420199250450509, "sfR": 0.099723742164827, "unknown": 0.013447558217336513, "sft": 0.0, "redirect": 0.03591351857248997, "sfT": 0.014531244227524803, "bad-redirect": 0.00011083152376925698, "sfb": 0.1552667550582276, "dsfb-alt": 0.09310668970867729, "oneh-out": 0.027404120469761466, "oneh-in": 0.005693456424739238, "roll-in": 0.182900748318029}, "movie": {"dsfb-red": 0.04641534725577053, "dsfb": 0.0, "alternate": 0.14053214744379752, "roll-out": 0.17941680838657234, "sfR": 0.11567713207251198, "unknown": 0.030497009504917086, "sft": 0.0, "redirect": 0.04143871179402201, "sfT": 0.013367445247732273, "bad-redirect": 6.500933226072322e-05, "sfb": 0.1438611779664686, "dsfb-alt": 0.09363607328367796, "oneh-out": 0.02502188143061063, "oneh-in": 0.006018232354144523, "roll-in": 0.1640530239275138}, "dutch": {"dsfb-red": 0.04279872586645094, "dsfb": 0.0, "alternate": 0.1162338095238266, "roll-out": 0.1612393858215257, "sfR": 0.18880787437283908, "unknown": 0.07394681059404398, "sft": 0.0, "redirect": 0.07307175197379494, "sfT": 0.006198281089513788,