{"english-450k": {"roll-out": 0.20097164183380586, "dsfb-alt": 0.026340392714498794, "bad-redirect": 0.020690217686828227, "dsfb": 0.0, "sfb": 0.05574983584760811, "alternate": 0.155762348265013, "sfR": 0.11369548401129392, "dsfb-red": 0.04015053490584406, "roll-in": 0.26801188796591946, "sft": 0.0, "oneh-out": 0.020504285502961173, "unknown": 0.00015377410175167997, "redirect": 0.06123805107989763, "oneh-in": 0.035608059633947475, "sfT": 0.00112348645063062}, "shai": {"roll-out": 0.19403590129280943, "dsfb-alt": 0.023172803225629663, "bad-redirect": 0.01624577390062586, "dsfb": 0.0, "sfb": 0.04658465063987147, "alternate": 0.13851199966064257, "sfR": 0.09823378925716947, "dsfb-red": 0.036330904316372786, "roll-in": 0.2890229749014826, "sft": 0.0, "oneh-out": 0.022124611372251895, "unknown": 0.024097749651430984, "redirect": 0.051508038993904263, "oneh-in": 0.05901674818779719, "sfT": 0.001114054600011828}, "tr-quotes": {"roll-out": 0.19394604840387417, "dsfb-alt": 0.02162918101754467, "bad-redirect": 0.015138346316543769, "dsfb": 0.0, "sfb": 0.047693072282194125, "alternate": 0.12779986593005246, "sfR": 0.09677191928064538, "dsfb-red": 0.03557361133584522, "roll-in": 0.32017868287834306, "sft": 0.0, "oneh-out": 0.019386976722683247, "unknown": 0.013894731975682485, "redirect": 0.04333811053836019, "oneh-in": 0.06366357689373801, "sfT": 0.0009858764244931924}, "gutenberg": {"roll-out": 0.18406131992727143, "dsfb-alt": 0.021247986760642462, "bad-redirect": 0.0158187287049382, "dsfb": 0.0, "sfb": 0.04464323939921262, "alternate": 0.12802459495575325, "sfR": 0.09863878308844841, "dsfb-red": 0.03156187213547912, "roll-in": 0.3057585370631162, "sft": 0.0, "oneh-out": 0.02268069711218787, "unknown": 0.03298207965968062, "redirect": 0.04367086041805666, "oneh-in": 0.07010278460697363, "sfT": 0.0008085161682395602}, "english-200": {"roll-out": 0.2182628062360802, "dsfb-alt": 0.008908685968819599, "bad-redirect": 0.004454342984409799, "dsfb": 0.0, "sfb": 0.0334075723830735, "alternate": 0.11581291759465479, "sfR": 0.10690423162583519, "dsfb-red": 0.0400890868596882, "roll-in": 0.34966592427616927, "sft": 0.0, "oneh-out": 0.026726057906458798, "unknown": 0.0, "redirect": 0.035634743875278395, "oneh-in": 0.060133630289532294, "sfT": 0.0}, "monkeyracer": {"roll-out": 0.1937248776139012, "dsfb-alt": 0.021668791153792014, "bad-redirect": 0.015136970768099849, "dsfb": 0.0, "sfb": 0.047622073290895725, "alternate": 0.12775955237186606, "sfR": 0.09690789370786869, "dsfb-red": 0.03543722727059449, "roll-in": 0.32152353097580433, "sft": 0.0, "oneh-out": 0.01934325977133741, "unknown": 0.013491796612290222, "redirect": 0.04299935874376339, "oneh-in": 0.06339052504809421, "sfT": 0.0009941426716924473}, "chained-bigrams": {"roll-out": 0.16964059037379822, "dsfb-alt": 0.027322092137634413, "bad-redirect": 0.0201083170087312, "dsfb": 0.0, "sfb": 0.042615165549970815, "alternate": 0.13376520752751916, "sfR": 0.11914286586209158, "dsfb-red": 0.043334595148784925, "roll-in": 0.28647647666496334, "sft": 0.0, "oneh-out": 0.018311690925772138, "unknown": 0.023159399756770463, "redirect": 0.06027235734613589, "oneh-in": 0.05521297518552258, "sfT": 0.0006382665123052979}, "english-5k": {"roll-out": 0.22578504168913593, "dsfb-alt": 0.026382378562243333, "bad-redirect": 0.016094910192060396, "dsfb": 0.0, "sfb": 0.04666694321151533, "alternate": 0.15742315510017837, "sfR": 0.10644211224955408, "dsfb-red": 0.03285352802090679, "roll-in": 0.2625378520761604, "sft": 0.0, "oneh-out": 0.02152901646824574, "unknown": 0.002157049819554486, "redirect": 0.06549964740531795, "oneh-in": 0.0353839133861534, "sfT": 0.001244451818973742}, "mt-quotes": {"roll-out": 0.19436027539713846, "dsfb-alt": 0.021445177561826897, "bad-redirect": 0.01473804998744935, "dsfb": 0.0, "sfb": 0.04681392763653315, "alternate": 0.12736968240876873, "sfR": 0.0964592223377679, "dsfb-red": 0.03500436284529231, "roll-in": 0.3293440193160493, "sft": 0.0, "oneh-out": 0.01919203691086647, "unknown": 0.007995063410669249, "redirect": 0.04147541865385305, "oneh-in": 0.06484801759481718, "sfT": 0.0009547459389679779}, "wordle": {"roll-out": 0.20599124873779873, "dsfb-alt": 0.026994278020868394, "bad-redirect": 0.022124985975541345, "dsfb": 0.0, "sfb": 0.06089980926736228, "alternate": 0.12521036687983844, "sfR": 0.13138112868843263, "dsfb-red": 0.04736901155615393, "roll-in": 0.2662627622573769, "sft": 0.0, "oneh-out": 0.02392011668349602, "unknown": 0.0, "redirect": 0.05223830360148098, "oneh-in": 0.03702457085156513, "sfT": 0.0005834174800852687}, "english-1k": {"roll-out": 0.23535638673253353, "dsfb-alt": 0.019407198306280876, "bad-redirect": 0.013761467889908258, "dsfb": 0.0, "sfb": 0.040931545518701484, "alternate": 0.1337332392378264, "sfR": 0.10832745236414962, "dsfb-red": 0.02646436132674665, "roll-in": 0.2889908256880734, "sft": 0.0, "oneh-out": 0.02364149611856034, "unknown": 0.0, "redirect": 0.056810162314749474, "oneh-in": 0.05222300635144672, "sfT": 0.00035285815102328866}, "english-10k": {"roll-out": 0.21736361706644025, "dsfb-alt": 0.023388201694293818, "bad-redirect": 0.019355087705756353, "dsfb": 0.0, "sfb": 0.04818509870515814, "alternate": 0.1532969259566585, "sfR": 0.10567144593890508, "dsfb-red": 0.035487543659906216, "roll-in": 0.2729202446884468, "sft": 0.0, "oneh-out": 0.021130429748557535, "unknown": 0.0, "redirect": 0.06549468362246966, "oneh-in": 0.03656818664248085, "sfT": 0.0011385345709268443}, "reddit": {"roll-out": 0.18746184260132745, "dsfb-alt": 0.021453808360756842, "bad-redirect": 0.01292224571426324, "dsfb": 0.0, "sfb": 0.047640660546499916, "alternate": 0.13099816327574068, "sfR": 0.10397777127267367, "dsfb-red": 0.033794040787751875, "roll-in": 0.2976137567594243, "sft": 0.0, "oneh-out": 0.019467554107701675, "unknown": 0.04519937363713543, "redirect": 0.042233570569860227, "oneh-in": 0.05617162387438132, "sfT": 0.0010655884924833272}, "akl": {"roll-out": 0.16925940420137456, "dsfb-alt": 0.018521164519695456, "bad-redirect": 0.011771047597144918, "dsfb": 0.0, "sfb": 0.03896391338572152, "alternate": 0.11156633770059145, "sfR": 0.13064861186637447, "dsfb-red": 0.02703493479527886, "roll-in": 0.2559727354574574, "sft": 0.0, "oneh-out": 0.016124032953715027, "unknown": 0.13920166722946467, "redirect": 0.034981690307847584, "oneh-in": 0.045291406772546484, "sfT": 0.0006630532127875776}, "french": {"roll-out": 0.13973385333496396, "dsfb-alt": 0.016913776359177467, "bad-redirect": 0.018632582744730616, "dsfb": 0.0, "sfb": 0.04662455961073469, "alternate": 0.12876505021170612, "sfR": 0.10898279115633469, "dsfb-red": 0.029088707359946443, "roll-in": 0.23759463708916184, "sft": 0.0, "oneh-out": 0.01690823307899116, "unknown": 0.15842537463172957, "redirect": 0.056841828777273895, "oneh-in": 0.0407329666648254, "sfT": 0.0007556389804241756}, "keymash": {"roll-out": 0.19179600431832455, "dsfb-alt": 0.022190933981355673, "bad-redirect": 0.01568881792022593, "dsfb": 0.0, "sfb": 0.046922783266902836, "alternate": 0.12674610960827212, "sfR": 0.099723742164827, "dsfb-red": 0.034542491574751755, "roll-in": 0.3192481517817194, "sft": 0.0, "oneh-out": 0.020729599816101767, "unknown": 0.012376186820900362, "redirect": 0.0450796960753326, "oneh-in": 0.06394157947235984, "sfT": 0.0010139031989261657}, "movie": {"roll-out": 0.18535752961379062, "dsfb-alt": 0.022028162200652752, "bad-redirect": 0.013188998578611746, "dsfb": 0.0, "sfb": 0.04806742652135984, "alternate": 0.12253008951679774, "sfR": 0.11567713207251198, "dsfb-red": 0.03415174467808471, "roll-in": 0.31733134322308637, "sft": 0.0, "oneh-out": 0.0190960307591524, "unknown": 0.030282373430185833, "redirect": 0.03658748907244448, "oneh-in": 0.05505514015235608, "sfT": 0.0006465401809654517}, "dutch": {"roll-out": 0.16419339451774573, "dsfb-alt": 0.017222850616867735, "bad-redirect": 0.015752274458490912, "dsfb": 0.0, "sfb": 0.0566882239042662, "alternate": 0.13907778482537683, "sfR": 0.18880787437283908, "dsfb-red": 0.025461530574747582,