{"english-450k": {"dsfb": 0.0, "oneh-in": 0.014242229876495423, "oneh-out": 0.010703086766598395, "alternate": 0.3199615155460939, "unknown": 0.0, "roll-in": 0.22271752165262138, "dsfb-red": 0.017330575144375172, "bad-redirect": 0.007015724132769612, "dsfb-alt": 0.03697273170044337, "sfb": 0.022805927143818544, "sfR": 0.11369548401129392, "redirect": 0.04456847069609385, "roll-out": 0.18998234813638068, "sft": 0.0, "sfT": 4.385193015732318e-06}, "shai": {"dsfb": 0.0, "oneh-in": 0.015019721281024809, "oneh-out": 0.014919427377661797, "alternate": 0.2938587836450767, "unknown": 0.016411783475088346, "roll-in": 0.21568228108271126, "dsfb-red": 0.01651641223631292, "bad-redirect": 0.007897205348099923, "dsfb-alt": 0.03234385300125432, "sfb": 0.01625596468700933, "sfR": 0.09823378925716947, "redirect": 0.03314424193089432, "roll-out": 0.23969043464071615, "sft": 0.0, "sfT": 2.6102036980672415e-05}, "tr-quotes": {"dsfb": 0.0, "oneh-in": 0.0126407156561337, "oneh-out": 0.023581285684565776, "alternate": 0.2780495134185525, "unknown": 0.009802131249855527, "roll-in": 0.21166639698573772, "dsfb-red": 0.02257113797646841, "bad-redirect": 0.007856961235292758, "dsfb-alt": 0.029701116479045792, "sfb": 0.014773121287071497, "sfR": 0.09677191928064538, "redirect": 0.037581193222533, "roll-out": 0.254999884422459, "sft": 0.0, "sfT": 4.623101638889531e-06}, "gutenberg": {"dsfb": 0.0, "oneh-in": 0.010553901772484156, "oneh-out": 0.017660811933607714, "alternate": 0.26418133191483073, "unknown": 0.025604274906105663, "roll-in": 0.20073706061560134, "dsfb-red": 0.017174148851084887, "bad-redirect": 0.008733982646833394, "dsfb-alt": 0.02781253942652941, "sfb": 0.015242083152894803, "sfR": 0.09863878308844841, "redirect": 0.03688731883687334, "roll-out": 0.2767514093149095, "sft": 0.0, "sfT": 2.2353539796688872e-05}, "english-200": {"dsfb": 0.0, "oneh-in": 0.011135857461024499, "oneh-out": 0.013363028953229399, "alternate": 0.2984409799554566, "unknown": 0.0, "roll-in": 0.2182628062360802, "dsfb-red": 0.024498886414253896, "bad-redirect": 0.011135857461024499, "dsfb-alt": 0.024498886414253896, "sfb": 0.008908685968819599, "sfR": 0.10690423162583519, "redirect": 0.026726057906458798, "roll-out": 0.2561247216035635, "sft": 0.0, "sfT": 0.0}, "monkeyracer": {"dsfb": 0.0, "oneh-in": 0.012566080673162644, "oneh-out": 0.023992367486744763, "alternate": 0.27769034361950046, "unknown": 0.009422361074182399, "roll-in": 0.21173772619922737, "dsfb-red": 0.022752866102569717, "bad-redirect": 0.007837793452930229, "dsfb-alt": 0.02963659539859549, "sfb": 0.014776264135007898, "sfR": 0.09690789370786869, "redirect": 0.037447018158499774, "roll-out": 0.25522877989270687, "sft": 0.0, "sfT": 3.9100990037067735e-06}, "chained-bigrams": {"dsfb": 0.0, "oneh-in": 0.012170567148169383, "oneh-out": 0.009660355208624844, "alternate": 0.2772875166627817, "unknown": 0.016332610224341265, "roll-in": 0.20010272000228554, "dsfb-red": 0.029093395337602728, "bad-redirect": 0.009383751409802812, "dsfb-alt": 0.04820892547215814, "sfb": 0.01686633868122321, "sfR": 0.11914286586209158, "redirect": 0.046135046285684975, "roll-out": 0.21558344247063033, "sft": 0.0, "sfT": 3.2465234603524814e-05}, "english-5k": {"dsfb": 0.0, "oneh-in": 0.024225328742688845, "oneh-out": 0.00638818600406521, "alternate": 0.33496494794043224, "unknown": 0.0, "roll-in": 0.23806363296967686, "dsfb-red": 0.014020823827104161, "bad-redirect": 0.006346704276766085, "dsfb-alt": 0.036213547932135895, "sfb": 0.016343800555855145, "sfR": 0.10644211224955408, "redirect": 0.03463724229476915, "roll-out": 0.18235367320695234, "sft": 0.0, "sfT": 0.0}, "mt-quotes": {"dsfb": 0.0, "oneh-in": 0.012257802321272755, "oneh-out": 0.02545839758071264, "alternate": 0.27527910256869986, "unknown": 0.0052458732264735065, "roll-in": 0.21258113099293577, "dsfb-red": 0.023659470960184555, "bad-redirect": 0.007717156142049462, "dsfb-alt": 0.029353581716689975, "sfb": 0.014103046819904137, "sfR": 0.0964592223377679, "redirect": 0.037450245634166456, "roll-out": 0.260434969699143, "sft": 0.0, "sfT": 0.0}, "wordle": {"dsfb": 0.0, "oneh-in": 0.006888814091776057, "oneh-out": 0.01631325030853809, "alternate": 0.28760237854818804, "unknown": 0.0, "roll-in": 0.18586334567485696, "dsfb-red": 0.019701559519802535, "bad-redirect": 0.011062492987770673, "dsfb-alt": 0.04083922360596881, "sfb": 0.028318186917984964, "sfR": 0.13138112868843263, "redirect": 0.041153371479860874, "roll-out": 0.23087624817682037, "sft": 0.0, "sfT": 0.0}, "english-1k": {"dsfb": 0.0, "oneh-in": 0.01587861679604799, "oneh-out": 0.01058574453069866, "alternate": 0.3016937191249118, "unknown": 0.0, "roll-in": 0.24453069865913904, "dsfb-red": 0.015172900494001412, "bad-redirect": 0.007057163020465773, "dsfb-alt": 0.032462949894142556, "sfb": 0.011644318983768526, "sfR": 0.10832745236414962, "redirect": 0.035638673253352154, "roll-out": 0.21700776287932252, "sft": 0.0, "sfT": 0.0}, "english-10k": {"dsfb": 0.0, "oneh-in": 0.021690048435962256, "oneh-out": 0.007796067231431273, "alternate": 0.321491287315953, "unknown": 0.0, "roll-in": 0.24592346732019837, "dsfb-red": 0.013488740086065494, "bad-redirect": 0.006271588738156346, "dsfb-alt": 0.036278728700719784, "sfb": 0.01649910268038054, "sfR": 0.10567144593890508, "redirect": 0.03579629879778468, "roll-out": 0.18909322475444318, "sft": 0.0, "sfT": 0.0}, "reddit": {"dsfb": 0.0, "oneh-in": 0.013651054604106044, "oneh-out": 0.019177483899399127, "alternate": 0.2693476810209093, "unknown": 0.03912119664449001, "roll-in": 0.20598430871501033, "dsfb-red": 0.02168518280247751, "bad-redirect": 0.00862153535314943, "dsfb-alt": 0.02935376410482307, "sfb": 0.014965135576170867, "sfR": 0.10397777127267367, "redirect": 0.035226861759857904, "roll-out": 0.23884116502294173, "sft": 0.0, "sfT": 4.6859223991023706e-05}, "akl": {"dsfb": 0.0, "oneh-in": 0.01024513079253365, "oneh-out": 0.017278792157994837, "alternate": 0.2268349613460682, "unknown": 0.131271144611545, "roll-in": 0.18346760968007286, "dsfb-red": 0.021782988040062783, "bad-redirect": 0.007426314579711457, "dsfb-alt": 0.024747356737477747, "sfb": 0.019976121090772445, "sfR": 0.13064861186637447, "redirect": 0.026536483628384518, "roll-out": 0.19970272801330397, "sft": 0.0, "sfT": 8.175745569809563e-05}, "french": {"dsfb": 0.0, "oneh-in": 0.015885812503222033, "oneh-out": 0.014211427268351078, "alternate": 0.22512676620330388, "unknown": 0.15022783705566845, "roll-in": 0.18362593537796773, "dsfb-red": 0.0159549536871675, "bad-redirect": 0.007672424142195744, "dsfb-alt": 0.025756776476500244, "sfb": 0.04988718451001366, "sfR": 0.10898279115633469, "redirect": 0.028203415550515965, "roll-out": 0.17442594801664657, "sft": 0.0, "sfT": 3.872805211246692e-05}, "keymash": {"dsfb": 0.0, "oneh-in": 0.012179153000866128, "oneh-out": 0.022740986728951248, "alternate": 0.27812965646332505, "unknown": 0.008620229626497765, "roll-in": 0.21121615020544882, "dsfb-red": 0.022010319646324293, "bad-redirect": 0.007524229002557335, "dsfb-alt": 0.028996810515038197, "sfb": 0.015081296975120376, "sfR": 0.099723742164827, "redirect": 0.036988994840176835, "roll-out": 0.25678432595961626, "sft": 0.0, "sfT": 4.104871250713221e-06}, "movie": {"dsfb": 0.0, "oneh-in": 0.011197528487313113, "oneh-out": 0.033645487793050294, "alternate": 0.24946646946291895, "unknown": 0.024529179122950412, "roll-in": 0.19475111492978794, "dsfb-red": 0.028049947696439054, "bad-redirect": 0.008131693641810949, "dsfb-alt": 0.030008781523768742, "sfb": 0.015987689811787456, "sfR": 0.11567713207251198, "redirect": 0.03966266736448614, "roll-out": 0.24884690683886332, "sft": 0.0, "sfT": 4.5401254311638684e-05}, "dutch": {"dsfb": 0.0, "oneh-in": 0.00658560417578074, "oneh-out": 0.006860214289487437, "alternate": 0.22289813347245718, "unknown": 0.06828907122753393, "roll-in": 0.22616553659031388, "dsfb-red": 0.011366527704206732, "bad-redirect": 0.005496577387927247, "dsfb-alt": 0.027676521586578354, "sfb": 0.058936512400991084,