{"english-450k": {"oneh-in": 0.009893872482095258, "unknown": 5.846924020976424e-07, "alternate": 0.16285291302525112, "oneh-out": 0.012950352014060683, "dsfb": 0.0, "sfR": 0.11369548401129392, "roll-out": 0.1789117821950639, "sfb": 0.07002831665303359, "sfT": 0.0019709980874711526, "dsfb-red": 0.06069399479974578, "sft": 0.0, "roll-in": 0.23946135797149157, "bad-redirect": 0.03757584191320709, "dsfb-alt": 0.040057861160111584, "redirect": 0.07190664099477226}, "shai": {"oneh-in": 0.009304118300748104, "unknown": 0.05571002959159756, "alternate": 0.16343364710479488, "oneh-out": 0.010111280445796782, "dsfb": 0.0, "sfR": 0.09823378925716947, "roll-out": 0.1513024273965494, "sfb": 0.10972979747234438, "sfT": 0.0013850412724913325, "dsfb-red": 0.05270792764998376, "sft": 0.0, "roll-in": 0.21805827086235494, "bad-redirect": 0.03385794144412074, "dsfb-alt": 0.03159433672494676, "redirect": 0.06457139247710189}, "tr-quotes": {"oneh-in": 0.0071935461501121106, "unknown": 0.0849379348604979, "alternate": 0.15861746145489009, "oneh-out": 0.007520630591063545, "dsfb": 0.0, "sfR": 0.09677191928064538, "roll-out": 0.1310337255264557, "sfb": 0.1298502115069, "sfT": 0.0019116525276808211, "dsfb-red": 0.04932849448695129, "sft": 0.0, "roll-in": 0.21491181433623818, "bad-redirect": 0.028985691500427638, "dsfb-alt": 0.03072513349205982, "redirect": 0.05821178428607753}, "gutenberg": {"oneh-in": 0.008473885950724463, "unknown": 0.08205832909942135, "alternate": 0.15756858653263636, "oneh-out": 0.006723868996132838, "dsfb": 0.0, "sfR": 0.09863878308844841, "roll-out": 0.12335592556347022, "sfb": 0.15007806689618827, "sfT": 0.002793813601030233, "dsfb-red": 0.04677762357624054, "sft": 0.0, "roll-in": 0.20540535113432848, "bad-redirect": 0.028411349081591555, "dsfb-alt": 0.02996435178712762, "redirect": 0.059750064692659664}, "english-200": {"oneh-in": 0.0066815144766146995, "unknown": 0.0, "alternate": 0.14253897550111358, "oneh-out": 0.008908685968819599, "dsfb": 0.0, "sfR": 0.10690423162583519, "roll-out": 0.11581291759465479, "sfb": 0.15367483296213807, "sfT": 0.0022271714922048997, "dsfb-red": 0.07126948775055679, "sft": 0.0, "roll-in": 0.2583518930957684, "bad-redirect": 0.031180400890868598, "dsfb-alt": 0.0378619153674833, "redirect": 0.0645879732739421}, "monkeyracer": {"oneh-in": 0.007089009493720381, "unknown": 0.08494690085552967, "alternate": 0.15900124341148317, "oneh-out": 0.007405727513020629, "dsfb": 0.0, "sfR": 0.09690789370786869, "roll-out": 0.13084559801054163, "sfb": 0.13000785929899744, "sfT": 0.001894442967295932, "dsfb-red": 0.049295595664482224, "sft": 0.0, "roll-in": 0.21506522045138182, "bad-redirect": 0.028829159954330042, "dsfb-alt": 0.030771501634421383, "redirect": 0.05793984703692698}, "chained-bigrams": {"oneh-in": 0.011158950437923549, "unknown": 0.0520502120304472, "alternate": 0.13821034744943378, "oneh-out": 0.007113782206324358, "dsfb": 0.0, "sfR": 0.11914286586209158, "roll-out": 0.13400999539642974, "sfb": 0.11406010873256374, "sfT": 0.0024277502436515857, "dsfb-red": 0.06944183820755544, "sft": 0.0, "roll-in": 0.2261255534510869, "bad-redirect": 0.025045629887235254, "dsfb-alt": 0.046989531260449746, "redirect": 0.05422343483480715}, "english-5k": {"oneh-in": 0.009250425187704817, "unknown": 8.296345459824948e-05, "alternate": 0.17683660347616875, "oneh-out": 0.014269714190898909, "dsfb": 0.0, "sfR": 0.10644211224955408, "roll-out": 0.1821047828431576, "sfb": 0.0623885178578836, "sfT": 0.00157630563736674, "dsfb-red": 0.05695441158169826, "sft": 0.0, "roll-in": 0.23955697515244534, "bad-redirect": 0.041813581117517734, "dsfb-alt": 0.03463724229476915, "redirect": 0.07408636495623677}, "mt-quotes": {"oneh-in": 0.006684715697875951, "unknown": 0.08207826824924397, "alternate": 0.1597458792029739, "oneh-out": 0.006905846212691696, "dsfb": 0.0, "sfR": 0.0964592223377679, "roll-out": 0.1284932644840487, "sfb": 0.13572931234386393, "sfT": 0.001949833255638828, "dsfb-red": 0.04944956431312081, "sft": 0.0, "roll-in": 0.21665262189072568, "bad-redirect": 0.028144834510703914, "dsfb-alt": 0.030894024694899654, "redirect": 0.056812612806445055}, "wordle": {"oneh-in": 0.007943453382699427, "unknown": 0.0, "alternate": 0.1546056322225962, "oneh-out": 0.009177605744418265, "dsfb": 0.0, "sfR": 0.13138112868843263, "roll-out": 0.1738808481992595, "sfb": 0.0797262425670369, "sfT": 0.0024907438572871086, "dsfb-red": 0.05966565690564344, "sft": 0.0, "roll-in": 0.22944014361045664, "bad-redirect": 0.03251430494782901, "dsfb-alt": 0.04819925950858297, "redirect": 0.07097498036575788}, "english-1k": {"oneh-in": 0.0077628793225123505, "unknown": 0.0, "alternate": 0.16055045871559634, "oneh-out": 0.012350035285815103, "dsfb": 0.0, "sfR": 0.10832745236414962, "roll-out": 0.13832039520112915, "sfb": 0.10691601976005646, "sfT": 0.0024700070571630206, "dsfb-red": 0.056810162314749474, "sft": 0.0, "roll-in": 0.24382498235709246, "bad-redirect": 0.04022582921665491, "dsfb-alt": 0.034227240649259, "redirect": 0.08821453775582216}, "english-10k": {"oneh-in": 0.009301248528588796, "unknown": 0.0, "alternate": 0.17162926226819245, "oneh-out": 0.01370100924335694, "dsfb": 0.0, "sfR": 0.10567144593890508, "roll-out": 0.19106153875841841, "sfb": 0.06113351729993632, "sfT": 0.001524478493274927, "dsfb-red": 0.05573030238706316, "sft": 0.0, "roll-in": 0.23754848420524496, "bad-redirect": 0.03907682213774338, "dsfb-alt": 0.03328766330252214, "redirect": 0.08033422743675343}, "reddit": {"oneh-in": 0.007654871889091596, "unknown": 0.08857666886354396, "alternate": 0.15002862682808565, "oneh-out": 0.009906511915109516, "dsfb": 0.0, "sfR": 0.10397777127267367, "roll-out": 0.13767101416133695, "sfb": 0.12047985942981951, "sfT": 0.001629360019492838, "dsfb-red": 0.04947480024429725, "sft": 0.0, "roll-in": 0.21371559372715684, "bad-redirect": 0.02765330991495856, "dsfb-alt": 0.03150876400462449, "redirect": 0.05772284772980919}, "akl": {"oneh-in": 0.007453394111728716, "unknown": 0.15432785896050719, "alternate": 0.12772720968919493, "oneh-out": 0.007868333583168371, "dsfb": 0.0, "sfR": 0.13064861186637447, "roll-out": 0.12363007155346306, "sfb": 0.10185375456599577, "sfT": 0.0022977328823075853, "dsfb-red": 0.04385359727740013, "sft": 0.0, "roll-in": 0.19885505959683666, "bad-redirect": 0.023547259083150793, "dsfb-alt": 0.02662550511913104, "redirect": 0.05131161171074128}, "french": {"oneh-in": 0.007970652616219251, "unknown": 0.20155970525510303, "alternate": 0.18869139979405666, "oneh-out": 0.006807103123274327, "dsfb": 0.0, "sfR": 0.10898279115633469, "roll-out": 0.12287888069127641, "sfb": 0.03235431364505535, "sfT": 0.00017719020206349953, "dsfb-red": 0.030013476313406454, "sft": 0.0, "roll-in": 0.2050652306994108, "bad-redirect": 0.02918249366796348, "dsfb-alt": 0.02525479500103397, "redirect": 0.0410619678348021}, "keymash": {"oneh-in": 0.007507809517554482, "unknown": 0.08007372348766281, "alternate": 0.15686765484600576, "oneh-out": 0.00783619921761154, "dsfb": 0.0, "sfR": 0.099723742164827, "roll-out": 0.13080993214647824, "sfb": 0.127764117678449, "sfT": 0.00194981384408878, "dsfb-red": 0.049369286532327916, "sft": 0.0, "roll-in": 0.21870754023800043, "bad-redirect": 0.0298054701514287, "dsfb-alt": 0.030162593950240752, "redirect": 0.05942211622532459}, "movie": {"oneh-in": 0.006594762484983041, "unknown": 0.148569617033182, "alternate": 0.14381274996186952, "oneh-out": 0.006391575422208635, "dsfb": 0.0, "sfR": 0.11567713207251198, "roll-out": 0.10920501877308966, "sfb": 0.12190236782674986, "sfT": 0.0025070704228725466, "dsfb-red": 0.04220500600809932, "sft": 0.0, "roll-in": 0.195643216677552, "bad-redirect": 0.02595662087807605, "dsfb-alt": 0.029136287853953773, "redirect": 0.05239857458485159}, "dutch": {"oneh-in": 0.017691167100693496, "unknown": 0.09459890767753217, "alternate": 0.13857536397091638, "oneh-out": 0.005570846737647987, "dsfb": 0.0, "sfR": 0.18880787437283908, "roll-out": 0.13037505591269913, "sfb": 0.07378084316260623,