{"english-450k": {"dsfb-alt": 0.050401069753218876, "roll-out": 0.17744800476641245, "oneh-in": 0.01247762820696474, "bad-redirect": 0.0038253500407238257, "alternate": 0.16401586621302333, "redirect": 0.05832569822504927, "dsfb": 0.0, "sfT": 0.0026205913462016336, "oneh-out": 0.01382943704061449, "dsfb-red": 0.04087496879204304, "unknown": 0.00015377410175167997, "sfR": 0.11369548401129392, "roll-in": 0.21564245124103887, "sft": 0.0, "sfb": 0.14668967626166388}, "shai": {"dsfb-alt": 0.05355842676242161, "roll-out": 0.16970804809710577, "oneh-in": 0.013741162695575628, "bad-redirect": 0.004152805442599825, "alternate": 0.19475130765631884, "redirect": 0.05745965950310763, "dsfb": 0.0, "sfT": 0.0014292065073647686, "oneh-out": 0.014951900107535438, "dsfb-red": 0.049372300970419856, "unknown": 0.023260762136131256, "sfR": 0.09823378925716947, "roll-in": 0.19795086624393546, "sft": 0.0, "sfb": 0.12142976462031445}, "tr-quotes": {"dsfb-alt": 0.05558817410600772, "roll-out": 0.17661288458426758, "oneh-in": 0.01271352950694621, "bad-redirect": 0.0035112456947365986, "alternate": 0.19641478467904117, "redirect": 0.05692771780587596, "dsfb": 0.0, "sfT": 0.0014655232195279813, "oneh-out": 0.01257252490696008, "dsfb-red": 0.06321282448394627, "unknown": 0.013085689188876818, "sfR": 0.09677191928064538, "roll-in": 0.20380712419962552, "sft": 0.0, "sfb": 0.10731605834354269}, "gutenberg": {"dsfb-alt": 0.0552983004111157, "roll-out": 0.16923372444450507, "oneh-in": 0.013559695128027058, "bad-redirect": 0.0035102634951919053, "alternate": 0.2162991024864335, "redirect": 0.04945739623695207, "dsfb": 0.0, "sfT": 0.0010384924166563423, "oneh-out": 0.011810057046991309, "dsfb-red": 0.05438635176212196, "unknown": 0.03293907751108868, "sfR": 0.09863878308844841, "roll-in": 0.18806904440132863, "sft": 0.0, "sfb": 0.10575971157113938}, "english-200": {"dsfb-alt": 0.066815144766147, "roll-out": 0.1870824053452116, "oneh-in": 0.028953229398663696, "bad-redirect": 0.0022271714922048997, "alternate": 0.1603563474387528, "redirect": 0.053452115812917596, "dsfb": 0.0, "sfT": 0.0022271714922048997, "oneh-out": 0.017817371937639197, "dsfb-red": 0.060133630289532294, "unknown": 0.0, "sfR": 0.10690423162583519, "roll-in": 0.22048997772828507, "sft": 0.0, "sfb": 0.0935412026726058}, "monkeyracer": {"dsfb-alt": 0.05547843971409356, "roll-out": 0.17673158734379155, "oneh-in": 0.012689248791779408, "bad-redirect": 0.00352397672709073, "alternate": 0.1960582291943632, "redirect": 0.056802008226848305, "dsfb": 0.0, "sfT": 0.0014643320768881868, "oneh-out": 0.012600294039445079, "dsfb-red": 0.06403275880945306, "unknown": 0.012941450177518495, "sfR": 0.09690789370786869, "roll-in": 0.20374548383565072, "sft": 0.0, "sfb": 0.10702429735520903}, "chained-bigrams": {"dsfb-alt": 0.05562138783683492, "roll-out": 0.17033080126146916, "oneh-in": 0.014137960365142987, "bad-redirect": 0.004217883279689944, "alternate": 0.18898013062711794, "redirect": 0.04804659929914051, "dsfb": 0.0, "sfT": 0.0021316673040674395, "oneh-out": 0.013530860478057072, "dsfb-red": 0.036411059217237224, "unknown": 0.022782803035369576, "sfR": 0.11914286586209158, "roll-in": 0.20839563952940993, "sft": 0.0, "sfb": 0.1162703419043717}, "english-5k": {"dsfb-alt": 0.0550047703986394, "roll-out": 0.17119508856348778, "oneh-in": 0.013523043099514664, "bad-redirect": 0.004023727548015099, "alternate": 0.16646617165138755, "redirect": 0.06632928195130046, "dsfb": 0.0, "sfT": 0.002074086364956237, "oneh-out": 0.013937860372505911, "dsfb-red": 0.04604471730202846, "unknown": 0.002157049819554486, "sfR": 0.10644211224955408, "roll-in": 0.2091508690421869, "sft": 0.0, "sfb": 0.14365122163686897}, "mt-quotes": {"dsfb-alt": 0.055554559472155485, "roll-out": 0.1782595833183921, "oneh-in": 0.012588003968396266, "bad-redirect": 0.003506711609949678, "alternate": 0.197415761226856, "redirect": 0.05627771602060697, "dsfb": 0.0, "sfT": 0.0014104540945004244, "oneh-out": 0.012677651474402649, "dsfb-red": 0.06662901471414398, "unknown": 0.007917368905463717, "sfR": 0.0964592223377679, "roll-in": 0.20685863185952832, "sft": 0.0, "sfb": 0.1044453209978365}, "wordle": {"dsfb-alt": 0.0480870638393358, "roll-out": 0.17697744867048132, "oneh-in": 0.016537641647032423, "bad-redirect": 0.006843935824077191, "alternate": 0.16946033883092113, "redirect": 0.052193425333782115, "dsfb": 0.0, "sfT": 0.003365870077415012, "oneh-out": 0.014944463143722652, "dsfb-red": 0.0375406709301021, "unknown": 0.0, "sfR": 0.13138112868843263, "roll-in": 0.18579602827330866, "sft": 0.0, "sfb": 0.15687198474138897}, "english-1k": {"dsfb-alt": 0.05963302752293578, "roll-out": 0.16584333098094567, "oneh-in": 0.016937191249117856, "bad-redirect": 0.005998588567395907, "alternate": 0.16937191249117856, "redirect": 0.059280169371912494, "dsfb": 0.0, "sfT": 0.0028228652081863093, "oneh-out": 0.01834862385321101, "dsfb-red": 0.05328158080451659, "unknown": 0.0, "sfR": 0.10832745236414962, "roll-in": 0.20606916019760058, "sft": 0.0, "sfb": 0.1340860973888497}, "english-10k": {"dsfb-alt": 0.052160321105343396, "roll-out": 0.17122402114972696, "oneh-in": 0.013681712047239536, "bad-redirect": 0.0043418691264159315, "alternate": 0.1644314081164007, "redirect": 0.06547538642635226, "dsfb": 0.0, "sfT": 0.0018911252195056058, "oneh-out": 0.016846452210493815, "dsfb-red": 0.04374674359815519, "unknown": 0.0, "sfR": 0.10567144593890508, "roll-in": 0.2120182937419193, "sft": 0.0, "sfb": 0.14851122131954228}, "reddit": {"dsfb-alt": 0.052714941406304866, "roll-out": 0.16992750304950166, "oneh-in": 0.01361520785961411, "bad-redirect": 0.003690117067526539, "alternate": 0.1859171363358072, "redirect": 0.053279012592620474, "dsfb": 0.0, "sfT": 0.0012613409341916326, "oneh-out": 0.012373719354451449, "dsfb-red": 0.05716825326904892, "unknown": 0.038515360442387035, "sfR": 0.10397777127267367, "roll-in": 0.19590616693233337, "sft": 0.0, "sfb": 0.11165346948353906}, "akl": {"dsfb-alt": 0.04416419654472584, "roll-out": 0.151315137485576, "oneh-in": 0.012422167038067224, "bad-redirect": 0.0032457388713315297, "alternate": 0.153071230312334, "redirect": 0.04425988908806785, "dsfb": 0.0, "sfT": 0.00230704764833907, "oneh-out": 0.009820901262664715, "dsfb-red": 0.05333948816176008, "unknown": 0.13237676039503798, "sfR": 0.13064861186637447, "roll-in": 0.1631606290881662, "sft": 0.0, "sfb": 0.09986820223755505}, "french": {"dsfb-alt": 0.03866559282842171, "roll-out": 0.15845046921095138, "oneh-in": 0.013395980789268114, "bad-redirect": 0.002424241225695357, "alternate": 0.17157506898050373, "redirect": 0.04423990040193725, "dsfb": 0.0, "sfT": 0.001052923598632176, "oneh-out": 0.011857061336679917, "dsfb-red": 0.029607168857588233, "unknown": 0.15797034623762518, "sfR": 0.10898279115633469, "roll-in": 0.16372268299615134, "sft": 0.0, "sfb": 0.09805577238021095}, "keymash": {"dsfb-alt": 0.05512021115457714, "roll-out": 0.17533547060296453, "oneh-in": 0.013127378259780881, "bad-redirect": 0.003538399018114797, "alternate": 0.19462015573881525, "redirect": 0.056565125834828194, "dsfb": 0.0, "sfT": 0.0014572292940031935, "oneh-out": 0.013115063646028742, "dsfb-red": 0.06316165393472434, "unknown": 0.012306404009638238, "sfR": 0.099723742164827, "roll-in": 0.20202123860385118, "sft": 0.0, "sfb": 0.10990792773784651}, "movie": {"dsfb-alt": 0.05386891723535576, "roll-out": 0.17810490953372385, "oneh-in": 0.0112992536165389, "bad-redirect": 0.0035439297930795065, "alternate": 0.1793341649439413, "redirect": 0.055237929550149896, "dsfb": 0.0, "sfT": 0.0012711035228872988, "oneh-out": 0.009158025184931152, "dsfb-red": 0.07217970369167469, "unknown": 0.030157750277046348, "sfR": 0.11567713207251198, "roll-in": 0.19174963142735357, "sft": 0.0, "sfb": 0.09841754915080572}, "dutch": {"dsfb-alt": 0.039742816466594263, "roll-out": 0.15626780415800057, "oneh-in": 0.014982326154046537, "bad-redirect": 0.0034330657257924686, "alternate": 0.135444270750833, "redirect": 0.04786675727216532, "dsfb": 0.0,