{"english-450k": {"dsfb": 0.0, "dsfb-red": 0.030855972135898885, "sfb": 0.06073316919068632, "sft": 0.0, "roll-in": 0.22498934398097178, "redirect": 0.062281727017641925, "oneh-out": 0.010710980114026712, "dsfb-alt": 0.046319332094175235, "sfT": 0.0005770914008703731, "roll-out": 0.19076291249318103, "sfR": 0.11369548401129392, "unknown": 0.0001543587941537776, "oneh-in": 0.010996894698652459, "alternate": 0.24000512190544238, "bad-redirect": 0.007917612163005225}, "shai": {"dsfb": 0.0, "dsfb-red": 0.030126689317331104, "sfb": 0.04218129815369115, "sft": 0.0, "roll-in": 0.23167650550387614, "redirect": 0.0583642127449156, "oneh-out": 0.006074440191811268, "dsfb-alt": 0.051365604079472806, "sfT": 0.00018641436968225183, "roll-out": 0.19440647745424944, "sfR": 0.09823378925716947, "unknown": 0.031793109309943265, "oneh-in": 0.011947793294160668, "alternate": 0.2371039255853529, "bad-redirect": 0.006539740738343954}, "tr-quotes": {"dsfb": 0.0, "dsfb-red": 0.03442477057858117, "sfb": 0.04283997133676984, "sft": 0.0, "roll-in": 0.22429671066318393, "redirect": 0.06549663669355771, "oneh-out": 0.005179029610965997, "dsfb-alt": 0.04795081019856222, "sfT": 0.00021728577702780796, "roll-out": 0.19779246896743025, "sfR": 0.09677191928064538, "unknown": 0.039616513719054114, "oneh-in": 0.011540417466077991, "alternate": 0.22769584614317745, "bad-redirect": 0.006177619564966136}, "gutenberg": {"dsfb": 0.0, "dsfb-red": 0.036895085744768796, "sfb": 0.03687235333141623, "sft": 0.0, "roll-in": 0.21640348215107735, "redirect": 0.05247853397150795, "oneh-out": 0.004663744036056639, "dsfb-alt": 0.04669105096872285, "sfT": 0.00011252544609519653, "roll-out": 0.21364926083663616, "sfR": 0.09863878308844841, "unknown": 0.04011588984327138, "oneh-in": 0.011937169124987735, "alternate": 0.2347178509685713, "bad-redirect": 0.00682427048844}, "english-200": {"dsfb": 0.0, "dsfb-red": 0.028953229398663696, "sfb": 0.0400890868596882, "sft": 0.0, "roll-in": 0.23385300668151449, "redirect": 0.044543429844097995, "oneh-out": 0.0022271714922048997, "dsfb-alt": 0.0556792873051225, "sfT": 0.0, "roll-out": 0.22048997772828507, "sfR": 0.10690423162583519, "unknown": 0.0, "oneh-in": 0.015590200445434299, "alternate": 0.24721603563474387, "bad-redirect": 0.004454342984409799}, "monkeyracer": {"dsfb": 0.0, "dsfb-red": 0.03439323083660478, "sfb": 0.04267970815021036, "sft": 0.0, "roll-in": 0.22452081736709573, "redirect": 0.06544528207454213, "oneh-out": 0.005178926130409622, "dsfb-alt": 0.04788307239939315, "sfT": 0.00023265089072055305, "roll-out": 0.1976115160235857, "sfR": 0.09690789370786869, "unknown": 0.03912933825484461, "oneh-in": 0.011504488793656256, "alternate": 0.2283615121134867, "bad-redirect": 0.006151563257581682}, "chained-bigrams": {"dsfb": 0.0, "dsfb-red": 0.02912456196282211, "sfb": 0.04209312457754613, "sft": 0.0, "roll-in": 0.22537625583643756, "redirect": 0.0455578144144343, "oneh-out": 0.007442979685204099, "dsfb-alt": 0.05195281632663662, "sfT": 0.00023569760322159015, "roll-out": 0.1999676646263349, "sfR": 0.11914286586209158, "unknown": 0.033665798979163164, "oneh-in": 0.010737551692769798, "alternate": 0.22677031301031292, "bad-redirect": 0.007932555423025253}, "english-5k": {"dsfb": 0.0, "dsfb-red": 0.03057203301945493, "sfb": 0.04604471730202846, "sft": 0.0, "roll-in": 0.25548595843530925, "redirect": 0.06769817895217156, "oneh-out": 0.00937487036960219, "dsfb-alt": 0.05222549466959804, "sfT": 8.296345459824948e-05, "roll-out": 0.1623594806487742, "sfR": 0.10644211224955408, "unknown": 0.0022400132741527356, "oneh-in": 0.01244451818973742, "alternate": 0.24793628406686855, "bad-redirect": 0.0070933753681503295}, "mt-quotes": {"dsfb": 0.0, "dsfb-red": 0.03512389285330082, "sfb": 0.04238832909001805, "sft": 0.0, "roll-in": 0.2259580330141882, "redirect": 0.06636754282162537, "oneh-out": 0.004903718578549145, "dsfb-alt": 0.04746686030527964, "sfT": 0.0002046951387145743, "roll-out": 0.19999910352493994, "sfR": 0.0964592223377679, "unknown": 0.03468910244916987, "oneh-in": 0.011573493025424033, "alternate": 0.2288118119553914, "bad-redirect": 0.006054194905631059}, "wordle": {"dsfb": 0.0, "dsfb-red": 0.028587456524178167, "sfb": 0.06877594524851341, "sft": 0.0, "roll-in": 0.20836979692583865, "redirect": 0.05665881296981937, "oneh-out": 0.009873218893750701, "dsfb-alt": 0.04873779872096937, "sfT": 0.001144395826321104, "roll-out": 0.19246045102659037, "sfR": 0.13138112868843263, "unknown": 0.0, "oneh-in": 0.014585437002131718, "alternate": 0.22636598227308427, "bad-redirect": 0.013059575900370246}, "english-1k": {"dsfb": 0.0, "dsfb-red": 0.030698659139026113, "sfb": 0.038461538461538464, "sft": 0.0, "roll-in": 0.25617501764290757, "redirect": 0.056810162314749474, "oneh-out": 0.008468595624558928, "dsfb-alt": 0.0529287226534933, "sfT": 0.00035285815102328866, "roll-out": 0.17360621030345802, "sfR": 0.10832745236414962, "unknown": 0.0, "oneh-in": 0.0187014820042343, "alternate": 0.24770642201834864, "bad-redirect": 0.0077628793225123505}, "english-10k": {"dsfb": 0.0, "dsfb-red": 0.02898438856834102, "sfb": 0.04648694544682658, "sft": 0.0, "roll-in": 0.2521757588622373, "redirect": 0.06339128924567261, "oneh-out": 0.00955211207811505, "dsfb-alt": 0.05368479959861832, "sfT": 0.00013508037282182898, "roll-out": 0.17871133324327976, "sfR": 0.10567144593890508, "unknown": 0.0, "oneh-in": 0.012137936357847205, "alternate": 0.24192894772389573, "bad-redirect": 0.007139962563439533}, "reddit": {"dsfb": 0.0, "dsfb-red": 0.03644883495271095, "sfb": 0.04399455593955647, "sft": 0.0, "roll-in": 0.21979860272611307, "redirect": 0.05869434320017785, "oneh-out": 0.005309101383545745, "dsfb-alt": 0.04902988108956873, "sfT": 0.00039671146386005763, "roll-out": 0.1887528123494095, "sfR": 0.10397777127267367, "unknown": 0.06027826737738363, "oneh-in": 0.012534037083213703, "alternate": 0.2144966557085004, "bad-redirect": 0.006288425453286205}, "akl": {"dsfb": 0.0, "dsfb-red": 0.031433036233476264, "sfb": 0.03855831338791556, "sft": 0.0, "roll-in": 0.18697534796519183, "redirect": 0.05141244343534204, "oneh-out": 0.005234231404434713, "dsfb-alt": 0.04496983732984152, "sfT": 0.0008390454632975611, "roll-out": 0.16438632381837806, "sfR": 0.13064861186637447, "unknown": 0.15113620503040356, "oneh-in": 0.011566221574861082, "alternate": 0.1783497016668218, "bad-redirect": 0.004490680823661522}, "french": {"dsfb": 0.0, "dsfb-red": 0.02575322578081334, "sfb": 0.05806779260874901, "sft": 0.0, "roll-in": 0.1988927133027623, "redirect": 0.04617019041751732, "oneh-out": 0.007433898293962635, "dsfb-alt": 0.03660418176367789, "sfT": 0.0004722125626819516, "roll-out": 0.13381800479277997, "sfR": 0.10898279115633469, "unknown": 0.1845785256052277, "oneh-in": 0.009073525663881588, "alternate": 0.18669623841845842, "bad-redirect": 0.0034566996331532084}, "keymash": {"dsfb": 0.0, "dsfb-red": 0.03452607208974891, "sfb": 0.04136478759343713, "sft": 0.0, "roll-in": 0.22549289241542939, "redirect": 0.06521819443133166, "oneh-out": 0.005459478763448584, "dsfb-alt": 0.04803930824709683, "sfT": 0.00024218740379208006, "roll-out": 0.19997290784974528, "sfR": 0.099723742164827, "unknown": 0.03457533054475746, "oneh-in": 0.011834343815806217, "alternate": 0.2270773727182047, "bad-redirect": 0.0064733819623747505}, "movie": {"dsfb": 0.0, "dsfb-red": 0.035549971713044595, "sfb": 0.04472734178024766, "sft": 0.0, "roll-in": 0.2016523687808342, "redirect": 0.06894121248194972, "oneh-out": 0.004336938368389462, "dsfb-alt": 0.048917680156454035, "sfT": 0.00028188257024791324, "roll-out": 0.1839629873183111, "sfR": 0.11567713207251198, "unknown": 0.08496732886260383, "oneh-in": 0.011080143215295775, "alternate": 0.19486205190771463, "bad-redirect": 0.00504296077239509}, "dutch": {"dsfb": 0.0, "dsfb-red": 0.03501557773610741, "sfb": 0.052867153722025856, "sft": 0.0, "roll-in": 0.2294239922418474, "redirect": 0.04015780676836559, "oneh-out": 0.009516320770289707, "dsfb-alt": 0.03372986806629187,