{"english-450k": {"sfT": 0.04614714018175748, "oneh-in": 0.004182304752204436, "roll-in": 0.1384957969386675, "roll-out": 0.10710833940926189, "dsfb-alt": 0.08883377838170006, "oneh-out": 0.0032046990558971785, "sfR": 0.11369548401129392, "sft": 0.0, "dsfb": 0.0, "bad-redirect": 0.00075893073792274, "sfb": 0.294979655627869, "redirect": 0.017259827363721357, "dsfb-red": 0.03236213976370241, "unknown": 0.00015377410175167997, "alternate": 0.15281812967425032}, "shai": {"sfT": 0.0798556291070843, "oneh-in": 0.00323449289749021, "roll-in": 0.13852892882875548, "roll-out": 0.09726870282165187, "dsfb-alt": 0.07889709914408231, "oneh-out": 0.0010966338899806882, "sfR": 0.09823378925716947, "sft": 0.0, "dsfb": 0.0, "bad-redirect": 0.00047578161357652714, "sfb": 0.29455128879968717, "redirect": 0.0167578251151137, "dsfb-red": 0.03479838111636833, "unknown": 0.023260762136131256, "alternate": 0.13304068527290872}, "tr-quotes": {"sfT": 0.08719863156191489, "oneh-in": 0.003130995584937935, "roll-in": 0.1426469568433462, "roll-out": 0.10277501675874344, "dsfb-alt": 0.0725295300617184, "oneh-out": 0.0010933635375973741, "sfR": 0.09677191928064538, "sft": 0.0, "dsfb": 0.0, "bad-redirect": 0.00031783823767365525, "sfb": 0.2981311111624789, "redirect": 0.017498439703196873, "dsfb-red": 0.03185894916899748, "unknown": 0.013085689188876818, "alternate": 0.13296155890987263}, "gutenberg": {"sfT": 0.10815798117983498, "oneh-in": 0.003317416855250979, "roll-in": 0.13203572929181334, "roll-out": 0.09219925869600057, "dsfb-alt": 0.0711454446327446, "oneh-out": 0.001004962106961309, "sfR": 0.09863878308844841, "sft": 0.0, "dsfb": 0.0, "bad-redirect": 0.0004142982333504963, "sfb": 0.2841445584474974, "redirect": 0.015584774284184718, "dsfb-red": 0.028178720718283642, "unknown": 0.03293907751108868, "alternate": 0.13223899495454086}, "english-200": {"sfT": 0.07349665924276169, "oneh-in": 0.0022271714922048997, "roll-in": 0.16258351893095768, "roll-out": 0.09799554565701558, "dsfb-alt": 0.051224944320712694, "oneh-out": 0.0, "sfR": 0.10690423162583519, "sft": 0.0, "dsfb": 0.0, "bad-redirect": 0.0, "sfb": 0.32516703786191536, "redirect": 0.0066815144766146995, "dsfb-red": 0.026726057906458798, "unknown": 0.0, "alternate": 0.14699331848552338}, "monkeyracer": {"sfT": 0.08689608520887748, "oneh-in": 0.003140787024727466, "roll-in": 0.1429258488824937, "roll-out": 0.10273882884714641, "dsfb-alt": 0.0722772025587688, "oneh-out": 0.0010899400972832632, "sfR": 0.09690789370786869, "sft": 0.0, "dsfb": 0.0, "bad-redirect": 0.00032453821730766224, "sfb": 0.29882149616028275, "redirect": 0.017449794328792404, "dsfb-red": 0.03171383549431472, "unknown": 0.012941450177518495, "alternate": 0.13277229929461815}, "chained-bigrams": {"sfT": 0.06550055872668753, "oneh-in": 0.004839267870001409, "roll-in": 0.1261300336534622, "roll-out": 0.0862055867474315, "dsfb-alt": 0.06345654755604961, "oneh-out": 0.002811489316665249, "sfR": 0.11914286586209158, "sft": 0.0, "dsfb": 0.0, "bad-redirect": 0.0005486624647995694, "sfb": 0.33989282576752683, "redirect": 0.014850247612344322, "dsfb-red": 0.0226457997453427, "unknown": 0.022782803035369576, "alternate": 0.13119331164222792}, "english-5k": {"sfT": 0.04890695648566806, "oneh-in": 0.004521508275604596, "roll-in": 0.1385074874517775, "roll-out": 0.10233542124694073, "dsfb-alt": 0.09685983324345626, "oneh-out": 0.0019081594557597379, "sfR": 0.10644211224955408, "sft": 0.0, "dsfb": 0.0, "bad-redirect": 0.0007051893640851205, "sfb": 0.294644709005683, "redirect": 0.016883063010743767, "dsfb-red": 0.04583730866553283, "unknown": 0.002157049819554486, "alternate": 0.14029120172563986}, "mt-quotes": {"sfT": 0.08979393026619333, "oneh-in": 0.002998709075913508, "roll-in": 0.14388275301514444, "roll-out": 0.10300946677663428, "dsfb-alt": 0.07152825091739282, "oneh-out": 0.0008979691851639354, "sfR": 0.0964592223377679, "sft": 0.0, "dsfb": 0.0, "bad-redirect": 0.00027940139371989336, "sfb": 0.3031475239358841, "redirect": 0.01742149866724041, "dsfb-red": 0.03118089671412008, "unknown": 0.007917368905463717, "alternate": 0.1314830088093616}, "wordle": {"sfT": 0.034646022663525185, "oneh-in": 0.006866374957926624, "roll-in": 0.15438124088410188, "roll-out": 0.11953326601593178, "dsfb-alt": 0.0744754852462695, "oneh-out": 0.004151239762145181, "sfR": 0.13138112868843263, "sft": 0.0, "dsfb": 0.0, "bad-redirect": 0.0018175698418041065, "sfb": 0.26671154493436555, "redirect": 0.02394255581734545, "dsfb-red": 0.026253786603837093, "unknown": 0.0, "alternate": 0.15583978458431505}, "english-1k": {"sfT": 0.05716302046577276, "oneh-in": 0.004234297812279464, "roll-in": 0.1647847565278758, "roll-out": 0.09139026111503176, "dsfb-alt": 0.08115737473535639, "oneh-out": 0.0014114326040931546, "sfR": 0.10832745236414962, "sft": 0.0, "dsfb": 0.0, "bad-redirect": 0.00035285815102328866, "sfb": 0.29040225829216654, "redirect": 0.0187014820042343, "dsfb-red": 0.03669724770642202, "unknown": 0.0, "alternate": 0.14537755822159493}, "english-10k": {"sfT": 0.04785704637116227, "oneh-in": 0.0038980336157156364, "roll-in": 0.138804731672488, "roll-out": 0.10107871326296289, "dsfb-alt": 0.09644738619478589, "oneh-out": 0.0016016672777445437, "sfR": 0.10567144593890508, "sft": 0.0, "dsfb": 0.0, "bad-redirect": 0.0007911850408135698, "sfb": 0.30634298836379076, "redirect": 0.018698983037764613, "dsfb-red": 0.043939715559329226, "unknown": 0.0, "alternate": 0.13486810366453755}, "reddit": {"sfT": 0.07278949289592064, "oneh-in": 0.00399685582473077, "roll-in": 0.1336346782230278, "roll-out": 0.10298207831333762, "dsfb-alt": 0.0716898181573687, "oneh-out": 0.0017212430542250371, "sfR": 0.10397777127267367, "sft": 0.0, "dsfb": 0.0, "bad-redirect": 0.0005020791673666521, "sfb": 0.2889689228952258, "redirect": 0.01816324952049829, "dsfb-red": 0.032152282364469244, "unknown": 0.038515360442387035, "alternate": 0.1309061678687687}, "akl": {"sfT": 0.060867968676591395, "oneh-in": 0.004008833165449294, "roll-in": 0.11717422217318038, "roll-out": 0.0845823993962648, "dsfb-alt": 0.05911918930008626, "oneh-out": 0.0011727216310832309, "sfR": 0.13064861186637447, "sft": 0.0, "dsfb": 0.0, "bad-redirect": 0.000489383476884914, "sfb": 0.25352705345314314, "redirect": 0.015755692020035, "dsfb-red": 0.027900219732118696, "unknown": 0.13237676039503798, "alternate": 0.11237694471375044}, "french": {"sfT": 0.03619961220110727, "oneh-in": 0.01011381957279198, "roll-in": 0.14339501011596198, "roll-out": 0.07836153162509514, "dsfb-alt": 0.06983734502767693, "oneh-out": 0.0027450323482609822, "sfR": 0.10898279115633469, "sft": 0.0, "dsfb": 0.0, "bad-redirect": 0.00035406578552183007, "sfb": 0.22482151124709826, "redirect": 0.02179685187529843, "dsfb-red": 0.04634860913032481, "unknown": 0.15797034623762518, "alternate": 0.09907347367690254}, "keymash": {"sfT": 0.08939588609803253, "oneh-in": 0.0034193577518441135, "roll-in": 0.14349398431118207, "roll-out": 0.1003764166936904, "dsfb-alt": 0.07054221244350671, "oneh-out": 0.001132944465196849, "sfR": 0.099723742164827, "sft": 0.0, "dsfb": 0.0, "bad-redirect": 0.0002873409875499255, "sfb": 0.29860064939063186, "redirect": 0.017429283330528338, "dsfb-red": 0.032042624983067404, "unknown": 0.012306404009638238, "alternate": 0.13124915337030454}, "movie": {"sfT": 0.07203784122168064, "oneh-in": 0.0026793319935796045, "roll-in": 0.14169270878227389, "roll-out": 0.09595495879737473, "dsfb-alt": 0.06729939784776999, "oneh-out": 0.0017234052941020876, "sfR": 0.11567713207251198, "sft": 0.0, "dsfb": 0.0, "bad-redirect": 0.0003687371437136568, "sfb": 0.2836051859549838, "redirect": 0.01941884025720008, "dsfb-red": 0.03016604094087717, "unknown": 0.030157750277046348, "alternate": 0.13921866941688604}, "dutch": {"sfT": 0.05621194614780017, "oneh-in": 0.002609576069762839, "roll-in": 0.09886710014481268, "roll-out": 0.09672481850360422, "dsfb-alt": 0.07299230062454032, "oneh-out": 0.0033349125581509107, "sfR": 0.18880787437283908, "sft": 0.0, "dsfb": 0.0,