{"shai": {"redirect": 0.028333974015004183, "sfb": 0.013088011857694048, "sfT": 2.255287210652108e-05, "roll-in": 0.27015859851568275, "oneh-in": 0.014139497428964838, "unknown": 0.023260762136131256, "roll-out": 0.181692463199379, "alternate": 0.317746710694373, "dsfb": 0.0, "bad-redirect": 0.002729110397373324, "dsfb-alt": 0.03113164096353982, "sft": 0.0, "dsfb-red": 0.009986219796490808, "oneh-out": 0.009476668866090977, "sfR": 0.09823378925716947}}