{"mt-quotes": {"oneh-in": 0.025198419813294126, "sfT": 0.00037203714992648906, "dsfb-alt": 0.03329508373077061, "oneh-out": 0.008193782048983397, "roll-in": 0.3000920381061665, "sfR": 0.0964592223377679, "bad-redirect": 0.004258256535303188, "sft": 0.0, "sfb": 0.02089832777518796, "unknown": 0.008869126594231481, "dsfb-red": 0.02017965360203679, "dsfb": 0.0, "redirect": 0.034136276162130504, "alternate": 0.28485196208508146, "roll-out": 0.16319581405911954}, "monkeyracer": {"oneh-in": 0.024160501743904154, "sfT": 0.0003431111875752694, "dsfb-alt": 0.03372264885746907, "oneh-out": 0.0077664341461125795, "roll-in": 0.29511863240377245, "sfR": 0.09690789370786869, "bad-redirect": 0.004235614745765363, "sft": 0.0, "sfb": 0.021404859471041808, "unknown": 0.014352018393105714, "dsfb-red": 0.01977532571124701, "dsfb": 0.0, "redirect": 0.03395627727294055, "alternate": 0.2853189467757324, "roll-out": 0.16293773558346497}, "shai": {"oneh-in": 0.0192238096402904, "sfT": 0.00014488101279619078, "dsfb-alt": 0.037427809134969826, "oneh-out": 0.00544420991487268, "roll-in": 0.28343917482265013, "sfR": 0.09823378925716947, "bad-redirect": 0.004747710498375512, "sft": 0.0, "sfb": 0.019980180410591544, "unknown": 0.023621906111313578, "dsfb-red": 0.014930241299862864, "dsfb": 0.0, "redirect": 0.03009948808424982, "alternate": 0.2988564064399887, "roll-out": 0.1638503933728693}}