{"english-450k": {"dsfb": 0.0, "sfR": 0.11369548401129392, "unknown": 0.00015377410175167997, "oneh-out": 0.009513237728329692, "redirect": 0.05254513679171093, "dsfb-alt": 0.03230600929310104, "sfT": 0.0002970237402656024, "roll-in": 0.2618851886305393, "oneh-in": 0.014980696380344747, "alternate": 0.25914298126470137, "sfb": 0.03049755569341303, "bad-redirect": 0.0014099857276584648, "dsfb-red": 0.026278415319876444, "roll-out": 0.19729451131701378, "sft": 0.0}, "shai": {"dsfb": 0.0, "sfR": 0.09823378925716947, "unknown": 0.023260762136131256, "oneh-out": 0.011069969095559774, "redirect": 0.04502454690672284, "dsfb-alt": 0.026063433523251713, "sfT": 3.8607327829508804e-05, "roll-in": 0.3106892176293715, "oneh-in": 0.016555743330588957, "alternate": 0.24273240566342988, "sfb": 0.016760472474736294, "bad-redirect": 0.0013399471395047053, "dsfb-red": 0.02051301959077084, "roll-out": 0.18771808592493328, "sft": 0.0}, "tr-quotes": {"dsfb": 0.0, "sfR": 0.09677191928064538, "unknown": 0.013835787429786644, "oneh-out": 0.01443563486743256, "redirect": 0.04822935207230531, "dsfb-alt": 0.026511176348212016, "sfT": 2.6582834423614803e-05, "roll-in": 0.32041446106192645, "oneh-in": 0.01372714454127274, "alternate": 0.23720325466355377, "sfb": 0.013608099674071334, "bad-redirect": 0.0018099442916252515, "dsfb-red": 0.020291948868495873, "roll-out": 0.19313469406624906, "sft": 0.0}, "gutenberg": {"dsfb": 0.0, "sfR": 0.09863878308844841, "unknown": 0.032975828246008664, "oneh-out": 0.013686049458911732, "redirect": 0.04375137104868033, "dsfb-alt": 0.02357635419827893, "sfT": 0.0002631276845559394, "roll-in": 0.3270533147079093, "oneh-in": 0.011973540986351838, "alternate": 0.22724381233180382, "sfb": 0.01623833116807096, "bad-redirect": 0.0017261479205714322, "dsfb-red": 0.017342558146671804, "roll-out": 0.18553078101373682, "sft": 0.0}, "english-200": {"dsfb": 0.0, "sfR": 0.10690423162583519, "unknown": 0.0, "oneh-out": 0.013363028953229399, "redirect": 0.0378619153674833, "dsfb-alt": 0.015590200445434299, "sfT": 0.0, "roll-in": 0.3207126948775056, "oneh-in": 0.0066815144766146995, "alternate": 0.2561247216035635, "sfb": 0.004454342984409799, "bad-redirect": 0.0, "dsfb-red": 0.017817371937639197, "roll-out": 0.22048997772828507, "sft": 0.0}, "monkeyracer": {"dsfb": 0.0, "sfR": 0.09690789370786869, "unknown": 0.013436077701487402, "oneh-out": 0.014499624630495644, "redirect": 0.04812452101287205, "dsfb-alt": 0.026430314215555938, "sfT": 2.4438118773167336e-05, "roll-in": 0.32091746563022977, "oneh-in": 0.013617897305159766, "alternate": 0.23691778625834806, "sfb": 0.0134214148302235, "bad-redirect": 0.001865117224768131, "dsfb-red": 0.02024551511644275, "roll-out": 0.19359193424777515, "sft": 0.0}, "chained-bigrams": {"dsfb": 0.0, "sfR": 0.11914286586209158, "unknown": 0.022916559801936097, "oneh-out": 0.007716986265257849, "redirect": 0.05696869507288121, "dsfb-alt": 0.03925241654973771, "sfT": 7.921517243260055e-05, "roll-in": 0.2886776195710823, "oneh-in": 0.011413477877215184, "alternate": 0.2455189859938485, "sfb": 0.01779029925803953, "bad-redirect": 0.00715663631600101, "dsfb-red": 0.029952425445211994, "roll-out": 0.15341381681426444, "sft": 0.0}, "english-5k": {"dsfb": 0.0, "sfR": 0.10644211224955408, "unknown": 0.002157049819554486, "oneh-out": 0.010245986642883809, "redirect": 0.04214543493591073, "dsfb-alt": 0.02866387356369519, "sfT": 0.0, "roll-in": 0.28854689509271164, "oneh-in": 0.024017920106193223, "alternate": 0.2588044966192392, "sfb": 0.020035674285477246, "bad-redirect": 0.00078815281868337, "dsfb-red": 0.02513792674326959, "roll-out": 0.1930144771228274, "sft": 0.0}, "mt-quotes": {"dsfb": 0.0, "sfR": 0.0964592223377679, "unknown": 0.007977133909467972, "oneh-out": 0.014724602861548391, "redirect": 0.04800773359151815, "dsfb-alt": 0.02653117940258902, "sfT": 1.4941251001063817e-05, "roll-in": 0.3270042194092827, "oneh-in": 0.01330070164114701, "alternate": 0.23764507954722033, "sfb": 0.012307108449576266, "bad-redirect": 0.0018781152508337217, "dsfb-red": 0.020057135343828067, "roll-out": 0.1940928270042194, "sft": 0.0}, "wordle": {"dsfb": 0.0, "sfR": 0.13138112868843263, "unknown": 0.0, "oneh-out": 0.013755189049702682, "redirect": 0.04763828116234713, "dsfb-alt": 0.0378772579378436, "sfT": 0.00026926960619320093, "roll-in": 0.24074946707057107, "oneh-in": 0.007965892516548861, "alternate": 0.24175922809379558, "sfb": 0.0381465275440368, "bad-redirect": 0.0024683047234376754, "dsfb-red": 0.030741613373723775, "roll-out": 0.20724784023336698, "sft": 0.0}, "english-1k": {"dsfb": 0.0, "sfR": 0.10832745236414962, "unknown": 0.0, "oneh-out": 0.019054340155257588, "redirect": 0.046224417784050814, "dsfb-alt": 0.025405786873676783, "sfT": 0.0, "roll-in": 0.294636556104446, "oneh-in": 0.014820042342978124, "alternate": 0.22653493295695132, "sfb": 0.0187014820042343, "bad-redirect": 0.0, "dsfb-red": 0.024347212420606917, "roll-out": 0.22194777699364857, "sft": 0.0}, "english-10k": {"dsfb": 0.0, "sfR": 0.10567144593890508, "unknown": 0.0, "oneh-out": 0.01011173076551977, "redirect": 0.04365025761756817, "dsfb-alt": 0.02865633623434515, "sfT": 7.718878446961657e-05, "roll-in": 0.29704173983520193, "oneh-in": 0.02167075123984485, "alternate": 0.25105652148742785, "sfb": 0.021709345632079657, "bad-redirect": 0.0011385345709268443, "dsfb-red": 0.024025009166168156, "roll-out": 0.1951911387275429, "sft": 0.0}, "reddit": {"dsfb": 0.0, "sfR": 0.10397777127267367, "unknown": 0.039285409944231534, "oneh-out": 0.012118447083069493, "redirect": 0.045633842173563796, "dsfb-alt": 0.026169247201509833, "sfT": 6.225422084179169e-05, "roll-in": 0.29952520855819487, "oneh-in": 0.012348023568953573, "alternate": 0.23595979096515954, "sfb": 0.015667199872944453, "bad-redirect": 0.0013722897922742961, "dsfb-red": 0.020320421950268917, "roll-out": 0.18756009339631421, "sft": 0.0}, "akl": {"dsfb": 0.0, "sfR": 0.13064861186637447, "unknown": 0.13277008071454782, "oneh-out": 0.009264906090233695, "redirect": 0.03441420610039099, "dsfb-alt": 0.024211374722833207, "sfT": 0.00014471242611778366, "roll-in": 0.25557531367598146, "oneh-in": 0.008684475099221406, "alternate": 0.20138370972935712, "sfb": 0.022204129119656028, "bad-redirect": 0.0013761393200413517, "dsfb-red": 0.017687208822452234, "roll-out": 0.16163513231279242, "sft": 0.0}, "french": {"dsfb": 0.0, "sfR": 0.10898279115633469, "unknown": 0.15807953387545715, "oneh-out": 0.01328856100836042, "redirect": 0.04410776058776628, "dsfb-alt": 0.024184732179339256, "sfT": 5.3904654352284716e-05, "roll-in": 0.2219078433264667, "oneh-in": 0.026336333910898183, "alternate": 0.18298339429518265, "sfb": 0.05306303460161936, "bad-redirect": 0.0013341027406231932, "dsfb-red": 0.023021077813525942, "roll-out": 0.1426569298500739, "sft": 0.0}, "keymash": {"dsfb": 0.0, "sfR": 0.099723742164827, "unknown": 0.01232282349464109, "oneh-out": 0.014523034485023378, "redirect": 0.0480926715733561, "dsfb-alt": 0.02701415770094371, "sfT": 3.694384125641899e-05, "roll-in": 0.3209927220632725, "oneh-in": 0.013578914097359337, "alternate": 0.2337847323418701, "sfb": 0.014149491201208474, "bad-redirect": 0.0019374992303366405, "dsfb-red": 0.019539187153394935, "roll-out": 0.19430408065251034, "sft": 0.0}, "movie": {"dsfb": 0.0, "sfR": 0.11567713207251198, "unknown": 0.030236445784519856, "oneh-out": 0.016032827870421925, "redirect": 0.04842155630499063, "dsfb-alt": 0.02715284523080879, "sfT": 2.0134469303422374e-05, "roll-in": 0.2898963522263525, "oneh-in": 0.010800103014788044, "alternate": 0.2296587575927018, "sfb": 0.011858412832684271, "bad-redirect": 0.002646827327449243, "dsfb-red": 0.02468551735518875, "roll-out": 0.1929130879182788, "sft": 0.0}, "dutch": {"dsfb": 0.0, "sfR": 0.18880787437283908, "unknown": 0.07290361491625476, "oneh-out": 0.009980244209527929, "redirect": 0.039202561636298296, "dsfb-alt": 0.02171392285648741, "sfT": 0.00010270758937720937, "roll-in": 0.27547398351134367, "oneh-in": 0.007197510459839163,