{"english-450k": {"sft": 0.0, "unknown": 0.00015377410175167997, "redirect": 0.053990496409696304, "dsfb-red": 0.026557021249475968, "sfb": 0.031683896577269145, "bad-redirect": 0.020169841448961324, "roll-out": 0.1865358787722161, "oneh-out": 0.009009525223922572, "sfR": 0.11369548401129392, "dsfb-alt": 0.026384244644656114, "dsfb": 0.0, "alternate": 0.2124450608401679, "roll-in": 0.2967381180271777, "oneh-in": 0.02239956592436068, "sfT": 0.000237092769050594}, "shai": {"sft": 0.0, "unknown": 0.023260762136131256, "redirect": 0.04822185291641496, "dsfb-red": 0.020120235023607946, "sfb": 0.018025743946758037, "bad-redirect": 0.018081613297857683, "roll-out": 0.1626425665083308, "oneh-out": 0.01002126634821975, "sfR": 0.09823378925716947, "dsfb-alt": 0.02291127970267829, "dsfb": 0.0, "alternate": 0.19101690888717077, "roll-in": 0.3383320333920294, "oneh-in": 0.04908503535850668, "sfT": 4.691322512496002e-05}, "tr-quotes": {"sft": 0.0, "unknown": 0.013835787429786644, "redirect": 0.046465638797068956, "dsfb-red": 0.01960541827512078, "sfb": 0.01596819306072444, "bad-redirect": 0.019004415062065138, "roll-out": 0.1580915836434664, "oneh-out": 0.010781073021890386, "sfR": 0.09677191928064538, "dsfb-alt": 0.02283696632070456, "dsfb": 0.0, "alternate": 0.18757310279466494, "roll-in": 0.35827419615820255, "oneh-in": 0.05076165599500705, "sfT": 3.0050160652781953e-05}, "gutenberg": {"sft": 0.0, "unknown": 0.032975828246008664, "redirect": 0.041461269840187345, "dsfb-red": 0.018195781394504743, "sfb": 0.016983764889257152, "bad-redirect": 0.020792012436145597, "roll-out": 0.1568860458217256, "oneh-out": 0.01036200231643292, "sfR": 0.09863878308844841, "dsfb-alt": 0.027639773085049914, "dsfb": 0.0, "alternate": 0.17434624420749692, "roll-in": 0.34017105383300694, "oneh-in": 0.06125722369793472, "sfT": 0.0002902171438010793}, "english-200": {"sft": 0.0, "unknown": 0.0, "redirect": 0.053452115812917596, "dsfb-red": 0.013363028953229399, "sfb": 0.008908685968819599, "bad-redirect": 0.011135857461024499, "roll-out": 0.1603563474387528, "oneh-out": 0.004454342984409799, "sfR": 0.10690423162583519, "dsfb-alt": 0.026726057906458798, "dsfb": 0.0, "alternate": 0.16481069042316257, "roll-in": 0.41648106904231624, "oneh-in": 0.0334075723830735, "sfT": 0.0}, "monkeyracer": {"sft": 0.0, "unknown": 0.013436077701487402, "redirect": 0.04629068458013357, "dsfb-red": 0.019457630167195834, "sfb": 0.015912147895584716, "bad-redirect": 0.019041204623301063, "roll-out": 0.15818305519495754, "oneh-out": 0.010751794735442702, "sfR": 0.09690789370786869, "dsfb-alt": 0.022851596102413312, "dsfb": 0.0, "alternate": 0.18751173029701113, "roll-in": 0.3592207954705413, "oneh-in": 0.0504080188310368, "sfT": 2.7370693025947417e-05}, "chained-bigrams": {"sft": 0.0, "unknown": 0.022916559801936097, "redirect": 0.05918477198691781, "dsfb-red": 0.02432425237434493, "sfb": 0.018673353639255402, "bad-redirect": 0.025607927750568305, "roll-out": 0.1322237581885438, "oneh-out": 0.007068980182571493, "sfR": 0.11914286586209158, "dsfb-alt": 0.03212175242141952, "dsfb": 0.0, "alternate": 0.19385705816925944, "roll-in": 0.323029733609764, "oneh-in": 0.04177171875497124, "sfT": 7.726725835638906e-05}, "english-5k": {"sft": 0.0, "unknown": 0.002157049819554486, "redirect": 0.048533620939975944, "dsfb-red": 0.02277346828721948, "sfb": 0.021321607831750113, "bad-redirect": 0.016136391919359522, "roll-out": 0.1631476334674576, "oneh-out": 0.010163023188285561, "sfR": 0.10644211224955408, "dsfb-alt": 0.024847554652175717, "dsfb": 0.0, "alternate": 0.21018791222466504, "roll-in": 0.3395694196706351, "oneh-in": 0.034720205749367405, "sfT": 0.0}, "mt-quotes": {"sft": 0.0, "unknown": 0.007977133909467972, "redirect": 0.045963770454572624, "dsfb-red": 0.018991824147452218, "sfb": 0.015244558396385412, "bad-redirect": 0.019419143926082644, "roll-out": 0.15682038225696562, "oneh-out": 0.010762183096066268, "sfR": 0.0964592223377679, "dsfb-alt": 0.022964702788635088, "dsfb": 0.0, "alternate": 0.18728111067283443, "roll-in": 0.36645061617719127, "oneh-in": 0.05165190471067761, "sfT": 1.3447125900957435e-05}, "wordle": {"sft": 0.0, "unknown": 0.0, "redirect": 0.051767081790642884, "dsfb-red": 0.031190396050712443, "sfb": 0.0388870189610681, "bad-redirect": 0.019948389992146303, "roll-out": 0.1984516997643891, "oneh-out": 0.016335689442387523, "sfR": 0.13138112868843263, "dsfb-alt": 0.03334455290025805, "dsfb": 0.0, "alternate": 0.1841579715023, "roll-in": 0.2793223381577471, "oneh-in": 0.01492202400987322, "sfT": 0.00029170874004263433}, "english-1k": {"sft": 0.0, "unknown": 0.0, "redirect": 0.046224417784050814, "dsfb-red": 0.02081863091037403, "sfb": 0.019407198306280876, "bad-redirect": 0.014467184191954835, "roll-out": 0.16584333098094567, "oneh-out": 0.017290049400141144, "sfR": 0.10832745236414962, "dsfb-alt": 0.027170077628793227, "dsfb": 0.0, "alternate": 0.18525052928722655, "roll-in": 0.36485532815808047, "oneh-in": 0.030345800988002825, "sfT": 0.0}, "english-10k": {"sft": 0.0, "unknown": 0.0, "redirect": 0.05181297157523012, "dsfb-red": 0.025163543737095, "sfb": 0.022153181142779955, "bad-redirect": 0.02101464657185311, "roll-out": 0.1774377182995311, "oneh-out": 0.01271685224136933, "sfR": 0.10567144593890508, "dsfb-alt": 0.0233110129098242, "dsfb": 0.0, "alternate": 0.20011192373748093, "roll-in": 0.33011713398043263, "oneh-in": 0.030412381081028925, "sfT": 7.718878446961657e-05}, "reddit": {"sft": 0.0, "unknown": 0.039285409944231534, "redirect": 0.0472646255747606, "dsfb-red": 0.01959535880175233, "sfb": 0.01744575276946067, "bad-redirect": 0.0171892069460278, "roll-out": 0.1578334781998791, "oneh-out": 0.009461929877100355, "sfR": 0.10397777127267367, "dsfb-alt": 0.02186580244922788, "dsfb": 0.0, "alternate": 0.18650480569247802, "roll-in": 0.3373655864135969, "oneh-in": 0.042167046203906544, "sfT": 4.3225854904589415e-05}, "akl": {"sft": 0.0, "unknown": 0.13277008071454782, "redirect": 0.03748805418317865, "dsfb-red": 0.016292044648712624, "sfb": 0.022595299877773964, "bad-redirect": 0.01517266673079113, "roll-out": 0.1344024378694605, "oneh-out": 0.00842914673802947, "sfR": 0.13064861186637447, "dsfb-alt": 0.018093031188678048, "dsfb": 0.0, "alternate": 0.16442321226847093, "roll-in": 0.2896857645148577, "oneh-in": 0.029877717382240418, "sfT": 0.00012193201688428588}, "french": {"sft": 0.0, "unknown": 0.15807953387545715, "redirect": 0.04349645663792296, "dsfb-red": 0.015120645073612738, "sfb": 0.02686757491664517, "bad-redirect": 0.027178537953258853, "roll-out": 0.14224104899955553, "oneh-out": 0.008522688413584075, "sfR": 0.10898279115633469, "dsfb-alt": 0.020389233253934085, "dsfb": 0.0, "alternate": 0.1772955843143928, "roll-in": 0.2510934532168052, "oneh-in": 0.020624942516559015, "sfT": 0.00010750967193774183}, "keymash": {"sft": 0.0, "unknown": 0.01232282349464109, "redirect": 0.04593761416673166, "dsfb-red": 0.019465299470882096, "sfb": 0.016932593909192037, "bad-redirect": 0.019842947625947713, "roll-out": 0.15933057759643368, "oneh-out": 0.011345864136971345, "sfR": 0.099723742164827, "dsfb-alt": 0.024120223469190887, "dsfb": 0.0, "alternate": 0.1828350703780176, "roll-in": 0.3562699855919019, "oneh-in": 0.05183631415400656, "sfT": 3.694384125641899e-05}, "movie": {"sft": 0.0, "unknown": 0.030236445784519856, "redirect": 0.047611045217148935, "dsfb-red": 0.02235834117766116, "sfb": 0.013160573445477502, "bad-redirect": 0.016262071305236055, "roll-out": 0.15797096662165583, "oneh-out": 0.010079210055022372, "sfR": 0.11567713207251198, "dsfb-alt": 0.024318622581215275, "dsfb": 0.0, "alternate": 0.187689838107023, "roll-in": 0.3351636399383122, "oneh-in": 0.039452374018428174, "sfT": 1.9739675787668994e-05}, "dutch": {"sft": 0.0, "unknown": 0.07290361491625476, "redirect": 0.03590811888073544, "dsfb-red": 0.024883961761648893, "sfb": 0.031931355612153905, "bad-redirect": 0.029646649672338047, "roll-out": 0.1485705086704535, "oneh-out": 0.015615982491511832, "sfR": 0.18880787437283908,