{"english-450k": {"roll-out": 0.2015466868112689, "roll-in": 0.2368273187000417, "dsfb-red": 0.03837248531106513, "sfb": 0.029080846003130444, "dsfb": 0.0, "sfR": 0.11369548401129392, "oneh-in": 0.013497916448625125, "oneh-out": 0.007263049018856915, "redirect": 0.05429921399800386, "alternate": 0.2630881932478552, "unknown": 0.00015377410175167997, "sfT": 0.00014938890873594766, "bad-redirect": 0.0033511645026226377, "sft": 0.0, "dsfb-alt": 0.03867447893674856}, "shai": {"roll-out": 0.23204310288506466, "roll-in": 0.24376812318922925, "dsfb-red": 0.03145598509180455, "sfb": 0.015297674689353249, "dsfb": 0.0, "sfR": 0.09823378925716947, "oneh-in": 0.01448255111339276, "oneh-out": 0.008268958113816647, "redirect": 0.042441079992680285, "alternate": 0.25292613355758997, "unknown": 0.023260762136131256, "sfT": 4.627073726333611e-05, "bad-redirect": 0.0029704613496332245, "sft": 0.0, "dsfb-alt": 0.034805107886871356}, "tr-quotes": {"roll-out": 0.2619264464529253, "roll-in": 0.2317456831788447, "dsfb-red": 0.03713853124060933, "sfb": 0.011807401585723862, "dsfb": 0.0, "sfR": 0.09677191928064538, "oneh-in": 0.013061417905272647, "oneh-out": 0.010848107995654284, "redirect": 0.046952220244562075, "alternate": 0.24259379117449897, "unknown": 0.013835787429786644, "sfT": 2.6582834423614803e-05, "bad-redirect": 0.002733408843993435, "sft": 0.0, "dsfb-alt": 0.0305587018330598}, "gutenberg": {"roll-out": 0.26076218750982705, "roll-in": 0.22406619981867112, "dsfb-red": 0.0394517244998206, "sfb": 0.01299574184010551, "dsfb": 0.0, "sfR": 0.09863878308844841, "oneh-in": 0.008163399071684013, "oneh-out": 0.013705182573483474, "redirect": 0.04317283112885755, "alternate": 0.23632597977648734, "unknown": 0.032975828246008664, "sfT": 0.00017920719192938706, "bad-redirect": 0.003045953952465766, "sft": 0.0, "dsfb-alt": 0.026516981302211143}, "english-200": {"roll-out": 0.2561247216035635, "roll-in": 0.23162583518930957, "dsfb-red": 0.0467706013363029, "sfb": 0.004454342984409799, "dsfb": 0.0, "sfR": 0.10690423162583519, "oneh-in": 0.008908685968819599, "oneh-out": 0.0066815144766146995, "redirect": 0.04899777282850779, "alternate": 0.2650334075723831, "unknown": 0.0, "sfT": 0.0, "bad-redirect": 0.0, "sft": 0.0, "dsfb-alt": 0.024498886414253896}, "monkeyracer": {"roll-out": 0.2623735082972301, "roll-in": 0.2318620282465552, "dsfb-red": 0.03715473825797269, "sfb": 0.011708791466599934, "dsfb": 0.0, "sfR": 0.09690789370786869, "oneh-in": 0.013042135226863944, "oneh-out": 0.010880828002565025, "redirect": 0.04692607566823592, "alternate": 0.24243200337832554, "unknown": 0.013436077701487402, "sfT": 2.6393168275020725e-05, "bad-redirect": 0.0027703051441262494, "sft": 0.0, "dsfb-alt": 0.030479221733894304}, "chained-bigrams": {"roll-out": 0.20667303418134692, "roll-in": 0.21874815353978191, "dsfb-red": 0.04133993113474436, "sfb": 0.016491040569206465, "dsfb": 0.0, "sfR": 0.11914286586209158, "oneh-in": 0.00948374433238167, "oneh-out": 0.008023458079915122, "redirect": 0.054550035094918604, "alternate": 0.2520912480869861, "unknown": 0.022916559801936097, "sfT": 4.999646128942822e-05, "bad-redirect": 0.0033991100629890483, "sft": 0.0, "dsfb-alt": 0.047090822792412744}, "english-5k": {"roll-out": 0.17816401874974075, "roll-in": 0.2683038121707388, "dsfb-red": 0.03314390011200066, "sfb": 0.018708259011905256, "dsfb": 0.0, "sfR": 0.10644211224955408, "oneh-in": 0.023188285560210728, "oneh-out": 0.005019289003194093, "redirect": 0.04368025884597835, "alternate": 0.27908906126851124, "unknown": 0.002157049819554486, "sfT": 0.0, "bad-redirect": 0.004148172729912474, "sft": 0.0, "dsfb-alt": 0.03795578047869913}, "mt-quotes": {"roll-out": 0.2698091105772104, "roll-in": 0.23212279317722714, "dsfb-red": 0.038076284051111034, "sfb": 0.010896654355075842, "dsfb": 0.0, "sfR": 0.0964592223377679, "oneh-in": 0.012662710223401584, "oneh-out": 0.010935501607678607, "redirect": 0.04712022328205496, "alternate": 0.24113386165596873, "unknown": 0.007977133909467972, "sfT": 1.4941251001063817e-05, "bad-redirect": 0.002744707808895423, "sft": 0.0, "dsfb-alt": 0.030046855763139337}, "wordle": {"roll-out": 0.22100302928306967, "roll-in": 0.21292494109727364, "dsfb-red": 0.03585773589139459, "sfb": 0.03237967014473241, "dsfb": 0.0, "sfR": 0.13138112868843263, "oneh-in": 0.008235162122742062, "oneh-out": 0.011713227869404241, "redirect": 0.04804218557163693, "alternate": 0.24932121620105463, "unknown": 0.0, "sfT": 0.0002019522046449007, "bad-redirect": 0.003545383148210479, "sft": 0.0, "dsfb-alt": 0.04539436777740379}, "english-1k": {"roll-out": 0.2148906139731828, "roll-in": 0.25970359915314045, "dsfb-red": 0.03669724770642202, "sfb": 0.011644318983768526, "dsfb": 0.0, "sfR": 0.10832745236414962, "oneh-in": 0.013408609738884969, "oneh-out": 0.011291460832745237, "redirect": 0.04763585038814397, "alternate": 0.2600564573041637, "unknown": 0.0, "sfT": 0.0, "bad-redirect": 0.0035285815102328866, "sft": 0.0, "dsfb-alt": 0.032815808045165845}, "english-10k": {"roll-out": 0.18604426776789332, "roll-in": 0.27548677177206154, "dsfb-red": 0.03239999228112155, "sfb": 0.01779201482024662, "dsfb": 0.0, "sfR": 0.10567144593890508, "oneh-in": 0.020995349375735706, "oneh-out": 0.005711970050751625, "redirect": 0.04316782771463307, "alternate": 0.26952393817178366, "unknown": 0.0, "sfT": 7.718878446961657e-05, "bad-redirect": 0.004303274734181123, "sft": 0.0, "dsfb-alt": 0.038825958588217135}, "reddit": {"roll-out": 0.2433083361285928, "roll-in": 0.2253212113652534, "dsfb-red": 0.03208347309630657, "sfb": 0.014915804162904538, "dsfb": 0.0, "sfR": 0.10397777127267367, "oneh-in": 0.013810061323404121, "oneh-out": 0.008737728249088802, "redirect": 0.04497567796513351, "alternate": 0.23615794068131662, "unknown": 0.039285409944231534, "sfT": 9.69023281093352e-05, "bad-redirect": 0.002299435685340498, "sft": 0.0, "dsfb-alt": 0.03503024779764457}, "akl": {"roll-out": 0.2085929186084886, "roll-in": 0.19003914005388184, "dsfb-red": 0.030896016499539092, "sfb": 0.02068942956644607, "dsfb": 0.0, "sfR": 0.13064861186637447, "oneh-in": 0.012513634581432094, "oneh-out": 0.005537097192270088, "redirect": 0.036891612665937185, "alternate": 0.19726648431303218, "unknown": 0.13277008071454782, "sfT": 0.00018350336158046428, "bad-redirect": 0.002399627033803187, "sft": 0.0, "dsfb-alt": 0.03157184354266693}, "french": {"roll-out": 0.18437239049148865, "roll-in": 0.18930331799927197, "dsfb-red": 0.03312020020290503, "sfb": 0.04711570921708014, "dsfb": 0.0, "sfR": 0.10898279115633469, "oneh-in": 0.014528832495451552, "oneh-out": 0.0169399646125982, "redirect": 0.04268993933449146, "alternate": 0.1777176376823078, "unknown": 0.15807953387545715, "sfT": 6.798758239318177e-05, "bad-redirect": 0.003312409548087379, "sft": 0.0, "dsfb-alt": 0.023769285802132792}, "keymash": {"roll-out": 0.25975625274513264, "roll-in": 0.2306239814788209, "dsfb-red": 0.03755546707277526, "sfb": 0.012634793709695296, "dsfb": 0.0, "sfR": 0.099723742164827, "oneh-in": 0.01247470373091748, "oneh-out": 0.011169354673190676, "redirect": 0.04640967436056368, "alternate": 0.24384987664861893, "unknown": 0.01232282349464109, "sfT": 3.694384125641899e-05, "bad-redirect": 0.0028939342317528213, "sft": 0.0, "dsfb-alt": 0.030548451847807793}, "movie": {"roll-out": 0.2685256528272677, "roll-in": 0.20229693499422088, "dsfb-red": 0.03832405415040501, "sfb": 0.010918672667352643, "dsfb": 0.0, "sfR": 0.11567713207251198, "oneh-in": 0.013941343421799103, "oneh-out": 0.013084509894775683, "redirect": 0.04755366855952611, "alternate": 0.22428667062600696, "unknown": 0.030236445784519856, "sfT": 1.7239316854564252e-05, "bad-redirect": 0.0016264176870653406, "sft": 0.0, "dsfb-alt": 0.033511257997694145}, "dutch": {"roll-out": 0.1553178127486441, "roll-in": 0.25555545315079736, "dsfb-red": 0.02876936763360387, "sfb": 0.02522253101839129, "dsfb": 0.0, "sfR": 0.18880787437283908, "oneh-in": 0.006467278864624978, "oneh-out": 0.009805813443211327, "redirect": 0.04275735952415115,