{"english-450k": {"dsfb-alt": 0.04616965083923824, "sft": 0.0, "oneh-in": 0.009760270268215946, "alternate": 0.3450875021414359, "dsfb-red": 0.012143184152964887, "sfR": 0.11369548401129392, "redirect": 0.031144225490133022, "unknown": 0.0, "sfT": 7.396358886535177e-05, "roll-out": 0.18423306774655454, "dsfb": 0.0, "roll-in": 0.21537904731389387, "bad-redirect": 0.001295093670646278, "sfb": 0.03212416995604867, "oneh-out": 0.008894340820709338}, "shai": {"dsfb-alt": 0.043358285600871675, "sft": 0.0, "oneh-in": 0.00997601352847212, "alternate": 0.32017605405939314, "dsfb-red": 0.00964291066508176, "sfR": 0.09823378925716947, "redirect": 0.02451863338651791, "unknown": 0.016411783475088346, "sfT": 0.00014040294980884825, "roll-out": 0.21475690504153258, "dsfb": 0.0, "roll-in": 0.22357047998952204, "bad-redirect": 0.0013614201675546417, "sfb": 0.028222111459723132, "oneh-out": 0.009631210419264355}, "tr-quotes": {"dsfb-alt": 0.04180670812047803, "sft": 0.0, "oneh-in": 0.011195996393980721, "alternate": 0.32171124107163496, "dsfb-red": 0.0101569543006403, "sfR": 0.09677191928064538, "redirect": 0.024520931092670072, "unknown": 0.009802131249855527, "sfT": 6.241187212500867e-05, "roll-out": 0.2343334643212131, "dsfb": 0.0, "roll-in": 0.2151764869050646, "bad-redirect": 0.0014632116687085365, "sfb": 0.02239430433878089, "oneh-out": 0.010604239384202862}, "gutenberg": {"dsfb-alt": 0.03813172903114833, "sft": 0.0, "oneh-in": 0.01040936151091743, "alternate": 0.30741023632995795, "dsfb-red": 0.011888104999501782, "sfR": 0.09863878308844841, "redirect": 0.025980875220646488, "unknown": 0.025604274906105663, "sfT": 9.945430841747168e-05, "roll-out": 0.22421642318357599, "dsfb": 0.0, "roll-in": 0.22260374789298945, "bad-redirect": 0.0017377035640256527, "sfb": 0.020485693166219784, "oneh-out": 0.012793612798045619}, "english-200": {"dsfb-alt": 0.0334075723830735, "sft": 0.0, "oneh-in": 0.013363028953229399, "alternate": 0.34743875278396436, "dsfb-red": 0.0022271714922048997, "sfR": 0.10690423162583519, "redirect": 0.013363028953229399, "unknown": 0.0, "sfT": 0.0, "roll-out": 0.24498886414253898, "dsfb": 0.0, "roll-in": 0.21158129175946547, "bad-redirect": 0.0022271714922048997, "sfb": 0.013363028953229399, "oneh-out": 0.011135857461024499}, "monkeyracer": {"dsfb-alt": 0.04153404914212428, "sft": 0.0, "oneh-in": 0.011286500774199603, "alternate": 0.3213221608771134, "dsfb-red": 0.010187762954157999, "sfR": 0.09690789370786869, "redirect": 0.02460234293132302, "unknown": 0.009422361074182399, "sfT": 6.353910881023508e-05, "roll-out": 0.235465184478471, "dsfb": 0.0, "roll-in": 0.21491956926349376, "bad-redirect": 0.0014535793046279932, "sfb": 0.022219137588563743, "oneh-out": 0.010615918795063892}, "chained-bigrams": {"dsfb-alt": 0.042442450501880065, "sft": 0.0, "oneh-in": 0.01063755877019094, "alternate": 0.3230511606646023, "dsfb-red": 0.015314500467174726, "sfR": 0.11914286586209158, "redirect": 0.02966997790416133, "unknown": 0.016332610224341265, "sfT": 0.00025582604867577555, "roll-out": 0.1896943657883955, "dsfb": 0.0, "roll-in": 0.21408874306948406, "bad-redirect": 0.002508264025468327, "sfb": 0.0274214357555212, "oneh-out": 0.009440240918012946}, "english-5k": {"dsfb-alt": 0.04948770066785581, "sft": 0.0, "oneh-in": 0.009416352096901314, "alternate": 0.33898867548844736, "dsfb-red": 0.009872651097191687, "sfR": 0.10644211224955408, "redirect": 0.024349773924586218, "unknown": 0.0, "sfT": 0.00016592690919649896, "roll-out": 0.18521591239059196, "dsfb": 0.0, "roll-in": 0.233791015057867, "bad-redirect": 0.0009125980005807441, "sfb": 0.03297797320280416, "oneh-out": 0.008379308914423197}, "mt-quotes": {"dsfb-alt": 0.04080156823370507, "sft": 0.0, "oneh-in": 0.011527175147320734, "alternate": 0.3224815027312607, "dsfb-red": 0.010058450173916161, "sfR": 0.0964592223377679, "redirect": 0.024647087651354874, "unknown": 0.0052458732264735065, "sfT": 3.137662710223402e-05, "roll-out": 0.2400297032069901, "dsfb": 0.0, "roll-in": 0.21595337134387588, "bad-redirect": 0.00143286597100202, "sfb": 0.02064133825796966, "oneh-out": 0.010690465091261162}, "wordle": {"dsfb-alt": 0.04052507573207674, "sft": 0.0, "oneh-in": 0.016604959048580725, "alternate": 0.3209693705822955, "dsfb-red": 0.01579715023000112, "sfR": 0.13138112868843263, "redirect": 0.037630427465499834, "unknown": 0.0, "sfT": 0.00022439133849433412, "roll-out": 0.1998653651969034, "dsfb": 0.0, "roll-in": 0.19284191630203074, "bad-redirect": 0.0043756311006395154, "sfb": 0.030270391562885673, "oneh-out": 0.009514192752159766}, "english-1k": {"dsfb-alt": 0.048341566690190546, "sft": 0.0, "oneh-in": 0.01058574453069866, "alternate": 0.35003528581510235, "dsfb-red": 0.005998588567395907, "sfR": 0.10832745236414962, "redirect": 0.026817219477769938, "unknown": 0.0, "sfT": 0.0, "roll-out": 0.2050105857445307, "dsfb": 0.0, "roll-in": 0.20642201834862386, "bad-redirect": 0.0007057163020465773, "sfb": 0.029640084685956247, "oneh-out": 0.008115737473535639}, "english-10k": {"dsfb-alt": 0.04716234731093572, "sft": 0.0, "oneh-in": 0.008220605546014163, "alternate": 0.3340730591845005, "dsfb-red": 0.00988016441211092, "sfR": 0.10567144593890508, "redirect": 0.028116014743057832, "unknown": 0.0, "sfT": 3.859439223480828e-05, "roll-out": 0.19167904903417535, "dsfb": 0.0, "roll-in": 0.2338820169429382, "bad-redirect": 0.000964859805870207, "sfb": 0.03220702031994751, "oneh-out": 0.00810482236930974}, "reddit": {"dsfb-alt": 0.03905276195045995, "sft": 0.0, "oneh-in": 0.010797998350750094, "alternate": 0.3046457118659654, "dsfb-red": 0.009509463334530097, "sfR": 0.10397777127267367, "redirect": 0.023768601585534847, "unknown": 0.03912119664449001, "sfT": 0.00016095450478771292, "roll-out": 0.22665776678527558, "dsfb": 0.0, "roll-in": 0.20264441846148545, "bad-redirect": 0.0012371434452242453, "sfb": 0.027651961448081123, "oneh-out": 0.010774250350741853}, "akl": {"dsfb-alt": 0.037356066172196715, "sft": 0.0, "oneh-in": 0.010202534886331317, "alternate": 0.2557176047570831, "dsfb-red": 0.010621229913306213, "sfR": 0.13064861186637447, "redirect": 0.020388145065151846, "unknown": 0.131271144611545, "sfT": 0.000361052191029396, "roll-out": 0.19265782468883924, "dsfb": 0.0, "roll-in": 0.17094095419227848, "bad-redirect": 0.0012398274786734479, "sfb": 0.02973616752920494, "oneh-out": 0.008858836647985825}, "french": {"dsfb-alt": 0.0387677989295866, "sft": 0.0, "oneh-in": 0.004712012885939085, "alternate": 0.25096002496453684, "dsfb-red": 0.006653524298436841, "sfR": 0.10898279115633469, "redirect": 0.02236733031566149, "unknown": 0.15022783705566845, "sfT": 0.0002502716094927505, "roll-out": 0.15904069371424837, "dsfb": 0.0, "roll-in": 0.21106105229466107, "bad-redirect": 0.004213267487554549, "sfb": 0.039037936456720025, "oneh-out": 0.0037254588311592214}, "keymash": {"dsfb-alt": 0.04255930512739468, "sft": 0.0, "oneh-in": 0.01061519705434439, "alternate": 0.31867346980661954, "dsfb-red": 0.011399227463230615, "sfR": 0.099723742164827, "redirect": 0.02435420113048154, "unknown": 0.008620229626497765, "sfT": 5.3363326259271875e-05, "roll-out": 0.2320771059015734, "dsfb": 0.0, "roll-in": 0.21715179403398013, "bad-redirect": 0.0014326000664989143, "sfb": 0.02227303140636994, "oneh-out": 0.011066732891922846}, "movie": {"dsfb-alt": 0.043986709144694325, "sft": 0.0, "oneh-in": 0.010232916330489021, "alternate": 0.3068158863331565, "dsfb-red": 0.011045532983748062, "sfR": 0.11567713207251198, "redirect": 0.02629035299672624, "unknown": 0.024529179122950412, "sfT": 6.435134306780091e-05, "roll-out": 0.2469780859331254, "dsfb": 0.0, "roll-in": 0.18006861248108116, "bad-redirect": 0.0016027300761201379, "sfb": 0.02055137125605794, "oneh-out": 0.012157139926270995}, "dutch": {"dsfb-alt": 0.03610901549934267, "sft": 0.0, "oneh-in": 0.008578827124514913, "alternate": 0.27609241660450357, "dsfb-red": 0.010836529288213095, "sfR": 0.18880787437283908, "redirect": 0.03070942577743172, "unknown": 0.06828907122753393,