{"shai": {"bad-redirect": 0.004804617119034888, "sfb": 0.02395392138982974, "dsfb-red": 0.012732739292668858, "unknown": 0.024097749651430984, "sfR": 0.09823378925716947, "oneh-out": 0.01543656817972816, "alternate": 0.24373329338039337, "roll-out": 0.2522700373386078, "roll-in": 0.23222178030754578, "sfT": 0.00016742614408510193, "redirect": 0.037670743084430955, "dsfb": 0.0, "dsfb-alt": 0.04288007724097444, "oneh-in": 0.011797257614100425, "sft": 0.0}, "english-200": {"bad-redirect": 0.0, "sfb": 0.015590200445434299, "dsfb-red": 0.0066815144766146995, "unknown": 0.0, "sfR": 0.10690423162583519, "oneh-out": 0.013363028953229399, "alternate": 0.25389755011135856, "roll-out": 0.28507795100222716, "roll-in": 0.23385300668151449, "sfT": 0.0, "redirect": 0.028953229398663696, "dsfb": 0.0, "dsfb-alt": 0.035634743875278395, "oneh-in": 0.0200445434298441, "sft": 0.0}, "monkeyracer": {"bad-redirect": 0.00499026385348077, "sfb": 0.025382407682562523, "dsfb-red": 0.013227864929540017, "unknown": 0.013491796612290222, "sfR": 0.09690789370786869, "oneh-out": 0.01642828096407401, "alternate": 0.251080164849774, "roll-out": 0.26185248760498614, "roll-in": 0.2180046373774184, "sfT": 5.8651485055601606e-05, "redirect": 0.04274129220951874, "dsfb": 0.0, "dsfb-alt": 0.04207462032938674, "oneh-in": 0.013759638394044137, "sft": 0.0}, "reddit": {"bad-redirect": 0.004505902070964193, "sfb": 0.025015933447166412, "dsfb-red": 0.011754660685466918, "unknown": 0.04519937363713543, "sfR": 0.10397777127267367, "oneh-out": 0.014513286799988838, "alternate": 0.2464187248110601, "roll-out": 0.24483985738464475, "roll-in": 0.20858347862127502, "sfT": 0.00022777853004749414, "redirect": 0.03864406411435598, "dsfb": 0.0, "dsfb-alt": 0.044058233542102226, "oneh-in": 0.012260935083118936, "sft": 0.0}}