{"english-450k": {"roll-in": 0.2153702769278624, "sfb": 0.032766162213551886, "alternate": 0.34508545571802857, "roll-out": 0.1700995906568493, "sft": 0.0, "dsfb-red": 0.018938479250143688, "sfR": 0.11369548401129392, "dsfb": 0.0, "bad-redirect": 0.0010799268666743457, "redirect": 0.040598701632051905, "sfT": 0.00018271637565551326, "unknown": 0.0, "oneh-out": 0.005809211361041127, "dsfb-alt": 0.05197243058385629, "oneh-in": 0.004401564402991052}, "shai": {"roll-in": 0.19856996909555977, "sfb": 0.02183502738546454, "alternate": 0.3357250885781759, "roll-out": 0.20796217015989124, "sft": 0.0, "dsfb-red": 0.015924053909530896, "sfR": 0.09823378925716947, "dsfb": 0.0, "bad-redirect": 0.0010705821683144802, "redirect": 0.03625993650052498, "sfT": 0.00010649429826856488, "unknown": 0.015959862931794418, "oneh-out": 0.0133882781727831, "dsfb-alt": 0.05123111898472675, "oneh-in": 0.003733628557795886}, "tr-quotes": {"roll-in": 0.18045814937241395, "sfb": 0.022227872679780866, "alternate": 0.3446580060562631, "roll-out": 0.22211922979126697, "sft": 0.0, "dsfb-red": 0.013137699082314325, "sfR": 0.09677191928064538, "dsfb": 0.0, "bad-redirect": 0.0009442685097431867, "redirect": 0.03265990152793509, "sfT": 0.00011673331638196065, "unknown": 0.008437160490973395, "oneh-out": 0.021806014655232197, "dsfb-alt": 0.05353667275375049, "oneh-in": 0.0031263724832990454}, "gutenberg": {"roll-in": 0.17945251255681682, "sfb": 0.01981603415620881, "alternate": 0.32613568295557743, "roll-out": 0.22600963172353747, "sft": 0.0, "dsfb-red": 0.013156573664574905, "sfR": 0.09863878308844841, "dsfb": 0.0, "bad-redirect": 0.0009407430392403131, "redirect": 0.030634200233916532, "sfT": 0.00024437344354007325, "unknown": 0.028746083868208077, "oneh-out": 0.012559090066958323, "dsfb-alt": 0.057793372213337635, "oneh-in": 0.005872918989635156}, "english-200": {"roll-in": 0.18040089086859687, "sfb": 0.022271714922048998, "alternate": 0.3429844097995546, "roll-out": 0.22048997772828507, "sft": 0.0, "dsfb-red": 0.0066815144766146995, "sfR": 0.10690423162583519, "dsfb": 0.0, "bad-redirect": 0.0, "redirect": 0.031180400890868598, "sfT": 0.0, "unknown": 0.0, "oneh-out": 0.011135857461024499, "dsfb-alt": 0.0757238307349666, "oneh-in": 0.0022271714922048997}, "monkeyracer": {"roll-in": 0.17941684783458717, "sfb": 0.022212294915307254, "alternate": 0.34496652955252827, "roll-out": 0.22264201479581464, "sft": 0.0, "dsfb-red": 0.013124247305941786, "sfR": 0.09690789370786869, "dsfb": 0.0, "bad-redirect": 0.0009306035628822122, "redirect": 0.032676697373977506, "sfT": 0.00011143782160564305, "unknown": 0.007987354739822013, "oneh-out": 0.022300272142890657, "dsfb-alt": 0.05355173843001705, "oneh-in": 0.0031720678167571205}, "chained-bigrams": {"roll-in": 0.1661395394741541, "sfb": 0.02179715851280656, "alternate": 0.3324576377386276, "roll-out": 0.20722883899775926, "sft": 0.0, "dsfb-red": 0.01900904416505585, "sfR": 0.11914286586209158, "dsfb": 0.0, "bad-redirect": 0.0021673790621313167, "redirect": 0.041225653508939954, "sfT": 0.0001240171961854648, "unknown": 0.016307936646042586, "oneh-out": 0.007043007994888674, "dsfb-alt": 0.06208911187454914, "oneh-in": 0.005267808966767936}, "english-5k": {"roll-in": 0.2408014269714191, "sfb": 0.018459368648110507, "alternate": 0.3420168415812834, "roll-out": 0.1738914008379309, "sft": 0.0, "dsfb-red": 0.01937196664869125, "sfR": 0.10644211224955408, "dsfb": 0.0, "bad-redirect": 0.0010370431824781184, "redirect": 0.038702451570083375, "sfT": 0.0, "unknown": 0.0, "oneh-out": 0.006554112913261708, "dsfb-alt": 0.048201767121582945, "oneh-in": 0.004521508275604596}, "mt-quotes": {"roll-in": 0.17677292884378623, "sfb": 0.021409318559424344, "alternate": 0.34797426518927577, "roll-out": 0.2265407418032297, "sft": 0.0, "dsfb-red": 0.01237583820418116, "sfR": 0.0964592223377679, "dsfb": 0.0, "bad-redirect": 0.0009308399373662758, "redirect": 0.03223574903479519, "sfT": 0.00011056525740787225, "unknown": 0.004019196519286167, "oneh-out": 0.023550399827876788, "dsfb-alt": 0.054620731284589, "oneh-in": 0.0030002032010136145}, "wordle": {"roll-in": 0.20038146527544037, "sfb": 0.03318747896331201, "alternate": 0.32119376192078986, "roll-out": 0.18312577134522606, "sft": 0.0, "dsfb-red": 0.020486929204532704, "sfR": 0.13138112868843263, "dsfb": 0.0, "bad-redirect": 0.0017726915741052395, "redirect": 0.03985190171659374, "sfT": 0.0005834174800852687, "unknown": 0.0, "oneh-out": 0.007247840233366992, "dsfb-alt": 0.055267586671154494, "oneh-in": 0.005520026926960619}, "english-1k": {"roll-in": 0.22547635850388145, "sfb": 0.020112914608327453, "alternate": 0.3249823570924488, "roll-out": 0.19724770642201836, "sft": 0.0, "dsfb-red": 0.016584333098094567, "sfR": 0.10832745236414962, "dsfb": 0.0, "bad-redirect": 0.0014114326040931546, "redirect": 0.037755822159491886, "sfT": 0.0, "unknown": 0.0, "oneh-out": 0.009174311926605505, "dsfb-alt": 0.053987297106563165, "oneh-in": 0.004940014114326041}, "english-10k": {"roll-in": 0.24173597576272168, "sfb": 0.01900773817564308, "alternate": 0.3422743675343973, "roll-out": 0.17535362111885144, "sft": 0.0, "dsfb-red": 0.0186410914494124, "sfR": 0.10567144593890508, "dsfb": 0.0, "bad-redirect": 0.001099940178692036, "redirect": 0.03998379035526138, "sfT": 5.789158835221242e-05, "unknown": 0.0, "oneh-out": 0.006541749483800004, "dsfb-alt": 0.044904575365199435, "oneh-in": 0.0047278130487640145}, "reddit": {"roll-in": 0.17946453504019275, "sfb": 0.022979074228794, "alternate": 0.33235693094182733, "roll-out": 0.20618567976870797, "sft": 0.0, "dsfb-red": 0.013140584976168657, "sfR": 0.10397777127267367, "dsfb": 0.0, "bad-redirect": 0.00076993712960471, "redirect": 0.03243707107750182, "sfT": 0.00011986372243906942, "unknown": 0.038288892921803715, "oneh-out": 0.01696045452323549, "dsfb-alt": 0.05013603596061503, "oneh-in": 0.0031831684364358}, "akl": {"roll-in": 0.15581253877703743, "sfb": 0.023996542121656132, "alternate": 0.2861501066392465, "roll-out": 0.1742836704022667, "sft": 0.0, "dsfb-red": 0.01113695169414222, "sfR": 0.13064861186637447, "dsfb": 0.0, "bad-redirect": 0.001242075870474151, "redirect": 0.028132224116828614, "sfT": 0.00013344575951206242, "unknown": 0.12876008629179486, "oneh-out": 0.014832443048420995, "dsfb-alt": 0.04225002447905689, "oneh-in": 0.002621278933188988}, "french": {"roll-in": 0.19108265101172428, "sfb": 0.022367959552871828, "alternate": 0.24639224223631023, "roll-out": 0.1816400777239795, "sft": 0.0, "dsfb-red": 0.01658035554689006, "sfR": 0.10898279115633469, "dsfb": 0.0, "bad-redirect": 0.002167872007997665, "redirect": 0.02866307333266784, "sfT": 0.00023555944424151544, "unknown": 0.1502637335403344, "oneh-out": 0.011944000944574944, "dsfb-alt": 0.028240016181583956, "oneh-in": 0.011439667320489073}, "keymash": {"roll-in": 0.18369709334066736, "sfb": 0.02130428179120162, "alternate": 0.33964115215526264, "roll-out": 0.22141265039222044, "sft": 0.0, "dsfb-red": 0.01345576795983794, "sfR": 0.099723742164827, "dsfb": 0.0, "bad-redirect": 0.0009810642289204599, "redirect": 0.03388981704588836, "sfT": 0.00011904126627068341, "unknown": 0.007503704646303769, "oneh-out": 0.020943053121138856, "dsfb-alt": 0.053810757225599616, "oneh-in": 0.0035178746618612306}, "movie": {"roll-in": 0.1674487745543472, "sfb": 0.022598375635239216, "alternate": 0.33597178226505936, "roll-out": 0.21200332837253347, "sft": 0.0, "dsfb-red": 0.012584569705993321, "sfR": 0.11567713207251198, "dsfb": 0.0, "bad-redirect": 0.0009018399878193041, "redirect": 0.02897073777301452, "sfT": 0.0002306910110385583, "unknown": 0.011106725978689835, "oneh-out": 0.03534309991078983, "dsfb-alt": 0.05419935940804134, "oneh-in": 0.002963583324922038}, "dutch": {"roll-in": 0.16036427340889395, "sfb": 0.057541263509194855, "alternate": 0.2870356699800025, "roll-out": 0.15352164922855088, "sft": 0.0, "dsfb-red": 0.013048741026937469, "sfR": 0.18880787437283908, "dsfb": 0.0, "bad-redirect": 0.0007838805315648502, "redirect": 0.02698331708145913,