{"english-450k": {"oneh-out": 0.005275679544127028, "alternate": 0.3729521879482033, "unknown": 0.00015377410175167997, "roll-in": 0.20826100201075717, "sft": 0.0, "oneh-in": 0.006720746815911351, "sfR": 0.11369548401129392, "dsfb-red": 0.005061682124959291, "roll-out": 0.1871883954929571, "sfT": 2.89422739038333e-05, "bad-redirect": 0.01661374225940346, "sfb": 0.014346305124068804, "redirect": 0.023116398809332393, "dsfb-alt": 0.04658565948333071, "dsfb": 0.0}, "shai": {"oneh-out": 0.009218079113013769, "alternate": 0.33062190425351734, "unknown": 0.02167699859395789, "roll-in": 0.2556507891144288, "sft": 0.0, "oneh-in": 0.013568805650673001, "sfR": 0.09823378925716947, "dsfb-red": 0.0051932680895940804, "roll-out": 0.18015867050528653, "sfT": 5.704982578515887e-05, "bad-redirect": 0.013341906804890835, "sfb": 0.012779226772825272, "redirect": 0.026492708304627802, "dsfb-alt": 0.03300680371423007, "dsfb": 0.0}, "tr-quotes": {"oneh-out": 0.009928110769515268, "alternate": 0.320999283419246, "unknown": 0.014277293636300594, "roll-in": 0.25056055107371533, "sft": 0.0, "oneh-in": 0.021899632463419708, "sfR": 0.09677191928064538, "dsfb-red": 0.006249277640368924, "roll-out": 0.19316705577772128, "sfT": 3.467326229167148e-05, "bad-redirect": 0.012859157208571231, "sfb": 0.015445782575529922, "redirect": 0.028412426897205335, "dsfb-alt": 0.02939483599546936, "dsfb": 0.0}, "gutenberg": {"oneh-out": 0.011755309818167215, "alternate": 0.2885232001327573, "unknown": 0.037354848804824425, "roll-in": 0.2654151336495412, "sft": 0.0, "oneh-in": 0.014703514393216951, "sfR": 0.09863878308844841, "dsfb-red": 0.008265694931770555, "roll-out": 0.18755472354922686, "sfT": 1.7049310014423718e-05, "bad-redirect": 0.014619404463812461, "sfb": 0.014257011907616987, "redirect": 0.03180965544102208, "dsfb-alt": 0.027085670509581144, "dsfb": 0.0}, "english-200": {"oneh-out": 0.0066815144766146995, "alternate": 0.3363028953229399, "unknown": 0.0, "roll-in": 0.24276169265033407, "sft": 0.0, "oneh-in": 0.011135857461024499, "sfR": 0.10690423162583519, "dsfb-red": 0.0066815144766146995, "roll-out": 0.21380846325167038, "sfT": 0.0, "bad-redirect": 0.013363028953229399, "sfb": 0.008908685968819599, "redirect": 0.026726057906458798, "dsfb-alt": 0.026726057906458798, "dsfb": 0.0}, "monkeyracer": {"oneh-out": 0.009918943647653158, "alternate": 0.3203045576113987, "unknown": 0.013896491859173875, "roll-in": 0.2504643242566902, "sft": 0.0, "oneh-in": 0.022279744123121198, "sfR": 0.09690789370786869, "dsfb-red": 0.0062717988019456656, "roll-out": 0.19358704662402051, "sfT": 5.1808811799114756e-05, "bad-redirect": 0.012927764831005521, "sfb": 0.01567949700486416, "redirect": 0.028347240252123183, "dsfb-alt": 0.02936288846833602, "dsfb": 0.0}, "chained-bigrams": {"oneh-out": 0.009148703111273294, "alternate": 0.3178288030262793, "unknown": 0.02186079037262947, "roll-in": 0.2377123956810849, "sft": 0.0, "oneh-in": 0.01003500401594952, "sfR": 0.11914286586209158, "dsfb-red": 0.011154405305079057, "roll-out": 0.1651558428656673, "sfT": 9.220126627401047e-05, "bad-redirect": 0.016071589738128923, "sfb": 0.014629484017040352, "redirect": 0.03239705761085741, "dsfb-alt": 0.044770857127644864, "dsfb": 0.0}, "english-5k": {"oneh-out": 0.004314099639108972, "alternate": 0.3644999377774091, "unknown": 0.002157049819554486, "roll-in": 0.2411747625171112, "sft": 0.0, "oneh-in": 0.008379308914423197, "sfR": 0.10644211224955408, "dsfb-red": 0.005060770730493218, "roll-out": 0.17936698884141536, "sfT": 0.0, "bad-redirect": 0.013066744099224292, "sfb": 0.010328950097482059, "redirect": 0.02277346828721948, "dsfb-alt": 0.042435807027004606, "dsfb": 0.0}, "mt-quotes": {"oneh-out": 0.009931449540407119, "alternate": 0.3186953897275911, "unknown": 0.008740631835622332, "roll-in": 0.25365164174466, "sft": 0.0, "oneh-in": 0.023638553208783063, "sfR": 0.0964592223377679, "dsfb-red": 0.0061393600363371225, "roll-out": 0.19730220771924792, "sfT": 4.482375300319145e-05, "bad-redirect": 0.012865911237016053, "sfb": 0.015794396433224563, "redirect": 0.028316658897216147, "dsfb-alt": 0.028419753529123487, "dsfb": 0.0}, "wordle": {"oneh-out": 0.010120049366094468, "alternate": 0.35018512285425785, "unknown": 0.0, "roll-in": 0.1784359923706945, "sft": 0.0, "oneh-in": 0.010636149444631437, "sfR": 0.13138112868843263, "dsfb-red": 0.0073375967687647255, "roll-out": 0.19447997307303938, "sfT": 0.00013463480309660046, "bad-redirect": 0.01355323684505778, "sfb": 0.0290138000673174, "redirect": 0.02540109951755862, "dsfb-alt": 0.04932121620105464, "dsfb": 0.0}, "english-1k": {"oneh-out": 0.007410021171489062, "alternate": 0.34262526464361326, "unknown": 0.0, "roll-in": 0.23076923076923078, "sft": 0.0, "oneh-in": 0.0067043048694424845, "sfR": 0.10832745236414962, "dsfb-red": 0.006351446718419196, "roll-out": 0.2117148906139732, "sfT": 0.0, "bad-redirect": 0.015525758645024701, "sfb": 0.009880028228652082, "redirect": 0.027522935779816515, "dsfb-alt": 0.033168666196189134, "dsfb": 0.0}, "english-10k": {"oneh-out": 0.004901487813820652, "alternate": 0.3723586962814303, "unknown": 0.0, "roll-in": 0.23862912718781962, "sft": 0.0, "oneh-in": 0.00741012330908319, "sfR": 0.10567144593890508, "dsfb-red": 0.004322571930298527, "roll-out": 0.17907797996951044, "sfT": 0.0, "bad-redirect": 0.013720306439474344, "sfb": 0.012080044769494992, "redirect": 0.021265510121379363, "dsfb-alt": 0.040562706238783504, "dsfb": 0.0}, "reddit": {"oneh-out": 0.008809384280659407, "alternate": 0.30779134797431246, "unknown": 0.04388671604677457, "roll-in": 0.2350273261194101, "sft": 0.0, "oneh-in": 0.018031287053575526, "sfR": 0.10397777127267367, "dsfb-red": 0.005926961415305886, "roll-out": 0.19144626256485517, "sfT": 7.622583598859571e-05, "bad-redirect": 0.012774963165316233, "sfb": 0.014666300333164963, "redirect": 0.027718822930754165, "dsfb-alt": 0.02986663100720924, "dsfb": 0.0}, "akl": {"oneh-out": 0.008031379050122658, "alternate": 0.26133082607174846, "unknown": 0.13630282309309877, "roll-in": 0.1899706011653637, "sft": 0.0, "oneh-in": 0.017030579586238093, "sfR": 0.13064861186637447, "dsfb-red": 0.007419618819513757, "roll-out": 0.17104040229115572, "sfT": 0.00010305540879926168, "bad-redirect": 0.010757195848243238, "sfb": 0.01800559098447268, "redirect": 0.023188208207900043, "dsfb-alt": 0.026171107606969155, "dsfb": 0.0}, "french": {"oneh-out": 0.008967079702466085, "alternate": 0.2388275974391424, "unknown": 0.15514850200418792, "roll-in": 0.20981328988839923, "sft": 0.0, "oneh-in": 0.012397531154845196, "sfR": 0.10898279115633469, "dsfb-red": 0.005168030081374004, "roll-out": 0.1833168750348234, "sfT": 0.00020868202625708, "bad-redirect": 0.014089325285868832, "sfb": 0.011881691478913145, "redirect": 0.02864569440019184, "dsfb-alt": 0.022552910347196163, "dsfb": 0.0}, "keymash": {"oneh-out": 0.010212919671774495, "alternate": 0.3199788188643463, "unknown": 0.013164322101037301, "roll-in": 0.25192826327002255, "sft": 0.0, "oneh-in": 0.021296072048700192, "sfR": 0.099723742164827, "dsfb-red": 0.006604737842397573, "roll-out": 0.19055633320060916, "sfT": 4.925845500855866e-05, "bad-redirect": 0.011982119180831894, "sfb": 0.01594331993777015, "redirect": 0.029378563541354527, "dsfb-alt": 0.02918152972132029, "dsfb": 0.0}, "movie": {"oneh-out": 0.01164061840982699, "alternate": 0.3041641898856796, "unknown": 0.03049450914598398, "roll-in": 0.21487953073263544, "sft": 0.0, "oneh-in": 0.03256335876637028, "sfR": 0.11567713207251198, "dsfb-red": 0.008221969759079888, "roll-out": 0.1914844617826059, "sfT": 0.0003130712579924302, "bad-redirect": 0.01188670636797993, "sfb": 0.021102371406211077, "redirect": 0.029614119605853945, "dsfb-alt": 0.027957960807268516, "dsfb": 0.0}, "dutch": {"oneh-out": 0.0033807615990094166, "alternate": 0.327167817781818, "unknown": 0.07102886072503023, "roll-in": 0.20713180127128614, "sft": 0.0, "oneh-in": 0.0041159779550208895, "sfR": 0.18880787437283908, "dsfb-red": 0.004327059264753521,