{"english-450k": {"dsfb-alt": 0.05247614308826341, "dsfb": 0.0, "sfb": 0.07032475570089709, "alternate": 0.3610270940612208, "unknown": 0.00015377410175167997, "sfT": 0.00012190836583735845, "oneh-out": 0.0038031317294441153, "sfR": 0.11369548401129392, "redirect": 0.03052269746670323, "oneh-in": 0.004209200602700928, "roll-in": 0.1767884717368463, "sft": 0.0, "bad-redirect": 0.009548611618656598, "dsfb-red": 0.010478857230393948, "roll-out": 0.1668498702859906}, "shai": {"dsfb-alt": 0.03386865473569288, "dsfb": 0.0, "sfb": 0.06676971888137136, "alternate": 0.39246715493679935, "unknown": 0.024097749651430984, "sfT": 8.48896763192598e-05, "oneh-out": 0.002916225311049274, "sfR": 0.09823378925716947, "redirect": 0.02778760775605154, "oneh-in": 0.004321284337879877, "roll-in": 0.1681970288884217, "sft": 0.0, "bad-redirect": 0.006005492729359652, "dsfb-red": 0.009845944570172524, "roll-out": 0.16540445926828218}, "tr-quotes": {"dsfb-alt": 0.03236749034927533, "dsfb": 0.0, "sfb": 0.06609648413120363, "alternate": 0.39478051824969373, "unknown": 0.013894731975682485, "sfT": 4.276369015972816e-05, "oneh-out": 0.002348535632555882, "sfR": 0.09677191928064538, "redirect": 0.026123991585955016, "oneh-in": 0.004878528004438177, "roll-in": 0.17395806846813527, "sft": 0.0, "bad-redirect": 0.005711842074848016, "dsfb-red": 0.010977554841543192, "roll-out": 0.17204757171586418}, "gutenberg": {"dsfb-alt": 0.03532560203955212, "dsfb": 0.0, "sfb": 0.04835771574102174, "alternate": 0.390640610774482, "unknown": 0.03298207965968062, "sfT": 8.619373396180879e-05, "oneh-out": 0.0033774683138573383, "sfR": 0.09863878308844841, "redirect": 0.023077756598746006, "oneh-in": 0.003969837118469593, "roll-in": 0.1675263307649495, "sft": 0.0, "bad-redirect": 0.005236032542207461, "dsfb-red": 0.008148623003004845, "roll-out": 0.1826329666216186}, "english-200": {"dsfb-alt": 0.028953229398663696, "dsfb": 0.0, "sfb": 0.0556792873051225, "alternate": 0.40757238307349664, "unknown": 0.0, "sfT": 0.0, "oneh-out": 0.0022271714922048997, "sfR": 0.10690423162583519, "redirect": 0.028953229398663696, "oneh-in": 0.0, "roll-in": 0.1759465478841871, "sft": 0.0, "bad-redirect": 0.0066815144766146995, "dsfb-red": 0.004454342984409799, "roll-out": 0.18262806236080179}, "monkeyracer": {"dsfb-alt": 0.03214687895897524, "dsfb": 0.0, "sfb": 0.06644626741949106, "alternate": 0.3947010338301766, "unknown": 0.013491796612290222, "sfT": 5.083128704818806e-05, "oneh-out": 0.002352902075480551, "sfR": 0.09690789370786869, "redirect": 0.026053967186449162, "oneh-in": 0.004888601279384394, "roll-in": 0.1739837652689366, "sft": 0.0, "bad-redirect": 0.005732205139434131, "dsfb-red": 0.010893535824327071, "roll-out": 0.1723503214101381}, "chained-bigrams": {"dsfb-alt": 0.0582452280974918, "dsfb": 0.0, "sfb": 0.06107230072676674, "alternate": 0.38262291824799416, "unknown": 0.023159399756770463, "sfT": 0.0002830968457427364, "oneh-out": 0.0034614433134278156, "sfR": 0.11914286586209158, "redirect": 0.023265236421577955, "oneh-in": 0.005985290651505835, "roll-in": 0.1573473046388275, "sft": 0.0, "bad-redirect": 0.0069787268303736945, "dsfb-red": 0.010333684174301949, "roll-out": 0.14810250443312778}, "english-5k": {"dsfb-alt": 0.03625502965943502, "dsfb": 0.0, "sfb": 0.08296345459824947, "alternate": 0.3846185755174846, "unknown": 0.002157049819554486, "sfT": 4.148172729912474e-05, "oneh-out": 0.00394076409341685, "sfR": 0.10644211224955408, "redirect": 0.036047621022939395, "oneh-in": 0.002530385365246609, "roll-in": 0.16422615837723484, "sft": 0.0, "bad-redirect": 0.006761521549757332, "dsfb-red": 0.010121541460986436, "roll-out": 0.16389430455884182}, "mt-quotes": {"dsfb-alt": 0.03133180334923082, "dsfb": 0.0, "sfb": 0.0667261328456509, "alternate": 0.39929298000262964, "unknown": 0.007995063410669249, "sfT": 3.735312750265954e-05, "oneh-out": 0.002199352147356594, "sfR": 0.0964592223377679, "redirect": 0.02590812923584466, "oneh-in": 0.0047035058151348895, "roll-in": 0.17365618388496432, "sft": 0.0, "bad-redirect": 0.005703075507106059, "dsfb-red": 0.010913089731177012, "roll-out": 0.17507410860496528}, "wordle": {"dsfb-alt": 0.04846852911477617, "dsfb": 0.0, "sfb": 0.06924716705935151, "alternate": 0.3538651408055649, "unknown": 0.0, "sfT": 0.0002019522046449007, "oneh-out": 0.004353191966790082, "sfR": 0.13138112868843263, "redirect": 0.029283069673510603, "oneh-in": 0.005295635588466285, "roll-in": 0.16784472119376193, "sft": 0.0, "bad-redirect": 0.0095366318860092, "dsfb-red": 0.010501514641534837, "roll-out": 0.17002131717715696}, "english-1k": {"dsfb-alt": 0.03669724770642202, "dsfb": 0.0, "sfb": 0.05257586450247001, "alternate": 0.39943542695836276, "unknown": 0.0, "sfT": 0.0, "oneh-out": 0.0045871559633027525, "sfR": 0.10832745236414962, "redirect": 0.027170077628793227, "oneh-in": 0.002117148906139732, "roll-in": 0.17325335215243473, "sft": 0.0, "bad-redirect": 0.007410021171489062, "dsfb-red": 0.006351446718419196, "roll-out": 0.18207480592801695}, "english-10k": {"dsfb-alt": 0.03892244456880415, "dsfb": 0.0, "sfb": 0.08224464985237645, "alternate": 0.3778776943710079, "unknown": 0.0, "sfT": 5.789158835221242e-05, "oneh-out": 0.00405241118465487, "sfR": 0.10567144593890508, "redirect": 0.033905173578279074, "oneh-in": 0.003010362594315046, "roll-in": 0.17444665290133343, "sft": 0.0, "bad-redirect": 0.00708207097508732, "dsfb-red": 0.010825727021863723, "roll-out": 0.16190347542502073}, "reddit": {"dsfb-alt": 0.030044441347964947, "dsfb": 0.0, "sfb": 0.06676929997900512, "alternate": 0.37262226427441153, "unknown": 0.04519937363713543, "sfT": 0.00011225986754684096, "oneh-out": 0.0026656568148051177, "sfR": 0.10397777127267367, "redirect": 0.026947012930486344, "oneh-in": 0.004296140556695822, "roll-in": 0.163934579129441, "sft": 0.0, "bad-redirect": 0.006498898658406558, "dsfb-red": 0.01063666927182976, "roll-out": 0.16629563225959784}, "akl": {"dsfb-alt": 0.024652528960212926, "dsfb": 0.0, "sfb": 0.05723587702957201, "alternate": 0.3150077212492272, "unknown": 0.13920166722946467, "sfT": 0.0004972404943862722, "oneh-out": 0.0025972384362430083, "sfR": 0.13064861186637447, "redirect": 0.0245018125867592, "oneh-in": 0.0042862748306151804, "roll-in": 0.13748975159545018, "sft": 0.0, "bad-redirect": 0.006619364291678877, "dsfb-red": 0.008564124368878274, "roll-out": 0.1486977870611377}, "french": {"dsfb-alt": 0.029066264566111055, "dsfb": 0.0, "sfb": 0.0912889554202366, "alternate": 0.2829897570819262, "unknown": 0.15842537463172957, "sfT": 0.0007799545040522352, "oneh-out": 0.006540411418959424, "sfR": 0.10898279115633469, "redirect": 0.028854151698873797, "oneh-in": 0.005563640504616481, "roll-in": 0.13139027279875107, "sft": 0.0, "bad-redirect": 0.005685937250997165, "dsfb-red": 0.012064649688738075, "roll-out": 0.13836783927867363}, "keymash": {"dsfb-alt": 0.03211240779432953, "dsfb": 0.0, "sfb": 0.0676523830830046, "alternate": 0.393870606248435, "unknown": 0.012376186820900362, "sfT": 8.209742501426443e-05, "oneh-out": 0.0023849301966643818, "sfR": 0.099723742164827, "redirect": 0.02580322068198331, "oneh-in": 0.004847852947092315, "roll-in": 0.17384950721020634, "sft": 0.0, "bad-redirect": 0.005406115437189313, "dsfb-red": 0.010762972419370067, "roll-out": 0.1711279775709835}, "movie": {"dsfb-alt": 0.030842190635524125, "dsfb": 0.0, "sfb": 0.07042063538331621, "alternate": 0.36300013594056724, "unknown": 0.030282373430185833, "sfT": 5.579748355981102e-05, "oneh-out": 0.002227030222364816, "sfR": 0.11567713207251198, "redirect": 0.029338422134019503, "oneh-in": 0.0056995023890929605, "roll-in": 0.17276006331961602, "sft": 0.0, "bad-redirect": 0.005396564164671534, "dsfb-red": 0.015536046029765589, "roll-out": 0.15876410679480435}, "dutch": {"dsfb-alt": 0.02620933434831192, "dsfb": 0.0, "sfb": 0.05852634548286894, "alternate": 0.268515867085334, "unknown": 0.07360268279108878, "sfT": 7.600863676152069e-05, "oneh-out": 0.010709597195824606, "sfR": 0.18880787437283908,