{"english-450k": {"sfT": 0.00044670499520259885, "unknown": 0.00015377410175167997, "redirect": 0.04582819047641322, "oneh-in": 0.014906732791479395, "bad-redirect": 0.007239953668974058, "sfb": 0.10244834096454367, "oneh-out": 0.015822653439365352, "sft": 0.0, "sfR": 0.11369548401129392, "dsfb-alt": 0.02202536278701819, "dsfb": 0.0, "dsfb-red": 0.009804999236976416, "alternate": 0.28624668991013863, "roll-in": 0.19098480325977707, "roll-out": 0.1903963103570658}, "shai": {"sfT": 0.00022073715496466627, "unknown": 0.023260762136131256, "redirect": 0.040850554846324647, "oneh-in": 0.02277291645830966, "bad-redirect": 0.009028208468268685, "sfb": 0.11229626942132434, "oneh-out": 0.012333665311197898, "sft": 0.0, "sfR": 0.09823378925716947, "dsfb-alt": 0.015624205598592782, "dsfb": 0.0, "dsfb-red": 0.007740666663983183, "alternate": 0.23968107986263454, "roll-in": 0.2251911285276067, "roll-out": 0.19276601629349216}, "tr-quotes": {"sfT": 0.00015256235408335454, "unknown": 0.013835787429786644, "redirect": 0.044061625944846396, "oneh-in": 0.0220799334273364, "bad-redirect": 0.01074871131041816, "sfb": 0.1267839393449065, "oneh-out": 0.011125494093987656, "sft": 0.0, "sfR": 0.09677191928064538, "dsfb-alt": 0.01281061464136289, "dsfb": 0.0, "dsfb-red": 0.0089537920991193, "alternate": 0.23648898546034536, "roll-in": 0.22034858186357226, "roll-out": 0.1958380527495897}, "gutenberg": {"sfT": 0.00012786982510817787, "unknown": 0.032975828246008664, "redirect": 0.042154608447440574, "oneh-in": 0.01930038724666146, "bad-redirect": 0.010502374968885009, "sfb": 0.11361451813156233, "oneh-out": 0.010444975625169783, "sft": 0.0, "sfR": 0.09863878308844841, "dsfb-alt": 0.01486036804534965, "dsfb": 0.0, "dsfb-red": 0.007396558994590822, "alternate": 0.22208014463876868, "roll-in": 0.237152492438631, "roll-out": 0.19075109030337542}, "english-200": {"sfT": 0.0, "unknown": 0.0, "redirect": 0.0378619153674833, "oneh-in": 0.026726057906458798, "bad-redirect": 0.013363028953229399, "sfb": 0.15367483296213807, "oneh-out": 0.015590200445434299, "sft": 0.0, "sfR": 0.10690423162583519, "dsfb-alt": 0.0066815144766146995, "dsfb": 0.0, "dsfb-red": 0.011135857461024499, "alternate": 0.21380846325167038, "roll-in": 0.20935412026726058, "roll-out": 0.20489977728285078}, "monkeyracer": {"sfT": 0.00015444891064641758, "unknown": 0.013436077701487402, "redirect": 0.04406779329652627, "oneh-in": 0.022074463925426592, "bad-redirect": 0.010909176220341899, "sfb": 0.1271456668282841, "oneh-out": 0.01116333265558284, "sft": 0.0, "sfR": 0.09690789370786869, "dsfb-alt": 0.012636462455229366, "dsfb": 0.0, "dsfb-red": 0.008819228302860629, "alternate": 0.2364573721006616, "roll-in": 0.21991569826548008, "roll-out": 0.19631238562960415}, "chained-bigrams": {"sfT": 0.00031621138503833173, "unknown": 0.022916559801936097, "redirect": 0.04254309272915099, "oneh-in": 0.019749900818708286, "bad-redirect": 0.009207140533559638, "sfb": 0.1043335244453477, "oneh-out": 0.013908755808842101, "sft": 0.0, "sfR": 0.11914286586209158, "dsfb-alt": 0.031012090702671045, "dsfb": 0.0, "dsfb-red": 0.015730704774791913, "alternate": 0.25585007294938217, "roll-in": 0.1982418127548115, "roll-out": 0.16704726743366866}, "english-5k": {"sfT": 0.00029037209109387317, "unknown": 0.002157049819554486, "redirect": 0.04193802629941511, "oneh-in": 0.020906790558758867, "bad-redirect": 0.008171900277927573, "sfb": 0.10208653088314597, "oneh-out": 0.014228232463599784, "sft": 0.0, "sfR": 0.10644211224955408, "dsfb-alt": 0.015472684282573526, "dsfb": 0.0, "dsfb-red": 0.00638818600406521, "alternate": 0.26826233044343967, "roll-in": 0.21694943377442236, "roll-out": 0.1967063508524495}, "mt-quotes": {"sfT": 0.00016136551081148923, "unknown": 0.007977133909467972, "redirect": 0.044285867967153156, "oneh-in": 0.02253738301000466, "bad-redirect": 0.011262715004601905, "sfb": 0.12842453472944382, "oneh-out": 0.010685982715960843, "sft": 0.0, "sfR": 0.0964592223377679, "dsfb-alt": 0.01206207193315882, "dsfb": 0.0, "dsfb-red": 0.008715231708920525, "alternate": 0.23783931581023415, "roll-in": 0.22142186921026524, "roll-out": 0.1981673061522095}, "wordle": {"sfT": 0.0006058566139347021, "unknown": 0.0, "redirect": 0.047952429036239204, "oneh-in": 0.02499719510826882, "bad-redirect": 0.008841018736676764, "sfb": 0.10176147200718053, "oneh-out": 0.012117132278694043, "sft": 0.0, "sfR": 0.13138112868843263, "dsfb-alt": 0.024099629754291484, "dsfb": 0.0, "dsfb-red": 0.013328845506563446, "alternate": 0.25136317738135305, "roll-in": 0.2054975877931112, "roll-out": 0.17805452709525413}, "english-1k": {"sfT": 0.0, "unknown": 0.0, "redirect": 0.04904728299223712, "oneh-in": 0.024700070571630206, "bad-redirect": 0.013408609738884969, "sfb": 0.13020465772759351, "oneh-out": 0.014820042342978124, "sft": 0.0, "sfR": 0.10832745236414962, "dsfb-alt": 0.012702893436838392, "dsfb": 0.0, "dsfb-red": 0.008115737473535639, "alternate": 0.22794636556104447, "roll-in": 0.21206774876499648, "roll-out": 0.19865913902611151}, "english-10k": {"sfT": 0.0003280523339958704, "unknown": 0.0, "redirect": 0.04058200343490091, "oneh-in": 0.019567356863047797, "bad-redirect": 0.00708207097508732, "sfb": 0.10401188707280833, "oneh-out": 0.013990467185118002, "sft": 0.0, "sfR": 0.10567144593890508, "dsfb-alt": 0.01732888211342892, "dsfb": 0.0, "dsfb-red": 0.006773315837208854, "alternate": 0.2720325736670462, "roll-in": 0.21695837594797476, "roll-out": 0.195673568630478}, "reddit": {"sfT": 0.00021523029660465404, "unknown": 0.039285409944231534, "redirect": 0.04215476017235654, "oneh-in": 0.022763356985816937, "bad-redirect": 0.008795450122925865, "sfb": 0.11553124819150927, "oneh-out": 0.011055106035381897, "sft": 0.0, "sfR": 0.10397777127267367, "dsfb-alt": 0.012708401341949288, "dsfb": 0.0, "dsfb-red": 0.010587150571497119, "alternate": 0.2294184530575269, "roll-in": 0.2075046302044969, "roll-out": 0.19600303180302944}, "akl": {"sfT": 0.00020959458950950294, "unknown": 0.13277008071454782, "redirect": 0.03997628267849087, "oneh-in": 0.019610053256495327, "bad-redirect": 0.007793716624507673, "sfb": 0.10098006904440605, "oneh-out": 0.008802849221388097, "sft": 0.0, "sfR": 0.13064861186637447, "dsfb-alt": 0.010785337807155336, "dsfb": 0.0, "dsfb-red": 0.010710029035632883, "alternate": 0.20000868225141502, "roll-in": 0.16858893870792532, "roll-out": 0.16911575420215164}, "french": {"sfT": 0.00011603433795398697, "unknown": 0.15807953387545715, "redirect": 0.024456922218325447, "oneh-in": 0.013713880417033853, "bad-redirect": 0.013013839038694538, "sfb": 0.08867493924827098, "oneh-out": 0.007140568881076759, "sft": 0.0, "sfR": 0.10898279115633469, "dsfb-alt": 0.017102757268015634, "dsfb": 0.0, "dsfb-red": 0.008075795157699055, "alternate": 0.2182573386325294, "roll-in": 0.21950779776969268, "roll-out": 0.12287780199891582}, "keymash": {"sfT": 0.00011904126627068341, "unknown": 0.01232282349464109, "redirect": 0.045059171719079034, "oneh-in": 0.021965166062566446, "bad-redirect": 0.01051257527307656, "sfb": 0.12728384774211557, "oneh-out": 0.011678358708279114, "sft": 0.0, "sfR": 0.099723742164827, "dsfb-alt": 0.013172531843538728, "dsfb": 0.0, "dsfb-red": 0.00834520325269998, "alternate": 0.23657193992110437, "roll-in": 0.2195900875569038, "roll-out": 0.19365551099489764}, "movie": {"sfT": 0.00018147341940797027, "unknown": 0.030236445784519856, "redirect": 0.04932523866255011, "oneh-in": 0.019640451017376312, "bad-redirect": 0.010011173972474207, "sfb": 0.1406430844217242, "oneh-out": 0.00956808404996033, "sft": 0.0, "sfR": 0.11567713207251198, "dsfb-alt": 0.014059518280847947, "dsfb": 0.0, "dsfb-red": 0.011990931856138823, "alternate": 0.21470687436841263, "roll-in": 0.1925464563399825, "roll-out": 0.19141313575409313}, "dutch": {"sfT": 0.0001837368485244875, "unknown": 0.07290361491625476, "redirect": 0.03750263268886353, "oneh-in": 0.016143183703604833, "bad-redirect": 0.007397564331117362, "sfb": 0.08331091685207406, "oneh-out": 0.010080226318181442, "sft": 0.0,