{"english-450k": {"dsfb-alt": 0.02202536278701819, "redirect": 0.04582819047641322, "unknown": 0.00015377410175167997, "dsfb-red": 0.009804999236976416, "sfR": 0.11369548401129392, "roll-in": 0.19098480325977707, "dsfb": 0.0, "bad-redirect": 0.007239953668974058, "oneh-out": 0.015822653439365352, "oneh-in": 0.014906732791479395, "sfT": 0.00044670499520259885, "alternate": 0.28624668991013863, "sft": 0.0, "sfb": 0.10244834096454367, "roll-out": 0.1903963103570658}, "shai": {"dsfb-alt": 0.015624205598592782, "redirect": 0.040850554846324647, "unknown": 0.023260762136131256, "dsfb-red": 0.007740666663983183, "sfR": 0.09823378925716947, "roll-in": 0.2251911285276067, "dsfb": 0.0, "bad-redirect": 0.009028208468268685, "oneh-out": 0.012333665311197898, "oneh-in": 0.02277291645830966, "sfT": 0.00022073715496466627, "alternate": 0.23968107986263454, "sft": 0.0, "sfb": 0.11229626942132434, "roll-out": 0.19276601629349216}, "tr-quotes": {"dsfb-alt": 0.01281061464136289, "redirect": 0.044061625944846396, "unknown": 0.013835787429786644, "dsfb-red": 0.0089537920991193, "sfR": 0.09677191928064538, "roll-in": 0.22034858186357226, "dsfb": 0.0, "bad-redirect": 0.01074871131041816, "oneh-out": 0.011125494093987656, "oneh-in": 0.0220799334273364, "sfT": 0.00015256235408335454, "alternate": 0.23648898546034536, "sft": 0.0, "sfb": 0.1267839393449065, "roll-out": 0.1958380527495897}, "gutenberg": {"dsfb-alt": 0.01486036804534965, "redirect": 0.042154608447440574, "unknown": 0.032975828246008664, "dsfb-red": 0.007396558994590822, "sfR": 0.09863878308844841, "roll-in": 0.237152492438631, "dsfb": 0.0, "bad-redirect": 0.010502374968885009, "oneh-out": 0.010444975625169783, "oneh-in": 0.01930038724666146, "sfT": 0.00012786982510817787, "alternate": 0.22208014463876868, "sft": 0.0, "sfb": 0.11361451813156233, "roll-out": 0.19075109030337542}, "english-200": {"dsfb-alt": 0.0066815144766146995, "redirect": 0.0378619153674833, "unknown": 0.0, "dsfb-red": 0.011135857461024499, "sfR": 0.10690423162583519, "roll-in": 0.20935412026726058, "dsfb": 0.0, "bad-redirect": 0.013363028953229399, "oneh-out": 0.015590200445434299, "oneh-in": 0.026726057906458798, "sfT": 0.0, "alternate": 0.21380846325167038, "sft": 0.0, "sfb": 0.15367483296213807, "roll-out": 0.20489977728285078}, "monkeyracer": {"dsfb-alt": 0.012636462455229366, "redirect": 0.04406779329652627, "unknown": 0.013436077701487402, "dsfb-red": 0.008819228302860629, "sfR": 0.09690789370786869, "roll-in": 0.21991569826548008, "dsfb": 0.0, "bad-redirect": 0.010909176220341899, "oneh-out": 0.01116333265558284, "oneh-in": 0.022074463925426592, "sfT": 0.00015444891064641758, "alternate": 0.2364573721006616, "sft": 0.0, "sfb": 0.1271456668282841, "roll-out": 0.19631238562960415}, "chained-bigrams": {"dsfb-alt": 0.031012090702671045, "redirect": 0.04254309272915099, "unknown": 0.022916559801936097, "dsfb-red": 0.015730704774791913, "sfR": 0.11914286586209158, "roll-in": 0.1982418127548115, "dsfb": 0.0, "bad-redirect": 0.009207140533559638, "oneh-out": 0.013908755808842101, "oneh-in": 0.019749900818708286, "sfT": 0.00031621138503833173, "alternate": 0.25585007294938217, "sft": 0.0, "sfb": 0.1043335244453477, "roll-out": 0.16704726743366866}, "english-5k": {"dsfb-alt": 0.015472684282573526, "redirect": 0.04193802629941511, "unknown": 0.002157049819554486, "dsfb-red": 0.00638818600406521, "sfR": 0.10644211224955408, "roll-in": 0.21694943377442236, "dsfb": 0.0, "bad-redirect": 0.008171900277927573, "oneh-out": 0.014228232463599784, "oneh-in": 0.020906790558758867, "sfT": 0.00029037209109387317, "alternate": 0.26826233044343967, "sft": 0.0, "sfb": 0.10208653088314597, "roll-out": 0.1967063508524495}, "mt-quotes": {"dsfb-alt": 0.01206207193315882, "redirect": 0.044285867967153156, "unknown": 0.007977133909467972, "dsfb-red": 0.008715231708920525, "sfR": 0.0964592223377679, "roll-in": 0.22142186921026524, "dsfb": 0.0, "bad-redirect": 0.011262715004601905, "oneh-out": 0.010685982715960843, "oneh-in": 0.02253738301000466, "sfT": 0.00016136551081148923, "alternate": 0.23783931581023415, "sft": 0.0, "sfb": 0.12842453472944382, "roll-out": 0.1981673061522095}, "wordle": {"dsfb-alt": 0.024099629754291484, "redirect": 0.047952429036239204, "unknown": 0.0, "dsfb-red": 0.013328845506563446, "sfR": 0.13138112868843263, "roll-in": 0.2054975877931112, "dsfb": 0.0, "bad-redirect": 0.008841018736676764, "oneh-out": 0.012117132278694043, "oneh-in": 0.02499719510826882, "sfT": 0.0006058566139347021, "alternate": 0.25136317738135305, "sft": 0.0, "sfb": 0.10176147200718053, "roll-out": 0.17805452709525413}, "english-1k": {"dsfb-alt": 0.012702893436838392, "redirect": 0.04904728299223712, "unknown": 0.0, "dsfb-red": 0.008115737473535639, "sfR": 0.10832745236414962, "roll-in": 0.21206774876499648, "dsfb": 0.0, "bad-redirect": 0.013408609738884969, "oneh-out": 0.014820042342978124, "oneh-in": 0.024700070571630206, "sfT": 0.0, "alternate": 0.22794636556104447, "sft": 0.0, "sfb": 0.13020465772759351, "roll-out": 0.19865913902611151}, "english-10k": {"dsfb-alt": 0.01732888211342892, "redirect": 0.04058200343490091, "unknown": 0.0, "dsfb-red": 0.006773315837208854, "sfR": 0.10567144593890508, "roll-in": 0.21695837594797476, "dsfb": 0.0, "bad-redirect": 0.00708207097508732, "oneh-out": 0.013990467185118002, "oneh-in": 0.019567356863047797, "sfT": 0.0003280523339958704, "alternate": 0.2720325736670462, "sft": 0.0, "sfb": 0.10401188707280833, "roll-out": 0.195673568630478}, "reddit": {"dsfb-alt": 0.012708401341949288, "redirect": 0.04215476017235654, "unknown": 0.039285409944231534, "dsfb-red": 0.010587150571497119, "sfR": 0.10397777127267367, "roll-in": 0.2075046302044969, "dsfb": 0.0, "bad-redirect": 0.008795450122925865, "oneh-out": 0.011055106035381897, "oneh-in": 0.022763356985816937, "sfT": 0.00021523029660465404, "alternate": 0.2294184530575269, "sft": 0.0, "sfb": 0.11553124819150927, "roll-out": 0.19600303180302944}, "akl": {"dsfb-alt": 0.010785337807155336, "redirect": 0.03997628267849087, "unknown": 0.13277008071454782, "dsfb-red": 0.010710029035632883, "sfR": 0.13064861186637447, "roll-in": 0.16858893870792532, "dsfb": 0.0, "bad-redirect": 0.007793716624507673, "oneh-out": 0.008802849221388097, "oneh-in": 0.019610053256495327, "sfT": 0.00020959458950950294, "alternate": 0.20000868225141502, "sft": 0.0, "sfb": 0.10098006904440605, "roll-out": 0.16911575420215164}, "french": {"dsfb-alt": 0.017102757268015634, "redirect": 0.024456922218325447, "unknown": 0.15807953387545715, "dsfb-red": 0.008075795157699055, "sfR": 0.10898279115633469, "roll-in": 0.21950779776969268, "dsfb": 0.0, "bad-redirect": 0.013013839038694538, "oneh-out": 0.007140568881076759, "oneh-in": 0.013713880417033853, "sfT": 0.00011603433795398697, "alternate": 0.2182573386325294, "sft": 0.0, "sfb": 0.08867493924827098, "roll-out": 0.12287780199891582}, "keymash": {"dsfb-alt": 0.013172531843538728, "redirect": 0.045059171719079034, "unknown": 0.01232282349464109, "dsfb-red": 0.00834520325269998, "sfR": 0.099723742164827, "roll-in": 0.2195900875569038, "dsfb": 0.0, "bad-redirect": 0.01051257527307656, "oneh-out": 0.011678358708279114, "oneh-in": 0.021965166062566446, "sfT": 0.00011904126627068341, "alternate": 0.23657193992110437, "sft": 0.0, "sfb": 0.12728384774211557, "roll-out": 0.19365551099489764}, "movie": {"dsfb-alt": 0.014059518280847947, "redirect": 0.04932523866255011, "unknown": 0.030236445784519856, "dsfb-red": 0.011990931856138823, "sfR": 0.11567713207251198, "roll-in": 0.1925464563399825, "dsfb": 0.0, "bad-redirect": 0.010011173972474207, "oneh-out": 0.00956808404996033, "oneh-in": 0.019640451017376312, "sfT": 0.00018147341940797027, "alternate": 0.21470687436841263, "sft": 0.0, "sfb": 0.1406430844217242, "roll-out": 0.19141313575409313}, "dutch": {"dsfb-alt": 0.01788894376110387, "redirect": 0.03750263268886353, "unknown": 0.07290361491625476, "dsfb-red": 0.01001678716817855, "sfR": 0.18880787437283908, "roll-in": 0.2038325351320741, "dsfb": 0.0, "bad-redirect": 0.007397564331117362,