{"english-450k": {"sft": 0.0, "sfT": 0.00044670499520259885, "sfb": 0.10244834096454367, "alternate": 0.28624668991013863, "oneh-out": 0.015822653439365352, "unknown": 0.00015377410175167997, "dsfb-red": 0.009804999236976416, "bad-redirect": 0.007239953668974058, "oneh-in": 0.014906732791479395, "roll-in": 0.19098480325977707, "redirect": 0.04582819047641322, "sfR": 0.11369548401129392, "roll-out": 0.1903963103570658, "dsfb-alt": 0.02202536278701819, "dsfb": 0.0}, "shai": {"sft": 0.0, "sfT": 0.00022073715496466627, "sfb": 0.11229626942132434, "alternate": 0.23968107986263454, "oneh-out": 0.012333665311197898, "unknown": 0.023260762136131256, "dsfb-red": 0.007740666663983183, "bad-redirect": 0.009028208468268685, "oneh-in": 0.02277291645830966, "roll-in": 0.2251911285276067, "redirect": 0.040850554846324647, "sfR": 0.09823378925716947, "roll-out": 0.19276601629349216, "dsfb-alt": 0.015624205598592782, "dsfb": 0.0}, "tr-quotes": {"sft": 0.0, "sfT": 0.00015256235408335454, "sfb": 0.1267839393449065, "alternate": 0.23648898546034536, "oneh-out": 0.011125494093987656, "unknown": 0.013835787429786644, "dsfb-red": 0.0089537920991193, "bad-redirect": 0.01074871131041816, "oneh-in": 0.0220799334273364, "roll-in": 0.22034858186357226, "redirect": 0.044061625944846396, "sfR": 0.09677191928064538, "roll-out": 0.1958380527495897, "dsfb-alt": 0.01281061464136289, "dsfb": 0.0}, "gutenberg": {"sft": 0.0, "sfT": 0.00012786982510817787, "sfb": 0.11361451813156233, "alternate": 0.22208014463876868, "oneh-out": 0.010444975625169783, "unknown": 0.032975828246008664, "dsfb-red": 0.007396558994590822, "bad-redirect": 0.010502374968885009, "oneh-in": 0.01930038724666146, "roll-in": 0.237152492438631, "redirect": 0.042154608447440574, "sfR": 0.09863878308844841, "roll-out": 0.19075109030337542, "dsfb-alt": 0.01486036804534965, "dsfb": 0.0}, "english-200": {"sft": 0.0, "sfT": 0.0, "sfb": 0.15367483296213807, "alternate": 0.21380846325167038, "oneh-out": 0.015590200445434299, "unknown": 0.0, "dsfb-red": 0.011135857461024499, "bad-redirect": 0.013363028953229399, "oneh-in": 0.026726057906458798, "roll-in": 0.20935412026726058, "redirect": 0.0378619153674833, "sfR": 0.10690423162583519, "roll-out": 0.20489977728285078, "dsfb-alt": 0.0066815144766146995, "dsfb": 0.0}, "monkeyracer": {"sft": 0.0, "sfT": 0.00015444891064641758, "sfb": 0.1271456668282841, "alternate": 0.2364573721006616, "oneh-out": 0.01116333265558284, "unknown": 0.013436077701487402, "dsfb-red": 0.008819228302860629, "bad-redirect": 0.010909176220341899, "oneh-in": 0.022074463925426592, "roll-in": 0.21991569826548008, "redirect": 0.04406779329652627, "sfR": 0.09690789370786869, "roll-out": 0.19631238562960415, "dsfb-alt": 0.012636462455229366, "dsfb": 0.0}, "chained-bigrams": {"sft": 0.0, "sfT": 0.00031621138503833173, "sfb": 0.1043335244453477, "alternate": 0.25585007294938217, "oneh-out": 0.013908755808842101, "unknown": 0.022916559801936097, "dsfb-red": 0.015730704774791913, "bad-redirect": 0.009207140533559638, "oneh-in": 0.019749900818708286, "roll-in": 0.1982418127548115, "redirect": 0.04254309272915099, "sfR": 0.11914286586209158, "roll-out": 0.16704726743366866, "dsfb-alt": 0.031012090702671045, "dsfb": 0.0}, "english-5k": {"sft": 0.0, "sfT": 0.00029037209109387317, "sfb": 0.10208653088314597, "alternate": 0.26826233044343967, "oneh-out": 0.014228232463599784, "unknown": 0.002157049819554486, "dsfb-red": 0.00638818600406521, "bad-redirect": 0.008171900277927573, "oneh-in": 0.020906790558758867, "roll-in": 0.21694943377442236, "redirect": 0.04193802629941511, "sfR": 0.10644211224955408, "roll-out": 0.1967063508524495, "dsfb-alt": 0.015472684282573526, "dsfb": 0.0}, "mt-quotes": {"sft": 0.0, "sfT": 0.00016136551081148923, "sfb": 0.12842453472944382, "alternate": 0.23783931581023415, "oneh-out": 0.010685982715960843, "unknown": 0.007977133909467972, "dsfb-red": 0.008715231708920525, "bad-redirect": 0.011262715004601905, "oneh-in": 0.02253738301000466, "roll-in": 0.22142186921026524, "redirect": 0.044285867967153156, "sfR": 0.0964592223377679, "roll-out": 0.1981673061522095, "dsfb-alt": 0.01206207193315882, "dsfb": 0.0}, "wordle": {"sft": 0.0, "sfT": 0.0006058566139347021, "sfb": 0.10176147200718053, "alternate": 0.25136317738135305, "oneh-out": 0.012117132278694043, "unknown": 0.0, "dsfb-red": 0.013328845506563446, "bad-redirect": 0.008841018736676764, "oneh-in": 0.02499719510826882, "roll-in": 0.2054975877931112, "redirect": 0.047952429036239204, "sfR": 0.13138112868843263, "roll-out": 0.17805452709525413, "dsfb-alt": 0.024099629754291484, "dsfb": 0.0}, "english-1k": {"sft": 0.0, "sfT": 0.0, "sfb": 0.13020465772759351, "alternate": 0.22794636556104447, "oneh-out": 0.014820042342978124, "unknown": 0.0, "dsfb-red": 0.008115737473535639, "bad-redirect": 0.013408609738884969, "oneh-in": 0.024700070571630206, "roll-in": 0.21206774876499648, "redirect": 0.04904728299223712, "sfR": 0.10832745236414962, "roll-out": 0.19865913902611151, "dsfb-alt": 0.012702893436838392, "dsfb": 0.0}, "english-10k": {"sft": 0.0, "sfT": 0.0003280523339958704, "sfb": 0.10401188707280833, "alternate": 0.2720325736670462, "oneh-out": 0.013990467185118002, "unknown": 0.0, "dsfb-red": 0.006773315837208854, "bad-redirect": 0.00708207097508732, "oneh-in": 0.019567356863047797, "roll-in": 0.21695837594797476, "redirect": 0.04058200343490091, "sfR": 0.10567144593890508, "roll-out": 0.195673568630478, "dsfb-alt": 0.01732888211342892, "dsfb": 0.0}, "reddit": {"sft": 0.0, "sfT": 0.00021523029660465404, "sfb": 0.11553124819150927, "alternate": 0.2294184530575269, "oneh-out": 0.011055106035381897, "unknown": 0.039285409944231534, "dsfb-red": 0.010587150571497119, "bad-redirect": 0.008795450122925865, "oneh-in": 0.022763356985816937, "roll-in": 0.2075046302044969, "redirect": 0.04215476017235654, "sfR": 0.10397777127267367, "roll-out": 0.19600303180302944, "dsfb-alt": 0.012708401341949288, "dsfb": 0.0}, "akl": {"sft": 0.0, "sfT": 0.00020959458950950294, "sfb": 0.10098006904440605, "alternate": 0.20000868225141502, "oneh-out": 0.008802849221388097, "unknown": 0.13277008071454782, "dsfb-red": 0.010710029035632883, "bad-redirect": 0.007793716624507673, "oneh-in": 0.019610053256495327, "roll-in": 0.16858893870792532, "redirect": 0.03997628267849087, "sfR": 0.13064861186637447, "roll-out": 0.16911575420215164, "dsfb-alt": 0.010785337807155336, "dsfb": 0.0}, "french": {"sft": 0.0, "sfT": 0.00011603433795398697, "sfb": 0.08867493924827098, "alternate": 0.2182573386325294, "oneh-out": 0.007140568881076759, "unknown": 0.15807953387545715, "dsfb-red": 0.008075795157699055, "bad-redirect": 0.013013839038694538, "oneh-in": 0.013713880417033853, "roll-in": 0.21950779776969268, "redirect": 0.024456922218325447, "sfR": 0.10898279115633469, "roll-out": 0.12287780199891582, "dsfb-alt": 0.017102757268015634, "dsfb": 0.0}, "keymash": {"sft": 0.0, "sfT": 0.00011904126627068341, "sfb": 0.12728384774211557, "alternate": 0.23657193992110437, "oneh-out": 0.011678358708279114, "unknown": 0.01232282349464109, "dsfb-red": 0.00834520325269998, "bad-redirect": 0.01051257527307656, "oneh-in": 0.021965166062566446, "roll-in": 0.2195900875569038, "redirect": 0.045059171719079034, "sfR": 0.099723742164827, "roll-out": 0.19365551099489764, "dsfb-alt": 0.013172531843538728, "dsfb": 0.0}, "movie": {"sft": 0.0, "sfT": 0.00018147341940797027, "sfb": 0.1406430844217242, "alternate": 0.21470687436841263, "oneh-out": 0.00956808404996033, "unknown": 0.030236445784519856, "dsfb-red": 0.011990931856138823, "bad-redirect": 0.010011173972474207, "oneh-in": 0.019640451017376312, "roll-in": 0.1925464563399825, "redirect": 0.04932523866255011, "sfR": 0.11567713207251198, "roll-out": 0.19141313575409313, "dsfb-alt": 0.014059518280847947, "dsfb": 0.0}, "dutch": {"sft": 0.0, "sfT": 0.0001837368485244875, "sfb": 0.08331091685207406, "alternate": 0.21709560294250071, "oneh-out": 0.010080226318181442, "unknown": 0.07290361491625476, "dsfb-red": 0.01001678716817855, "bad-redirect": 0.007397564331117362,