{"english-450k": {"sfb": 0.03603751620328819, "dsfb-alt": 0.05282169629790312, "dsfb-red": 0.012390216692851142, "alternate": 0.351489299252003, "unknown": 0.00015377410175167997, "roll-out": 0.1661444389028598, "dsfb": 0.0, "roll-in": 0.2228327060558346, "sft": 0.0, "sfR": 0.11369548401129392, "oneh-out": 0.007917319816804177, "redirect": 0.02576564008323681, "sfT": 0.001139857837889354, "bad-redirect": 0.0018046530990743735, "oneh-in": 0.007807397645209819}, "shai": {"sfb": 0.02143864333811303, "dsfb-alt": 0.04495008798213295, "dsfb-red": 0.009286670497855328, "alternate": 0.3280425322319904, "unknown": 0.024458529808185636, "roll-out": 0.20671967604368668, "dsfb": 0.0, "roll-in": 0.21685316876561517, "sft": 0.0, "sfR": 0.09823378925716947, "oneh-out": 0.01510203713548877, "redirect": 0.024790858589815005, "sfT": 0.0008704665514626585, "bad-redirect": 0.0015285560309793713, "oneh-in": 0.007724983767505472}, "tr-quotes": {"sfb": 0.017560851575321883, "dsfb-alt": 0.03769099188645662, "dsfb-red": 0.010828459813689004, "alternate": 0.3370333556783246, "unknown": 0.01482859850673817, "roll-out": 0.22029079309308616, "dsfb": 0.0, "roll-in": 0.20726173689928573, "sft": 0.0, "sfR": 0.09677191928064538, "oneh-out": 0.02340907514851714, "redirect": 0.0252814313122674, "sfT": 0.0006171840687917524, "bad-redirect": 0.001473613647396038, "oneh-in": 0.006951989089480132}, "gutenberg": {"sfb": 0.017594698498107336, "dsfb-alt": 0.03944168435058989, "dsfb-red": 0.008208106151277391, "alternate": 0.31244622363466285, "unknown": 0.03803056979172942, "roll-out": 0.2309690865699554, "dsfb": 0.0, "roll-in": 0.209173627521072, "sft": 0.0, "sfR": 0.09863878308844841, "oneh-out": 0.013905417247763983, "redirect": 0.023237451802547774, "sfT": 0.0008911106034205462, "bad-redirect": 0.00146813502901982, "oneh-in": 0.005995105711405193}, "english-200": {"sfb": 0.004454342984409799, "dsfb-alt": 0.044543429844097995, "dsfb-red": 0.0022271714922048997, "alternate": 0.33407572383073497, "unknown": 0.0, "roll-out": 0.20935412026726058, "dsfb": 0.0, "roll-in": 0.24276169265033407, "sft": 0.0, "sfR": 0.10690423162583519, "oneh-out": 0.026726057906458798, "redirect": 0.017817371937639197, "sfT": 0.0, "bad-redirect": 0.0, "oneh-in": 0.011135857461024499}, "monkeyracer": {"sfb": 0.017440019081283138, "dsfb-alt": 0.03748807419803869, "dsfb-red": 0.010780142953219576, "alternate": 0.33699677025822294, "unknown": 0.014407737303908536, "roll-out": 0.22101345856077076, "dsfb": 0.0, "roll-in": 0.20658030561333812, "sft": 0.0, "sfR": 0.09690789370786869, "oneh-out": 0.02392198570467804, "redirect": 0.02540880085083754, "sfT": 0.0006060653455745499, "bad-redirect": 0.001518095938189155, "oneh-in": 0.006930650484070257}, "chained-bigrams": {"sfb": 0.02316784071776738, "dsfb-alt": 0.056417435389313354, "dsfb-red": 0.015775506798544777, "alternate": 0.3335173029960866, "unknown": 0.023895061972886336, "roll-out": 0.19970080039789392, "dsfb": 0.0, "roll-in": 0.17599858191855253, "sft": 0.0, "sfR": 0.11914286586209158, "oneh-out": 0.009479848504229246, "redirect": 0.030830285388891307, "sfT": 0.0002460864782947181, "bad-redirect": 0.002716041526930886, "oneh-in": 0.009112342048517345}, "english-5k": {"sfb": 0.027958684199610073, "dsfb-alt": 0.04894843821296719, "dsfb-red": 0.010287468370182934, "alternate": 0.3498154063135189, "unknown": 0.002157049819554486, "roll-out": 0.16824988592524992, "dsfb": 0.0, "roll-in": 0.2433318123366657, "sft": 0.0, "sfR": 0.10644211224955408, "oneh-out": 0.009333388642303065, "redirect": 0.0234786576513046, "sfT": 0.0008711162732816195, "bad-redirect": 0.001078524909777243, "oneh-in": 0.008047455096030198}, "mt-quotes": {"sfb": 0.01604242119984222, "dsfb-alt": 0.036673300582111136, "dsfb-red": 0.010735288844264352, "alternate": 0.34066799344975557, "unknown": 0.008887056095432758, "roll-out": 0.2257174788730711, "dsfb": 0.0, "roll-in": 0.20496706948279367, "sft": 0.0, "sfR": 0.0964592223377679, "oneh-out": 0.025562986337720084, "redirect": 0.025421044453209977, "sfT": 0.0005423674113386166, "bad-redirect": 0.0014313718459019137, "oneh-in": 0.006892399086790739}, "wordle": {"sfb": 0.03857287108717603, "dsfb-alt": 0.054796364860316395, "dsfb-red": 0.014809828340626052, "alternate": 0.32063278357455405, "unknown": 0.0, "roll-out": 0.18882531134298217, "dsfb": 0.0, "roll-in": 0.20105463929092338, "sft": 0.0, "sfR": 0.13138112868843263, "oneh-out": 0.00888589700437563, "redirect": 0.026388421406933694, "sfT": 0.0011892740940199708, "bad-redirect": 0.003163917872770111, "oneh-in": 0.010299562436889936}, "english-1k": {"sfb": 0.021524347212420608, "dsfb-alt": 0.038461538461538464, "dsfb-red": 0.008821453775582216, "alternate": 0.3228652081863091, "unknown": 0.0, "roll-out": 0.20606916019760058, "dsfb": 0.0, "roll-in": 0.24664784756527877, "sft": 0.0, "sfR": 0.10832745236414962, "oneh-out": 0.011644318983768526, "redirect": 0.022230063514467185, "sfT": 0.002117148906139732, "bad-redirect": 0.0, "oneh-in": 0.011291460832745237}, "english-10k": {"sfb": 0.027923042781883792, "dsfb-alt": 0.050172709905250766, "dsfb-red": 0.009397734509175817, "alternate": 0.3498774628046545, "unknown": 0.0, "roll-out": 0.17164855946430985, "dsfb": 0.0, "roll-in": 0.24040446923062078, "sft": 0.0, "sfR": 0.10567144593890508, "oneh-out": 0.008818818625653693, "redirect": 0.02628278111190444, "sfT": 0.0010613457864572277, "bad-redirect": 0.0010227513942224194, "oneh-in": 0.007718878446961656}, "reddit": {"sfb": 0.018321057602571977, "dsfb-alt": 0.03894975406398887, "dsfb-red": 0.009203848299723733, "alternate": 0.3256048201697682, "unknown": 0.04712745652739438, "roll-out": 0.20573487980009728, "dsfb": 0.0, "roll-in": 0.199500730138628, "sft": 0.0, "sfR": 0.10397777127267367, "oneh-out": 0.019462984303283686, "redirect": 0.024187862412178754, "sfT": 0.0005904037478389414, "bad-redirect": 0.0012950151487143586, "oneh-in": 0.006043416513138094}, "akl": {"sfb": 0.024557849428561342, "dsfb-alt": 0.03353809923378514, "dsfb-red": 0.009305204189430913, "alternate": 0.2802003430749397, "unknown": 0.1393782771700298, "roll-out": 0.16922580186237504, "dsfb": 0.0, "roll-in": 0.16822694762801213, "sft": 0.0, "sfR": 0.13064861186637447, "oneh-out": 0.016552487483561105, "redirect": 0.02002365851741588, "sfT": 0.0014404037933779326, "bad-redirect": 0.0007127896160273076, "oneh-in": 0.006189526136109289}, "french": {"sfb": 0.03175184897983344, "dsfb-alt": 0.0344165337290696, "dsfb-red": 0.010999845492301185, "alternate": 0.24882087314063964, "unknown": 0.15856935009819023, "roll-out": 0.18792125839411802, "dsfb": 0.0, "roll-in": 0.17538791687470823, "sft": 0.0, "sfR": 0.10898279115633469, "oneh-out": 0.01028285965479777, "redirect": 0.01881429746197321, "sfT": 0.0056817423362615785, "bad-redirect": 0.002813604222349478, "oneh-in": 0.005557078459422957}, "keymash": {"sfb": 0.01795470685061963, "dsfb-alt": 0.037559571944025975, "dsfb-red": 0.011107781604429977, "alternate": 0.3341201003230534, "unknown": 0.013447558217336513, "roll-out": 0.22078870996211203, "dsfb": 0.0, "roll-in": 0.20781321193860755, "sft": 0.0, "sfR": 0.099723742164827, "oneh-out": 0.023057061815256165, "redirect": 0.0251792802518749, "sfT": 0.0006608842713648286, "bad-redirect": 0.0014531244227524805, "oneh-in": 0.007134266233739579}, "movie": {"sfb": 0.01770359402909023, "dsfb-alt": 0.03733535958911997, "dsfb-red": 0.011642855573082925, "alternate": 0.3244453907791237, "unknown": 0.03049740429843284, "roll-out": 0.2057255850807004, "dsfb": 0.0, "roll-in": 0.1941730056248864, "sft": 0.0, "sfR": 0.11567713207251198, "oneh-out": 0.03279865570175929, "redirect": 0.023178722103396686, "sfT": 0.00045822367395108955, "bad-redirect": 0.0016578695704870265, "oneh-in": 0.0047062019034574566}, "dutch": {"sfb": 0.04192094176547819, "dsfb-alt": 0.03906998134372583, "dsfb-red": 0.00871673286297513, "alternate": 0.25609821829228624, "unknown": 0.07395877043379863, "roll-out": 0.11058734862689026, "dsfb": 0.0, "roll-in": 0.24627703815841562, "sft": 0.0,