{"english-450k": {"unknown": 0.00015377410175167997, "roll-out": 0.1661444389028598, "bad-redirect": 0.0018046530990743735, "dsfb-alt": 0.05282169629790312, "roll-in": 0.2228327060558346, "sfT": 0.001139857837889354, "redirect": 0.02576564008323681, "sft": 0.0, "oneh-in": 0.007807397645209819, "oneh-out": 0.007917319816804177, "alternate": 0.351489299252003, "sfR": 0.11369548401129392, "dsfb": 0.0, "dsfb-red": 0.012390216692851142, "sfb": 0.03603751620328819}, "shai": {"unknown": 0.024458529808185636, "roll-out": 0.20671967604368668, "bad-redirect": 0.0015285560309793713, "dsfb-alt": 0.04495008798213295, "roll-in": 0.21685316876561517, "sfT": 0.0008704665514626585, "redirect": 0.024790858589815005, "sft": 0.0, "oneh-in": 0.007724983767505472, "oneh-out": 0.01510203713548877, "alternate": 0.3280425322319904, "sfR": 0.09823378925716947, "dsfb": 0.0, "dsfb-red": 0.009286670497855328, "sfb": 0.02143864333811303}, "tr-quotes": {"unknown": 0.01482859850673817, "roll-out": 0.22029079309308616, "bad-redirect": 0.001473613647396038, "dsfb-alt": 0.03769099188645662, "roll-in": 0.20726173689928573, "sfT": 0.0006171840687917524, "redirect": 0.0252814313122674, "sft": 0.0, "oneh-in": 0.006951989089480132, "oneh-out": 0.02340907514851714, "alternate": 0.3370333556783246, "sfR": 0.09677191928064538, "dsfb": 0.0, "dsfb-red": 0.010828459813689004, "sfb": 0.017560851575321883}, "gutenberg": {"unknown": 0.03803056979172942, "roll-out": 0.2309690865699554, "bad-redirect": 0.00146813502901982, "dsfb-alt": 0.03944168435058989, "roll-in": 0.209173627521072, "sfT": 0.0008911106034205462, "redirect": 0.023237451802547774, "sft": 0.0, "oneh-in": 0.005995105711405193, "oneh-out": 0.013905417247763983, "alternate": 0.31244622363466285, "sfR": 0.09863878308844841, "dsfb": 0.0, "dsfb-red": 0.008208106151277391, "sfb": 0.017594698498107336}, "english-200": {"unknown": 0.0, "roll-out": 0.20935412026726058, "bad-redirect": 0.0, "dsfb-alt": 0.044543429844097995, "roll-in": 0.24276169265033407, "sfT": 0.0, "redirect": 0.017817371937639197, "sft": 0.0, "oneh-in": 0.011135857461024499, "oneh-out": 0.026726057906458798, "alternate": 0.33407572383073497, "sfR": 0.10690423162583519, "dsfb": 0.0, "dsfb-red": 0.0022271714922048997, "sfb": 0.004454342984409799}, "monkeyracer": {"unknown": 0.014407737303908536, "roll-out": 0.22101345856077076, "bad-redirect": 0.001518095938189155, "dsfb-alt": 0.03748807419803869, "roll-in": 0.20658030561333812, "sfT": 0.0006060653455745499, "redirect": 0.02540880085083754, "sft": 0.0, "oneh-in": 0.006930650484070257, "oneh-out": 0.02392198570467804, "alternate": 0.33699677025822294, "sfR": 0.09690789370786869, "dsfb": 0.0, "dsfb-red": 0.010780142953219576, "sfb": 0.017440019081283138}, "chained-bigrams": {"unknown": 0.023895061972886336, "roll-out": 0.19970080039789392, "bad-redirect": 0.002716041526930886, "dsfb-alt": 0.056417435389313354, "roll-in": 0.17599858191855253, "sfT": 0.0002460864782947181, "redirect": 0.030830285388891307, "sft": 0.0, "oneh-in": 0.009112342048517345, "oneh-out": 0.009479848504229246, "alternate": 0.3335173029960866, "sfR": 0.11914286586209158, "dsfb": 0.0, "dsfb-red": 0.015775506798544777, "sfb": 0.02316784071776738}, "english-5k": {"unknown": 0.002157049819554486, "roll-out": 0.16824988592524992, "bad-redirect": 0.001078524909777243, "dsfb-alt": 0.04894843821296719, "roll-in": 0.2433318123366657, "sfT": 0.0008711162732816195, "redirect": 0.0234786576513046, "sft": 0.0, "oneh-in": 0.008047455096030198, "oneh-out": 0.009333388642303065, "alternate": 0.3498154063135189, "sfR": 0.10644211224955408, "dsfb": 0.0, "dsfb-red": 0.010287468370182934, "sfb": 0.027958684199610073}, "mt-quotes": {"unknown": 0.008887056095432758, "roll-out": 0.2257174788730711, "bad-redirect": 0.0014313718459019137, "dsfb-alt": 0.036673300582111136, "roll-in": 0.20496706948279367, "sfT": 0.0005423674113386166, "redirect": 0.025421044453209977, "sft": 0.0, "oneh-in": 0.006892399086790739, "oneh-out": 0.025562986337720084, "alternate": 0.34066799344975557, "sfR": 0.0964592223377679, "dsfb": 0.0, "dsfb-red": 0.010735288844264352, "sfb": 0.01604242119984222}, "wordle": {"unknown": 0.0, "roll-out": 0.18882531134298217, "bad-redirect": 0.003163917872770111, "dsfb-alt": 0.054796364860316395, "roll-in": 0.20105463929092338, "sfT": 0.0011892740940199708, "redirect": 0.026388421406933694, "sft": 0.0, "oneh-in": 0.010299562436889936, "oneh-out": 0.00888589700437563, "alternate": 0.32063278357455405, "sfR": 0.13138112868843263, "dsfb": 0.0, "dsfb-red": 0.014809828340626052, "sfb": 0.03857287108717603}, "english-1k": {"unknown": 0.0, "roll-out": 0.20606916019760058, "bad-redirect": 0.0, "dsfb-alt": 0.038461538461538464, "roll-in": 0.24664784756527877, "sfT": 0.002117148906139732, "redirect": 0.022230063514467185, "sft": 0.0, "oneh-in": 0.011291460832745237, "oneh-out": 0.011644318983768526, "alternate": 0.3228652081863091, "sfR": 0.10832745236414962, "dsfb": 0.0, "dsfb-red": 0.008821453775582216, "sfb": 0.021524347212420608}, "english-10k": {"unknown": 0.0, "roll-out": 0.17164855946430985, "bad-redirect": 0.0010227513942224194, "dsfb-alt": 0.050172709905250766, "roll-in": 0.24040446923062078, "sfT": 0.0010613457864572277, "redirect": 0.02628278111190444, "sft": 0.0, "oneh-in": 0.007718878446961656, "oneh-out": 0.008818818625653693, "alternate": 0.3498774628046545, "sfR": 0.10567144593890508, "dsfb": 0.0, "dsfb-red": 0.009397734509175817, "sfb": 0.027923042781883792}, "reddit": {"unknown": 0.04712745652739438, "roll-out": 0.20573487980009728, "bad-redirect": 0.0012950151487143586, "dsfb-alt": 0.03894975406398887, "roll-in": 0.199500730138628, "sfT": 0.0005904037478389414, "redirect": 0.024187862412178754, "sft": 0.0, "oneh-in": 0.006043416513138094, "oneh-out": 0.019462984303283686, "alternate": 0.3256048201697682, "sfR": 0.10397777127267367, "dsfb": 0.0, "dsfb-red": 0.009203848299723733, "sfb": 0.018321057602571977}, "akl": {"unknown": 0.1393782771700298, "roll-out": 0.16922580186237504, "bad-redirect": 0.0007127896160273076, "dsfb-alt": 0.03353809923378514, "roll-in": 0.16822694762801213, "sfT": 0.0014404037933779326, "redirect": 0.02002365851741588, "sft": 0.0, "oneh-in": 0.006189526136109289, "oneh-out": 0.016552487483561105, "alternate": 0.2802003430749397, "sfR": 0.13064861186637447, "dsfb": 0.0, "dsfb-red": 0.009305204189430913, "sfb": 0.024557849428561342}, "french": {"unknown": 0.15856935009819023, "roll-out": 0.18792125839411802, "bad-redirect": 0.002813604222349478, "dsfb-alt": 0.0344165337290696, "roll-in": 0.17538791687470823, "sfT": 0.0056817423362615785, "redirect": 0.01881429746197321, "sft": 0.0, "oneh-in": 0.005557078459422957, "oneh-out": 0.01028285965479777, "alternate": 0.24882087314063964, "sfR": 0.10898279115633469, "dsfb": 0.0, "dsfb-red": 0.010999845492301185, "sfb": 0.03175184897983344}, "keymash": {"unknown": 0.013447558217336513, "roll-out": 0.22078870996211203, "bad-redirect": 0.0014531244227524805, "dsfb-alt": 0.037559571944025975, "roll-in": 0.20781321193860755, "sfT": 0.0006608842713648286, "redirect": 0.0251792802518749, "sft": 0.0, "oneh-in": 0.007134266233739579, "oneh-out": 0.023057061815256165, "alternate": 0.3341201003230534, "sfR": 0.099723742164827, "dsfb": 0.0, "dsfb-red": 0.011107781604429977, "sfb": 0.01795470685061963}, "movie": {"unknown": 0.03049740429843284, "roll-out": 0.2057255850807004, "bad-redirect": 0.0016578695704870265, "dsfb-alt": 0.03733535958911997, "roll-in": 0.1941730056248864, "sfT": 0.00045822367395108955, "redirect": 0.023178722103396686, "sft": 0.0, "oneh-in": 0.0047062019034574566, "oneh-out": 0.03279865570175929, "alternate": 0.3244453907791237, "sfR": 0.11567713207251198, "dsfb": 0.0, "dsfb-red": 0.011642855573082925, "sfb": 0.01770359402909023}, "dutch": {"unknown": 0.07395877043379863, "roll-out": 0.11058734862689026, "bad-redirect": 0.002168370946820169, "dsfb-alt": 0.03906998134372583, "roll-in": 0.24627703815841562, "sfT": 0.0005710061424087346, "redirect": 0.020673201628302596, "sft": 0.0,