{"english-450k": {"dsfb-red": 0.012390216692851142, "alternate": 0.351489299252003, "unknown": 0.00015377410175167997, "bad-redirect": 0.0018046530990743735, "dsfb-alt": 0.05282169629790312, "sfb": 0.03603751620328819, "roll-in": 0.2228327060558346, "sfR": 0.11369548401129392, "dsfb": 0.0, "redirect": 0.02576564008323681, "oneh-out": 0.007917319816804177, "oneh-in": 0.007807397645209819, "sfT": 0.001139857837889354, "roll-out": 0.1661444389028598, "sft": 0.0}, "shai": {"dsfb-red": 0.009286670497855328, "alternate": 0.3280425322319904, "unknown": 0.024458529808185636, "bad-redirect": 0.0015285560309793713, "dsfb-alt": 0.04495008798213295, "sfb": 0.02143864333811303, "roll-in": 0.21685316876561517, "sfR": 0.09823378925716947, "dsfb": 0.0, "redirect": 0.024790858589815005, "oneh-out": 0.01510203713548877, "oneh-in": 0.007724983767505472, "sfT": 0.0008704665514626585, "roll-out": 0.20671967604368668, "sft": 0.0}, "tr-quotes": {"dsfb-red": 0.010828459813689004, "alternate": 0.3370333556783246, "unknown": 0.01482859850673817, "bad-redirect": 0.001473613647396038, "dsfb-alt": 0.03769099188645662, "sfb": 0.017560851575321883, "roll-in": 0.20726173689928573, "sfR": 0.09677191928064538, "dsfb": 0.0, "redirect": 0.0252814313122674, "oneh-out": 0.02340907514851714, "oneh-in": 0.006951989089480132, "sfT": 0.0006171840687917524, "roll-out": 0.22029079309308616, "sft": 0.0}, "gutenberg": {"dsfb-red": 0.008208106151277391, "alternate": 0.31244622363466285, "unknown": 0.03803056979172942, "bad-redirect": 0.00146813502901982, "dsfb-alt": 0.03944168435058989, "sfb": 0.017594698498107336, "roll-in": 0.209173627521072, "sfR": 0.09863878308844841, "dsfb": 0.0, "redirect": 0.023237451802547774, "oneh-out": 0.013905417247763983, "oneh-in": 0.005995105711405193, "sfT": 0.0008911106034205462, "roll-out": 0.2309690865699554, "sft": 0.0}, "english-200": {"dsfb-red": 0.0022271714922048997, "alternate": 0.33407572383073497, "unknown": 0.0, "bad-redirect": 0.0, "dsfb-alt": 0.044543429844097995, "sfb": 0.004454342984409799, "roll-in": 0.24276169265033407, "sfR": 0.10690423162583519, "dsfb": 0.0, "redirect": 0.017817371937639197, "oneh-out": 0.026726057906458798, "oneh-in": 0.011135857461024499, "sfT": 0.0, "roll-out": 0.20935412026726058, "sft": 0.0}, "monkeyracer": {"dsfb-red": 0.010780142953219576, "alternate": 0.33699677025822294, "unknown": 0.014407737303908536, "bad-redirect": 0.001518095938189155, "dsfb-alt": 0.03748807419803869, "sfb": 0.017440019081283138, "roll-in": 0.20658030561333812, "sfR": 0.09690789370786869, "dsfb": 0.0, "redirect": 0.02540880085083754, "oneh-out": 0.02392198570467804, "oneh-in": 0.006930650484070257, "sfT": 0.0006060653455745499, "roll-out": 0.22101345856077076, "sft": 0.0}, "chained-bigrams": {"dsfb-red": 0.015775506798544777, "alternate": 0.3335173029960866, "unknown": 0.023895061972886336, "bad-redirect": 0.002716041526930886, "dsfb-alt": 0.056417435389313354, "sfb": 0.02316784071776738, "roll-in": 0.17599858191855253, "sfR": 0.11914286586209158, "dsfb": 0.0, "redirect": 0.030830285388891307, "oneh-out": 0.009479848504229246, "oneh-in": 0.009112342048517345, "sfT": 0.0002460864782947181, "roll-out": 0.19970080039789392, "sft": 0.0}, "english-5k": {"dsfb-red": 0.010287468370182934, "alternate": 0.3498154063135189, "unknown": 0.002157049819554486, "bad-redirect": 0.001078524909777243, "dsfb-alt": 0.04894843821296719, "sfb": 0.027958684199610073, "roll-in": 0.2433318123366657, "sfR": 0.10644211224955408, "dsfb": 0.0, "redirect": 0.0234786576513046, "oneh-out": 0.009333388642303065, "oneh-in": 0.008047455096030198, "sfT": 0.0008711162732816195, "roll-out": 0.16824988592524992, "sft": 0.0}, "mt-quotes": {"dsfb-red": 0.010735288844264352, "alternate": 0.34066799344975557, "unknown": 0.008887056095432758, "bad-redirect": 0.0014313718459019137, "dsfb-alt": 0.036673300582111136, "sfb": 0.01604242119984222, "roll-in": 0.20496706948279367, "sfR": 0.0964592223377679, "dsfb": 0.0, "redirect": 0.025421044453209977, "oneh-out": 0.025562986337720084, "oneh-in": 0.006892399086790739, "sfT": 0.0005423674113386166, "roll-out": 0.2257174788730711, "sft": 0.0}, "wordle": {"dsfb-red": 0.014809828340626052, "alternate": 0.32063278357455405, "unknown": 0.0, "bad-redirect": 0.003163917872770111, "dsfb-alt": 0.054796364860316395, "sfb": 0.03857287108717603, "roll-in": 0.20105463929092338, "sfR": 0.13138112868843263, "dsfb": 0.0, "redirect": 0.026388421406933694, "oneh-out": 0.00888589700437563, "oneh-in": 0.010299562436889936, "sfT": 0.0011892740940199708, "roll-out": 0.18882531134298217, "sft": 0.0}, "english-1k": {"dsfb-red": 0.008821453775582216, "alternate": 0.3228652081863091, "unknown": 0.0, "bad-redirect": 0.0, "dsfb-alt": 0.038461538461538464, "sfb": 0.021524347212420608, "roll-in": 0.24664784756527877, "sfR": 0.10832745236414962, "dsfb": 0.0, "redirect": 0.022230063514467185, "oneh-out": 0.011644318983768526, "oneh-in": 0.011291460832745237, "sfT": 0.002117148906139732, "roll-out": 0.20606916019760058, "sft": 0.0}, "english-10k": {"dsfb-red": 0.009397734509175817, "alternate": 0.3498774628046545, "unknown": 0.0, "bad-redirect": 0.0010227513942224194, "dsfb-alt": 0.050172709905250766, "sfb": 0.027923042781883792, "roll-in": 0.24040446923062078, "sfR": 0.10567144593890508, "dsfb": 0.0, "redirect": 0.02628278111190444, "oneh-out": 0.008818818625653693, "oneh-in": 0.007718878446961656, "sfT": 0.0010613457864572277, "roll-out": 0.17164855946430985, "sft": 0.0}, "reddit": {"dsfb-red": 0.009203848299723733, "alternate": 0.3256048201697682, "unknown": 0.04712745652739438, "bad-redirect": 0.0012950151487143586, "dsfb-alt": 0.03894975406398887, "sfb": 0.018321057602571977, "roll-in": 0.199500730138628, "sfR": 0.10397777127267367, "dsfb": 0.0, "redirect": 0.024187862412178754, "oneh-out": 0.019462984303283686, "oneh-in": 0.006043416513138094, "sfT": 0.0005904037478389414, "roll-out": 0.20573487980009728, "sft": 0.0}, "akl": {"dsfb-red": 0.009305204189430913, "alternate": 0.2802003430749397, "unknown": 0.1393782771700298, "bad-redirect": 0.0007127896160273076, "dsfb-alt": 0.03353809923378514, "sfb": 0.024557849428561342, "roll-in": 0.16822694762801213, "sfR": 0.13064861186637447, "dsfb": 0.0, "redirect": 0.02002365851741588, "oneh-out": 0.016552487483561105, "oneh-in": 0.006189526136109289, "sfT": 0.0014404037933779326, "roll-out": 0.16922580186237504, "sft": 0.0}, "french": {"dsfb-red": 0.010999845492301185, "alternate": 0.24882087314063964, "unknown": 0.15856935009819023, "bad-redirect": 0.002813604222349478, "dsfb-alt": 0.0344165337290696, "sfb": 0.03175184897983344, "roll-in": 0.17538791687470823, "sfR": 0.10898279115633469, "dsfb": 0.0, "redirect": 0.01881429746197321, "oneh-out": 0.01028285965479777, "oneh-in": 0.005557078459422957, "sfT": 0.0056817423362615785, "roll-out": 0.18792125839411802, "sft": 0.0}, "keymash": {"dsfb-red": 0.011107781604429977, "alternate": 0.3341201003230534, "unknown": 0.013447558217336513, "bad-redirect": 0.0014531244227524805, "dsfb-alt": 0.037559571944025975, "sfb": 0.01795470685061963, "roll-in": 0.20781321193860755, "sfR": 0.099723742164827, "dsfb": 0.0, "redirect": 0.0251792802518749, "oneh-out": 0.023057061815256165, "oneh-in": 0.007134266233739579, "sfT": 0.0006608842713648286, "roll-out": 0.22078870996211203, "sft": 0.0}, "movie": {"dsfb-red": 0.011642855573082925, "alternate": 0.3244453907791237, "unknown": 0.03049740429843284, "bad-redirect": 0.0016578695704870265, "dsfb-alt": 0.03733535958911997, "sfb": 0.01770359402909023, "roll-in": 0.1941730056248864, "sfR": 0.11567713207251198, "dsfb": 0.0, "redirect": 0.023178722103396686, "oneh-out": 0.03279865570175929, "oneh-in": 0.0047062019034574566, "sfT": 0.00045822367395108955, "roll-out": 0.2057255850807004, "sft": 0.0}, "dutch": {"dsfb-red": 0.00871673286297513, "alternate": 0.25609821829228624, "unknown": 0.07395877043379863, "bad-redirect": 0.002168370946820169, "dsfb-alt": 0.03906998134372583, "sfb": 0.04192094176547819, "roll-in": 0.24627703815841562,