{"shai": {"redirect": 0.03176597774422047, "sfb": 0.041966633670141466, "sfT": 0.0005711639681660424, "roll-in": 0.19547448967111744, "oneh-in": 0.0037701303832354946, "unknown": 0.024458409825512683, "roll-out": 0.2526785860808333, "alternate": 0.2769571418795882, "dsfb": 0.0, "bad-redirect": 0.0013506836535296734, "dsfb-alt": 0.046380401426415946, "sft": 0.0, "dsfb-red": 0.020963055244976752, "oneh-out": 0.005429537195093065, "sfR": 0.09823378925716947}}