{"english-450k": {"oneh-out": 0.004251006109450909, "dsfb-alt": 0.06424570879628791, "dsfb": 0.0, "sft": 0.0, "oneh-in": 0.0011503823011271115, "sfb": 0.04333301565046153, "bad-redirect": 0.0005358705865224894, "roll-out": 0.18936228184395612, "dsfb-red": 0.008317249419838964, "sfR": 0.11369548401129392, "roll-in": 0.1841824918537731, "redirect": 0.022302799331813523, "unknown": 0.0001543587941537776, "alternate": 0.36673895413731267, "sfT": 0.0017303971640079728}, "shai": {"oneh-out": 0.012010149450417432, "dsfb-alt": 0.06216794601739579, "dsfb": 0.0, "sft": 0.0, "oneh-in": 0.0013319160412344066, "sfb": 0.019443877214531807, "bad-redirect": 0.0005072557779784886, "roll-out": 0.22540734891549596, "dsfb-red": 0.00832041132846983, "sfR": 0.09823378925716947, "roll-in": 0.18532323564318298, "redirect": 0.01860738898196792, "unknown": 0.06456276146546681, "alternate": 0.3038981557656861, "sfT": 0.00018576414100301798}, "tr-quotes": {"oneh-out": 0.020098934375072236, "dsfb-alt": 0.06127112179561268, "dsfb": 0.0, "sft": 0.0, "oneh-in": 0.001999491458819722, "sfb": 0.018774415755530384, "bad-redirect": 0.0005894454589584152, "roll-out": 0.23734310348813017, "dsfb-red": 0.008727260118813713, "sfR": 0.09677191928064538, "roll-in": 0.1697348651210097, "redirect": 0.018619541850627586, "unknown": 0.09006264302720696, "alternate": 0.2758304246318855, "sfT": 0.00017683363768752455}, "gutenberg": {"oneh-out": 0.015089018236320865, "dsfb-alt": 0.05675904740579593, "dsfb": 0.0, "sft": 0.0, "oneh-in": 0.0016778415421972318, "sfb": 0.01897152500016102, "bad-redirect": 0.0007579365485301032, "roll-out": 0.2560755216236399, "dsfb-red": 0.010029919644707534, "sfR": 0.09863878308844841, "roll-in": 0.17454913099666858, "redirect": 0.01810523061465036, "unknown": 0.09436925698728084, "alternate": 0.25489646711775354, "sfT": 8.032119384572951e-05}, "english-200": {"oneh-out": 0.017817371937639197, "dsfb-alt": 0.0757238307349666, "dsfb": 0.0, "sft": 0.0, "oneh-in": 0.004454342984409799, "sfb": 0.011135857461024499, "bad-redirect": 0.0, "roll-out": 0.27839643652561247, "dsfb-red": 0.0066815144766146995, "sfR": 0.10690423162583519, "roll-in": 0.17817371937639198, "redirect": 0.013363028953229399, "unknown": 0.0, "alternate": 0.30734966592427615, "sfT": 0.0}, "monkeyracer": {"oneh-out": 0.020441020066628086, "dsfb-alt": 0.06106499366563961, "dsfb": 0.0, "sft": 0.0, "oneh-in": 0.0020459593036895696, "sfb": 0.018709823732736913, "bad-redirect": 0.0005777171277976758, "roll-out": 0.23803411952390635, "dsfb-red": 0.008724408402020739, "sfR": 0.09690789370786869, "roll-in": 0.16959467913727574, "redirect": 0.01865214977243224, "unknown": 0.0900202543128392, "alternate": 0.2750617795642586, "sfT": 0.0001652016829066112}, "chained-bigrams": {"oneh-out": 0.006876136689026556, "dsfb-alt": 0.06057233611387246, "dsfb": 0.0, "sft": 0.0, "oneh-in": 0.0049353649644278425, "sfb": 0.020439462401687154, "bad-redirect": 0.0013492551501224914, "roll-out": 0.21607756334129596, "dsfb-red": 0.013354898906505968, "sfR": 0.11914286586209158, "roll-in": 0.16868026873422595, "redirect": 0.021804300864419337, "unknown": 0.05987563217928082, "alternate": 0.30681464753468746, "sfT": 7.726725835638906e-05}, "english-5k": {"oneh-out": 0.005060770730493218, "dsfb-alt": 0.06462853113203634, "dsfb": 0.0, "sft": 0.0, "oneh-in": 0.0009540797278798689, "sfb": 0.02285643174181773, "bad-redirect": 0.00020740863649562367, "roll-out": 0.1894885303024018, "dsfb-red": 0.008918571369311817, "sfR": 0.10644211224955408, "roll-in": 0.21292570622640727, "redirect": 0.019164558012195628, "unknown": 0.0022400132741527356, "alternate": 0.36673995105156176, "sfT": 0.0003733355456921226}, "mt-quotes": {"oneh-out": 0.021812732336453068, "dsfb-alt": 0.06139808273867154, "dsfb": 0.0, "sft": 0.0, "oneh-in": 0.002164987270054147, "sfb": 0.018143161090591792, "bad-redirect": 0.0006200619165441484, "roll-out": 0.24382627508636043, "dsfb-red": 0.008797408589426375, "sfR": 0.0964592223377679, "roll-in": 0.16987305913149497, "redirect": 0.018724375754533177, "unknown": 0.0857358864943044, "alternate": 0.27231027599478846, "sfT": 0.00013447125900957436}, "wordle": {"oneh-out": 0.0067093010209805905, "dsfb-alt": 0.06273981824301582, "dsfb": 0.0, "sft": 0.0, "oneh-in": 0.0023561090541905083, "sfb": 0.03911141029956244, "bad-redirect": 0.0023112307864916414, "roll-out": 0.20136878716481543, "dsfb-red": 0.01420397172669135, "sfR": 0.13138112868843263, "roll-in": 0.16977448670481318, "redirect": 0.03092112644451924, "unknown": 0.0, "alternate": 0.3385840906541008, "sfT": 0.0005385392123864019}, "english-1k": {"oneh-out": 0.010938602681721948, "dsfb-alt": 0.06880733944954129, "dsfb": 0.0, "sft": 0.0, "oneh-in": 0.0014114326040931546, "sfb": 0.019760056457304165, "bad-redirect": 0.00035285815102328866, "roll-out": 0.2332392378263938, "dsfb-red": 0.009527170077628794, "sfR": 0.10832745236414962, "roll-in": 0.19830628087508823, "redirect": 0.016584333098094567, "unknown": 0.0, "alternate": 0.3327452364149612, "sfT": 0.0}, "english-10k": {"oneh-out": 0.004554138283707377, "dsfb-alt": 0.0666139209972791, "dsfb": 0.0, "sft": 0.0, "oneh-in": 0.0007139962563439532, "sfb": 0.02526002971768202, "bad-redirect": 0.0005596186874047201, "roll-out": 0.18913181914667798, "dsfb-red": 0.008027633584840124, "sfR": 0.10567144593890508, "roll-in": 0.21821269369560603, "redirect": 0.022925068987476118, "unknown": 0.0, "alternate": 0.3579629879778468, "sfT": 0.00036664672623067866}, "reddit": {"oneh-out": 0.015504634699386467, "dsfb-alt": 0.05874610934530622, "dsfb": 0.0, "sft": 0.0, "oneh-in": 0.001361127483122158, "sfb": 0.021669525603733905, "bad-redirect": 0.0003439339685736048, "roll-out": 0.22860761243263986, "dsfb-red": 0.009928686703760743, "sfR": 0.10397777127267367, "roll-in": 0.16385056215149388, "redirect": 0.01817789536908381, "unknown": 0.10396709590989395, "alternate": 0.27362239593721915, "sfT": 0.00024264912311259117}, "akl": {"oneh-out": 0.014308592466459368, "dsfb-alt": 0.05205568115116079, "dsfb": 0.0, "sft": 0.0, "oneh-in": 0.0013505916593608345, "sfb": 0.023188405868717687, "bad-redirect": 0.000505171634694247, "roll-out": 0.19428627804260346, "dsfb-red": 0.008763465303472483, "sfR": 0.13064861186637447, "roll-in": 0.15026239597080282, "redirect": 0.02004285632432958, "unknown": 0.17107002670620014, "alternate": 0.23330909435198297, "sfT": 0.00020882865384113156}, "french": {"oneh-out": 0.007199028014284823, "dsfb-alt": 0.042144959982985425, "dsfb": 0.0, "sft": 0.0, "oneh-in": 0.0010230348311411233, "sfb": 0.016406266585363226, "bad-redirect": 0.001251462920332142, "roll-out": 0.15430586348851535, "dsfb-red": 0.008019748100463953, "sfR": 0.10898279115633469, "roll-in": 0.1822757870884809, "redirect": 0.024639415991161793, "unknown": 0.21023212216107084, "alternate": 0.24339211412661058, "sfT": 0.00012740555325509428}, "keymash": {"oneh-out": 0.019580235865902067, "dsfb-alt": 0.06210670202329104, "dsfb": 0.0, "sft": 0.0, "oneh-in": 0.0017117313115474133, "sfb": 0.018615591121984458, "bad-redirect": 0.0005664722325984245, "roll-out": 0.24071785988432473, "dsfb-red": 0.008973248554059102, "sfR": 0.099723742164827, "roll-in": 0.1705081420121258, "redirect": 0.01880852007076798, "unknown": 0.0849421007910087, "alternate": 0.2735937737312869, "sfT": 0.0001518802362763892}, "movie": {"oneh-out": 0.029171161281178654, "dsfb-alt": 0.05559390170352086, "dsfb": 0.0, "sft": 0.0, "oneh-in": 0.0011700363828544334, "sfb": 0.015181653050457638, "bad-redirect": 0.0005259965608220864, "roll-out": 0.22257695150711768, "dsfb-red": 0.008820608326800598, "sfR": 0.11567713207251198, "roll-in": 0.1380029685840428, "redirect": 0.016096916017812556, "unknown": 0.15450046842250645, "alternate": 0.242598378267196, "sfT": 8.382782317830099e-05}, "dutch": {"oneh-out": 0.002883379297728968, "dsfb-alt": 0.055149474866208484, "dsfb": 0.0, "sft": 0.0, "oneh-in": 0.0033071198270868962, "sfb": 0.05518904812908479, "bad-redirect": 0.00030369386195562066,