{"english-450k": {"roll-out": 0.1425012322392374, "dsfb": 0.0, "unknown": 0.00015377410175167997, "dsfb-red": 0.010647540988399118, "alternate": 0.341291386720817, "redirect": 0.026607889488458464, "oneh-out": 0.005455764803973102, "sfR": 0.11369548401129392, "sft": 0.0, "sfb": 0.05054344235312965, "dsfb-alt": 0.050309565392290596, "roll-in": 0.23826244620099035, "sfT": 0.001998478630369742, "oneh-in": 0.015481485422741376, "bad-redirect": 0.003051509646547596}, "shai": {"roll-out": 0.14884046035571225, "dsfb": 0.0, "unknown": 0.024052709704167625, "dsfb-red": 0.011505548772879147, "alternate": 0.29820158358550336, "redirect": 0.023782535817537163, "oneh-out": 0.008671751558149176, "sfR": 0.09823378925716947, "sft": 0.0, "sfb": 0.04982032401204719, "dsfb-alt": 0.034413778593419125, "roll-in": 0.26895601605507496, "sfT": 0.001104978491364189, "oneh-in": 0.026196324009570126, "bad-redirect": 0.006220199787406185}, "tr-quotes": {"roll-out": 0.14764221816416634, "dsfb": 0.0, "unknown": 0.013890108874043596, "dsfb-red": 0.010935946926793186, "alternate": 0.2881868195372275, "redirect": 0.02637826217609394, "oneh-out": 0.008937611243383185, "sfR": 0.09677191928064538, "sft": 0.0, "sfb": 0.05371119484061857, "dsfb-alt": 0.030554078731420912, "roll-in": 0.2779732322415108, "sfT": 0.000718892304847322, "oneh-in": 0.037322299530755186, "bad-redirect": 0.0069774161484940245}, "gutenberg": {"roll-out": 0.1368663671292334, "dsfb": 0.0, "unknown": 0.03296484091288825, "dsfb-red": 0.010375262890888583, "alternate": 0.2630570246377685, "redirect": 0.02794969165375655, "oneh-out": 0.01104094372856286, "sfR": 0.09863878308844841, "sft": 0.0, "sfb": 0.04904385575071332, "dsfb-alt": 0.029596465564371944, "roll-in": 0.29961794390625457, "sfT": 0.0007899513640016322, "oneh-in": 0.030852052528545282, "bad-redirect": 0.009206816844566744}, "english-200": {"roll-out": 0.1603563474387528, "dsfb": 0.0, "unknown": 0.0, "dsfb-red": 0.008908685968819599, "alternate": 0.2806236080178174, "redirect": 0.013363028953229399, "oneh-out": 0.004454342984409799, "sfR": 0.10690423162583519, "sft": 0.0, "sfb": 0.04899777282850779, "dsfb-alt": 0.028953229398663696, "roll-in": 0.3028953229398664, "sfT": 0.0, "oneh-in": 0.035634743875278395, "bad-redirect": 0.008908685968819599}, "monkeyracer": {"roll-out": 0.14793273065674023, "dsfb": 0.0, "unknown": 0.013484953939033737, "dsfb-red": 0.0109531648341336, "alternate": 0.28722316499053757, "redirect": 0.026667852730031125, "oneh-out": 0.008915025728451445, "sfR": 0.09690789370786869, "sft": 0.0, "sfb": 0.05413434318156936, "dsfb-alt": 0.03049681717941098, "roll-in": 0.2778056915401098, "sfT": 0.0007077279196709261, "oneh-in": 0.037869308850900105, "bad-redirect": 0.006901324741542456}, "chained-bigrams": {"roll-out": 0.11865913386649905, "dsfb": 0.0, "unknown": 0.023120441475246233, "dsfb-red": 0.01649428709266682, "alternate": 0.2887185257666827, "redirect": 0.033656708713474176, "oneh-out": 0.00922402245555347, "sfR": 0.11914286586209158, "sft": 0.0, "sfb": 0.051293122759493, "dsfb-alt": 0.04355016430655233, "roll-in": 0.26513707796006647, "sfT": 0.0008564328888409846, "oneh-in": 0.023445743125973553, "bad-redirect": 0.006701473726859593}, "english-5k": {"roll-out": 0.15787945410046875, "dsfb": 0.0, "unknown": 0.002157049819554486, "dsfb-red": 0.010909694279669806, "alternate": 0.33235159912058737, "redirect": 0.022275687559629984, "oneh-out": 0.007425229186543328, "sfR": 0.10644211224955408, "sft": 0.0, "sfb": 0.0466254614842162, "dsfb-alt": 0.040154312025552745, "roll-in": 0.2526652009789688, "sfT": 0.002032604637657112, "oneh-in": 0.015970465010163023, "bad-redirect": 0.003111129547434355}, "mt-quotes": {"roll-out": 0.1483830578166649, "dsfb": 0.0, "unknown": 0.00799058103536893, "dsfb-red": 0.010808500974169565, "alternate": 0.2849251742149867, "redirect": 0.026761274668005403, "oneh-out": 0.008724196459521162, "sfR": 0.0964592223377679, "sft": 0.0, "sfb": 0.055285616954136335, "dsfb-alt": 0.029676312738312952, "roll-in": 0.2831531418462605, "sfT": 0.0006574150440468079, "oneh-in": 0.040102317686855286, "bad-redirect": 0.007073188223903611}, "wordle": {"roll-out": 0.1555480758442724, "dsfb": 0.0, "unknown": 0.0, "dsfb-red": 0.017278133064063728, "alternate": 0.3124873779872097, "redirect": 0.025805003926848424, "oneh-out": 0.006417592280937956, "sfR": 0.13138112868843263, "sft": 0.0, "sfb": 0.05374172556939302, "dsfb-alt": 0.053764164703242454, "roll-in": 0.219881072590598, "sfT": 0.00190732637720184, "oneh-in": 0.017188376528665995, "bad-redirect": 0.0046000224391338496}, "english-1k": {"roll-out": 0.17784050811573748, "dsfb": 0.0, "unknown": 0.0, "dsfb-red": 0.012702893436838392, "alternate": 0.3165137614678899, "redirect": 0.02399435426958363, "oneh-out": 0.00529287226534933, "sfR": 0.10832745236414962, "sft": 0.0, "sfb": 0.04234297812279464, "dsfb-alt": 0.02893436838390967, "roll-in": 0.255469301340861, "sfT": 0.002117148906139732, "oneh-in": 0.021877205363443897, "bad-redirect": 0.0045871559633027525}, "english-10k": {"roll-out": 0.15476351286158122, "dsfb": 0.0, "unknown": 0.0, "dsfb-red": 0.01103799617915517, "alternate": 0.3369290442098763, "redirect": 0.025067057756507978, "oneh-out": 0.006503155091565196, "sfR": 0.10567144593890508, "sft": 0.0, "sfb": 0.05055865382759885, "dsfb-alt": 0.042608209027228346, "roll-in": 0.2484899944038131, "sfT": 0.0017174504544489686, "oneh-in": 0.013643117655004727, "bad-redirect": 0.003010362594315046}, "reddit": {"roll-out": 0.14712796220247343, "dsfb": 0.0, "unknown": 0.04413374768723884, "dsfb-red": 0.011884862653966356, "alternate": 0.277663264222533, "redirect": 0.023283977572748384, "oneh-out": 0.008777170905253907, "sfR": 0.10397777127267367, "sft": 0.0, "sfb": 0.05548510440411155, "dsfb-alt": 0.03080081889396874, "roll-in": 0.2573996277107696, "sfT": 0.0010209392558747738, "oneh-in": 0.0309507234618441, "bad-redirect": 0.00749402975654367}, "akl": {"roll-out": 0.12167896162249685, "dsfb": 0.0, "unknown": 0.1386736163551281, "dsfb-red": 0.011608792773461208, "alternate": 0.2355488384919142, "redirect": 0.01998069199718047, "oneh-out": 0.006594409613451293, "sfR": 0.13064861186637447, "sft": 0.0, "sfb": 0.05558034414379054, "dsfb-alt": 0.028724835955728226, "roll-in": 0.21678203099109136, "sfT": 0.0016025597866528199, "oneh-in": 0.02719365643184718, "bad-redirect": 0.005382649970883326}, "french": {"roll-out": 0.15785121065913452, "dsfb": 0.0, "unknown": 0.15841440792606368, "dsfb-red": 0.01309430649242609, "alternate": 0.22085468001842107, "redirect": 0.027560454976257306, "oneh-out": 0.011410377826531676, "sfR": 0.10898279115633469, "sft": 0.0, "sfb": 0.036343812395143046, "dsfb-alt": 0.024899890232565024, "roll-in": 0.22710219649780652, "sfT": 0.0006041276492778012, "oneh-in": 0.010055749967380793, "bad-redirect": 0.002825994202657799}, "keymash": {"roll-out": 0.1480627060132259, "dsfb": 0.0, "unknown": 0.012376186820900362, "dsfb-red": 0.010836860101882905, "alternate": 0.2889829360502108, "redirect": 0.026394322142086014, "oneh-out": 0.008579180913990632, "sfR": 0.099723742164827, "sft": 0.0, "sfb": 0.05518178422333783, "dsfb-alt": 0.03076190515284488, "roll-in": 0.27580629933542133, "sfT": 0.0005952063313534171, "oneh-in": 0.035671331168697896, "bad-redirect": 0.007027539581221035}, "movie": {"roll-out": 0.14023815787239985, "dsfb": 0.0, "unknown": 0.030144722091026487, "dsfb-red": 0.013531152958931342, "alternate": 0.27346044017634635, "redirect": 0.030975762441687354, "oneh-out": 0.010707458136424585, "sfR": 0.11567713207251198, "sft": 0.0, "sfb": 0.051002584713147635, "dsfb-alt": 0.027942037468799797, "roll-in": 0.2502755329745362, "sfT": 0.0006827295865761782, "oneh-in": 0.047203749906730035, "bad-redirect": 0.008158539600882178}, "dutch": {"roll-out": 0.11006907695032621, "dsfb": 0.0, "unknown": 0.07358430372699806, "dsfb-red": 0.007289387849498524, "alternate": 0.2818497077406055, "redirect": 0.015911410257325186, "oneh-out": 0.0037681922700417776, "sfR": 0.18880787437283908,