{"english-450k": {"oneh-in": 0.017920237431890643, "sfb": 0.025575615052555078, "roll-in": 0.21103916795932412, "dsfb-alt": 0.030104350053002365, "unknown": 0.00015377410175167997, "roll-out": 0.2376622594502371, "sfR": 0.11369548401129392, "oneh-out": 0.03700108928194511, "sfT": 0.0001818393370523668, "sft": 0.0, "redirect": 0.08436935954548351, "dsfb": 0.0, "alternate": 0.19772835307937023, "bad-redirect": 0.015318648588757184, "dsfb-red": 0.029249822107336662}, "shai": {"oneh-in": 0.016736026972724145, "sfb": 0.0147066206903385, "roll-in": 0.22273440202029146, "dsfb-alt": 0.022795926038655167, "unknown": 0.023260762136131256, "roll-out": 0.2293946092326899, "sfR": 0.09823378925716947, "oneh-out": 0.0347004094582883, "sfT": 5.807161370966918e-05, "sft": 0.0, "redirect": 0.06451666876700851, "dsfb": 0.0, "alternate": 0.23515561210824884, "bad-redirect": 0.017857357941289304, "dsfb-red": 0.019849743763455475}, "tr-quotes": {"oneh-in": 0.01603985113612723, "sfb": 0.012898453572501791, "roll-in": 0.2268868033563718, "dsfb-alt": 0.020968077483183467, "unknown": 0.013835787429786644, "roll-out": 0.23704375765701208, "sfR": 0.09677191928064538, "oneh-out": 0.029868703913455537, "sfT": 0.00010401978687501444, "sft": 0.0, "redirect": 0.06110237858579321, "dsfb": 0.0, "alternate": 0.25167587434409744, "bad-redirect": 0.015557892790272995, "dsfb-red": 0.017246480663877396}, "gutenberg": {"oneh-in": 0.01663898995340992, "sfb": 0.014671310140967484, "roll-in": 0.20636162798935972, "dsfb-alt": 0.019312511200449495, "unknown": 0.032975828246008664, "roll-out": 0.2215343772815292, "sfR": 0.09863878308844841, "oneh-out": 0.028876984681763262, "sfT": 0.00023471216786523317, "sft": 0.0, "redirect": 0.06353842137786461, "dsfb": 0.0, "alternate": 0.25756127427300796, "bad-redirect": 0.01531009095617456, "dsfb-red": 0.0243450886431515}, "english-200": {"oneh-in": 0.015590200445434299, "sfb": 0.004454342984409799, "roll-in": 0.2561247216035635, "dsfb-alt": 0.0200445434298441, "unknown": 0.0, "roll-out": 0.22271714922049, "sfR": 0.10690423162583519, "oneh-out": 0.0334075723830735, "sfT": 0.0, "sft": 0.0, "redirect": 0.0757238307349666, "dsfb": 0.0, "alternate": 0.22048997772828507, "bad-redirect": 0.024498886414253896, "dsfb-red": 0.0200445434298441}, "monkeyracer": {"oneh-in": 0.015961024133131052, "sfb": 0.012811439385645244, "roll-in": 0.22681018033376604, "dsfb-alt": 0.02106077075871561, "unknown": 0.013436077701487402, "roll-out": 0.23757272784146893, "sfR": 0.09690789370786869, "oneh-out": 0.029965043714906863, "sfT": 9.677495034174266e-05, "sft": 0.0, "redirect": 0.06101709495284421, "dsfb": 0.0, "alternate": 0.25164615168056054, "bad-redirect": 0.0155270031437196, "dsfb-red": 0.01718781769554405}, "chained-bigrams": {"oneh-in": 0.0181298856119924, "sfb": 0.015348264311162391, "roll-in": 0.19655491916481235, "dsfb-alt": 0.03508258181726098, "unknown": 0.022916559801936097, "roll-out": 0.2440203907645498, "sfR": 0.11914286586209158, "oneh-out": 0.024327498897805284, "sfT": 9.285057096608097e-05, "sft": 0.0, "redirect": 0.05528829452980276, "dsfb": 0.0, "alternate": 0.22781699217393056, "bad-redirect": 0.016003412745461524, "dsfb-red": 0.02527548374822821}, "english-5k": {"oneh-in": 0.020077156012776372, "sfb": 0.016800099556145517, "roll-in": 0.23549176587713114, "dsfb-alt": 0.027129049653627578, "unknown": 0.002157049819554486, "roll-out": 0.23437175924005477, "sfR": 0.10644211224955408, "oneh-out": 0.04119135520803086, "sfT": 0.0, "sft": 0.0, "redirect": 0.07616045132119302, "dsfb": 0.0, "alternate": 0.2014352677645497, "bad-redirect": 0.015057867009582279, "dsfb-red": 0.023686066287800223}, "mt-quotes": {"oneh-in": 0.01601851519824052, "sfb": 0.01213229581286382, "roll-in": 0.2294408386225362, "dsfb-alt": 0.020587549754365834, "unknown": 0.007977133909467972, "roll-out": 0.23958744217735864, "sfR": 0.0964592223377679, "oneh-out": 0.02933415809038859, "sfT": 9.562400640680842e-05, "sft": 0.0, "redirect": 0.06023117103548846, "dsfb": 0.0, "alternate": 0.25613936003633714, "bad-redirect": 0.015428335783698498, "dsfb-red": 0.01656835323507967}, "wordle": {"oneh-in": 0.02091327274767194, "sfb": 0.0374733535285538, "roll-in": 0.22468304723437676, "dsfb-alt": 0.03318747896331201, "unknown": 0.0, "roll-out": 0.2196118029844048, "sfR": 0.13138112868843263, "oneh-out": 0.02939526534275777, "sfT": 0.0005834174800852687, "sft": 0.0, "redirect": 0.062470548636822616, "dsfb": 0.0, "alternate": 0.18658139795803882, "bad-redirect": 0.020531807472231572, "dsfb-red": 0.03318747896331201}, "english-1k": {"oneh-in": 0.025405786873676783, "sfb": 0.014467184191954835, "roll-in": 0.2455892731122089, "dsfb-alt": 0.02399435426958363, "unknown": 0.0, "roll-out": 0.22829922371206776, "sfR": 0.10832745236414962, "oneh-out": 0.029992942836979536, "sfT": 0.0, "sft": 0.0, "redirect": 0.06916019760056458, "dsfb": 0.0, "alternate": 0.2145377558221595, "bad-redirect": 0.016937191249117856, "dsfb-red": 0.02328863796753705}, "english-10k": {"oneh-in": 0.018756874626116825, "sfb": 0.01779201482024662, "roll-in": 0.22710870110572934, "dsfb-alt": 0.02632137550413925, "unknown": 0.0, "roll-out": 0.23882209914899366, "sfR": 0.10567144593890508, "oneh-out": 0.04224156230099767, "sfT": 7.718878446961657e-05, "sft": 0.0, "redirect": 0.0768800293317381, "dsfb": 0.0, "alternate": 0.2065378900445765, "bad-redirect": 0.017579745662955174, "dsfb-red": 0.022211072731132167}, "reddit": {"oneh-in": 0.014798525001980561, "sfb": 0.014971503336425444, "roll-in": 0.22093869401357494, "dsfb-alt": 0.024045674071435406, "unknown": 0.039285409944231534, "roll-out": 0.22512047708758123, "sfR": 0.10397777127267367, "oneh-out": 0.03383913951331958, "sfT": 9.61157224308288e-05, "sft": 0.0, "redirect": 0.05891227043053738, "dsfb": 0.0, "alternate": 0.2288901537008767, "bad-redirect": 0.017628057999807843, "dsfb-red": 0.017496207905124867}, "akl": {"oneh-in": 0.014079923608047197, "sfb": 0.021253627662809325, "roll-in": 0.18458827239330905, "dsfb-alt": 0.02018126831188495, "unknown": 0.13277008071454782, "roll-out": 0.19941767640665878, "sfR": 0.13064861186637447, "oneh-out": 0.03105456518289197, "sfT": 0.0010352979476160784, "sft": 0.0, "redirect": 0.046892607641078, "dsfb": 0.0, "alternate": 0.18452205601939822, "bad-redirect": 0.016676494939030655, "dsfb-red": 0.016879517306353488}, "french": {"oneh-in": 0.02102804385897218, "sfb": 0.01544813307791696, "roll-in": 0.14509456483924646, "dsfb-alt": 0.019788776155049922, "unknown": 0.15807953387545715, "roll-out": 0.24848325741361663, "sfR": 0.10898279115633469, "oneh-out": 0.03997109523965121, "sfT": 7.441479104163374e-05, "sft": 0.0, "redirect": 0.07165867213300013, "dsfb": 0.0, "alternate": 0.13468543825090754, "bad-redirect": 0.018969614180058294, "dsfb-red": 0.017735665028747228}, "keymash": {"oneh-in": 0.016481058071613583, "sfb": 0.012753834975965979, "roll-in": 0.22298481608124363, "dsfb-alt": 0.02059413906482823, "unknown": 0.01232282349464109, "roll-out": 0.2373477605874892, "sfR": 0.099723742164827, "oneh-out": 0.030248796246505727, "sfT": 9.030716751569087e-05, "sft": 0.0, "redirect": 0.06221342867580958, "dsfb": 0.0, "alternate": 0.2517722781624954, "bad-redirect": 0.015660083821470938, "dsfb-red": 0.017806931485593955}, "movie": {"oneh-in": 0.012899746529403103, "sfb": 0.012888034321769085, "roll-in": 0.21346577515272258, "dsfb-alt": 0.023938568023383358, "unknown": 0.030236445784519856, "roll-out": 0.23762200600112462, "sfR": 0.11567713207251198, "oneh-out": 0.030208678640578537, "sfT": 0.0002080561828020312, "sft": 0.0, "redirect": 0.05301708442619855, "dsfb": 0.0, "alternate": 0.23959228884041117, "bad-redirect": 0.013335730168633418, "dsfb-red": 0.016910453855941688}, "dutch": {"oneh-in": 0.011880890467627582, "sfb": 0.027930278186589923, "roll-in": 0.1213632359690011, "dsfb-alt": 0.022769508713092912, "unknown": 0.07290361491625476, "roll-out": 0.2367533478316954, "sfR": 0.18880787437283908, "oneh-out": 0.0338139096988706, "sfT": 0.00010464411515457295,