{"english-450k": {"oneh-out": 0.00963017620874922, "sfT": 0.0, "sfb": 0.019095176813905858, "redirect": 0.023631805161781465, "oneh-in": 0.005440562801518563, "unknown": 0.7329768268860276, "dsfb": 0.0, "sft": 0.0, "sfR": 0.11369548401129392, "dsfb-red": 0.018220476980367783, "roll-in": 0.01329590522370039, "bad-redirect": 0.0, "dsfb-alt": 0.005229196498160265, "alternate": 0.026567838058914776, "roll-out": 0.0322165513555801}, "shai": {"oneh-out": 0.008098009897719029, "sfT": 0.0, "sfb": 0.014896615188165343, "redirect": 0.019925483793359802, "oneh-in": 0.005056553639376363, "unknown": 0.7730967419517946, "dsfb": 0.0, "sft": 0.0, "sfR": 0.09823378925716947, "dsfb-red": 0.01285163825115733, "roll-in": 0.011578676276840123, "bad-redirect": 0.0, "dsfb-alt": 0.005047249176609231, "alternate": 0.021267222932141207, "roll-out": 0.02994801963566758}, "tr-quotes": {"oneh-out": 0.006141790527264742, "sfT": 0.0, "sfb": 0.012728554587272602, "redirect": 0.01961582025380828, "oneh-in": 0.00478259864543122, "unknown": 0.7961928758003745, "dsfb": 0.0, "sft": 0.0, "sfR": 0.09677191928064538, "dsfb-red": 0.010407757564550056, "roll-in": 0.01035112456947366, "bad-redirect": 0.0, "dsfb-alt": 0.004093756501236679, "alternate": 0.014918748988696516, "roll-out": 0.02399505328124639}, "gutenberg": {"oneh-out": 0.005428689745370449, "sfT": 0.0, "sfb": 0.016807020375440962, "redirect": 0.02064974541591413, "oneh-in": 0.0037230009968163254, "unknown": 0.7943193972273276, "dsfb": 0.0, "sft": 0.0, "sfR": 0.09863878308844841, "dsfb-red": 0.011859500046033138, "roll-in": 0.010255728284009679, "bad-redirect": 0.0, "dsfb-alt": 0.0031891681565869253, "alternate": 0.012565720354186155, "roll-out": 0.022563246309866284}, "english-200": {"oneh-out": 0.008908685968819599, "sfT": 0.0, "sfb": 0.008908685968819599, "redirect": 0.031180400890868598, "oneh-in": 0.0, "unknown": 0.7817371937639198, "dsfb": 0.0, "sft": 0.0, "sfR": 0.10690423162583519, "dsfb-red": 0.0066815144766146995, "roll-in": 0.011135857461024499, "bad-redirect": 0.0, "dsfb-alt": 0.0066815144766146995, "alternate": 0.013363028953229399, "roll-out": 0.024498886414253896}, "monkeyracer": {"oneh-out": 0.006168181178347436, "sfT": 0.0, "sfb": 0.012782113643117444, "redirect": 0.019672685612399706, "oneh-in": 0.004800624051800991, "unknown": 0.7963864820057244, "dsfb": 0.0, "sft": 0.0, "sfR": 0.09690789370786869, "dsfb-red": 0.010302133350016422, "roll-in": 0.010265964934232135, "bad-redirect": 0.0, "dsfb-alt": 0.004062592864851338, "alternate": 0.01480852245178848, "roll-out": 0.02384280619985298}, "chained-bigrams": {"oneh-out": 0.007716986265257849, "sfT": 0.0, "sfb": 0.015864461541358437, "redirect": 0.01695853994749722, "oneh-in": 0.007124171081397485, "unknown": 0.7607442070658635, "dsfb": 0.0, "sft": 0.0, "sfR": 0.11914286586209158, "dsfb-red": 0.01898047475860475, "roll-in": 0.011895261958731492, "bad-redirect": 0.0, "dsfb-alt": 0.003198474913139265, "alternate": 0.012789354519712566, "roll-out": 0.025585202086345838}, "english-5k": {"oneh-out": 0.008918571369311817, "sfT": 0.0, "sfb": 0.01277637200813042, "redirect": 0.024059401833492346, "oneh-in": 0.00394076409341685, "unknown": 0.7319865599203551, "dsfb": 0.0, "sft": 0.0, "sfR": 0.10644211224955408, "dsfb-red": 0.015472684282573526, "roll-in": 0.014684531463890156, "bad-redirect": 0.0, "dsfb-alt": 0.0059318870037748375, "alternate": 0.03144314929273655, "roll-out": 0.04434396648276434}, "mt-quotes": {"oneh-out": 0.006013853527928186, "sfT": 0.0, "sfb": 0.0126896044752035, "redirect": 0.019862899080814237, "oneh-in": 0.0047752238199399956, "unknown": 0.7986561838849643, "dsfb": 0.0, "sft": 0.0, "sfR": 0.0964592223377679, "dsfb-red": 0.009780542905296374, "roll-in": 0.010430487323842651, "bad-redirect": 0.0, "dsfb-alt": 0.004043102520887869, "alternate": 0.014094082069303498, "roll-out": 0.02319479805405147}, "wordle": {"oneh-out": 0.006103444407045888, "sfT": 0.0, "sfb": 0.01777179400875126, "redirect": 0.017659598339504094, "oneh-in": 0.005161000785369685, "unknown": 0.7681139907999551, "dsfb": 0.0, "sft": 0.0, "sfR": 0.13138112868843263, "dsfb-red": 0.013934702120498148, "roll-in": 0.009581510153708067, "bad-redirect": 0.0, "dsfb-alt": 0.00394928755750028, "alternate": 0.011264445192415573, "roll-out": 0.015079097946819253}, "english-1k": {"oneh-out": 0.004940014114326041, "sfT": 0.0, "sfb": 0.017290049400141144, "redirect": 0.03140437544107269, "oneh-in": 0.0038814396612561752, "unknown": 0.7402964008468595, "dsfb": 0.0, "sft": 0.0, "sfR": 0.10832745236414962, "dsfb-red": 0.01834862385321101, "roll-in": 0.016937191249117856, "bad-redirect": 0.0, "dsfb-alt": 0.0056457304163726185, "alternate": 0.016584333098094567, "roll-out": 0.03634438955539873}, "english-10k": {"oneh-out": 0.011829181219968739, "sfT": 0.0, "sfb": 0.016421913895910925, "redirect": 0.02441095308851624, "oneh-in": 0.004361166322533336, "unknown": 0.725111441307578, "dsfb": 0.0, "sft": 0.0, "sfR": 0.10567144593890508, "dsfb-red": 0.017078018563902665, "roll-in": 0.014415005499700893, "bad-redirect": 0.0, "dsfb-alt": 0.005904942011925667, "alternate": 0.033577121244283206, "roll-out": 0.04121881090677525}, "reddit": {"oneh-out": 0.006368734147320381, "sfT": 0.0, "sfb": 0.013054957329451247, "redirect": 0.01792827916710445, "oneh-in": 0.004890964279299703, "unknown": 0.7913894771263497, "dsfb": 0.0, "sft": 0.0, "sfR": 0.10397777127267367, "dsfb-red": 0.009928237214801596, "roll-in": 0.009537856053782852, "bad-redirect": 0.0, "dsfb-alt": 0.004336107616646599, "alternate": 0.015238574692984994, "roll-out": 0.02334904109958484}, "akl": {"oneh-out": 0.00519882541047419, "sfT": 0.0, "sfb": 0.01022086792716782, "redirect": 0.01490011717086194, "oneh-in": 0.0036478303896243093, "unknown": 0.7844497171016609, "dsfb": 0.0, "sft": 0.0, "sfR": 0.13064861186637447, "dsfb-red": 0.007915401565369904, "roll-in": 0.007874955220559452, "bad-redirect": 0.0, "dsfb-alt": 0.003914944277068284, "alternate": 0.011521896136504364, "roll-out": 0.019706832934334385}, "french": {"oneh-out": 0.0074170137621519, "sfT": 0.0, "sfb": 0.01898486569148982, "redirect": 0.02044292816254959, "oneh-in": 0.0021932212784712794, "unknown": 0.740230264562935, "dsfb": 0.0, "sft": 0.0, "sfR": 0.10898279115633469, "dsfb-red": 0.019595390585739392, "roll-in": 0.02126355835769867, "bad-redirect": 0.0, "dsfb-alt": 0.005472281254410747, "alternate": 0.021562835560406075, "roll-out": 0.03385484962781293}, "keymash": {"oneh-out": 0.006017741253545582, "sfT": 0.0, "sfb": 0.011936965597074047, "redirect": 0.019452984857129957, "oneh-in": 0.005213186488405791, "unknown": 0.7928312528477545, "dsfb": 0.0, "sft": 0.0, "sfR": 0.099723742164827, "dsfb-red": 0.010147241731763084, "roll-in": 0.010455107075566576, "bad-redirect": 0.0, "dsfb-alt": 0.004051507924453949, "alternate": 0.01538095257642244, "roll-out": 0.024789317483057145}, "movie": {"oneh-out": 0.00409256118213812, "sfT": 0.0, "sfb": 0.010086842729660272, "redirect": 0.01601756252114613, "oneh-in": 0.004146516295957749, "unknown": 0.8015829640807648, "dsfb": 0.0, "sft": 0.0, "sfR": 0.11567713207251198, "dsfb-red": 0.00821644264985934, "roll-in": 0.009071039013626825, "bad-redirect": 0.0, "dsfb-alt": 0.0032261210128980357, "alternate": 0.010231600352103177, "roll-out": 0.017651218089333613}, "dutch": {"oneh-out": 0.00945031751671123, "sfT": 0.0, "sfb": 0.02222459187629588, "redirect": 0.008036617837647345, "oneh-in": 0.00292680768136577, "unknown": 0.7014033966446965, "dsfb": 0.0, "sft": 0.0, "sfR": 0.18880787437283908, "dsfb-red": 0.01230000485207292, "roll-in": 0.0075098469646159806, "bad-redirect": 0.0, "dsfb-alt": 0.00560118564149335, "alternate": 0.017410926717597055, "roll-out": 0.02432842989466483}}