{"english-450k": {"oneh-out": 0.00963017620874922, "sfT": 0.0, "roll-out": 0.0322165513555801, "bad-redirect": 0.0, "dsfb-alt": 0.005229196498160265, "sfb": 0.019095176813905858, "unknown": 0.7329768268860276, "roll-in": 0.01329590522370039, "sfR": 0.11369548401129392, "dsfb-red": 0.018220476980367783, "oneh-in": 0.005440562801518563, "alternate": 0.026567838058914776, "dsfb": 0.0, "redirect": 0.023631805161781465, "sft": 0.0}, "shai": {"oneh-out": 0.008098009897719029, "sfT": 0.0, "roll-out": 0.02994801963566758, "bad-redirect": 0.0, "dsfb-alt": 0.005047249176609231, "sfb": 0.014896615188165343, "unknown": 0.7730967419517946, "roll-in": 0.011578676276840123, "sfR": 0.09823378925716947, "dsfb-red": 0.01285163825115733, "oneh-in": 0.005056553639376363, "alternate": 0.021267222932141207, "dsfb": 0.0, "redirect": 0.019925483793359802, "sft": 0.0}, "tr-quotes": {"oneh-out": 0.006141790527264742, "sfT": 0.0, "roll-out": 0.02399505328124639, "bad-redirect": 0.0, "dsfb-alt": 0.004093756501236679, "sfb": 0.012728554587272602, "unknown": 0.7961928758003745, "roll-in": 0.01035112456947366, "sfR": 0.09677191928064538, "dsfb-red": 0.010407757564550056, "oneh-in": 0.00478259864543122, "alternate": 0.014918748988696516, "dsfb": 0.0, "redirect": 0.01961582025380828, "sft": 0.0}, "gutenberg": {"oneh-out": 0.005428689745370449, "sfT": 0.0, "roll-out": 0.022563246309866284, "bad-redirect": 0.0, "dsfb-alt": 0.0031891681565869253, "sfb": 0.016807020375440962, "unknown": 0.7943193972273276, "roll-in": 0.010255728284009679, "sfR": 0.09863878308844841, "dsfb-red": 0.011859500046033138, "oneh-in": 0.0037230009968163254, "alternate": 0.012565720354186155, "dsfb": 0.0, "redirect": 0.02064974541591413, "sft": 0.0}, "english-200": {"oneh-out": 0.008908685968819599, "sfT": 0.0, "roll-out": 0.024498886414253896, "bad-redirect": 0.0, "dsfb-alt": 0.0066815144766146995, "sfb": 0.008908685968819599, "unknown": 0.7817371937639198, "roll-in": 0.011135857461024499, "sfR": 0.10690423162583519, "dsfb-red": 0.0066815144766146995, "oneh-in": 0.0, "alternate": 0.013363028953229399, "dsfb": 0.0, "redirect": 0.031180400890868598, "sft": 0.0}, "monkeyracer": {"oneh-out": 0.006168181178347436, "sfT": 0.0, "roll-out": 0.02384280619985298, "bad-redirect": 0.0, "dsfb-alt": 0.004062592864851338, "sfb": 0.012782113643117444, "unknown": 0.7963864820057244, "roll-in": 0.010265964934232135, "sfR": 0.09690789370786869, "dsfb-red": 0.010302133350016422, "oneh-in": 0.004800624051800991, "alternate": 0.01480852245178848, "dsfb": 0.0, "redirect": 0.019672685612399706, "sft": 0.0}, "chained-bigrams": {"oneh-out": 0.007716986265257849, "sfT": 0.0, "roll-out": 0.025585202086345838, "bad-redirect": 0.0, "dsfb-alt": 0.003198474913139265, "sfb": 0.015864461541358437, "unknown": 0.7607442070658635, "roll-in": 0.011895261958731492, "sfR": 0.11914286586209158, "dsfb-red": 0.01898047475860475, "oneh-in": 0.007124171081397485, "alternate": 0.012789354519712566, "dsfb": 0.0, "redirect": 0.01695853994749722, "sft": 0.0}, "english-5k": {"oneh-out": 0.008918571369311817, "sfT": 0.0, "roll-out": 0.04434396648276434, "bad-redirect": 0.0, "dsfb-alt": 0.0059318870037748375, "sfb": 0.01277637200813042, "unknown": 0.7319865599203551, "roll-in": 0.014684531463890156, "sfR": 0.10644211224955408, "dsfb-red": 0.015472684282573526, "oneh-in": 0.00394076409341685, "alternate": 0.03144314929273655, "dsfb": 0.0, "redirect": 0.024059401833492346, "sft": 0.0}, "mt-quotes": {"oneh-out": 0.006013853527928186, "sfT": 0.0, "roll-out": 0.02319479805405147, "bad-redirect": 0.0, "dsfb-alt": 0.004043102520887869, "sfb": 0.0126896044752035, "unknown": 0.7986561838849643, "roll-in": 0.010430487323842651, "sfR": 0.0964592223377679, "dsfb-red": 0.009780542905296374, "oneh-in": 0.0047752238199399956, "alternate": 0.014094082069303498, "dsfb": 0.0, "redirect": 0.019862899080814237, "sft": 0.0}, "wordle": {"oneh-out": 0.006103444407045888, "sfT": 0.0, "roll-out": 0.015079097946819253, "bad-redirect": 0.0, "dsfb-alt": 0.00394928755750028, "sfb": 0.01777179400875126, "unknown": 0.7681139907999551, "roll-in": 0.009581510153708067, "sfR": 0.13138112868843263, "dsfb-red": 0.013934702120498148, "oneh-in": 0.005161000785369685, "alternate": 0.011264445192415573, "dsfb": 0.0, "redirect": 0.017659598339504094, "sft": 0.0}, "english-1k": {"oneh-out": 0.004940014114326041, "sfT": 0.0, "roll-out": 0.03634438955539873, "bad-redirect": 0.0, "dsfb-alt": 0.0056457304163726185, "sfb": 0.017290049400141144, "unknown": 0.7402964008468595, "roll-in": 0.016937191249117856, "sfR": 0.10832745236414962, "dsfb-red": 0.01834862385321101, "oneh-in": 0.0038814396612561752, "alternate": 0.016584333098094567, "dsfb": 0.0, "redirect": 0.03140437544107269, "sft": 0.0}, "english-10k": {"oneh-out": 0.011829181219968739, "sfT": 0.0, "roll-out": 0.04121881090677525, "bad-redirect": 0.0, "dsfb-alt": 0.005904942011925667, "sfb": 0.016421913895910925, "unknown": 0.725111441307578, "roll-in": 0.014415005499700893, "sfR": 0.10567144593890508, "dsfb-red": 0.017078018563902665, "oneh-in": 0.004361166322533336, "alternate": 0.033577121244283206, "dsfb": 0.0, "redirect": 0.02441095308851624, "sft": 0.0}, "reddit": {"oneh-out": 0.006368734147320381, "sfT": 0.0, "roll-out": 0.02334904109958484, "bad-redirect": 0.0, "dsfb-alt": 0.004336107616646599, "sfb": 0.013054957329451247, "unknown": 0.7913894771263497, "roll-in": 0.009537856053782852, "sfR": 0.10397777127267367, "dsfb-red": 0.009928237214801596, "oneh-in": 0.004890964279299703, "alternate": 0.015238574692984994, "dsfb": 0.0, "redirect": 0.01792827916710445, "sft": 0.0}, "akl": {"oneh-out": 0.00519882541047419, "sfT": 0.0, "roll-out": 0.019706832934334385, "bad-redirect": 0.0, "dsfb-alt": 0.003914944277068284, "sfb": 0.01022086792716782, "unknown": 0.7844497171016609, "roll-in": 0.007874955220559452, "sfR": 0.13064861186637447, "dsfb-red": 0.007915401565369904, "oneh-in": 0.0036478303896243093, "alternate": 0.011521896136504364, "dsfb": 0.0, "redirect": 0.01490011717086194, "sft": 0.0}, "french": {"oneh-out": 0.0074170137621519, "sfT": 0.0, "roll-out": 0.03385484962781293, "bad-redirect": 0.0, "dsfb-alt": 0.005472281254410747, "sfb": 0.01898486569148982, "unknown": 0.740230264562935, "roll-in": 0.02126355835769867, "sfR": 0.10898279115633469, "dsfb-red": 0.019595390585739392, "oneh-in": 0.0021932212784712794, "alternate": 0.021562835560406075, "dsfb": 0.0, "redirect": 0.02044292816254959, "sft": 0.0}, "keymash": {"oneh-out": 0.006017741253545582, "sfT": 0.0, "roll-out": 0.024789317483057145, "bad-redirect": 0.0, "dsfb-alt": 0.004051507924453949, "sfb": 0.011936965597074047, "unknown": 0.7928312528477545, "roll-in": 0.010455107075566576, "sfR": 0.099723742164827, "dsfb-red": 0.010147241731763084, "oneh-in": 0.005213186488405791, "alternate": 0.01538095257642244, "dsfb": 0.0, "redirect": 0.019452984857129957, "sft": 0.0}, "movie": {"oneh-out": 0.00409256118213812, "sfT": 0.0, "roll-out": 0.017651218089333613, "bad-redirect": 0.0, "dsfb-alt": 0.0032261210128980357, "sfb": 0.010086842729660272, "unknown": 0.8015829640807648, "roll-in": 0.009071039013626825, "sfR": 0.11567713207251198, "dsfb-red": 0.00821644264985934, "oneh-in": 0.004146516295957749, "alternate": 0.010231600352103177, "dsfb": 0.0, "redirect": 0.01601756252114613, "sft": 0.0}, "dutch": {"oneh-out": 0.00945031751671123, "sfT": 0.0, "roll-out": 0.02432842989466483, "bad-redirect": 0.0, "dsfb-alt": 0.00560118564149335, "sfb": 0.02222459187629588, "unknown": 0.7014033966446965, "roll-in": 0.0075098469646159806, "sfR": 0.18880787437283908, "dsfb-red": 0.01230000485207292, "oneh-in": 0.00292680768136577, "alternate": 0.017410926717597055, "dsfb": 0.0, "redirect": 0.008036617837647345, "sft": 0.0}}