{"english-450k": {"dsfb-red": 0.015323618474175014, "redirect": 0.02952228876671416, "dsfb-alt": 0.038076338609402675, "alternate": 0.31984954695109225, "bad-redirect": 0.005778222663729952, "oneh-in": 0.009976606456992073, "dsfb": 0.0, "sft": 0.0, "roll-in": 0.23196647841520293, "sfT": 4.385193015732318e-06, "unknown": 0.00015377410175167997, "oneh-out": 0.012236442591099461, "sfb": 0.014021216148502515, "sfR": 0.11369548401129392, "roll-out": 0.20939559761702764}, "shai": {"dsfb-red": 0.01629692909380106, "redirect": 0.023384859053644794, "dsfb-alt": 0.03375071563858804, "alternate": 0.2903491820897297, "bad-redirect": 0.008159754529384607, "oneh-in": 0.010761098861697288, "dsfb": 0.0, "sft": 0.0, "roll-in": 0.2456129612869326, "sfT": 2.4155221351775883e-05, "unknown": 0.023260762136131256, "oneh-out": 0.012873966639553163, "sfb": 0.00917321720455544, "sfR": 0.09823378925716947, "roll-out": 0.2281186089874608}, "tr-quotes": {"dsfb-red": 0.02496012574836458, "redirect": 0.026326252282656434, "dsfb-alt": 0.03177342178867802, "alternate": 0.2838272346917547, "bad-redirect": 0.007401585723862139, "oneh-in": 0.012575992233189247, "dsfb": 0.0, "sft": 0.0, "roll-in": 0.23347819051801855, "sfT": 0.0, "unknown": 0.013835787429786644, "oneh-out": 0.01383809898060609, "sfb": 0.00697510459767458, "sfR": 0.09677191928064538, "roll-out": 0.24823628672476364}, "gutenberg": {"dsfb-red": 0.023051424886612618, "redirect": 0.025857173004652945, "dsfb-alt": 0.02638475443121039, "alternate": 0.2634288890328608, "bad-redirect": 0.007198597561645569, "oneh-in": 0.009077052651679187, "dsfb": 0.0, "sft": 0.0, "roll-in": 0.24721215365747481, "sfT": 3.5992987808227847e-06, "unknown": 0.032975828246008664, "oneh-out": 0.017209952402115175, "sfb": 0.009277097889181758, "sfR": 0.09863878308844841, "roll-out": 0.2396846938493288}, "english-200": {"dsfb-red": 0.0200445434298441, "redirect": 0.0200445434298441, "dsfb-alt": 0.035634743875278395, "alternate": 0.28507795100222716, "bad-redirect": 0.0066815144766146995, "oneh-in": 0.015590200445434299, "dsfb": 0.0, "sft": 0.0, "roll-in": 0.20044543429844097, "sfT": 0.0, "unknown": 0.0, "oneh-out": 0.013363028953229399, "sfb": 0.004454342984409799, "sfR": 0.10690423162583519, "roll-out": 0.29175946547884185}, "monkeyracer": {"dsfb-red": 0.025352104415283794, "redirect": 0.026369707680998482, "dsfb-alt": 0.03180865539515461, "alternate": 0.2835721100458264, "bad-redirect": 0.00741745781003175, "oneh-in": 0.012654057900746047, "dsfb": 0.0, "sft": 0.0, "roll-in": 0.23254140794844924, "sfT": 9.775247509266934e-07, "unknown": 0.013436077701487402, "oneh-out": 0.013845660572125686, "sfb": 0.006898392167289676, "sfR": 0.09690789370786869, "roll-out": 0.24919549712998734}, "chained-bigrams": {"dsfb-red": 0.017641608483555386, "redirect": 0.03243796380645785, "dsfb-alt": 0.04580065436926867, "alternate": 0.2941817754457639, "bad-redirect": 0.006440453240647253, "oneh-in": 0.011321925915633245, "dsfb": 0.0, "sft": 0.0, "roll-in": 0.2282364430050081, "sfT": 3.701036744801829e-05, "unknown": 0.022916559801936097, "oneh-out": 0.014200293615581755, "sfb": 0.011890716825886999, "sfR": 0.11914286586209158, "roll-out": 0.19575172926072115}, "english-5k": {"dsfb-red": 0.01103413946156718, "redirect": 0.022192724105031734, "dsfb-alt": 0.03517650474965778, "alternate": 0.3199900443854482, "bad-redirect": 0.006720039822458207, "oneh-in": 0.009872651097191687, "dsfb": 0.0, "sft": 0.0, "roll-in": 0.24992740697722654, "sfT": 0.0, "unknown": 0.002157049819554486, "oneh-out": 0.013025262371925167, "sfb": 0.008918571369311817, "sfR": 0.10644211224955408, "roll-out": 0.21454349359107314}, "mt-quotes": {"dsfb-red": 0.026728403915803063, "redirect": 0.026483367399385616, "dsfb-alt": 0.03132134447353008, "alternate": 0.28283937557523814, "bad-redirect": 0.007451201874230526, "oneh-in": 0.012934640991620946, "dsfb": 0.0, "sft": 0.0, "roll-in": 0.23350336476972544, "sfT": 0.0, "unknown": 0.007977133909467972, "oneh-out": 0.013937198933792328, "sfb": 0.006480020559161377, "sfR": 0.0964592223377679, "roll-out": 0.2538847252602766}, "wordle": {"dsfb-red": 0.01781667227645013, "redirect": 0.03071917423987434, "dsfb-alt": 0.044182654549534385, "alternate": 0.2926063053966117, "bad-redirect": 0.009244923145966566, "oneh-in": 0.011331762593963873, "dsfb": 0.0, "sft": 0.0, "roll-in": 0.19057556378323798, "sfT": 0.0, "unknown": 0.0, "oneh-out": 0.014450802199035117, "sfb": 0.0193425333782116, "sfR": 0.13138112868843263, "roll-out": 0.2383484797486817}, "english-1k": {"dsfb-red": 0.016231474947071278, "redirect": 0.025405786873676783, "dsfb-alt": 0.03140437544107269, "alternate": 0.30345800988002825, "bad-redirect": 0.00529287226534933, "oneh-in": 0.009880028228652082, "dsfb": 0.0, "sft": 0.0, "roll-in": 0.2240649258997883, "sfT": 0.0, "unknown": 0.0, "oneh-out": 0.014467184191954835, "sfb": 0.008821453775582216, "sfR": 0.10832745236414962, "roll-out": 0.2526464361326747}, "english-10k": {"dsfb-red": 0.009957353196580537, "redirect": 0.022249667123366974, "dsfb-alt": 0.03898033615715637, "alternate": 0.3113409621581984, "bad-redirect": 0.009455626097528029, "oneh-in": 0.010015244784932749, "dsfb": 0.0, "sft": 0.0, "roll-in": 0.251538951390363, "sfT": 0.0, "unknown": 0.0, "oneh-out": 0.012697555045251925, "sfb": 0.010420485903398237, "sfR": 0.10567144593890508, "roll-out": 0.2176723722043187}, "reddit": {"dsfb-red": 0.018818492050694115, "redirect": 0.026036348299255514, "dsfb-alt": 0.03410579883833324, "alternate": 0.27488197637298745, "bad-redirect": 0.007658730002657603, "oneh-in": 0.013077693979301409, "dsfb": 0.0, "sft": 0.0, "roll-in": 0.22376968785051946, "sfT": 5.236546374056846e-05, "unknown": 0.039285409944231534, "oneh-out": 0.013204936812153133, "sfb": 0.008705889447815925, "sfR": 0.10397777127267367, "roll-out": 0.2364248996656364}, "akl": {"dsfb-red": 0.01893815472211817, "redirect": 0.022638785257655693, "dsfb-alt": 0.027493804383439947, "alternate": 0.23125282886603002, "bad-redirect": 0.007395355954147928, "oneh-in": 0.011277513243089475, "dsfb": 0.0, "sft": 0.0, "roll-in": 0.1866605978206956, "sfT": 0.00013176564256208643, "unknown": 0.13277008071454782, "oneh-out": 0.011818757977003795, "sfb": 0.015467453132705297, "sfR": 0.13064861186637447, "roll-out": 0.20350629041962973}, "french": {"dsfb-red": 0.01232277178152171, "redirect": 0.03529312109042374, "dsfb-alt": 0.02258110616695464, "alternate": 0.2091918731976755, "bad-redirect": 0.008714635726413834, "oneh-in": 0.00715991043437548, "dsfb": 0.0, "sft": 0.0, "roll-in": 0.19146486767148957, "sfT": 2.993371300607695e-05, "unknown": 0.15807953387545715, "oneh-out": 0.01693921552068113, "sfb": 0.01825035110312699, "sfR": 0.10898279115633469, "roll-out": 0.2109898885625395}, "keymash": {"dsfb-red": 0.02529421664689487, "redirect": 0.026152134738293933, "dsfb-alt": 0.030741380796591316, "alternate": 0.28442242409066837, "bad-redirect": 0.0073928731225345115, "oneh-in": 0.01187539252831335, "dsfb": 0.0, "sft": 0.0, "roll-in": 0.235804328997221, "sfT": 0.0, "unknown": 0.01232282349464109, "oneh-out": 0.014863738798832574, "sfb": 0.007499599775053056, "sfR": 0.099723742164827, "roll-out": 0.2439073448461289}, "movie": {"dsfb-red": 0.03672066608509195, "redirect": 0.028831507259792163, "dsfb-alt": 0.036339427146712774, "alternate": 0.26833904709215495, "bad-redirect": 0.006748863553965445, "oneh-in": 0.013563789222900288, "dsfb": 0.0, "sft": 0.0, "roll-in": 0.19688497388243498, "sfT": 3.289945964611499e-06, "unknown": 0.030236445784519856, "oneh-out": 0.01461315038777277, "sfb": 0.0070616716162807056, "sfR": 0.11567713207251198, "roll-out": 0.24498003594989753}, "dutch": {"dsfb-red": 0.013751108167910699, "redirect": 0.019161617743510675, "dsfb-alt": 0.028726441312205645, "alternate": 0.2430523820540148, "bad-redirect": 0.007040562217901538, "oneh-in": 0.00674904336523138, "dsfb": 0.0, "sft": 0.0, "roll-in": 0.2430645212017118, "sfT": 2.3758302361173603e-05, "unknown": 0.07290361491625476,