{"english-450k": {"roll-in": 0.2088114899073321, "dsfb-red": 0.02207827744940803, "sft": 0.0, "sfT": 0.00010758340198596622, "roll-out": 0.23549948225487793, "redirect": 0.045628518021096874, "bad-redirect": 0.0014953508183647205, "sfR": 0.11369548401129392, "oneh-in": 0.005956846192570781, "sfb": 0.03232208833415873, "unknown": 0.00015377410175167997, "dsfb-alt": 0.0432029215909948, "dsfb": 0.0, "alternate": 0.28476361763221797, "oneh-out": 0.00628456628394651}, "shai": {"roll-in": 0.20222039934568417, "dsfb-red": 0.019926772639491854, "sft": 0.0, "sfT": 3.662180811256263e-05, "roll-out": 0.28517071831381463, "redirect": 0.0441235273481538, "bad-redirect": 0.000839410391211633, "sfR": 0.09823378925716947, "oneh-in": 0.0058348928500544794, "sfb": 0.02111831282377905, "unknown": 0.023621906111313578, "dsfb-alt": 0.04018665588319168, "dsfb": 0.0, "alternate": 0.25010508933987236, "oneh-out": 0.00858190388815076}, "tr-quotes": {"roll-in": 0.18415894223434504, "dsfb-red": 0.022486766371558678, "sft": 0.0, "sfT": 1.733663114583574e-05, "roll-out": 0.31343588913802267, "redirect": 0.04729548554124963, "bad-redirect": 0.0008101985622153903, "sfR": 0.09677191928064538, "oneh-in": 0.0073865606435357485, "sfb": 0.018382607891634498, "unknown": 0.01476965396084233, "dsfb-alt": 0.03851159242735951, "dsfb": 0.0, "alternate": 0.2439067520399436, "oneh-out": 0.012066295277501676}, "gutenberg": {"roll-in": 0.18094603211408034, "dsfb-red": 0.026464696751500243, "sft": 0.0, "sfT": 1.0608459564530312e-05, "roll-out": 0.3112415951637548, "redirect": 0.042711931448134295, "bad-redirect": 0.0012167524246960392, "sfR": 0.09863878308844841, "oneh-in": 0.004246035940703258, "sfb": 0.021975802861480417, "unknown": 0.03802431837805746, "dsfb-alt": 0.03586454967278585, "dsfb": 0.0, "alternate": 0.2242060041607894, "oneh-out": 0.014452889536004923}, "english-200": {"roll-in": 0.19821826280623608, "dsfb-red": 0.028953229398663696, "sft": 0.0, "sfT": 0.0, "roll-out": 0.32293986636971045, "redirect": 0.05790645879732739, "bad-redirect": 0.0, "sfR": 0.10690423162583519, "oneh-in": 0.004454342984409799, "sfb": 0.0066815144766146995, "unknown": 0.0, "dsfb-alt": 0.031180400890868598, "dsfb": 0.0, "alternate": 0.23608017817371937, "oneh-out": 0.0066815144766146995}, "monkeyracer": {"roll-in": 0.18381864178801008, "dsfb-red": 0.022669776498740947, "sft": 0.0, "sfT": 1.7595445516680483e-05, "roll-out": 0.3144413641553404, "redirect": 0.047394310023929805, "bad-redirect": 0.0008133005927710089, "sfR": 0.09690789370786869, "oneh-in": 0.007479041869340132, "sfb": 0.018427319079719097, "unknown": 0.014352018393105714, "dsfb-alt": 0.03849981231524782, "dsfb": 0.0, "alternate": 0.2429657318923315, "oneh-out": 0.012213194238078108}, "chained-bigrams": {"roll-in": 0.17440648681359566, "dsfb-red": 0.02781426509422385, "sft": 0.0, "sfT": 0.00011752414926475984, "roll-out": 0.25900829097161304, "redirect": 0.04984517329617579, "bad-redirect": 0.002923819028393445, "sfR": 0.11914286586209158, "oneh-in": 0.006705369555012016, "sfb": 0.022775660683756797, "unknown": 0.02365222201805197, "dsfb-alt": 0.04993218012491324, "dsfb": 0.0, "alternate": 0.2537800895910614, "oneh-out": 0.009896052811846434}, "english-5k": {"roll-in": 0.23972290206164185, "dsfb-red": 0.019911229103579873, "sft": 0.0, "sfT": 4.148172729912474e-05, "roll-out": 0.23370805160326877, "redirect": 0.043597295391380096, "bad-redirect": 0.001410378728170241, "sfR": 0.10644211224955408, "oneh-in": 0.0070933753681503295, "sfb": 0.025884597834653834, "unknown": 0.002157049819554486, "dsfb-alt": 0.039988385116356245, "dsfb": 0.0, "alternate": 0.275023851993197, "oneh-out": 0.005019289003194093}, "mt-quotes": {"roll-in": 0.18164228254503292, "dsfb-red": 0.023221692305853383, "sft": 0.0, "sfT": 1.4941251001063817e-05, "roll-out": 0.3229476697624939, "redirect": 0.048355864739842935, "bad-redirect": 0.0007291330488519142, "sfR": 0.0964592223377679, "oneh-in": 0.007382472119625632, "sfb": 0.017786065191666367, "unknown": 0.008869126594231481, "dsfb-alt": 0.038406485698234544, "dsfb": 0.0, "alternate": 0.24143567492619022, "oneh-out": 0.012749369479207755}, "wordle": {"roll-in": 0.1818691798496578, "dsfb-red": 0.027218669359362728, "sft": 0.0, "sfT": 6.731740154830023e-05, "roll-out": 0.24072702793672165, "redirect": 0.05192415572758891, "bad-redirect": 0.0013912262986648714, "sfR": 0.13138112868843263, "oneh-in": 0.005811735667003254, "sfb": 0.039492875575002806, "unknown": 0.0, "dsfb-alt": 0.052440255806125886, "dsfb": 0.0, "alternate": 0.2569953999775609, "oneh-out": 0.010681027712330303}, "english-1k": {"roll-in": 0.22477064220183487, "dsfb-red": 0.02611150317572336, "sft": 0.0, "sfT": 0.0, "roll-out": 0.26146788990825687, "redirect": 0.04163726182074806, "bad-redirect": 0.00035285815102328866, "sfR": 0.10832745236414962, "oneh-in": 0.005998588567395907, "sfb": 0.021524347212420608, "unknown": 0.0, "dsfb-alt": 0.03599153140437544, "dsfb": 0.0, "alternate": 0.26287932251235, "oneh-out": 0.010938602681721948}, "english-10k": {"roll-in": 0.23305223750988982, "dsfb-red": 0.01804287836977287, "sft": 0.0, "sfT": 1.929719611740414e-05, "roll-out": 0.24341483182493584, "redirect": 0.04604310993612628, "bad-redirect": 0.0008104822369309739, "sfR": 0.10567144593890508, "oneh-in": 0.0065224522876826, "sfb": 0.02666872503425252, "unknown": 0.0, "dsfb-alt": 0.042550317438876134, "dsfb": 0.0, "alternate": 0.27201327647092877, "oneh-out": 0.005190945755581714}, "reddit": {"roll-in": 0.18510708231659867, "dsfb-red": 0.018778187874023976, "sft": 0.0, "sfT": 0.00011136088962854794, "roll-out": 0.28934503278179163, "redirect": 0.043352386046589156, "bad-redirect": 0.0008396079182724192, "sfR": 0.10397777127267367, "oneh-in": 0.0076111216304013355, "sfb": 0.02165454263842902, "unknown": 0.041217688064775854, "dsfb-alt": 0.04270564634920385, "dsfb": 0.0, "alternate": 0.23602590329956735, "oneh-out": 0.009273668918044492}, "akl": {"roll-in": 0.15986347369664494, "dsfb-red": 0.016093519064991197, "sft": 0.0, "sfT": 0.00045988259985151227, "roll-out": 0.24445536081215669, "redirect": 0.03794289643218024, "bad-redirect": 0.0007744103759278971, "sfR": 0.13064861186637447, "oneh-in": 0.007536139871515033, "sfb": 0.026908184795964497, "unknown": 0.13295000147380848, "dsfb-alt": 0.03897910856107792, "dsfb": 0.0, "alternate": 0.19725971443002785, "oneh-out": 0.006128696019479276}, "french": {"roll-in": 0.16419336741132246, "dsfb-red": 0.020890106073363095, "sft": 0.0, "sfT": 0.0006172067941498259, "roll-out": 0.2242487555673073, "redirect": 0.03489790019497814, "bad-redirect": 0.0019426500322117016, "sfR": 0.10898279115633469, "oneh-in": 0.0023834007343767555, "sfb": 0.0527909644173399, "unknown": 0.15822382396052298, "dsfb-alt": 0.030685486672209047, "dsfb": 0.0, "alternate": 0.18391207350844974, "oneh-out": 0.01623147347743435}, "keymash": {"roll-in": 0.18428819480077008, "dsfb-red": 0.022921601063982628, "sft": 0.0, "sfT": 0.0, "roll-out": 0.31298001338188025, "redirect": 0.045781629059204555, "bad-redirect": 0.0009235960314104749, "sfR": 0.099723742164827, "oneh-in": 0.006838715503688227, "sfb": 0.01873052751700443, "unknown": 0.013394194891077241, "dsfb-alt": 0.03817119776038225, "dsfb": 0.0, "alternate": 0.24398533739989245, "oneh-out": 0.012261250425880393}, "movie": {"roll-in": 0.160677670965661, "dsfb-red": 0.02225530007004953, "sft": 0.0, "sfT": 8.159065992236518e-06, "roll-out": 0.3045206884304049, "redirect": 0.044975272108140785, "bad-redirect": 0.0006496985290914788, "sfR": 0.11567713207251198, "oneh-in": 0.010807735689425942, "sfb": 0.016517634307767076, "unknown": 0.030451476652766863, "dsfb-alt": 0.04389959137555141, "dsfb": 0.0, "alternate": 0.23734907208390046, "oneh-out": 0.012210568648736285}, "dutch": {"roll-in": 0.20262694025089986, "dsfb-red": 0.014303466284315192, "sft": 0.0, "sfT": 0.00012958584993524652, "roll-out": 0.19666704907073837, "redirect": 0.03940810233061236, "bad-redirect": 0.001340004114758661, "sfR": 0.18880787437283908,