{"english-450k": {"roll-out": 0.21192702337190938, "oneh-in": 0.008713378522260116, "unknown": 0.00015377410175167997, "bad-redirect": 0.0009922230063596992, "sfT": 1.8125464465026915e-05, "roll-in": 0.2145660325287771, "sft": 0.0, "dsfb": 0.0, "oneh-out": 0.008659002128865036, "sfb": 0.03141815388051577, "redirect": 0.044281679072864955, "dsfb-red": 0.026278415319876444, "sfR": 0.11369548401129392, "alternate": 0.2920956603545224, "dsfb-alt": 0.04720104823653848}, "shai": {"roll-out": 0.26134962161335357, "oneh-in": 0.01022699405783877, "unknown": 0.024097749651430984, "bad-redirect": 0.0005135413218777489, "sfT": 2.885776804980628e-05, "roll-in": 0.2147317202914387, "sft": 0.0, "dsfb": 0.0, "oneh-out": 0.009753244408884849, "sfb": 0.019090249573248726, "redirect": 0.03138731629878689, "dsfb-red": 0.027862805928723172, "sfR": 0.09823378925716947, "alternate": 0.25829827259010546, "dsfb-alt": 0.044425837239091874}, "tr-quotes": {"roll-out": 0.29306188021543655, "oneh-in": 0.007693996902521902, "unknown": 0.013894731975682485, "bad-redirect": 0.0005836665819098033, "sfT": 9.246203277779062e-06, "roll-in": 0.200753565567139, "sft": 0.0, "dsfb": 0.0, "oneh-out": 0.014637895564133977, "sfb": 0.017956126765446938, "redirect": 0.03348512517047687, "dsfb-red": 0.035601349945678554, "sfR": 0.09677191928064538, "alternate": 0.24065093271075563, "dsfb-alt": 0.04489956311689512}, "gutenberg": {"roll-out": 0.28864766009586257, "oneh-in": 0.007058793219527295, "unknown": 0.03298207965968062, "bad-redirect": 0.000596536413726892, "sfT": 7.009160783707528e-06, "roll-in": 0.20019186156869564, "sft": 0.0, "dsfb": 0.0, "oneh-out": 0.015959859104502042, "sfb": 0.01759943441755579, "redirect": 0.02903099678222689, "dsfb-red": 0.03501359966628817, "sfR": 0.09863878308844841, "alternate": 0.23121383888705135, "dsfb-alt": 0.0430595479356506}, "english-200": {"roll-out": 0.30957683741648107, "oneh-in": 0.0066815144766146995, "unknown": 0.0, "bad-redirect": 0.0, "sfT": 0.0, "roll-in": 0.19821826280623608, "sft": 0.0, "dsfb": 0.0, "oneh-out": 0.011135857461024499, "sfb": 0.013363028953229399, "redirect": 0.022271714922048998, "dsfb-red": 0.0400890868596882, "sfR": 0.10690423162583519, "alternate": 0.24053452115812918, "dsfb-alt": 0.051224944320712694}, "monkeyracer": {"roll-out": 0.29394951280166415, "oneh-in": 0.007608075136462456, "unknown": 0.013491796612290222, "bad-redirect": 0.0005972676228162097, "sfT": 7.820198007413547e-06, "roll-in": 0.2006281574049455, "sft": 0.0, "dsfb": 0.0, "oneh-out": 0.014625725323365188, "sfb": 0.01801675868432989, "redirect": 0.03345676212521701, "dsfb-red": 0.035708001626601184, "sfR": 0.09690789370786869, "alternate": 0.24006639348108294, "dsfb-alt": 0.044935835275349174}, "chained-bigrams": {"roll-out": 0.22534314129714195, "oneh-in": 0.007054695479345942, "unknown": 0.023159399756770463, "bad-redirect": 0.001573914573578883, "sfT": 7.791656304845956e-05, "roll-in": 0.19999493542340185, "sft": 0.0, "dsfb": 0.0, "oneh-out": 0.012586771455786572, "sfb": 0.020260254306675697, "redirect": 0.043338490976937344, "dsfb-red": 0.03635521901371916, "sfR": 0.11914286586209158, "alternate": 0.2557611182065685, "dsfb-alt": 0.0553512770849336}, "english-5k": {"roll-out": 0.19819969303521798, "oneh-in": 0.0197867839216825, "unknown": 0.002157049819554486, "bad-redirect": 0.0003733355456921226, "sfT": 0.0, "roll-in": 0.23922512133405235, "sft": 0.0, "dsfb": 0.0, "oneh-out": 0.008296345459824947, "sfb": 0.02372754801509935, "redirect": 0.03297797320280416, "dsfb-red": 0.026092006471149457, "sfR": 0.10644211224955408, "alternate": 0.2980047289169121, "dsfb-alt": 0.04471730202845647}, "mt-quotes": {"roll-out": 0.3026454979022484, "oneh-in": 0.007422813497328504, "unknown": 0.007995063410669249, "bad-redirect": 0.0006096030408434038, "sfT": 1.4941251001063816e-06, "roll-in": 0.2002291987903563, "sft": 0.0, "dsfb": 0.0, "oneh-out": 0.015039863257670838, "sfb": 0.017585852428252113, "redirect": 0.03289914057924242, "dsfb-red": 0.03722313861895029, "sfR": 0.0964592223377679, "alternate": 0.2365409210982417, "dsfb-alt": 0.04534819091332879}, "wordle": {"roll-out": 0.22071132054302703, "oneh-in": 0.004779535509929316, "unknown": 0.0, "bad-redirect": 0.0013912262986648714, "sfT": 2.2439133849433412e-05, "roll-in": 0.20525075732076742, "sft": 0.0, "dsfb": 0.0, "oneh-out": 0.008526870862784697, "sfb": 0.025019634242118255, "redirect": 0.04696510714686413, "dsfb-red": 0.025625490856052955, "sfR": 0.13138112868843263, "alternate": 0.2746774374509144, "dsfb-alt": 0.05564905194659486}, "english-1k": {"roll-out": 0.24100211714890615, "oneh-in": 0.011291460832745237, "unknown": 0.0, "bad-redirect": 0.00035285815102328866, "sfT": 0.0, "roll-in": 0.22971065631616092, "sft": 0.0, "dsfb": 0.0, "oneh-out": 0.013761467889908258, "sfb": 0.014820042342978124, "redirect": 0.031051517290049402, "dsfb-red": 0.027170077628793227, "sfR": 0.10832745236414962, "alternate": 0.2745236414961186, "dsfb-alt": 0.04798870853916726}, "english-10k": {"roll-out": 0.20250477605603906, "oneh-in": 0.017599042859072576, "unknown": 0.0, "bad-redirect": 0.0002894579417610621, "sfT": 0.0, "roll-in": 0.24899172150286564, "sft": 0.0, "dsfb": 0.0, "oneh-out": 0.006445263503212983, "sfb": 0.022249667123366974, "redirect": 0.03502441095308852, "dsfb-red": 0.024681113834159895, "sfR": 0.10567144593890508, "alternate": 0.28878253989695296, "dsfb-alt": 0.047760560390575246}, "reddit": {"roll-out": 0.2708598367943047, "oneh-in": 0.007318354488343909, "unknown": 0.04519937363713543, "bad-redirect": 0.00049848325569348, "sfT": 9.428030918098055e-05, "roll-in": 0.19888036046017932, "sft": 0.0, "dsfb": 0.0, "oneh-out": 0.011704580123935344, "sfb": 0.021668514253575827, "redirect": 0.031053019657463193, "dsfb-red": 0.032112914623130664, "sfR": 0.10397777127267367, "alternate": 0.231705827455797, "dsfb-alt": 0.04492668366858655}, "akl": {"roll-out": 0.22758466411979056, "oneh-in": 0.005136759913733901, "unknown": 0.13920166722946467, "bad-redirect": 0.0004545210501729124, "sfT": 0.00017320029146075867, "roll-in": 0.17436256177610895, "sft": 0.0, "dsfb": 0.0, "oneh-out": 0.008470136650088443, "sfb": 0.020302483808305277, "redirect": 0.027615390493893357, "dsfb-red": 0.03170894602730541, "sfR": 0.13064861186637447, "alternate": 0.1954576407555654, "dsfb-alt": 0.03888341601773591}, "french": {"roll-out": 0.16522555614569018, "oneh-in": 0.019683363940479974, "unknown": 0.15842537463172957, "bad-redirect": 0.0024665948826864377, "sfT": 6.846700122010593e-05, "roll-in": 0.21869796947998774, "sft": 0.0, "dsfb": 0.0, "oneh-out": 0.008038490380229019, "sfb": 0.028442375872060974, "redirect": 0.032062617252548685, "dsfb-red": 0.023121740785341672, "sfR": 0.10898279115633469, "alternate": 0.20740865988909274, "dsfb-alt": 0.02737599858259824}, "keymash": {"roll-out": 0.2906987722330089, "oneh-in": 0.0076268507838251655, "unknown": 0.012376186820900362, "bad-redirect": 0.0007758206663847989, "sfT": 2.052435625356611e-05, "roll-in": 0.20277653491398243, "sft": 0.0, "dsfb": 0.0, "oneh-out": 0.014609236781288355, "sfb": 0.017302032321756228, "redirect": 0.03287591384696219, "dsfb-red": 0.03555228990242721, "sfR": 0.099723742164827, "alternate": 0.24019243636423343, "dsfb-alt": 0.04546965884415035}, "movie": {"roll-out": 0.29880802625745356, "oneh-in": 0.005104811756529786, "unknown": 0.030282373430185833, "bad-redirect": 0.0006049552639727624, "sfT": 7.106283283560837e-06, "roll-in": 0.17411696863326037, "sft": 0.0, "dsfb": 0.0, "oneh-out": 0.01782637481248953, "sfb": 0.016238646889968022, "redirect": 0.03664697129548465, "dsfb-red": 0.03537586777259735, "sfR": 0.11567713207251198, "alternate": 0.221701825880531, "dsfb-alt": 0.04760893965173158}, "dutch": {"roll-out": 0.1330825699805727, "oneh-in": 0.003504986141468444, "unknown": 0.07360268279108878, "bad-redirect": 0.0011291200437626137, "sfT": 6.374397350488466e-05, "roll-in": 0.24923018617651238, "sft": 0.0, "dsfb": 0.0, "oneh-out": 0.0042826984798165066,