{"english-450k": {"roll-out": 0.23437950395865992, "dsfb": 0.0, "unknown": 0.0, "dsfb-red": 0.024405937902158743, "alternate": 0.2436053653713586, "redirect": 0.057098721219247375, "oneh-out": 0.011666952191456357, "sfR": 0.11369548401129392, "sft": 0.0, "sfb": 0.031081663403108577, "dsfb-alt": 0.04530401373793268, "roll-in": 0.22064420239478313, "sfT": 3.6835621332151476e-05, "oneh-in": 0.007757991137232569, "bad-redirect": 0.010323329051435976}, "shai": {"roll-out": 0.22770347667985805, "dsfb": 0.0, "unknown": 0.016772683614515952, "dsfb-red": 0.026776115118962433, "alternate": 0.2221317019611826, "redirect": 0.05608648103360351, "oneh-out": 0.014239338494497673, "sfR": 0.09823378925716947, "sft": 0.0, "sfb": 0.021861826096030105, "dsfb-alt": 0.04444438036767645, "roll-in": 0.2535963954727983, "sfT": 8.810985644498926e-05, "oneh-in": 0.010363654322333219, "bad-redirect": 0.00770204772492726}, "tr-quotes": {"roll-out": 0.2437518781350408, "dsfb": 0.0, "unknown": 0.010735997780911213, "dsfb-red": 0.025190125054899332, "alternate": 0.2126568965118698, "redirect": 0.05499063821918125, "oneh-out": 0.01829014585885671, "sfR": 0.09677191928064538, "sft": 0.0, "sfb": 0.023080834932155982, "dsfb-alt": 0.04576292734795775, "roll-in": 0.24946140865906938, "sfT": 3.8140588520838634e-05, "oneh-in": 0.011367051154619634, "bad-redirect": 0.007902036476271931}, "gutenberg": {"roll-out": 0.22447273114412616, "dsfb": 0.0, "unknown": 0.030721151714990094, "dsfb-red": 0.028431618816830928, "alternate": 0.20171815368854246, "redirect": 0.04924030168943507, "oneh-out": 0.017218855930678262, "sfR": 0.09863878308844841, "sft": 0.0, "sfb": 0.021884304897736344, "dsfb-alt": 0.040995444803237704, "roll-in": 0.2685429242900762, "sfT": 1.4018321567415056e-05, "oneh-in": 0.010054356989061541, "bad-redirect": 0.008067354625269427}, "english-200": {"roll-out": 0.22717149220489977, "dsfb": 0.0, "unknown": 0.0, "dsfb-red": 0.0334075723830735, "alternate": 0.19821826280623608, "redirect": 0.0556792873051225, "oneh-out": 0.013363028953229399, "sfR": 0.10690423162583519, "sft": 0.0, "sfb": 0.0200445434298441, "dsfb-alt": 0.051224944320712694, "roll-in": 0.2583518930957684, "sfT": 0.0, "oneh-in": 0.026726057906458798, "bad-redirect": 0.008908685968819599}, "monkeyracer": {"roll-out": 0.24461579367189576, "dsfb": 0.0, "unknown": 0.01033830176580071, "dsfb-red": 0.025230891346168884, "alternate": 0.21215903936687677, "redirect": 0.05492613822981998, "oneh-out": 0.0184859705647747, "sfR": 0.09690789370786869, "sft": 0.0, "sfb": 0.023206437586999702, "dsfb-alt": 0.0458009446799193, "roll-in": 0.24911436257566041, "sfT": 5.1808811799114756e-05, "oneh-in": 0.011285523249448676, "bad-redirect": 0.007876894442967295}, "chained-bigrams": {"roll-out": 0.20750219627312091, "dsfb": 0.0, "unknown": 0.017076064096761982, "dsfb-red": 0.029394672714723437, "alternate": 0.22256736373854058, "redirect": 0.06447270939913993, "oneh-out": 0.011992657662542067, "sfR": 0.11914286586209158, "sft": 0.0, "sfb": 0.02499952925409825, "dsfb-alt": 0.0501860582595128, "roll-in": 0.22492109324729614, "sfT": 0.00015193729794449613, "oneh-in": 0.0181980626046598, "bad-redirect": 0.009394789589568011}, "english-5k": {"roll-out": 0.24353922097316133, "dsfb": 0.0, "unknown": 0.0, "dsfb-red": 0.026672750653337206, "alternate": 0.2488488820674493, "redirect": 0.05736922885468951, "oneh-out": 0.012983780644626042, "sfR": 0.10644211224955408, "sft": 0.0, "sfb": 0.021943833741236984, "dsfb-alt": 0.04247728875430373, "roll-in": 0.2220102045049156, "sfT": 0.0, "oneh-in": 0.009499315551499564, "bad-redirect": 0.008213382005226698}, "mt-quotes": {"roll-out": 0.2475406700852249, "dsfb": 0.0, "unknown": 0.006137865911237016, "dsfb-red": 0.025034066052282426, "alternate": 0.20922532601809685, "redirect": 0.054868756051206655, "oneh-out": 0.018806552635039026, "sfR": 0.0964592223377679, "sft": 0.0, "sfb": 0.022818278528824662, "dsfb-alt": 0.04651809086671209, "roll-in": 0.2530659447054183, "sfT": 5.229437850372336e-05, "oneh-in": 0.01161981090352733, "bad-redirect": 0.007853121526159142}, "wordle": {"roll-out": 0.19351509031751374, "dsfb": 0.0, "unknown": 0.0, "dsfb-red": 0.03004600022439134, "alternate": 0.2486256030517222, "redirect": 0.05264220801077078, "oneh-out": 0.011556153932458207, "sfR": 0.13138112868843263, "sft": 0.0, "sfb": 0.0378772579378436, "dsfb-alt": 0.04997195108268821, "roll-in": 0.22506451250981713, "sfT": 0.0002019522046449007, "oneh-in": 0.010815662515426904, "bad-redirect": 0.008302479524290363}, "english-1k": {"roll-out": 0.24382498235709246, "dsfb": 0.0, "unknown": 0.0, "dsfb-red": 0.027875793930839804, "alternate": 0.23535638673253353, "redirect": 0.053987297106563165, "oneh-out": 0.01587861679604799, "sfR": 0.10832745236414962, "sft": 0.0, "sfb": 0.015172900494001412, "dsfb-alt": 0.04199011997177135, "roll-in": 0.23570924488355682, "sfT": 0.0, "oneh-in": 0.01305575158786168, "bad-redirect": 0.008821453775582216}, "english-10k": {"roll-out": 0.2321259720962544, "dsfb": 0.0, "unknown": 0.0, "dsfb-red": 0.025356515698269043, "alternate": 0.24989868972038362, "redirect": 0.057216186488103275, "oneh-out": 0.012427394299608267, "sfR": 0.10567144593890508, "sft": 0.0, "sfb": 0.023832037204994116, "dsfb-alt": 0.045444896856486755, "roll-in": 0.2287296655795913, "sfT": 1.929719611740414e-05, "oneh-in": 0.009494220489762837, "bad-redirect": 0.009783678431523899}, "reddit": {"roll-out": 0.22561787407829012, "dsfb": 0.0, "unknown": 0.041052351042636465, "dsfb-red": 0.02528191853874136, "alternate": 0.20325497429765946, "redirect": 0.05488398783607962, "oneh-out": 0.015762978478655924, "sfR": 0.10397777127267367, "sft": 0.0, "sfb": 0.02438597467092258, "dsfb-alt": 0.0460805592841289, "roll-in": 0.24171456065169905, "sfT": 0.00011207258048052992, "oneh-in": 0.010931346741963558, "bad-redirect": 0.006943630526068768}, "akl": {"roll-out": 0.19654279864443222, "dsfb": 0.0, "unknown": 0.13144916288543582, "dsfb-red": 0.02159412312880372, "alternate": 0.169701003175594, "redirect": 0.049681675900844734, "oneh-out": 0.012437535166639065, "sfR": 0.13064861186637447, "sft": 0.0, "sfb": 0.02721090233818664, "dsfb-alt": 0.04080376498395624, "roll-in": 0.20264019013191711, "sfT": 0.00018758011594437657, "oneh-in": 0.010890789853368535, "bad-redirect": 0.0062118618085030865}, "french": {"roll-out": 0.19544271055134768, "dsfb": 0.0, "unknown": 0.15037208219521925, "dsfb-red": 0.015069002676850001, "alternate": 0.21028085808119537, "redirect": 0.04356496858465809, "oneh-out": 0.010461922586653941, "sfR": 0.10898279115633469, "sft": 0.0, "sfb": 0.022077356834564084, "dsfb-alt": 0.023481020250606305, "roll-in": 0.20294142027797513, "sfT": 3.845837902232208e-05, "oneh-in": 0.010895541933768498, "bad-redirect": 0.0063918664918046425}, "keymash": {"roll-out": 0.24088205473435326, "dsfb": 0.0, "unknown": 0.009691601022933916, "dsfb-red": 0.025909947334501852, "alternate": 0.21298124484325548, "redirect": 0.05544039111213277, "oneh-out": 0.017823350970596806, "sfR": 0.099723742164827, "sft": 0.0, "sfb": 0.02241259702889419, "dsfb-alt": 0.0456707975354353, "roll-in": 0.2507583749635693, "sfT": 6.157306876069832e-05, "oneh-in": 0.011235032613202087, "bad-redirect": 0.007409292607537365}, "movie": {"roll-out": 0.24924551669193565, "dsfb": 0.0, "unknown": 0.024744473186874588, "dsfb-red": 0.021602837986347777, "alternate": 0.20516353071210616, "redirect": 0.052128009428721936, "oneh-out": 0.02338427792726561, "sfR": 0.11567713207251198, "sft": 0.0, "sfb": 0.022305307248711624, "dsfb-alt": 0.045137795438792594, "roll-in": 0.22132348209460068, "sfT": 0.00015239029708080461, "oneh-in": 0.010737199247944673, "bad-redirect": 0.008398047667105897}, "dutch": {"roll-out": 0.15368040848070624, "dsfb": 0.0, "unknown": 0.06864641402584021, "dsfb-red": 0.014274005989387337, "alternate": 0.22738395198936603, "redirect": 0.02943255598917396, "oneh-out": 0.006625751224072564, "sfR": 0.18880787437283908, "sft": 0.0, "sfb": 0.08066081718734047,