{"akl": {"dsfb-red": 0.01171760505357436, "sfR": 0.13064861186637447, "bad-redirect": 0.001425900430883287, "oneh-out": 0.007998048494747398, "roll-out": 0.1834614821947259, "dsfb": 0.0, "sfb": 0.020799427811465085, "sfT": 0.00020378830299120363, "redirect": 0.028001249117537104, "dsfb-alt": 0.041164323022941526, "unknown": 0.13277008071454782, "oneh-in": 0.004981447926269945, "roll-in": 0.15963255644643207, "alternate": 0.2771954786175098, "sft": 0.0}, "shai": {"dsfb-red": 0.014834057770650722, "sfR": 0.09823378925716947, "bad-redirect": 0.001088219621238698, "oneh-out": 0.00848212087875, "roll-out": 0.22200221743461254, "dsfb": 0.0, "sfb": 0.01720162167032601, "sfT": 4.190104572253256e-05, "redirect": 0.040965308596983004, "dsfb-alt": 0.03692570487111074, "unknown": 0.023260762136131256, "oneh-in": 0.004202993033573784, "roll-in": 0.20372549295848785, "alternate": 0.3290358107252434, "sft": 0.0}, "mt-quotes": {"dsfb-red": 0.012855452361315307, "sfR": 0.0964592223377679, "bad-redirect": 0.0008785455588625525, "oneh-out": 0.012242861070271692, "roll-out": 0.24424911248969053, "dsfb": 0.0, "sfb": 0.014945733376364137, "sfT": 1.1953000800851053e-05, "redirect": 0.0364521700672954, "dsfb-alt": 0.04193859743488603, "unknown": 0.007977133909467972, "oneh-in": 0.0048364829490443574, "roll-in": 0.186531059872581, "alternate": 0.34062167557165224, "sft": 0.0}}