{"english-450k": {"unknown": 0.00015377410175167997, "redirect": 0.03396682806125939, "sft": 0.0, "alternate": 0.35913561414043493, "dsfb-red": 0.014639528363720771, "roll-out": 0.17919097281706553, "bad-redirect": 0.0022197847045636997, "sfR": 0.11369548401129392, "dsfb": 0.0, "oneh-out": 0.01073670657971901, "roll-in": 0.22588918558780005, "dsfb-alt": 0.038715992097297494, "oneh-in": 0.010011103308715835, "sfT": 9.355078433562279e-06, "sfb": 0.011635671147944135}, "shai": {"unknown": 0.023260762136131256, "redirect": 0.027658614771399723, "sft": 0.0, "alternate": 0.3253671469792388, "dsfb-red": 0.018173802565183104, "roll-out": 0.23155050821563936, "bad-redirect": 0.0024096971699261185, "sfR": 0.09823378925716947, "dsfb": 0.0, "oneh-out": 0.015556202515889576, "roll-in": 0.2062171615164943, "dsfb-alt": 0.03419917603641033, "oneh-in": 0.008551501826987773, "sfT": 3.1102605156684984e-05, "sfb": 0.0087905344043735}, "tr-quotes": {"unknown": 0.013835787429786644, "redirect": 0.028285291602135873, "sft": 0.0, "alternate": 0.3238505813550311, "dsfb-red": 0.026000323617114723, "roll-out": 0.24428122327269364, "bad-redirect": 0.002383208894847553, "sfR": 0.09677191928064538, "dsfb": 0.0, "oneh-out": 0.018885370194863735, "roll-in": 0.1934525323039227, "dsfb-alt": 0.037302651348789906, "oneh-in": 0.00786736321398026, "sfT": 3.4673262291671484e-06, "sfb": 0.007080280159959317}, "gutenberg": {"unknown": 0.032975828246008664, "redirect": 0.025785376465814427, "sft": 0.0, "alternate": 0.30843508929860275, "dsfb-red": 0.014237499919489369, "roll-out": 0.25588153836303135, "bad-redirect": 0.002413235114152708, "sfR": 0.09863878308844841, "dsfb": 0.0, "oneh-out": 0.01703074521018579, "roll-in": 0.19904311694727936, "dsfb-alt": 0.031985073897392705, "oneh-in": 0.006820102879325362, "sfT": 1.5154942235043302e-06, "sfb": 0.006752095076045606}, "english-200": {"unknown": 0.0, "redirect": 0.015590200445434299, "sft": 0.0, "alternate": 0.3207126948775056, "dsfb-red": 0.024498886414253896, "roll-out": 0.22271714922049, "bad-redirect": 0.0022271714922048997, "sfR": 0.10690423162583519, "dsfb": 0.0, "oneh-out": 0.031180400890868598, "roll-in": 0.22271714922049, "dsfb-alt": 0.0334075723830735, "oneh-in": 0.011135857461024499, "sfT": 0.0, "sfb": 0.008908685968819599}, "monkeyracer": {"unknown": 0.013436077701487402, "redirect": 0.028379498568903764, "sft": 0.0, "alternate": 0.3234091762203419, "dsfb-red": 0.02644106698781613, "roll-out": 0.2449501071367127, "bad-redirect": 0.002401778313026886, "sfR": 0.09690789370786869, "dsfb": 0.0, "oneh-out": 0.018965935217479708, "roll-in": 0.19273464504121243, "dsfb-alt": 0.037490029247540545, "oneh-in": 0.007836815928179301, "sfT": 4.887623754633467e-06, "sfb": 0.0070420883056759}, "chained-bigrams": {"unknown": 0.022916559801936097, "redirect": 0.035933820268565404, "sft": 0.0, "alternate": 0.3184183716866793, "dsfb-red": 0.022773712769680588, "roll-out": 0.21352125076861442, "bad-redirect": 0.003995821075001835, "sfR": 0.11914286586209158, "dsfb": 0.0, "oneh-out": 0.01361981522087073, "roll-in": 0.17780949270473714, "dsfb-alt": 0.04733950648947575, "oneh-in": 0.012953628606806402, "sfT": 3.7659672140088785e-05, "sfb": 0.011537495073400648}, "english-5k": {"unknown": 0.002157049819554486, "redirect": 0.030157215746463684, "sft": 0.0, "alternate": 0.35118430331439, "dsfb-red": 0.013066744099224292, "roll-out": 0.19106483593976853, "bad-redirect": 0.0021155680922553613, "sfR": 0.10644211224955408, "dsfb": 0.0, "oneh-out": 0.01269340855353217, "roll-in": 0.23976438378894097, "dsfb-alt": 0.03293649147550504, "oneh-in": 0.00945783382420044, "sfT": 0.0, "sfb": 0.008960053096610942}, "mt-quotes": {"unknown": 0.007977133909467972, "redirect": 0.028210576015108593, "sft": 0.0, "alternate": 0.32441041823549804, "dsfb-red": 0.027599478849165082, "roll-out": 0.24985208161508946, "bad-redirect": 0.002281529027862445, "sfR": 0.0964592223377679, "dsfb": 0.0, "oneh-out": 0.019803134076809982, "roll-in": 0.19062944502217283, "dsfb-alt": 0.03836315607033146, "oneh-in": 0.007750026894251802, "sfT": 1.4941251001063816e-06, "sfb": 0.006662303821374356}, "wordle": {"unknown": 0.0, "redirect": 0.03484797486817009, "sft": 0.0, "alternate": 0.31984741388982385, "dsfb-red": 0.018646920228879166, "roll-out": 0.2092000448782677, "bad-redirect": 0.003702457085156513, "sfR": 0.13138112868843263, "dsfb": 0.0, "oneh-out": 0.012969819364972513, "roll-in": 0.1991921911814204, "dsfb-alt": 0.04039044092898014, "oneh-in": 0.013171771569617413, "sfT": 0.0, "sfb": 0.01664983731627959}, "english-1k": {"unknown": 0.0, "redirect": 0.026817219477769938, "sft": 0.0, "alternate": 0.3203952011291461, "dsfb-red": 0.014114326040931546, "roll-out": 0.22794636556104447, "bad-redirect": 0.0007057163020465773, "sfR": 0.10832745236414962, "dsfb": 0.0, "oneh-out": 0.014820042342978124, "roll-in": 0.239590684544813, "dsfb-alt": 0.027522935779816515, "oneh-in": 0.013408609738884969, "sfT": 0.0, "sfb": 0.006351446718419196}, "english-10k": {"unknown": 0.0, "redirect": 0.03276663900735223, "sft": 0.0, "alternate": 0.3504177842959418, "dsfb-red": 0.012929121398660775, "roll-out": 0.1934736882730939, "bad-redirect": 0.0016788560622141603, "sfR": 0.10567144593890508, "dsfb": 0.0, "oneh-out": 0.012427394299608267, "roll-in": 0.23606260010420485, "dsfb-alt": 0.03672256421142008, "oneh-in": 0.008799521429536288, "sfT": 0.0, "sfb": 0.009050384979062543}, "reddit": {"unknown": 0.039285409944231534, "redirect": 0.026929482861079632, "sft": 0.0, "alternate": 0.3143335848598634, "dsfb-red": 0.022690427402195415, "roll-out": 0.23079662366368336, "bad-redirect": 0.003109976650921443, "sfR": 0.10397777127267367, "dsfb": 0.0, "oneh-out": 0.017960679829576262, "roll-in": 0.18831186368048677, "dsfb-alt": 0.036629379684634804, "oneh-in": 0.007053980065539236, "sfT": 7.150620191755736e-05, "sfb": 0.008849313883196923}, "akl": {"unknown": 0.13277008071454782, "redirect": 0.02286871420378035, "sft": 0.0, "alternate": 0.26752652910840913, "dsfb-red": 0.022276744762538075, "roll-out": 0.18991881403114091, "bad-redirect": 0.0033395289293037178, "sfR": 0.13064861186637447, "dsfb": 0.0, "oneh-out": 0.0127451448140979, "roll-in": 0.16453741080586487, "dsfb-alt": 0.031679395735067596, "oneh-in": 0.007610756830175731, "sfT": 0.00021826695788364366, "sfb": 0.013860001240815783}, "french": {"unknown": 0.15807953387545715, "redirect": 0.024251700996725224, "sft": 0.0, "alternate": 0.26201025437918013, "dsfb-red": 0.007353760440674594, "roll-out": 0.19336354600816932, "bad-redirect": 0.004578809361245877, "sfR": 0.10898279115633469, "dsfb": 0.0, "oneh-out": 0.014303895174594074, "roll-in": 0.18332024594845023, "dsfb-alt": 0.02277303849794606, "oneh-in": 0.005913166793120873, "sfT": 2.972396726929763e-05, "sfb": 0.015039533400832509}, "keymash": {"unknown": 0.01232282349464109, "redirect": 0.02799522192986417, "sft": 0.0, "alternate": 0.32219134446848074, "dsfb-red": 0.025302426389396296, "roll-out": 0.24485967497629438, "bad-redirect": 0.0022371548316387057, "sfR": 0.099723742164827, "dsfb": 0.0, "oneh-out": 0.01914922438457718, "roll-in": 0.1951948377139151, "dsfb-alt": 0.035823211404974284, "oneh-in": 0.008152274303916457, "sfT": 4.104871250713221e-06, "sfb": 0.007043959066223888}, "movie": {"unknown": 0.030236445784519856, "redirect": 0.02361325816640257, "sft": 0.0, "alternate": 0.3096580048530651, "dsfb-red": 0.037174941823885504, "roll-out": 0.22931423445128768, "bad-redirect": 0.0033450854589783877, "sfR": 0.11567713207251198, "dsfb": 0.0, "oneh-out": 0.021244760267559462, "roll-in": 0.17499985853232353, "dsfb-alt": 0.04066346892692096, "oneh-in": 0.00613588082183903, "sfT": 5.658707059131778e-06, "sfb": 0.007931270133646817}, "dutch": {"unknown": 0.07290361491625476, "redirect": 0.021689895592212714, "sft": 0.0, "alternate": 0.2685106671550059, "dsfb-red": 0.010145350962842409, "roll-out": 0.1273793760506773, "bad-redirect": 0.001955353111310175, "sfR": 0.18880787437283908, "dsfb": 0.0,