{"monkeyracer": {"dsfb": 0.0, "sft": 0.0, "dsfb-red": 0.010091965528567183, "sfR": 0.09690789370786869, "alternate": 0.33095957739649967, "redirect": 0.025514373523937626, "sfT": 2.9325742527800803e-05, "sfb": 0.020335447393528005, "dsfb-alt": 0.04793488121119227, "oneh-out": 0.023140943428687614, "oneh-in": 0.0033988535589721132, "bad-redirect": 0.004100716330137479, "unknown": 0.013491796612290222, "roll-out": 0.19897907315013216, "roll-in": 0.22511515241565916}, "english-450k": {"dsfb": 0.0, "sft": 0.0, "dsfb-red": 0.012073605757115267, "sfR": 0.11369548401129392, "alternate": 0.36356699785593294, "redirect": 0.02829589645331436, "sfT": 0.00017950056744397625, "sfb": 0.029888598556628336, "dsfb-alt": 0.05039054528998112, "oneh-out": 0.00690960246178889, "oneh-in": 0.003949889522370624, "bad-redirect": 0.004022099034029682, "unknown": 0.00015377410175167997, "roll-out": 0.19571525713894805, "roll-in": 0.19115874924940113}, "shai": {"dsfb": 0.0, "sft": 0.0, "dsfb-red": 0.008795941365474035, "sfR": 0.09823378925716947, "alternate": 0.3311827110077213, "redirect": 0.02663117217962536, "sfT": 5.113584113117497e-05, "sfb": 0.02024670837212773, "dsfb-alt": 0.04635361432707679, "oneh-out": 0.014326829085533867, "oneh-in": 0.0033119591297215505, "bad-redirect": 0.004167737479769373, "unknown": 0.024097749651430984, "roll-out": 0.2041084815209654, "roll-in": 0.21849217078225297}, "tr-quotes": {"dsfb": 0.0, "sft": 0.0, "dsfb-red": 0.010091075102286124, "sfR": 0.09677191928064538, "alternate": 0.3312983980952821, "redirect": 0.025483692008968818, "sfT": 2.8894385243059568e-05, "sfb": 0.02048496336191951, "dsfb-alt": 0.047746237951041354, "oneh-out": 0.022683248191211484, "oneh-in": 0.0033505929127851876, "bad-redirect": 0.004054460137306119, "unknown": 0.013894731975682485, "roll-out": 0.19850211506899978, "roll-in": 0.22560967152862857}, "gutenberg": {"dsfb": 0.0, "sft": 0.0, "dsfb-red": 0.007306955398626129, "sfR": 0.09863878308844841, "alternate": 0.3133295673301879, "redirect": 0.02292431280861619, "sfT": 0.00017996493904113924, "sfb": 0.018599471168290707, "dsfb-alt": 0.04388909158624128, "oneh-out": 0.013604402207620435, "oneh-in": 0.0034072098879936105, "bad-redirect": 0.004086151300123551, "unknown": 0.03298207965968062, "roll-out": 0.21071867388193466, "roll-in": 0.23033333674319534}, "english-200": {"dsfb": 0.0, "sft": 0.0, "dsfb-red": 0.0022271714922048997, "sfR": 0.10690423162583519, "alternate": 0.33184855233853006, "redirect": 0.028953229398663696, "sfT": 0.0, "sfb": 0.013363028953229399, "dsfb-alt": 0.044543429844097995, "oneh-out": 0.017817371937639197, "oneh-in": 0.004454342984409799, "bad-redirect": 0.0022271714922048997, "unknown": 0.0, "roll-out": 0.19599109131403117, "roll-in": 0.2516703786191537}, "chained-bigrams": {"dsfb": 0.0, "sft": 0.0, "dsfb-red": 0.018478562231634254, "sfR": 0.11914286586209158, "alternate": 0.33024675526212754, "redirect": 0.02981672076456926, "sfT": 8.83054381215875e-05, "sfb": 0.020930986053584517, "dsfb-alt": 0.06370847777657296, "oneh-out": 0.007700753647956087, "oneh-in": 0.009100654564060076, "bad-redirect": 0.003169905506688163, "unknown": 0.023159399756770463, "roll-out": 0.18347792266651256, "roll-in": 0.19097869046931093}, "english-5k": {"dsfb": 0.0, "sft": 0.0, "dsfb-red": 0.009789687642593437, "sfR": 0.10644211224955408, "alternate": 0.35877545941012984, "redirect": 0.028083129381507446, "sfT": 4.148172729912474e-05, "sfb": 0.024930518106773967, "dsfb-alt": 0.044634338573858214, "oneh-out": 0.007217820550047704, "oneh-in": 0.003111129547434355, "bad-redirect": 0.004397063093707222, "unknown": 0.002157049819554486, "roll-out": 0.20035674285477248, "roll-in": 0.21006346704276765}, "mt-quotes": {"dsfb": 0.0, "sft": 0.0, "dsfb-red": 0.010091320926118502, "sfR": 0.0964592223377679, "alternate": 0.3330315200631118, "redirect": 0.025183478562293065, "sfT": 1.6435376101170198e-05, "sfb": 0.019755322073606578, "dsfb-alt": 0.0482766761095373, "oneh-out": 0.02473075865696083, "oneh-in": 0.0033841933517409547, "bad-redirect": 0.004176079654797337, "unknown": 0.007995063410669249, "roll-out": 0.19883667419705717, "roll-in": 0.2280632552802381}, "wordle": {"dsfb": 0.0, "sft": 0.0, "dsfb-red": 0.013912262986648716, "sfR": 0.13138112868843263, "alternate": 0.328553797823404, "redirect": 0.029888926287445303, "sfT": 0.0002019522046449007, "sfb": 0.03480309660047122, "dsfb-alt": 0.05187927745989005, "oneh-out": 0.010142488499943902, "oneh-in": 0.003320991809716145, "bad-redirect": 0.005609783462358353, "unknown": 0.0, "roll-out": 0.20733759676876473, "roll-in": 0.18296869740828003}, "english-1k": {"dsfb": 0.0, "sft": 0.0, "dsfb-red": 0.008821453775582216, "sfR": 0.10832745236414962, "alternate": 0.3256880733944954, "redirect": 0.02893436838390967, "sfT": 0.0, "sfb": 0.019407198306280876, "dsfb-alt": 0.03705010585744531, "oneh-out": 0.009174311926605505, "oneh-in": 0.0038814396612561752, "bad-redirect": 0.004234297812279464, "unknown": 0.0, "roll-out": 0.21665490472829924, "roll-in": 0.23782639378969656}, "english-10k": {"dsfb": 0.0, "sft": 0.0, "dsfb-red": 0.00922405974411918, "sfR": 0.10567144593890508, "alternate": 0.35821385152737306, "redirect": 0.027382721290596476, "sfT": 7.718878446961657e-05, "sfb": 0.023793442812759306, "dsfb-alt": 0.047239536095405335, "oneh-out": 0.009571409274232454, "oneh-in": 0.0027787962409061965, "bad-redirect": 0.004862893421585844, "unknown": 0.0, "roll-out": 0.21039732926805735, "roll-in": 0.2007873256015901}, "reddit": {"dsfb": 0.0, "sft": 0.0, "dsfb-red": 0.009800844552296822, "sfR": 0.10397777127267367, "alternate": 0.3207592917327556, "redirect": 0.024719120904476668, "sfT": 0.00010847666880735784, "sfb": 0.019688140814402826, "dsfb-alt": 0.04771126777049918, "oneh-out": 0.018485795306099173, "oneh-in": 0.003649138657417682, "bad-redirect": 0.003256996997975614, "unknown": 0.04519937363713543, "roll-out": 0.18727714009653149, "roll-in": 0.2153666415889285}, "akl": {"dsfb": 0.0, "sft": 0.0, "dsfb-red": 0.010345517780294715, "sfR": 0.13064861186637447, "alternate": 0.27459616474268156, "redirect": 0.021317348568897384, "sfT": 0.00014614546704570433, "sfb": 0.024903261707394635, "dsfb-alt": 0.04015501747284567, "oneh-out": 0.01610621877252484, "oneh-in": 0.0030023689896070682, "bad-redirect": 0.003312399982082047, "unknown": 0.13920166722946467, "roll-out": 0.15470109199942392, "roll-in": 0.18156418542136332}, "french": {"dsfb": 0.0, "sft": 0.0, "dsfb-red": 0.008955678523488294, "sfR": 0.10898279115633469, "alternate": 0.2528164844807706, "redirect": 0.019070696643347585, "sfT": 0.00019269640474682767, "sfb": 0.02170535778854762, "dsfb-alt": 0.03647422929790476, "oneh-out": 0.015913319158416806, "oneh-in": 0.0008866251930428597, "bad-redirect": 0.005371977846715208, "unknown": 0.15842537463172957, "roll-out": 0.24524526265657087, "roll-in": 0.12595950621838428}, "keymash": {"dsfb": 0.0, "sft": 0.0, "dsfb-red": 0.01037300965055231, "sfR": 0.099723742164827, "alternate": 0.3291655207234425, "redirect": 0.025889422978248287, "sfT": 5.74681975099851e-05, "sfb": 0.019986618119722674, "dsfb-alt": 0.04670522509061503, "oneh-out": 0.02214578039759783, "oneh-in": 0.003156645991798467, "bad-redirect": 0.004363478139508155, "unknown": 0.012376186820900362, "roll-out": 0.2009991256624236, "roll-in": 0.2250577760628538}, "movie": {"dsfb": 0.0, "sft": 0.0, "dsfb-red": 0.012166351774971907, "sfR": 0.11567713207251198, "alternate": 0.31720264053695074, "redirect": 0.022878152640069777, "sfT": 3.197827477602377e-05, "sfb": 0.024192815047528533, "dsfb-alt": 0.04949013075429644, "oneh-out": 0.03218514657827854, "oneh-in": 0.0026961765169184154, "bad-redirect": 0.0028921256985706763, "unknown": 0.030282373430185833, "roll-out": 0.17403419359279076, "roll-in": 0.21627078308215034}, "dutch": {"dsfb": 0.0, "sft": 0.0, "dsfb-red": 0.00791854355761087, "sfR": 0.18880787437283908, "alternate": 0.24686285513686235, "redirect": 0.019441481579928182, "sfT": 0.0001464228657217688, "sfb": 0.03403903082048912,