{"mt-quotes": {"dsfb-red": 0.008473183442703291, "sft": 0.0, "oneh-out": 0.022370040998792747, "redirect": 0.03381055689030731, "roll-in": 0.20882340636616822, "dsfb": 0.0, "sfT": 1.942362630138296e-05, "bad-redirect": 0.0007784391771554249, "unknown": 0.008011498786770418, "roll-out": 0.21748484957148492, "oneh-in": 0.0028746966926046784, "alternate": 0.3428583808465115, "dsfb-alt": 0.04463250499037783, "sfb": 0.01340379627305435, "sfR": 0.0964592223377679}}