{"english-450k": {"sft": 0.0, "bad-redirect": 0.0026419326188781974, "oneh-in": 0.015679988493253527, "roll-in": 0.24892343511463771, "sfT": 8.858089891779283e-05, "unknown": 0.00015377410175167997, "dsfb-red": 0.017639585078883774, "roll-out": 0.17766287922418333, "dsfb-alt": 0.02917644321087341, "alternate": 0.3213381738068328, "redirect": 0.04131407278601837, "sfR": 0.11369548401129392, "dsfb": 0.0, "oneh-out": 0.00830584791799806, "sfb": 0.02337980273647738}, "shai": {"sft": 0.0, "bad-redirect": 0.0025764034179734975, "oneh-in": 0.01299233922244416, "roll-in": 0.2686018426861504, "sfT": 2.326889773543929e-05, "unknown": 0.023260762136131256, "dsfb-red": 0.013658483022684001, "roll-out": 0.19218819522218158, "dsfb-alt": 0.023817876520335284, "alternate": 0.30863034979516246, "redirect": 0.03128824931501505, "sfR": 0.09823378925716947, "dsfb": 0.0, "oneh-out": 0.009319170320590606, "sfb": 0.015409270186426755}, "tr-quotes": {"sft": 0.0, "bad-redirect": 0.0023323547768197683, "oneh-in": 0.010588058528466749, "roll-in": 0.2787418228889762, "sfT": 1.1557754097223828e-05, "unknown": 0.013835787429786644, "dsfb-red": 0.01299553870691847, "roll-out": 0.2072039481287996, "dsfb-alt": 0.02514967291555905, "alternate": 0.2922470585515823, "redirect": 0.035659138716164676, "sfR": 0.09677191928064538, "dsfb": 0.0, "oneh-out": 0.010235547028501421, "sfb": 0.014227595293682532}, "gutenberg": {"sft": 0.0, "bad-redirect": 0.0034708606453807927, "oneh-in": 0.010327335386070259, "roll-in": 0.2810311650020857, "sfT": 1.2123953788034642e-05, "unknown": 0.032975828246008664, "dsfb-red": 0.01196369027389906, "roll-out": 0.19289096814696355, "dsfb-alt": 0.02886561847508698, "alternate": 0.2838149384538852, "redirect": 0.03208244440125286, "sfR": 0.09863878308844841, "dsfb": 0.0, "oneh-out": 0.010387197407898681, "sfb": 0.013539046519231811}, "english-200": {"sft": 0.0, "bad-redirect": 0.0022271714922048997, "oneh-in": 0.008908685968819599, "roll-in": 0.267260579064588, "sfT": 0.0, "unknown": 0.0, "dsfb-red": 0.013363028953229399, "roll-out": 0.21158129175946547, "dsfb-alt": 0.015590200445434299, "alternate": 0.3273942093541203, "redirect": 0.028953229398663696, "sfR": 0.10690423162583519, "dsfb": 0.0, "oneh-out": 0.008908685968819599, "sfb": 0.008908685968819599}, "monkeyracer": {"sft": 0.0, "bad-redirect": 0.0023753851447518653, "oneh-in": 0.010520121369473076, "roll-in": 0.2788711935186199, "sfT": 1.2707821762047014e-05, "unknown": 0.013436077701487402, "dsfb-red": 0.013056798098127844, "roll-out": 0.20813065986830787, "dsfb-alt": 0.025165397187856795, "alternate": 0.29163082409246605, "redirect": 0.0355144517259177, "sfR": 0.09690789370786869, "dsfb": 0.0, "oneh-out": 0.010197538201667267, "sfb": 0.014180951561693541}, "chained-bigrams": {"sft": 0.0, "bad-redirect": 0.006260595840943725, "oneh-in": 0.013522419517060156, "roll-in": 0.2705431888262454, "sfT": 5.7138812902203675e-05, "unknown": 0.022916559801936097, "dsfb-red": 0.021369266720732104, "roll-out": 0.15876213956284912, "dsfb-alt": 0.03927514221396018, "alternate": 0.2829559466245571, "redirect": 0.04270152307401619, "sfR": 0.11914286586209158, "dsfb": 0.0, "oneh-out": 0.006889122782867966, "sfb": 0.015604090359838167}, "english-5k": {"sft": 0.0, "bad-redirect": 0.002032604637657112, "oneh-in": 0.02181938855933961, "roll-in": 0.260380802256606, "sfT": 0.0, "unknown": 0.002157049819554486, "dsfb-red": 0.014269714190898909, "roll-out": 0.17024100883560792, "dsfb-alt": 0.02530385365246609, "alternate": 0.33363753266686025, "redirect": 0.03613058447753764, "sfR": 0.10644211224955408, "dsfb": 0.0, "oneh-out": 0.007259302277346829, "sfb": 0.020326046376571122}, "mt-quotes": {"sft": 0.0, "bad-redirect": 0.002372670658968934, "oneh-in": 0.010157062430523183, "roll-in": 0.2835490849977887, "sfT": 1.0458875700744673e-05, "unknown": 0.007977133909467972, "dsfb-red": 0.012647768972400521, "roll-out": 0.21104965276532672, "dsfb-alt": 0.025335879322503915, "alternate": 0.29110338150392656, "redirect": 0.03560649526063518, "sfR": 0.0964592223377679, "dsfb": 0.0, "oneh-out": 0.010272110063231374, "sfb": 0.013459078901758287}, "wordle": {"sft": 0.0, "bad-redirect": 0.0024907438572871086, "oneh-in": 0.008078088185796028, "roll-in": 0.20736003590261415, "sfT": 0.00011219566924716706, "unknown": 0.0, "dsfb-red": 0.019881072590598004, "roll-out": 0.20949175361831032, "dsfb-alt": 0.03300796589251655, "alternate": 0.3074610120049366, "redirect": 0.0396948277796477, "sfR": 0.13138112868843263, "dsfb": 0.0, "oneh-out": 0.017076180859418828, "sfb": 0.023964994951194883}, "english-1k": {"sft": 0.0, "bad-redirect": 0.0014114326040931546, "oneh-in": 0.011997177134791814, "roll-in": 0.2791107974594213, "sfT": 0.0, "unknown": 0.0, "dsfb-red": 0.010938602681721948, "roll-out": 0.19513055751587863, "dsfb-alt": 0.01799576570218772, "alternate": 0.30910374029640086, "redirect": 0.03916725476358504, "sfR": 0.10832745236414962, "dsfb": 0.0, "oneh-out": 0.011291460832745237, "sfb": 0.015525758645024701}, "english-10k": {"sft": 0.0, "bad-redirect": 0.0017367476505663728, "oneh-in": 0.020435730688330985, "roll-in": 0.259991123289786, "sfT": 0.0, "unknown": 0.0, "dsfb-red": 0.013604523262769919, "roll-out": 0.18332336311533934, "dsfb-alt": 0.025510893267208276, "alternate": 0.3267594218560043, "redirect": 0.03467706142297524, "sfR": 0.10567144593890508, "dsfb": 0.0, "oneh-out": 0.009899461608228324, "sfb": 0.018390227899886147}, "reddit": {"sft": 0.0, "bad-redirect": 0.002135596959731595, "oneh-in": 0.011383532634864949, "roll-in": 0.26358609408515604, "sfT": 7.985920507503e-05, "unknown": 0.039285409944231534, "dsfb-red": 0.014024767216223106, "roll-out": 0.19317409812381436, "dsfb-alt": 0.023457442853565675, "alternate": 0.29130173313578295, "redirect": 0.033944769418719004, "sfR": 0.10397777127267367, "dsfb": 0.0, "oneh-out": 0.008800244671823429, "sfb": 0.014848680478338658}, "akl": {"sft": 0.0, "bad-redirect": 0.0021144271815447652, "oneh-in": 0.007818943086359519, "roll-in": 0.2247034859190016, "sfT": 0.00011311140289691201, "unknown": 0.13277008071454782, "dsfb-red": 0.012085970694856592, "roll-out": 0.16972454952049587, "dsfb-alt": 0.020604880151698746, "alternate": 0.2477284509991297, "redirect": 0.02686855380202683, "sfR": 0.13064861186637447, "dsfb": 0.0, "oneh-out": 0.007880959167895397, "sfb": 0.016937975493171768}, "french": {"sft": 0.0, "bad-redirect": 0.002080947381940979, "oneh-in": 0.013725626178293494, "roll-in": 0.1999318236464437, "sfT": 0.00016778160758511298, "unknown": 0.15807953387545715, "dsfb-red": 0.015690629113310536, "roll-out": 0.1746861376031213, "dsfb-alt": 0.02010796422091302, "alternate": 0.2356984607194851, "redirect": 0.03165332841090053, "sfR": 0.10898279115633469, "dsfb": 0.0, "oneh-out": 0.021300114043251637, "sfb": 0.017894862042962728}, "keymash": {"sft": 0.0, "bad-redirect": 0.002483447106681499, "oneh-in": 0.010463316818068, "roll-in": 0.27705007532438747, "sfT": 1.6419485002852885e-05, "unknown": 0.01232282349464109, "dsfb-red": 0.01367332613612574, "roll-out": 0.20899541485881296, "dsfb-alt": 0.025314741003148435, "alternate": 0.29071108684676106, "redirect": 0.034287989557207535, "sfR": 0.099723742164827, "dsfb": 0.0, "oneh-out": 0.010791706518125058, "sfb": 0.014165910686211328}, "movie": {"sft": 0.0, "bad-redirect": 0.002271247096129194, "oneh-in": 0.0074554123493254095, "roll-in": 0.2525629666048113, "sfT": 1.8818490917577773e-05, "unknown": 0.030236445784519856, "dsfb-red": 0.015061372625991441, "roll-out": 0.21646186314377497, "dsfb-alt": 0.027867026700806655, "alternate": 0.27167202554998354, "redirect": 0.03441994107311984, "sfR": 0.11567713207251198, "dsfb": 0.0, "oneh-out": 0.010898669795887805, "sfb": 0.015397078712220399}, "dutch": {"sft": 0.0, "bad-redirect": 0.00392838598573591, "oneh-in": 0.004002224996395014, "roll-in": 0.2057324282968159, "sfT": 0.00024276502314560713, "unknown": 0.07290361491625476, "dsfb-red": 0.010882593498602421, "roll-out": 0.17352022265456157,