{"english-450k": {"bad-redirect": 0.001654679497936328, "sfb": 0.030999806466814904, "sft": 0.0, "sfR": 0.11369548401129392, "dsfb-red": 0.014840370203841312, "sfT": 8.653447551045108e-05, "redirect": 0.03771499870490633, "oneh-out": 0.006050104630705356, "alternate": 0.34727746753349265, "oneh-in": 0.0020218663264536477, "roll-in": 0.1989801795122613, "unknown": 0.0045810649704350285, "roll-out": 0.19083541435104112, "dsfb": 0.0, "dsfb-alt": 0.051262029315307656}, "shai": {"bad-redirect": 0.0011559362936903357, "sfb": 0.019301531319502865, "sft": 0.0, "sfR": 0.09823378925716947, "dsfb-red": 0.014622919229522365, "sfT": 4.5701787169006506e-05, "redirect": 0.03587635963590909, "oneh-out": 0.014479725714965136, "alternate": 0.32659162047204743, "oneh-in": 0.0022134713139232848, "roll-in": 0.19598529461397007, "unknown": 0.01923259933868647, "roll-out": 0.2264265010916101, "dsfb": 0.0, "dsfb-alt": 0.04583454993183436}, "tr-quotes": {"bad-redirect": 0.0010529113982570906, "sfb": 0.020020341647211115, "sft": 0.0, "sfR": 0.09677191928064538, "dsfb-red": 0.014247243475647813, "sfT": 9.708513441668015e-05, "redirect": 0.03314185987378933, "oneh-out": 0.023049628996093478, "alternate": 0.3356475809620674, "oneh-in": 0.0016932109752432908, "roll-in": 0.18044659161831672, "unknown": 0.010695545641570929, "roll-out": 0.23491597512771317, "dsfb": 0.0, "dsfb-alt": 0.04822010586902753}, "gutenberg": {"bad-redirect": 0.0008738718566281845, "sfb": 0.020632696105899705, "sft": 0.0, "sfR": 0.09863878308844841, "dsfb-red": 0.012704198638858863, "sfT": 9.282402118964023e-05, "redirect": 0.031102487948979372, "oneh-out": 0.013445275314152481, "alternate": 0.3172543184955083, "oneh-in": 0.0041605999538532005, "roll-in": 0.1766039517269625, "unknown": 0.03144783119516042, "roll-out": 0.24087113638955476, "dsfb": 0.0, "dsfb-alt": 0.0521720252648042}, "english-200": {"bad-redirect": 0.0, "sfb": 0.008908685968819599, "sft": 0.0, "sfR": 0.10690423162583519, "dsfb-red": 0.011135857461024499, "sfT": 0.0, "redirect": 0.031180400890868598, "oneh-out": 0.013363028953229399, "alternate": 0.32516703786191536, "oneh-in": 0.0, "roll-in": 0.1915367483296214, "unknown": 0.0, "roll-out": 0.24276169265033407, "dsfb": 0.0, "dsfb-alt": 0.06904231625835189}, "monkeyracer": {"bad-redirect": 0.0010899400972832632, "sfb": 0.02003436977024258, "sft": 0.0, "sfR": 0.09690789370786869, "dsfb-red": 0.014199524531961149, "sfT": 9.090980183618249e-05, "redirect": 0.03316545974944086, "oneh-out": 0.0236091777843815, "alternate": 0.335901942537185, "oneh-in": 0.0017487917794078546, "roll-in": 0.17956249902247526, "unknown": 0.010148661964120932, "roll-out": 0.23516703942943834, "dsfb": 0.0, "dsfb-alt": 0.04837378982435835}, "chained-bigrams": {"bad-redirect": 0.001999209146885058, "sfb": 0.02084138200607879, "sft": 0.0, "sfR": 0.11914286586209158, "dsfb-red": 0.018533103825768175, "sfT": 0.00010388875073127941, "redirect": 0.043309272265794174, "oneh-out": 0.007898791579037587, "alternate": 0.3318589788125386, "oneh-in": 0.003980887067084213, "roll-in": 0.1581219251364676, "unknown": 0.019745355685863792, "roll-out": 0.21728851659200746, "dsfb": 0.0, "dsfb-alt": 0.05717582326965169}, "english-5k": {"bad-redirect": 0.0013274152735719916, "sfb": 0.021072717467955367, "sft": 0.0, "sfR": 0.10644211224955408, "dsfb-red": 0.0155971294644709, "sfT": 0.0, "redirect": 0.03778985356950263, "oneh-out": 0.0065126311859625835, "alternate": 0.33525532003152614, "oneh-in": 0.0013688970008711163, "roll-in": 0.23105322105612477, "unknown": 0.005185215912390592, "roll-out": 0.1913552080308624, "dsfb": 0.0, "dsfb-alt": 0.04704027875720745}, "mt-quotes": {"bad-redirect": 0.0010847348226772332, "sfb": 0.019441555802584238, "sft": 0.0, "sfR": 0.0964592223377679, "dsfb-red": 0.014011905188797648, "sfT": 9.263575620659567e-05, "redirect": 0.0327766223210337, "oneh-out": 0.02498625404907902, "alternate": 0.33907077371774186, "oneh-in": 0.0016569847360179773, "roll-in": 0.17704485961200558, "unknown": 0.0058868528944191435, "roll-out": 0.2385310957315834, "dsfb": 0.0, "dsfb-alt": 0.0489565030300857}, "wordle": {"bad-redirect": 0.0019970829125995735, "sfb": 0.030270391562885673, "sft": 0.0, "sfR": 0.13138112868843263, "dsfb-red": 0.016560080780881857, "sfT": 0.0005834174800852687, "redirect": 0.03702457085156513, "oneh-out": 0.006462470548636822, "alternate": 0.3177156961741277, "oneh-in": 0.003994165825199147, "roll-in": 0.2054302703915629, "unknown": 0.004330752832940648, "roll-out": 0.184831145517783, "dsfb": 0.0, "dsfb-alt": 0.059418826433299675}, "english-1k": {"bad-redirect": 0.00035285815102328866, "sfb": 0.0187014820042343, "sft": 0.0, "sfR": 0.10832745236414962, "dsfb-red": 0.012702893436838392, "sfT": 0.0, "redirect": 0.03634438955539873, "oneh-out": 0.010232886379675371, "alternate": 0.3158080451658433, "oneh-in": 0.0028228652081863093, "roll-in": 0.22265349329569514, "unknown": 0.006351446718419196, "roll-out": 0.21100917431192662, "dsfb": 0.0, "dsfb-alt": 0.05469301340860974}, "english-10k": {"bad-redirect": 0.00135080372821829, "sfb": 0.02213388394666255, "sft": 0.0, "sfR": 0.10567144593890508, "dsfb-red": 0.01449219428417051, "sfT": 0.0, "redirect": 0.03896103896103896, "oneh-out": 0.006387371914860771, "alternate": 0.33376430404662205, "oneh-in": 0.0022577719457362844, "roll-in": 0.22923139267864379, "unknown": 0.00494008220605546, "roll-out": 0.19634897049458713, "dsfb": 0.0, "dsfb-alt": 0.044460739854499144}, "reddit": {"bad-redirect": 0.0009654648268334421, "sfb": 0.021721628865581637, "sft": 0.0, "sfR": 0.10397777127267367, "dsfb-red": 0.012897598736336707, "sfT": 8.454138173280616e-05, "redirect": 0.03209665810577487, "oneh-out": 0.018398070044239077, "alternate": 0.3215559734554295, "oneh-in": 0.0017849206567707927, "roll-in": 0.17665260702659868, "unknown": 0.04047056249984783, "roll-out": 0.2224726874589022, "dsfb": 0.0, "dsfb-alt": 0.04692151566927876}, "akl": {"bad-redirect": 0.0007253904931521274, "sfb": 0.02357258437541146, "sft": 0.0, "sfR": 0.13064861186637447, "dsfb-red": 0.010803473187174195, "sfT": 0.00017782061307319258, "redirect": 0.02891320671494318, "oneh-out": 0.01632169377135926, "alternate": 0.277334705955938, "oneh-in": 0.0025361612435909407, "roll-in": 0.15337496086624655, "unknown": 0.13217309563005783, "roll-out": 0.18218459331274417, "dsfb": 0.0, "dsfb-alt": 0.04123370196993465}, "french": {"bad-redirect": 0.002087449499781138, "sfb": 0.02276330030302416, "sft": 0.0, "sfR": 0.10898279115633469, "dsfb-red": 0.012159499707277352, "sfT": 0.0001778044574354961, "redirect": 0.024319254105806508, "oneh-out": 0.006717616602861264, "alternate": 0.2439559855762651, "oneh-in": 0.0018772992533666027, "roll-in": 0.1738509450611044, "unknown": 0.17297402809930676, "roll-out": 0.19799167558123504, "dsfb": 0.0, "dsfb-alt": 0.032142350596201505}, "keymash": {"bad-redirect": 0.001038532426430445, "sfb": 0.018496549855713775, "sft": 0.0, "sfR": 0.099723742164827, "dsfb-red": 0.01429726656623415, "sfT": 8.620229626497765e-05, "redirect": 0.03414431906343258, "oneh-out": 0.0224167019001449, "alternate": 0.33063506463119785, "oneh-in": 0.0019210797453337875, "roll-in": 0.18445649452204932, "unknown": 0.010122612504258804, "roll-out": 0.23346865725556518, "dsfb": 0.0, "dsfb-alt": 0.049192777068547244}, "movie": {"bad-redirect": 0.001109238181428413, "sfb": 0.02233820670835774, "sft": 0.0, "sfR": 0.11567713207251198, "dsfb-red": 0.014529454162433054, "sfT": 0.0002628008836531665, "redirect": 0.030244736448350677, "oneh-out": 0.03595160831640437, "alternate": 0.32775086528868813, "oneh-in": 0.002072665957705244, "roll-in": 0.1716168728958328, "unknown": 0.012505611002842644, "roll-out": 0.21689982075058406, "dsfb": 0.0, "dsfb-alt": 0.04904098733120768}, "dutch": {"bad-redirect": 0.0010615209494972367, "sfb": 0.051681390299275355, "sft": 0.0, "sfR": 0.18880787437283908, "dsfb-red": 0.013293819122539371, "sfT": 0.0002730859961967351, "redirect": 0.030812079574426228, "oneh-out": 0.0018977952618163126,