{"mt-quotes": {"dsfb-red": 0.023835777721997107, "sft": 0.0, "oneh-out": 0.013568150034066053, "redirect": 0.03551236537932848, "roll-in": 0.22182528298729395, "dsfb": 0.0, "sfT": 2.0917751401489345e-05, "bad-redirect": 0.0009353223126665949, "unknown": 0.007995063410669249, "roll-out": 0.2759170939864453, "oneh-in": 0.00812654641947861, "alternate": 0.2577335915181506, "dsfb-alt": 0.04091362761621305, "sfb": 0.017157038524521582, "sfR": 0.0964592223377679}}