{"english-450k": {"sft": 0.0, "sfb": 0.030087393973341536, "roll-in": 0.23314580299023388, "oneh-out": 0.007448104164120818, "dsfb-alt": 0.04383322000045606, "redirect": 0.0478772449995644, "bad-redirect": 0.002032683135892454, "sfR": 0.11369548401129392, "alternate": 0.2596759283892134, "dsfb-red": 0.022617656190343102, "oneh-in": 0.006295383093385317, "unknown": 0.00015377410175167997, "roll-out": 0.23304085070405736, "sfT": 9.6474246346111e-05, "dsfb": 0.0}, "shai": {"sft": 0.0, "sfb": 0.016822700907502493, "roll-in": 0.2332352275010814, "oneh-out": 0.009945495355044985, "dsfb-alt": 0.038870461442523034, "redirect": 0.044058806372117204, "bad-redirect": 0.001502887479784855, "sfR": 0.09823378925716947, "alternate": 0.24308221708163125, "dsfb-red": 0.01855090810627709, "oneh-in": 0.007215928249432676, "unknown": 0.023621906111313578, "roll-out": 0.26482747420527347, "sfT": 3.2197930848489594e-05, "dsfb": 0.0}, "tr-quotes": {"sft": 0.0, "sfb": 0.014699151660849263, "roll-in": 0.22111832828644737, "oneh-out": 0.011245694736598784, "dsfb-alt": 0.03884676729617901, "redirect": 0.04578026397910358, "bad-redirect": 0.0013707496359307459, "sfR": 0.09677191928064538, "alternate": 0.24591664547745082, "dsfb-red": 0.019386976722683247, "oneh-in": 0.008461431774577564, "unknown": 0.01476965396084233, "roll-out": 0.28162432676082383, "sfT": 8.09042786805668e-06, "dsfb": 0.0}, "gutenberg": {"sft": 0.0, "sfb": 0.015171423234723914, "roll-in": 0.21113429817273072, "oneh-out": 0.014445880375221215, "dsfb-alt": 0.03329351372261076, "redirect": 0.042379091029297156, "bad-redirect": 0.0018248444818771518, "sfR": 0.09863878308844841, "alternate": 0.22811560038387468, "dsfb-red": 0.0258190962122874, "oneh-in": 0.0059661218843806724, "unknown": 0.03802431837805746, "roll-out": 0.28518305086415374, "sfT": 3.978172336698867e-06, "dsfb": 0.0}, "english-200": {"sft": 0.0, "sfb": 0.013363028953229399, "roll-in": 0.22717149220489977, "oneh-out": 0.013363028953229399, "dsfb-alt": 0.0378619153674833, "redirect": 0.0378619153674833, "bad-redirect": 0.0022271714922048997, "sfR": 0.10690423162583519, "alternate": 0.24944320712694878, "dsfb-red": 0.026726057906458798, "oneh-in": 0.0066815144766146995, "unknown": 0.0, "roll-out": 0.27839643652561247, "sfT": 0.0, "dsfb": 0.0}, "monkeyracer": {"sft": 0.0, "sfb": 0.014658961164896695, "roll-in": 0.2212382892534839, "oneh-out": 0.011329511863240377, "dsfb-alt": 0.038775474295009146, "redirect": 0.04595832616481849, "bad-redirect": 0.0013890626710668314, "sfR": 0.09690789370786869, "alternate": 0.24546135258144736, "dsfb-red": 0.019383338286125405, "oneh-in": 0.008486869887545552, "unknown": 0.014352018393105714, "roll-out": 0.28205108153338443, "sfT": 7.820198007413547e-06, "dsfb": 0.0}, "chained-bigrams": {"sft": 0.0, "sfb": 0.01769939660114966, "roll-in": 0.19583354165192204, "oneh-out": 0.008462388051754779, "dsfb-alt": 0.05009840212608328, "redirect": 0.049551038270667855, "bad-redirect": 0.0034374190398212072, "sfR": 0.11914286586209158, "alternate": 0.2609678925322818, "dsfb-red": 0.028972624664877617, "oneh-in": 0.006903407486093516, "unknown": 0.02365222201805197, "roll-out": 0.23520997539784522, "sfT": 6.882629735947261e-05, "dsfb": 0.0}, "english-5k": {"sft": 0.0, "sfb": 0.018376405193512257, "roll-in": 0.2639482308043307, "oneh-out": 0.005475588003484465, "dsfb-alt": 0.0432654415729871, "redirect": 0.04023727548015099, "bad-redirect": 0.002779275729041357, "sfR": 0.10644211224955408, "alternate": 0.254075579707139, "dsfb-red": 0.020077156012776372, "oneh-in": 0.007383747459244203, "unknown": 0.002157049819554486, "roll-out": 0.235782137968225, "sfT": 0.0, "dsfb": 0.0}, "mt-quotes": {"sft": 0.0, "sfb": 0.013865480928987222, "roll-in": 0.22063595940760927, "oneh-out": 0.011452468892315416, "dsfb-alt": 0.03902206523947837, "redirect": 0.04610421821398262, "bad-redirect": 0.0012894299613918074, "sfR": 0.0964592223377679, "alternate": 0.24694302004518234, "dsfb-red": 0.019571544686293494, "oneh-in": 0.008686843332018503, "unknown": 0.008869126594231481, "roll-out": 0.28709763211054135, "sfT": 2.9882502002127633e-06, "dsfb": 0.0}, "wordle": {"sft": 0.0, "sfb": 0.033524065971053514, "roll-in": 0.20628295747784137, "oneh-out": 0.014091776057444183, "dsfb-alt": 0.04905194659486144, "redirect": 0.047570963760798834, "bad-redirect": 0.0018400089756535397, "sfR": 0.13138112868843263, "alternate": 0.22991136542129473, "dsfb-red": 0.027981599910243463, "oneh-in": 0.007068327162571525, "unknown": 0.0, "roll-out": 0.25069000336587005, "sfT": 0.0006058566139347021, "dsfb": 0.0}, "english-1k": {"sft": 0.0, "sfb": 0.016584333098094567, "roll-in": 0.2544107268877911, "oneh-out": 0.010938602681721948, "dsfb-alt": 0.035285815102328866, "redirect": 0.04199011997177135, "bad-redirect": 0.0014114326040931546, "sfR": 0.10832745236414962, "alternate": 0.23253352152434723, "dsfb-red": 0.022935779816513763, "oneh-in": 0.009880028228652082, "unknown": 0.0, "roll-out": 0.26570218772053633, "sfT": 0.0, "dsfb": 0.0}, "english-10k": {"sft": 0.0, "sfb": 0.018370930703768742, "roll-in": 0.2623260840199919, "oneh-out": 0.008259199938248972, "dsfb-alt": 0.04179772679029737, "redirect": 0.04121881090677525, "bad-redirect": 0.0018525308272707975, "sfR": 0.10567144593890508, "alternate": 0.25261959437293763, "dsfb-red": 0.01883406341058644, "oneh-in": 0.006927693406148087, "unknown": 0.0, "roll-out": 0.24212191968506977, "sfT": 0.0, "dsfb": 0.0}, "reddit": {"sft": 0.0, "sfb": 0.014951988024115832, "roll-in": 0.2088291992522751, "oneh-out": 0.009842759397737235, "dsfb-alt": 0.04014232318743109, "redirect": 0.041804870475074245, "bad-redirect": 0.0021116991300703055, "sfR": 0.10397777127267367, "alternate": 0.2432370921285681, "dsfb-red": 0.017498567722160387, "oneh-in": 0.007975619718855893, "unknown": 0.041217688064775854, "roll-out": 0.26835562143065966, "sfT": 5.480019560261205e-05, "dsfb": 0.0}, "akl": {"sft": 0.0, "sfb": 0.017807164231160078, "roll-in": 0.1807709231449526, "oneh-out": 0.006514505227918612, "dsfb-alt": 0.03807112888762693, "redirect": 0.03461092802915141, "bad-redirect": 0.0025760887287550756, "sfR": 0.13064861186637447, "alternate": 0.20385054144115936, "dsfb-red": 0.014363196267333588, "oneh-in": 0.007517164433021186, "unknown": 0.13295000147380848, "roll-out": 0.23006797580226387, "sfT": 0.00025177046647434104, "dsfb": 0.0}, "french": {"sft": 0.0, "sfb": 0.0461904608447932, "roll-in": 0.16082501567886837, "oneh-out": 0.016072261481380502, "dsfb-alt": 0.028955398962384842, "redirect": 0.04275148472639785, "bad-redirect": 0.0027502909735188067, "sfR": 0.10898279115633469, "alternate": 0.18467258158633487, "dsfb-red": 0.014536757887934142, "oneh-in": 0.0042004879794493525, "unknown": 0.15822382396052298, "roll-out": 0.23179561692236395, "sfT": 4.302783971644294e-05, "dsfb": 0.0}, "keymash": {"sft": 0.0, "sfb": 0.015093611588872515, "roll-in": 0.22123203605718908, "oneh-out": 0.011916441240820481, "dsfb-alt": 0.038778718705487804, "redirect": 0.0452356811828597, "bad-redirect": 0.0015229072340146052, "sfR": 0.099723742164827, "alternate": 0.24497871624256506, "dsfb-red": 0.019966093763469108, "oneh-in": 0.008304154540192846, "unknown": 0.013394194891077241, "roll-out": 0.27984959751737387, "sfT": 4.104871250713221e-06, "dsfb": 0.0}, "movie": {"sft": 0.0, "sfb": 0.014644865466871626, "roll-in": 0.18846297540870668, "oneh-out": 0.012241494140803633, "dsfb-alt": 0.04313066520470241, "redirect": 0.044790113949252454, "bad-redirect": 0.0009348710453040035, "sfR": 0.11567713207251198, "alternate": 0.2404193812559145, "dsfb-red": 0.02244058982677645, "oneh-in": 0.009920634659528098, "unknown": 0.030451476652766863, "roll-out": 0.2768661922389122, "sfT": 1.9608077949084534e-05, "dsfb": 0.0}, "dutch": {"sft": 0.0, "sfb": 0.030910716873512125, "roll-in": 0.22650430308579286, "oneh-out": 0.011383436443170195, "dsfb-alt": 0.029373904361231773, "redirect": 0.03218903905610291, "bad-redirect": 0.0017660756473671193, "sfR": 0.18880787437283908,