{"english-450k": {"dsfb": 0.0, "roll-out": 0.16287600837513397, "sfb": 0.052655643655707386, "sft": 0.0, "bad-redirect": 0.0006431616423074068, "redirect": 0.05364465085385555, "oneh-in": 0.011654673651012307, "dsfb-red": 0.028625662968097428, "dsfb-alt": 0.04112843294835237, "alternate": 0.24252660788948846, "sfR": 0.11369548401129392, "sfT": 0.0029640981324339983, "unknown": 0.0036274316626137737, "roll-in": 0.27669398544466733, "oneh-out": 0.009264158765036097}, "shai": {"dsfb": 0.0, "roll-out": 0.15535746631273584, "sfb": 0.03156719354799756, "sft": 0.0, "bad-redirect": 0.00090615172064442, "redirect": 0.047491948001522157, "oneh-in": 0.011675451978599425, "dsfb-red": 0.021349353006982527, "dsfb-alt": 0.04015458180542495, "alternate": 0.22810077801409634, "sfR": 0.09823378925716947, "sfT": 0.0004046125364708622, "unknown": 0.020270019844360023, "roll-in": 0.33420535707927185, "oneh-out": 0.010283296894724571}, "tr-quotes": {"dsfb": 0.0, "roll-out": 0.16775964494579412, "sfb": 0.030974780980559856, "sft": 0.0, "bad-redirect": 0.0008321582950001155, "redirect": 0.04830910057557616, "oneh-in": 0.008893691777813736, "dsfb-red": 0.020625967961905644, "dsfb-alt": 0.045130718198839605, "alternate": 0.21576824391484248, "sfR": 0.09677191928064538, "sfT": 0.0003790943343889415, "unknown": 0.012060516400453063, "roll-in": 0.3397552067682208, "oneh-out": 0.012738956565960103}, "gutenberg": {"dsfb": 0.0, "roll-out": 0.14821116744960888, "sfb": 0.03153762422790305, "sft": 0.0, "bad-redirect": 0.0006675752054536576, "redirect": 0.04440663286356801, "oneh-in": 0.008156389910900307, "dsfb-red": 0.020222565481663846, "dsfb-alt": 0.04449964632153559, "alternate": 0.2066723043051781, "sfR": 0.09863878308844841, "sfT": 0.0004487757269352198, "unknown": 0.03271383718212035, "roll-in": 0.3525905289946249, "oneh-out": 0.011234169242059663}, "english-200": {"dsfb": 0.0, "roll-out": 0.16481069042316257, "sfb": 0.011135857461024499, "sft": 0.0, "bad-redirect": 0.0, "redirect": 0.0334075723830735, "oneh-in": 0.0066815144766146995, "dsfb-red": 0.0200445434298441, "dsfb-alt": 0.051224944320712694, "alternate": 0.22048997772828507, "sfR": 0.10690423162583519, "sfT": 0.0, "unknown": 0.0022271714922048997, "roll-in": 0.3674832962138085, "oneh-out": 0.015590200445434299}, "monkeyracer": {"dsfb": 0.0, "roll-out": 0.16846563804995543, "sfb": 0.030716760248369487, "sft": 0.0, "bad-redirect": 0.0008396937610460297, "redirect": 0.04824182398298325, "oneh-in": 0.008766441966310587, "dsfb-red": 0.020645322739571766, "dsfb-alt": 0.045162621017564165, "alternate": 0.2154269046092247, "sfR": 0.09690789370786869, "sfT": 0.0003616841578428766, "unknown": 0.011659915229053599, "roll-in": 0.3399068614417317, "oneh-out": 0.012898439088477721}, "chained-bigrams": {"dsfb": 0.0, "roll-out": 0.12349385660365597, "sfb": 0.030119296751074113, "sft": 0.0, "bad-redirect": 0.0018998655289982722, "redirect": 0.05502272891074593, "oneh-in": 0.013832787159869853, "dsfb-red": 0.03258146014340543, "dsfb-alt": 0.04875499071818943, "alternate": 0.2353047738828875, "sfR": 0.11914286586209158, "sfT": 0.0003869855964740158, "unknown": 0.02018363635301138, "roll-in": 0.3118584463826911, "oneh-out": 0.007418306106905421}, "english-5k": {"dsfb": 0.0, "roll-out": 0.1506201518231219, "sfb": 0.03650392002322977, "sft": 0.0, "bad-redirect": 0.00029037209109387317, "redirect": 0.045049155846849466, "oneh-in": 0.02144605301364749, "dsfb-red": 0.024266810469987972, "dsfb-alt": 0.04061061102584312, "alternate": 0.24490811797403245, "sfR": 0.10644211224955408, "sfT": 0.0006637076367859958, "unknown": 0.003982245820715975, "roll-in": 0.3167959513834156, "oneh-out": 0.008420790641722322}, "mt-quotes": {"dsfb": 0.0, "roll-out": 0.16991489463429793, "sfb": 0.029032344820167102, "sft": 0.0, "bad-redirect": 0.0008113099293577653, "redirect": 0.047610296314889854, "oneh-in": 0.008546395572608504, "dsfb-red": 0.0201348298490336, "dsfb-alt": 0.046358219481000704, "alternate": 0.2144607403688696, "sfR": 0.0964592223377679, "sfT": 0.0003033073953215955, "unknown": 0.007633485136443504, "roll-in": 0.3454058641421929, "oneh-out": 0.013329090018049031}, "wordle": {"dsfb": 0.0, "roll-out": 0.18054527095254122, "sfb": 0.05194659486143835, "sft": 0.0, "bad-redirect": 0.0011219566924716706, "redirect": 0.05125098171210591, "oneh-in": 0.007719062044205094, "dsfb-red": 0.03143722652305621, "dsfb-alt": 0.04804218557163693, "alternate": 0.22199035117244476, "sfR": 0.13138112868843263, "sfT": 0.001638056771008639, "unknown": 0.010838101649276339, "roll-in": 0.25353977336474814, "oneh-out": 0.008549309996634129}, "english-1k": {"dsfb": 0.0, "roll-out": 0.16337332392378265, "sfb": 0.030698659139026113, "sft": 0.0, "bad-redirect": 0.00035285815102328866, "redirect": 0.0497529992942837, "oneh-in": 0.012702893436838392, "dsfb-red": 0.02399435426958363, "dsfb-alt": 0.03987297106563162, "alternate": 0.2113620324629499, "sfR": 0.10832745236414962, "sfT": 0.0, "unknown": 0.004940014114326041, "roll-in": 0.3405081157374735, "oneh-out": 0.014114326040931546}, "english-10k": {"dsfb": 0.0, "roll-out": 0.15729144555296115, "sfb": 0.03720499411435518, "sft": 0.0, "bad-redirect": 0.0008490766291657822, "redirect": 0.046371162270122154, "oneh-in": 0.018795469018351635, "dsfb-red": 0.02404430636228556, "dsfb-alt": 0.038285637096929816, "alternate": 0.23799231971594528, "sfR": 0.10567144593890508, "sfT": 0.0006946990602265491, "unknown": 0.003936628007950445, "roll-in": 0.3204685359217306, "oneh-out": 0.008394280311070802}, "reddit": {"dsfb": 0.0, "roll-out": 0.15846905558811228, "sfb": 0.03295226033951025, "sft": 0.0, "bad-redirect": 0.0007041244545030085, "redirect": 0.04532096040058456, "oneh-in": 0.008237447037558736, "dsfb-red": 0.020894606638165322, "dsfb-alt": 0.04192091354136057, "alternate": 0.21501671443423293, "sfR": 0.10397777127267367, "sfT": 0.0003930406373603611, "unknown": 0.04333028617276445, "roll-in": 0.317577584135437, "oneh-out": 0.011205235347736833}, "akl": {"dsfb": 0.0, "roll-out": 0.13986395450658387, "sfb": 0.03414832759305729, "sft": 0.0, "bad-redirect": 0.0009823989712940406, "redirect": 0.03637426018335561, "oneh-in": 0.006330631252305065, "dsfb-red": 0.018257929725797747, "dsfb-alt": 0.035547123784321115, "alternate": 0.18411240397483056, "sfR": 0.13064861186637447, "sfT": 0.00036431359452052586, "unknown": 0.13407377734492254, "roll-in": 0.2712076406382043, "oneh-out": 0.008088626564432868}, "french": {"dsfb": 0.0, "roll-out": 0.12355913106116675, "sfb": 0.036789986522787685, "sft": 0.0, "bad-redirect": 0.00245185275375852, "redirect": 0.05863958945088611, "oneh-in": 0.02221477025583122, "dsfb-red": 0.02053087155361349, "dsfb-alt": 0.025949697608822195, "alternate": 0.1885586906700287, "sfR": 0.10898279115633469, "sfT": 0.0006085323097501669, "unknown": 0.15741131392175492, "roll-in": 0.24505285090675255, "oneh-out": 0.009249921828512994}, "keymash": {"dsfb": 0.0, "roll-out": 0.16620213207012763, "sfb": 0.03040478135403283, "sft": 0.0, "bad-redirect": 0.0008209742501426443, "redirect": 0.04823223719588035, "oneh-in": 0.00889525600029555, "dsfb-red": 0.020327322433531872, "dsfb-alt": 0.04518231785660043, "alternate": 0.2135148781058482, "sfR": 0.099723742164827, "sfT": 0.00038175302631632957, "unknown": 0.01084506984438433, "roll-in": 0.34296609786834037, "oneh-out": 0.012503437829672472}, "movie": {"dsfb": 0.0, "roll-out": 0.1792425728482865, "sfb": 0.032641527882489446, "sft": 0.0, "bad-redirect": 0.0008713092892677093, "redirect": 0.050188783679341334, "oneh-in": 0.005936773292060742, "dsfb-red": 0.020777851136261797, "dsfb-alt": 0.04867777729671457, "alternate": 0.20882023985285256, "sfR": 0.11567713207251198, "sfT": 0.00044993301012026857, "unknown": 0.01625522821762966, "roll-in": 0.3053664677389873, "oneh-out": 0.015094403683476141}, "dutch": {"dsfb": 0.0, "roll-out": 0.11486312582013211, "sfb": 0.04972881646107158, "sft": 0.0, "bad-redirect": 0.0009343019644009901, "redirect": 0.04313532273582751,