{"english-450k": {"sfb": 0.027341678453091007, "sfT": 0.00024498611647891217, "redirect": 0.013457280326679338, "unknown": 0.00015377410175167997, "dsfb": 0.0, "oneh-in": 0.008545571802858093, "dsfb-alt": 0.04932377400235397, "dsfb-red": 0.005738463580387312, "sfR": 0.11369548401129392, "sft": 0.0, "roll-in": 0.21390269899859732, "oneh-out": 0.0043205845053005286, "alternate": 0.3841753586064675, "roll-out": 0.17321746289103496, "bad-redirect": 0.005882882603705429}, "shai": {"sfb": 0.016601387061625887, "sfT": 7.329393153958979e-05, "redirect": 0.009935761276900502, "unknown": 0.023260762136131256, "dsfb": 0.0, "oneh-in": 0.010669188263805826, "dsfb-alt": 0.038237943753980715, "dsfb-red": 0.0032384600665152975, "sfR": 0.09823378925716947, "sft": 0.0, "roll-in": 0.27204690904508344, "oneh-out": 0.00435412475658999, "alternate": 0.3445080640741533, "roll-out": 0.1726124531796647, "bad-redirect": 0.006227863196840012}, "tr-quotes": {"sfb": 0.014766186634613161, "sfT": 3.929636393056101e-05, "redirect": 0.008764244931924828, "unknown": 0.013835787429786644, "dsfb": 0.0, "oneh-in": 0.01147107094149465, "dsfb-alt": 0.03739280183074825, "dsfb-red": 0.00430757495203532, "sfR": 0.09677191928064538, "sft": 0.0, "roll-in": 0.3021428076096253, "oneh-out": 0.0063012875338064305, "alternate": 0.33566145026698413, "roll-out": 0.16173343195950163, "bad-redirect": 0.006812140264903724}, "gutenberg": {"sfb": 0.014626034751040292, "sfT": 0.00017466070925887408, "redirect": 0.00924110490137353, "unknown": 0.032975828246008664, "dsfb": 0.0, "oneh-in": 0.014432240927209676, "dsfb-alt": 0.03108524920218701, "dsfb-red": 0.003303019660127688, "sfR": 0.09863878308844841, "sft": 0.0, "roll-in": 0.3032987005015907, "oneh-out": 0.004948088639741639, "alternate": 0.3134076152826984, "roll-out": 0.16663181029952606, "bad-redirect": 0.007236863790789054}, "english-200": {"sfb": 0.008908685968819599, "sfT": 0.0, "redirect": 0.004454342984409799, "unknown": 0.0, "dsfb": 0.0, "oneh-in": 0.011135857461024499, "dsfb-alt": 0.026726057906458798, "dsfb-red": 0.0, "sfR": 0.10690423162583519, "sft": 0.0, "roll-in": 0.33184855233853006, "oneh-out": 0.008908685968819599, "alternate": 0.35634743875278396, "roll-out": 0.13808463251670378, "bad-redirect": 0.0066815144766146995}, "monkeyracer": {"sfb": 0.014806567402286626, "sfT": 3.910099003706774e-05, "redirect": 0.008686284936734599, "unknown": 0.013436077701487402, "dsfb": 0.0, "oneh-in": 0.011485915823388648, "dsfb-alt": 0.03730332202011355, "dsfb-red": 0.00439299623066456, "sfR": 0.09690789370786869, "sft": 0.0, "roll-in": 0.304085466944023, "oneh-out": 0.006318719989990147, "alternate": 0.33476312620235543, "roll-out": 0.16096900073509862, "bad-redirect": 0.00680552731595164}, "chained-bigrams": {"sfb": 0.0167059604222818, "sfT": 8.7656133429517e-05, "redirect": 0.019575237856541323, "unknown": 0.022916559801936097, "dsfb": 0.0, "oneh-in": 0.008611078826238922, "dsfb-alt": 0.05080744284982427, "dsfb-red": 0.009461667972851272, "sfR": 0.11914286586209158, "sft": 0.0, "roll-in": 0.24124591181533256, "oneh-out": 0.00625345348933095, "alternate": 0.3360242684121708, "roll-out": 0.16255342965984876, "bad-redirect": 0.0066144668981221455}, "english-5k": {"sfb": 0.019247521466793878, "sfT": 0.0, "redirect": 0.009748205915294314, "unknown": 0.002157049819554486, "dsfb": 0.0, "oneh-in": 0.009001534823910067, "dsfb-alt": 0.04521508275604596, "dsfb-red": 0.0041896544572115986, "sfR": 0.10644211224955408, "sft": 0.0, "roll-in": 0.22827394532708342, "oneh-out": 0.004023727548015099, "alternate": 0.37926743269589747, "roll-out": 0.18484257684489983, "bad-redirect": 0.007591156095739827}, "mt-quotes": {"sfb": 0.013950646059693286, "sfT": 1.792950120127658e-05, "redirect": 0.008157923046580844, "unknown": 0.007977133909467972, "dsfb": 0.0, "oneh-in": 0.011955989051051266, "dsfb-alt": 0.03686604272002486, "dsfb-red": 0.004371810042911273, "sfR": 0.0964592223377679, "sft": 0.0, "roll-in": 0.3121556041644255, "oneh-out": 0.006632421319372229, "alternate": 0.33373077060996165, "roll-out": 0.16084107290135188, "bad-redirect": 0.006883434336190101}, "wordle": {"sfb": 0.03659822730842589, "sfT": 0.0008302479524290362, "redirect": 0.016560080780881857, "unknown": 0.0, "dsfb": 0.0, "oneh-in": 0.01229664534948951, "dsfb-alt": 0.04873779872096937, "dsfb-red": 0.00783125771345226, "sfR": 0.13138112868843263, "sft": 0.0, "roll-in": 0.21577471109615168, "oneh-out": 0.0067093010209805905, "alternate": 0.3603051722203523, "roll-out": 0.15523392797038035, "bad-redirect": 0.007741501178054527}, "english-1k": {"sfb": 0.019760056457304165, "sfT": 0.0, "redirect": 0.0067043048694424845, "unknown": 0.0, "dsfb": 0.0, "oneh-in": 0.009174311926605505, "dsfb-alt": 0.032462949894142556, "dsfb-red": 0.0028228652081863093, "sfR": 0.10832745236414962, "sft": 0.0, "roll-in": 0.273817925194072, "oneh-out": 0.00529287226534933, "alternate": 0.3750882145377558, "roll-out": 0.15808045165843332, "bad-redirect": 0.008468595624558928}, "english-10k": {"sfb": 0.020011192373748096, "sfT": 9.64859805870207e-05, "redirect": 0.010323999922811215, "unknown": 0.0, "dsfb": 0.0, "oneh-in": 0.010825727021863723, "dsfb-alt": 0.043881823970977014, "dsfb-red": 0.003280523339958704, "sfR": 0.10567144593890508, "sft": 0.0, "roll-in": 0.23262769919530693, "oneh-out": 0.0038787364195982323, "alternate": 0.37822504390112116, "roll-out": 0.18353563227263078, "bad-redirect": 0.00764168966249204}, "reddit": {"sfb": 0.015700761715227395, "sfT": 7.997157731481664e-05, "redirect": 0.009474890142089078, "unknown": 0.039285409944231534, "dsfb": 0.0, "oneh-in": 0.01151804220588954, "dsfb-alt": 0.037149700612260146, "dsfb-red": 0.0038722350108074, "sfR": 0.10397777127267367, "sft": 0.0, "roll-in": 0.2826475349182689, "oneh-out": 0.005911341673975544, "alternate": 0.3243839332418998, "roll-out": 0.1602309773931401, "bad-redirect": 0.005767430292222137}, "akl": {"sfb": 0.018836779430268884, "sfT": 0.00019847616851701488, "redirect": 0.009451349656476617, "unknown": 0.13277008071454782, "dsfb": 0.0, "oneh-in": 0.010646851696793346, "dsfb-alt": 0.033509191339204665, "dsfb-red": 0.003105795012439413, "sfR": 0.13064861186637447, "sft": 0.0, "roll-in": 0.2336890478586996, "oneh-out": 0.0062773369543477385, "alternate": 0.2730649358035961, "roll-out": 0.141707462829945, "bad-redirect": 0.0060940806687893295}, "french": {"sfb": 0.032313967554402016, "sfT": 0.0007316530572396265, "redirect": 0.009012759327568952, "unknown": 0.15807953387545715, "dsfb": 0.0, "oneh-in": 0.010704688295137661, "dsfb-alt": 0.03286995855708896, "dsfb-red": 0.005005072625734816, "sfR": 0.10898279115633469, "sft": 0.0, "roll-in": 0.2248350698107972, "oneh-out": 0.0011527625693391315, "alternate": 0.2713136164250568, "roll-out": 0.14131942623214722, "bad-redirect": 0.0036787005136957747}, "keymash": {"sfb": 0.01502382877761039, "sfT": 6.978281126212477e-05, "redirect": 0.008887046257794124, "unknown": 0.01232282349464109, "dsfb": 0.0, "oneh-in": 0.011600366154515564, "dsfb-alt": 0.036233698530045606, "dsfb-red": 0.004691867839565212, "sfR": 0.099723742164827, "sft": 0.0, "roll-in": 0.30098557958729627, "oneh-out": 0.005521051832209283, "alternate": 0.33499443789945527, "roll-out": 0.16295928378206417, "bad-redirect": 0.006986490868713903}, "movie": {"sfb": 0.015254163459517675, "sfT": 7.46159744773888e-05, "redirect": 0.009320416917744377, "unknown": 0.030236445784519856, "dsfb": 0.0, "oneh-in": 0.008993791082377746, "dsfb-alt": 0.04213157441416919, "dsfb-red": 0.006146408648925786, "sfR": 0.11567713207251198, "sft": 0.0, "roll-in": 0.2979163193032052, "oneh-out": 0.006042314758605479, "alternate": 0.31990421256525114, "roll-out": 0.14132476122559173, "bad-redirect": 0.006977843793102405}, "dutch": {"sfb": 0.028956941672094616, "sfT": 6.383362747605889e-05, "redirect": 0.018636980634993257, "unknown": 0.07290361491625476, "dsfb": 0.0, "oneh-in": 0.006438517870672282, "dsfb-alt": 0.02897510556665452, "dsfb-red": 0.005890427283295683,