{"english-450k": {"oneh-out": 0.005291173892782616, "alternate": 0.3737380145366225, "unknown": 0.00015377410175167997, "roll-in": 0.21738161879107828, "sft": 0.0, "oneh-in": 0.005961231385586514, "sfR": 0.11369548401129392, "dsfb-red": 0.011914861769945759, "roll-out": 0.17567550974945345, "sfT": 0.00013711036829189716, "bad-redirect": 0.002225631628584676, "sfb": 0.0226308117693903, "redirect": 0.029757919804759513, "dsfb-alt": 0.04143685819045887, "dsfb": 0.0}, "shai": {"oneh-out": 0.014191980172360142, "alternate": 0.33856032558498134, "unknown": 0.023260762136131256, "roll-in": 0.2077128345542667, "sft": 0.0, "oneh-in": 0.004724306136331899, "sfR": 0.09823378925716947, "dsfb-red": 0.00816227416551664, "roll-out": 0.22051183911608532, "sfT": 3.513944154026169e-05, "bad-redirect": 0.0010406561674345042, "sfb": 0.012304823024783312, "redirect": 0.029829511588468412, "dsfb-alt": 0.04143175865493076, "dsfb": 0.0}, "tr-quotes": {"oneh-out": 0.0242331430156492, "alternate": 0.3376759668061302, "unknown": 0.013835787429786644, "roll-in": 0.20219712905388226, "sft": 0.0, "oneh-in": 0.004359584845472828, "sfR": 0.09677191928064538, "dsfb-red": 0.009135248838445712, "roll-out": 0.22932780102170547, "sfT": 2.3115508194447656e-05, "bad-redirect": 0.000848339150736229, "sfb": 0.00874575252536927, "redirect": 0.029362474283997134, "dsfb-alt": 0.043483738239985206, "dsfb": 0.0}, "gutenberg": {"oneh-out": 0.015005097743694313, "alternate": 0.32132455710628505, "unknown": 0.032975828246008664, "roll-in": 0.2019568440287444, "sft": 0.0, "oneh-in": 0.004120628793708274, "sfR": 0.09863878308844841, "dsfb-red": 0.006126574835294193, "roll-out": 0.24523178158091052, "sfT": 0.00016765154847516654, "bad-redirect": 0.0015403104414142138, "sfb": 0.009669042582735566, "redirect": 0.025181073144192077, "dsfb-alt": 0.038061826860089194, "dsfb": 0.0}, "english-200": {"oneh-out": 0.017817371937639197, "alternate": 0.33407572383073497, "unknown": 0.0, "roll-in": 0.2383073496659243, "sft": 0.0, "oneh-in": 0.004454342984409799, "sfR": 0.10690423162583519, "dsfb-red": 0.0022271714922048997, "roll-out": 0.2182628062360802, "sfT": 0.0, "bad-redirect": 0.0, "sfb": 0.0, "redirect": 0.0334075723830735, "dsfb-alt": 0.044543429844097995, "dsfb": 0.0}, "monkeyracer": {"oneh-out": 0.024813488277523187, "alternate": 0.3374826000594335, "unknown": 0.013436077701487402, "roll-in": 0.20190480472965575, "sft": 0.0, "oneh-in": 0.0044174343494377275, "sfR": 0.09690789370786869, "dsfb-red": 0.009103688005380296, "roll-out": 0.22952476656708948, "sfT": 2.052801976946056e-05, "bad-redirect": 0.0008670644540719771, "sfb": 0.008680419788229038, "redirect": 0.029296416785273, "dsfb-alt": 0.043544817554780485, "dsfb": 0.0}, "chained-bigrams": {"oneh-out": 0.007686468944730535, "alternate": 0.34385358438915686, "unknown": 0.022916559801936097, "roll-in": 0.17088400885911323, "sft": 0.0, "oneh-in": 0.005064576598149871, "sfR": 0.11914286586209158, "dsfb-red": 0.0174124039272545, "roll-out": 0.20834953889627292, "sfT": 3.311453929559531e-05, "bad-redirect": 0.003012773771207103, "sfb": 0.013800971229958398, "redirect": 0.03558644225830769, "dsfb-alt": 0.05225669092252561, "dsfb": 0.0}, "english-5k": {"oneh-out": 0.006014850458373086, "alternate": 0.3634628945949309, "unknown": 0.002157049819554486, "roll-in": 0.23590658315012236, "sft": 0.0, "oneh-in": 0.005724478367279214, "sfR": 0.10644211224955408, "dsfb-red": 0.009706724187995189, "roll-out": 0.18272700875264447, "sfT": 0.0, "bad-redirect": 0.002032604637657112, "sfb": 0.015306757373377028, "redirect": 0.02949350810967769, "dsfb-alt": 0.04102542829883436, "dsfb": 0.0}, "mt-quotes": {"oneh-out": 0.02656853253009168, "alternate": 0.3390349147153393, "unknown": 0.007977133909467972, "roll-in": 0.20125865098432963, "sft": 0.0, "oneh-in": 0.0043882454190124435, "sfR": 0.0964592223377679, "dsfb-red": 0.009085774733746907, "roll-out": 0.2331686807473016, "sfT": 7.470625500531909e-06, "bad-redirect": 0.0007859098026559568, "sfb": 0.007679803014546802, "redirect": 0.02914141595247487, "dsfb-alt": 0.04444424522776443, "dsfb": 0.0}, "wordle": {"oneh-out": 0.01157859306630764, "alternate": 0.3372153034892853, "unknown": 0.0, "roll-in": 0.19212386401884887, "sft": 0.0, "oneh-in": 0.0025580612588354088, "sfR": 0.13138112868843263, "dsfb-red": 0.014540558734432852, "roll-out": 0.2008751262201279, "sfT": 0.0002019522046449007, "bad-redirect": 0.0012341523617188377, "sfb": 0.027914282508695164, "redirect": 0.030674295972175473, "dsfb-alt": 0.04970268147649501, "dsfb": 0.0}, "english-1k": {"oneh-out": 0.008115737473535639, "alternate": 0.32533521524347214, "unknown": 0.0, "roll-in": 0.26499647141848975, "sft": 0.0, "oneh-in": 0.007057163020465773, "sfR": 0.10832745236414962, "dsfb-red": 0.009174311926605505, "roll-out": 0.19795342272406494, "sfT": 0.0, "bad-redirect": 0.0, "sfb": 0.009880028228652082, "redirect": 0.030345800988002825, "dsfb-alt": 0.03881439661256175, "dsfb": 0.0}, "english-10k": {"oneh-out": 0.006811910229443662, "alternate": 0.3643117655004728, "unknown": 0.0, "roll-in": 0.2329750487254202, "sft": 0.0, "oneh-in": 0.0057312672468690295, "sfR": 0.10567144593890508, "dsfb-red": 0.009050384979062543, "roll-out": 0.18523378553096234, "sfT": 7.718878446961657e-05, "bad-redirect": 0.0012543177476312692, "sfb": 0.015553540070627737, "redirect": 0.03099129696455105, "dsfb-alt": 0.04233804828158468, "dsfb": 0.0}, "reddit": {"oneh-out": 0.0185754683534489, "alternate": 0.3275618201830656, "unknown": 0.039285409944231534, "roll-in": 0.19529710939268985, "sft": 0.0, "oneh-in": 0.004304980506225703, "sfR": 0.10397777127267367, "dsfb-red": 0.008639102879969406, "roll-out": 0.21361359719084383, "sfT": 6.27037098009382e-05, "bad-redirect": 0.0010562990539942994, "sfb": 0.012091327915867653, "redirect": 0.028876294457969694, "dsfb-alt": 0.04665811513921891, "dsfb": 0.0}, "akl": {"oneh-out": 0.016278801373930462, "alternate": 0.2807809717267696, "unknown": 0.13277008071454782, "roll-in": 0.1671539705870326, "sft": 0.0, "oneh-in": 0.004317727608222819, "sfR": 0.13064861186637447, "dsfb-red": 0.010083123044871994, "roll-out": 0.17395088370816042, "sfT": 0.00013485409283777757, "bad-redirect": 0.0009800023338801043, "sfb": 0.019019269780158922, "redirect": 0.02368979724027449, "dsfb-alt": 0.04019190592293852, "dsfb": 0.0}, "french": {"oneh-out": 0.010153925954031855, "alternate": 0.25940683036692186, "unknown": 0.15807953387545715, "roll-in": 0.1547668097087646, "sft": 0.0, "oneh-in": 0.005281682307031713, "sfR": 0.10898279115633469, "dsfb-red": 0.00755240463524295, "roll-out": 0.1974680603312038, "sfT": 4.948501204157766e-05, "bad-redirect": 0.001915143377016928, "sfb": 0.04528386486124129, "redirect": 0.018288225190453998, "dsfb-alt": 0.03277124322425761, "dsfb": 0.0}, "keymash": {"oneh-out": 0.023438814841572495, "alternate": 0.3348877112469367, "unknown": 0.01232282349464109, "roll-in": 0.20315418306904803, "sft": 0.0, "oneh-in": 0.004416841465767426, "sfR": 0.099723742164827, "dsfb-red": 0.009363211322876859, "roll-out": 0.23023812358125387, "sfT": 2.873409875499255e-05, "bad-redirect": 0.000927700902661188, "sfb": 0.009260589541609028, "redirect": 0.02929646611634026, "dsfb-alt": 0.042941058153711006, "dsfb": 0.0}, "movie": {"oneh-out": 0.034944095264201745, "alternate": 0.3223046887388703, "unknown": 0.030236445784519856, "roll-in": 0.1901261088927371, "sft": 0.0, "oneh-in": 0.00279869123317571, "sfR": 0.11567713207251198, "dsfb-red": 0.009900368592386091, "roll-out": 0.21010002883308643, "sfT": 1.4212566567121674e-05, "bad-redirect": 0.0008794683552599459, "sfb": 0.008324616073175767, "redirect": 0.026433005053751794, "dsfb-alt": 0.048261138539756165, "dsfb": 0.0}, "dutch": {"oneh-out": 0.0030847062553978413, "alternate": 0.2877802641413988, "unknown": 0.07290361491625476, "roll-in": 0.17733996595802853, "sft": 0.0, "oneh-in": 0.0033475358372922434, "sfR": 0.18880787437283908, "dsfb-red": 0.0071044675685545365, "roll-out": 0.1842009154100796,