{"english-450k": {"roll-in": 0.18767310549429603, "dsfb-red": 0.0065067493967436146, "bad-redirect": 0.008721271869688435, "oneh-in": 0.004886859096732096, "sfR": 0.11369548401129392, "dsfb-alt": 0.0485724442656585, "oneh-out": 0.003820672501507045, "unknown": 0.00015377410175167997, "sfT": 1.0524463237757564e-05, "roll-out": 0.2017425587659716, "alternate": 0.3872806599540081, "redirect": 0.02111616610175636, "sft": 0.0, "sfb": 0.015819729977354865, "dsfb": 0.0}, "shai": {"roll-in": 0.23071842450829552, "dsfb-red": 0.006468591013282314, "bad-redirect": 0.009412706490180153, "oneh-in": 0.012541347577263422, "sfR": 0.09823378925716947, "dsfb-alt": 0.03609717032864106, "oneh-out": 0.00503676036874778, "unknown": 0.023260762136131256, "sfT": 5.443729984180865e-05, "roll-out": 0.21221494439151445, "alternate": 0.3313111273014612, "redirect": 0.02375673567244328, "sft": 0.0, "sfb": 0.010893203655028296, "dsfb": 0.0}, "tr-quotes": {"roll-in": 0.2495619611197152, "dsfb-red": 0.005832042717459143, "bad-redirect": 0.008144749312313631, "oneh-in": 0.022279882573218373, "sfR": 0.09677191928064538, "dsfb-alt": 0.032648343773837865, "oneh-out": 0.007526409468112156, "unknown": 0.013835787429786644, "sfT": 6.934652458334297e-06, "roll-out": 0.20683294422227871, "alternate": 0.31924712789810683, "redirect": 0.026127458912184185, "sft": 0.0, "sfb": 0.011184438639883498, "dsfb": 0.0}, "gutenberg": {"roll-in": 0.24022667247100954, "dsfb-red": 0.0056946589815954594, "bad-redirect": 0.009025904721635915, "oneh-in": 0.012348815243447098, "sfR": 0.09863878308844841, "dsfb-alt": 0.03664142989910976, "oneh-out": 0.006298772866439873, "unknown": 0.032975828246008664, "sfT": 3.5992987808227847e-06, "roll-out": 0.22323173081185405, "alternate": 0.30061722290987775, "redirect": 0.021409197458667737, "sft": 0.0, "sfb": 0.01288738400312495, "dsfb": 0.0}, "english-200": {"roll-in": 0.2383073496659243, "dsfb-red": 0.0066815144766146995, "bad-redirect": 0.004454342984409799, "oneh-in": 0.008908685968819599, "sfR": 0.10690423162583519, "dsfb-alt": 0.0467706013363029, "oneh-out": 0.011135857461024499, "unknown": 0.0, "sfT": 0.0, "roll-out": 0.23608017817371937, "alternate": 0.31403118040089084, "redirect": 0.022271714922048998, "sft": 0.0, "sfb": 0.004454342984409799, "dsfb": 0.0}, "monkeyracer": {"roll-in": 0.25061975069208753, "dsfb-red": 0.005884699000578694, "bad-redirect": 0.008203387709776811, "oneh-in": 0.02270496738977431, "sfR": 0.09690789370786869, "dsfb-alt": 0.03260533806715986, "oneh-out": 0.007502502463362372, "unknown": 0.013436077701487402, "sfT": 7.820198007413547e-06, "roll-out": 0.20658421571234184, "alternate": 0.3181647559316202, "redirect": 0.0261614949090511, "sft": 0.0, "sfb": 0.011217096516883808, "dsfb": 0.0}, "chained-bigrams": {"roll-in": 0.20713209259864074, "dsfb-red": 0.010058378984864058, "bad-redirect": 0.015439816272744331, "oneh-in": 0.007498170584030091, "sfR": 0.11914286586209158, "dsfb-alt": 0.047349246059856805, "oneh-out": 0.005952176112210239, "unknown": 0.022916559801936097, "sfT": 4.8697851905287224e-05, "roll-out": 0.18112938759529357, "alternate": 0.34046356459185684, "redirect": 0.03006280724286398, "sft": 0.0, "sfb": 0.0128062364417064, "dsfb": 0.0}, "english-5k": {"roll-in": 0.19691375948894513, "dsfb-red": 0.007176338822748579, "bad-redirect": 0.008918571369311817, "oneh-in": 0.005143734185091467, "sfR": 0.10644211224955408, "dsfb-alt": 0.04119135520803086, "oneh-out": 0.004645953457501971, "unknown": 0.002157049819554486, "sfT": 0.0, "roll-out": 0.2223835400506077, "alternate": 0.37362591778321647, "redirect": 0.022483096196125606, "sft": 0.0, "sfb": 0.008918571369311817, "dsfb": 0.0}, "mt-quotes": {"roll-in": 0.25589282939481955, "dsfb-red": 0.005685146005904782, "bad-redirect": 0.008145970045779993, "oneh-in": 0.024171955869521044, "sfR": 0.0964592223377679, "dsfb-alt": 0.031681428622655716, "oneh-out": 0.007962192658466908, "unknown": 0.007977133909467972, "sfT": 4.482375300319145e-06, "roll-out": 0.20684518473362737, "alternate": 0.3174507835192025, "redirect": 0.02672541566560285, "sft": 0.0, "sfb": 0.010998254861883076, "dsfb": 0.0}, "wordle": {"roll-in": 0.18501065858857849, "dsfb-red": 0.007427353304162459, "bad-redirect": 0.009312240547514866, "oneh-in": 0.009087849209020532, "sfR": 0.13138112868843263, "dsfb-alt": 0.04929877706720521, "oneh-out": 0.005407831257713452, "unknown": 0.0, "sfT": 6.731740154830023e-05, "roll-out": 0.2048468529114776, "alternate": 0.34697632671378886, "redirect": 0.02459329069897902, "sft": 0.0, "sfb": 0.026590373611578594, "dsfb": 0.0}, "english-1k": {"roll-in": 0.2018348623853211, "dsfb-red": 0.007057163020465773, "bad-redirect": 0.006351446718419196, "oneh-in": 0.006351446718419196, "sfR": 0.10832745236414962, "dsfb-alt": 0.03881439661256175, "oneh-out": 0.008821453775582216, "unknown": 0.0, "sfT": 0.0, "roll-out": 0.24664784756527877, "alternate": 0.34615384615384615, "redirect": 0.02117148906139732, "sft": 0.0, "sfb": 0.008468595624558928, "dsfb": 0.0}, "english-10k": {"roll-in": 0.2087377704019606, "dsfb-red": 0.006329480326508558, "bad-redirect": 0.012273016730669033, "oneh-in": 0.005248837343933927, "sfR": 0.10567144593890508, "dsfb-alt": 0.04189421277088439, "oneh-out": 0.004573435479824781, "unknown": 0.0, "sfT": 1.929719611740414e-05, "roll-out": 0.21493217035564732, "alternate": 0.3668011037996179, "redirect": 0.02213388394666255, "sft": 0.0, "sfb": 0.011385345709268442, "dsfb": 0.0}, "reddit": {"roll-in": 0.2307469551336977, "dsfb-red": 0.006536880475454438, "bad-redirect": 0.00783212036864837, "oneh-in": 0.01807357647314856, "sfR": 0.10397777127267367, "dsfb-alt": 0.03369137001800016, "oneh-out": 0.0053092137557855315, "unknown": 0.039285409944231534, "sfT": 7.547668772335153e-05, "roll-out": 0.20245686919328157, "alternate": 0.31384030818461334, "redirect": 0.02666634453291261, "sft": 0.0, "sfb": 0.011507703959829172, "dsfb": 0.0}, "akl": {"roll-in": 0.18576791215300983, "dsfb-red": 0.007700247765364157, "bad-redirect": 0.006720097185870819, "oneh-in": 0.019182290539511003, "sfR": 0.13064861186637447, "dsfb-alt": 0.02828358288793968, "oneh-out": 0.007139928762547169, "unknown": 0.13277008071454782, "sfT": 9.712558426993471e-05, "roll-out": 0.16972348709360102, "alternate": 0.26968066140669816, "redirect": 0.025991186847708493, "sft": 0.0, "sfb": 0.016294787192557437, "dsfb": 0.0}, "french": {"roll-in": 0.18394777522921726, "dsfb-red": 0.009873495903957906, "bad-redirect": 0.005962457041264013, "oneh-in": 0.008552217616954934, "sfR": 0.10898279115633469, "dsfb-alt": 0.02683248745124966, "oneh-out": 0.003347077522009332, "unknown": 0.15807953387545715, "sfT": 4.400165920863263e-05, "roll-out": 0.18443083464285837, "alternate": 0.2741996428539485, "redirect": 0.02258795286707665, "sft": 0.0, "sfb": 0.013159732180462895, "dsfb": 0.0}, "keymash": {"roll-in": 0.24595157072898408, "dsfb-red": 0.0061490971335684055, "bad-redirect": 0.008525817587731362, "oneh-in": 0.021156506426175944, "sfR": 0.099723742164827, "dsfb-alt": 0.03319609380451782, "oneh-out": 0.008008603810141495, "unknown": 0.01232282349464109, "sfT": 4.104871250713221e-06, "roll-out": 0.21155685451925801, "alternate": 0.3168221728725478, "redirect": 0.0251177071831142, "sft": 0.0, "sfb": 0.011464905403242028, "dsfb": 0.0}, "movie": {"roll-in": 0.23510677651225986, "dsfb-red": 0.005828468270905732, "bad-redirect": 0.005774644754924687, "oneh-in": 0.03589673201771465, "sfR": 0.11567713207251198, "dsfb-alt": 0.0320796051117338, "oneh-out": 0.00773426816928588, "unknown": 0.030236445784519856, "sfT": 1.5528544952966275e-05, "roll-out": 0.18686011373474798, "alternate": 0.3013712889574017, "redirect": 0.030156171102983336, "sft": 0.0, "sfb": 0.013262824966057627, "dsfb": 0.0}, "dutch": {"roll-in": 0.12878111588998656, "dsfb-red": 0.004975239545549041, "bad-redirect": 0.007480225292540011, "oneh-in": 0.0044782337909475235, "sfR": 0.18880787437283908, "dsfb-alt": 0.028997483197859608, "oneh-out": 0.01106412485943602,