{"shai": {"bad-redirect": 0.0045023459321848645, "sfb": 0.018880024448598338, "dsfb-red": 0.01660567160417298, "unknown": 0.024413516953783913, "sfR": 0.09823378925716947, "oneh-out": 0.016795743510175924, "alternate": 0.295633888587341, "roll-out": 0.23397280743663443, "roll-in": 0.21196026375133026, "sfT": 6.213167254607567e-05, "redirect": 0.027146664187540814, "dsfb": 0.0, "dsfb-alt": 0.04884555768410838, "oneh-in": 0.0029475949744135013, "sft": 0.0}, "english-200": {"bad-redirect": 0.0022271714922048997, "sfb": 0.013363028953229399, "dsfb-red": 0.026726057906458798, "unknown": 0.0, "sfR": 0.10690423162583519, "oneh-out": 0.013363028953229399, "alternate": 0.267260579064588, "roll-out": 0.2516703786191537, "roll-in": 0.22717149220489977, "sfT": 0.0, "redirect": 0.028953229398663696, "dsfb": 0.0, "dsfb-alt": 0.062360801781737196, "oneh-in": 0.0, "sft": 0.0}, "monkeyracer": {"bad-redirect": 0.004186738508219028, "sfb": 0.020958130659868308, "dsfb-red": 0.019361832741605016, "unknown": 0.014400894630652049, "sfR": 0.09690789370786869, "oneh-out": 0.026286618077169713, "alternate": 0.28851838528551543, "roll-out": 0.23113083973286203, "roll-in": 0.21257253233651877, "sfT": 3.421336628243427e-05, "redirect": 0.02669815599730985, "dsfb": 0.0, "dsfb-alt": 0.05549799020911209, "oneh-in": 0.0034457747470165944, "sft": 0.0}, "reddit": {"bad-redirect": 0.0035112953766127525, "sfb": 0.02138795822824188, "dsfb-red": 0.019035295558655782, "unknown": 0.04607067052702768, "sfR": 0.10397777127267367, "oneh-out": 0.020808866619208125, "alternate": 0.2804971048228854, "roll-out": 0.21940174143259997, "roll-in": 0.20121032393732852, "sfT": 7.4128220845912e-05, "redirect": 0.02709938968763701, "dsfb": 0.0, "dsfb-alt": 0.053595078245727, "oneh-in": 0.003330376070556282, "sft": 0.0}}