{"english-450k": {"dsfb": 0.0, "roll-in": 0.18297510204344147, "bad-redirect": 0.0012260999671987562, "sfb": 0.038147963428659636, "sft": 0.0, "oneh-in": 0.004605037358921032, "alternate": 0.289021640050494, "redirect": 0.04015842825327238, "oneh-out": 0.007839848073526239, "unknown": 0.00015377410175167997, "sfT": 0.0003209961287516057, "dsfb-red": 0.02395280129053307, "sfR": 0.11369548401129392, "roll-out": 0.2512753603020755, "dsfb-alt": 0.04662746499008069}, "shai": {"dsfb": 0.0, "roll-in": 0.16505908333857128, "bad-redirect": 0.0018498618883322038, "sfb": 0.020391504235930214, "sft": 0.0, "oneh-in": 0.003940463204333124, "alternate": 0.2600645142962064, "redirect": 0.03699865046585789, "oneh-out": 0.012425219831479305, "unknown": 0.023260762136131256, "sfT": 5.186347798650806e-05, "dsfb-red": 0.02363010363716249, "sfR": 0.09823378925716947, "roll-out": 0.31161128060061316, "dsfb-alt": 0.042482903630226714}, "tr-quotes": {"dsfb": 0.0, "roll-in": 0.15276577055546567, "bad-redirect": 0.0019775317260349967, "sfb": 0.020012251219343056, "sft": 0.0, "oneh-in": 0.003310140773444904, "alternate": 0.25292989066364624, "redirect": 0.04067751554517926, "oneh-out": 0.016097639906613347, "unknown": 0.013835787429786644, "sfT": 2.8894385243059568e-05, "dsfb-red": 0.02805182496937195, "sfR": 0.09677191928064538, "roll-out": 0.3327442731328448, "dsfb-alt": 0.04079656041238067}, "gutenberg": {"dsfb": 0.0, "roll-in": 0.14496573656997436, "bad-redirect": 0.0018890635495981477, "sfb": 0.0211460697741118, "sft": 0.0, "oneh-in": 0.00398177163547969, "alternate": 0.2354299438168404, "redirect": 0.03452428446887421, "oneh-out": 0.01747554276478431, "unknown": 0.032975828246008664, "sfT": 0.00026881078789408057, "dsfb-red": 0.03041994723806861, "sfR": 0.09863878308844841, "roll-out": 0.3419093257073664, "dsfb-alt": 0.03637489235255094}, "english-200": {"dsfb": 0.0, "roll-in": 0.14253897550111358, "bad-redirect": 0.004454342984409799, "sfb": 0.008908685968819599, "sft": 0.0, "oneh-in": 0.0, "alternate": 0.24944320712694878, "redirect": 0.0334075723830735, "oneh-out": 0.015590200445434299, "unknown": 0.0, "sfT": 0.0, "dsfb-red": 0.0467706013363029, "sfR": 0.10690423162583519, "roll-out": 0.3518930957683742, "dsfb-alt": 0.0400890868596882}, "monkeyracer": {"dsfb": 0.0, "roll-in": 0.1529963088665405, "bad-redirect": 0.002001970689897868, "sfb": 0.01995225769116474, "sft": 0.0, "oneh-in": 0.003354864945180412, "alternate": 0.2521710824718082, "redirect": 0.040886927757010805, "oneh-out": 0.016167281855576584, "unknown": 0.013436077701487402, "sfT": 2.7370693025947417e-05, "dsfb-red": 0.028189858767223987, "sfR": 0.09690789370786869, "roll-out": 0.33326849085818855, "dsfb-alt": 0.04063961399502635}, "chained-bigrams": {"dsfb": 0.0, "roll-in": 0.14200033893704925, "bad-redirect": 0.0029218711143172336, "sfb": 0.021235509954165583, "sft": 0.0, "oneh-in": 0.004567209204023871, "alternate": 0.26449881144776116, "redirect": 0.04221064872681089, "oneh-out": 0.013153614451964115, "unknown": 0.022916559801936097, "sfT": 9.739570381057445e-05, "dsfb-red": 0.025381320413035702, "sfR": 0.11914286586209158, "roll-out": 0.28679268805000163, "dsfb-alt": 0.05508116633303227}, "english-5k": {"dsfb": 0.0, "roll-in": 0.2037582444933007, "bad-redirect": 0.002032604637657112, "sfb": 0.022317169286929107, "sft": 0.0, "oneh-in": 0.005558551458082714, "alternate": 0.2834031609076202, "redirect": 0.03808022566059651, "oneh-out": 0.00638818600406521, "unknown": 0.002157049819554486, "sfT": 0.0, "dsfb-red": 0.02161197992284399, "sfR": 0.10644211224955408, "roll-out": 0.2625378520761604, "dsfb-alt": 0.04571286348363546}, "mt-quotes": {"dsfb": 0.0, "roll-in": 0.1519913699334218, "bad-redirect": 0.0020290218859444664, "sfb": 0.019260766665471368, "sft": 0.0, "oneh-in": 0.003348334349338401, "alternate": 0.25082625118035884, "redirect": 0.04126026463943773, "oneh-out": 0.016762589498093495, "unknown": 0.007977133909467972, "sfT": 1.942362630138296e-05, "dsfb-red": 0.029225086958080827, "sfR": 0.0964592223377679, "roll-out": 0.3403945685564361, "dsfb-alt": 0.04044596645987975}, "wordle": {"dsfb": 0.0, "roll-in": 0.16521934253337822, "bad-redirect": 0.0007180522831818692, "sfb": 0.0388870189610681, "sft": 0.0, "oneh-in": 0.00572197913160552, "alternate": 0.264871535958712, "redirect": 0.0476158420284977, "oneh-out": 0.014361045663637384, "unknown": 0.0, "sfT": 0.00029170874004263433, "dsfb-red": 0.031010882979916974, "sfR": 0.13138112868843263, "roll-out": 0.2478177942331426, "dsfb-alt": 0.052103668798384385}, "english-1k": {"dsfb": 0.0, "roll-in": 0.17784050811573748, "bad-redirect": 0.002117148906139732, "sfb": 0.022230063514467185, "sft": 0.0, "oneh-in": 0.0067043048694424845, "alternate": 0.2692307692307692, "redirect": 0.03387438249823571, "oneh-out": 0.011997177134791814, "unknown": 0.0, "sfT": 0.0, "dsfb-red": 0.02646436132674665, "sfR": 0.10832745236414962, "roll-out": 0.2949894142554693, "dsfb-alt": 0.046224417784050814}, "english-10k": {"dsfb": 0.0, "roll-in": 0.19984176299183729, "bad-redirect": 0.0014858841010401188, "sfb": 0.024025009166168156, "sft": 0.0, "oneh-in": 0.0053646205206383515, "alternate": 0.2808899866849347, "redirect": 0.036375214681306806, "oneh-out": 0.010652052256807086, "unknown": 0.0, "sfT": 7.718878446961657e-05, "dsfb-red": 0.018949846587290868, "sfR": 0.10567144593890508, "roll-out": 0.26962042415237064, "dsfb-alt": 0.0470465641342313}, "reddit": {"dsfb": 0.0, "roll-in": 0.15291134935274525, "bad-redirect": 0.0018023008965244577, "sfb": 0.021598281603709184, "sft": 0.0, "oneh-in": 0.0030821457928676215, "alternate": 0.2495399761433735, "redirect": 0.04153116915636728, "oneh-out": 0.012820885953975701, "unknown": 0.039285409944231534, "sfT": 6.277862462746261e-05, "dsfb-red": 0.025887155422232137, "sfR": 0.10397777127267367, "roll-out": 0.30610130694533483, "dsfb-alt": 0.04139946889133735}, "akl": {"dsfb": 0.0, "roll-in": 0.12998632458925527, "bad-redirect": 0.0018453861011287593, "sfb": 0.024329526476580047, "sft": 0.0, "oneh-in": 0.0023918935543128564, "alternate": 0.21030209169865827, "redirect": 0.04003822463722013, "oneh-out": 0.009698944538178223, "unknown": 0.13277008071454782, "sfT": 0.00019931622699200286, "dsfb-red": 0.02436498188574498, "sfR": 0.13064861186637447, "roll-out": 0.258769117167477, "dsfb-alt": 0.034655500543530185}, "french": {"dsfb": 0.0, "roll-in": 0.16709344680457838, "bad-redirect": 0.0031783670404470533, "sfb": 0.030998876766634032, "sft": 0.0, "oneh-in": 0.00617415041702771, "alternate": 0.18913330409777399, "redirect": 0.03917490042283692, "oneh-out": 0.013114741719923731, "unknown": 0.15807953387545715, "sfT": 9.955431577846913e-05, "dsfb-red": 0.017419488312390746, "sfR": 0.10898279115633469, "roll-out": 0.23507580053617902, "dsfb-alt": 0.031475044534638105}, "keymash": {"dsfb": 0.0, "roll-in": 0.1537807916654694, "bad-redirect": 0.002023701526601618, "sfb": 0.0202123860385119, "sft": 0.0, "oneh-in": 0.0035178746618612306, "alternate": 0.25304478825021653, "redirect": 0.0393041422255791, "oneh-out": 0.016210136569066513, "unknown": 0.01232282349464109, "sfT": 5.74681975099851e-05, "dsfb-red": 0.027289184074741495, "sfR": 0.099723742164827, "roll-out": 0.33210871341020387, "dsfb-alt": 0.04040424772077024}, "movie": {"dsfb": 0.0, "roll-in": 0.13195025759618914, "bad-redirect": 0.001599703325832695, "sfb": 0.01834250153541778, "sft": 0.0, "oneh-in": 0.0028938364704722743, "alternate": 0.25063268950845446, "redirect": 0.04376391400397083, "oneh-out": 0.017960736205684263, "unknown": 0.030236445784519856, "sfT": 2.3819208783787253e-05, "dsfb-red": 0.028275506391772818, "sfR": 0.11567713207251198, "roll-out": 0.31769021052890617, "dsfb-alt": 0.04095324736748394}, "dutch": {"dsfb": 0.0, "roll-in": 0.1629830659068935, "bad-redirect": 0.0030258573887190702, "sfb": 0.05521999667993414, "sft": 0.0, "oneh-in": 0.0038386423605904956, "alternate": 0.19715055293728107, "redirect": 0.027542004768228528, "oneh-out": 0.006366812624527125,