{"english-450k": {"roll-in": 0.20601373676329487, "sfb": 0.021684194770394218, "alternate": 0.31989515295845583, "roll-out": 0.2048665702703793, "sft": 0.0, "dsfb-red": 0.025989577273240208, "sfR": 0.11369548401129392, "dsfb": 0.0, "bad-redirect": 0.0019204221946897066, "redirect": 0.06208760914014551, "sfT": 0.00014003383030238538, "unknown": 0.00015377410175167997, "oneh-out": 0.006640059264421877, "dsfb-alt": 0.028614553812457574, "oneh-in": 0.008298831609172889}, "shai": {"roll-in": 0.20112006921529474, "sfb": 0.011237631334581978, "alternate": 0.3534607957003164, "roll-out": 0.20029147661669297, "sft": 0.0, "dsfb-red": 0.020639659366869238, "sfR": 0.09823378925716947, "dsfb": 0.0, "bad-redirect": 0.0011094797768043613, "redirect": 0.05238682305388879, "sfT": 3.537553647736446e-05, "unknown": 0.023260762136131256, "oneh-out": 0.00602309147819582, "dsfb-alt": 0.02462041352686203, "oneh-in": 0.007580633000715561}, "tr-quotes": {"roll-in": 0.20068306326714594, "sfb": 0.007724047063174684, "alternate": 0.3576731929451469, "roll-out": 0.21189524051686276, "sft": 0.0, "dsfb-red": 0.020646771919280646, "sfR": 0.09677191928064538, "dsfb": 0.0, "bad-redirect": 0.0010124592589168073, "redirect": 0.04904648528697903, "sfT": 2.6582834423614803e-05, "unknown": 0.013835787429786644, "oneh-out": 0.007371535563209357, "dsfb-alt": 0.024368368738586717, "oneh-in": 0.00894454589584152}, "gutenberg": {"roll-in": 0.19563874861095482, "sfb": 0.00880293763400284, "alternate": 0.36313249625009897, "roll-out": 0.2015501232665114, "sft": 0.0, "dsfb-red": 0.016819333766006934, "sfR": 0.09863878308844841, "dsfb": 0.0, "bad-redirect": 0.0011917467700082178, "redirect": 0.04231790295002317, "sfT": 0.00016765154847516654, "unknown": 0.032975828246008664, "oneh-out": 0.0070135178296001025, "dsfb-alt": 0.023698351483271027, "oneh-in": 0.00805257855659026}, "english-200": {"roll-in": 0.1915367483296214, "sfb": 0.0, "alternate": 0.37861915367483295, "roll-out": 0.23162583518930957, "sft": 0.0, "dsfb-red": 0.008908685968819599, "sfR": 0.10690423162583519, "dsfb": 0.0, "bad-redirect": 0.0, "redirect": 0.0467706013363029, "sfT": 0.0, "unknown": 0.0, "oneh-out": 0.0, "dsfb-alt": 0.024498886414253896, "oneh-in": 0.011135857461024499}, "monkeyracer": {"roll-in": 0.20087253859267717, "sfb": 0.007621760482975429, "alternate": 0.3574680935921298, "roll-out": 0.21234183649530006, "sft": 0.0, "dsfb-red": 0.02055245788823373, "sfR": 0.09690789370786869, "dsfb": 0.0, "bad-redirect": 0.0010283560379748815, "redirect": 0.04894075417989584, "sfT": 2.4438118773167336e-05, "unknown": 0.013436077701487402, "oneh-out": 0.007447761077310477, "dsfb-alt": 0.02431886075355428, "oneh-in": 0.009039171371819135}, "chained-bigrams": {"roll-in": 0.18561283649404037, "sfb": 0.012558202049335469, "alternate": 0.3521601393148147, "roll-out": 0.1826955105125676, "sft": 0.0, "dsfb-red": 0.021682880887002154, "sfR": 0.11914286586209158, "dsfb": 0.0, "bad-redirect": 0.003212759616364816, "redirect": 0.04635840709975723, "sfT": 2.9868015835242832e-05, "unknown": 0.022916559801936097, "oneh-out": 0.0069105498377062926, "dsfb-alt": 0.038747906803998935, "oneh-in": 0.007971513704549483}, "english-5k": {"roll-in": 0.22064130750404448, "sfb": 0.01348156137221554, "alternate": 0.3308167752105198, "roll-out": 0.19757746712573113, "sft": 0.0, "dsfb-red": 0.020533455013066745, "sfR": 0.10644211224955408, "dsfb": 0.0, "bad-redirect": 0.00157630563736674, "redirect": 0.06471149458663458, "sfT": 0.0, "unknown": 0.002157049819554486, "oneh-out": 0.005102252457792342, "dsfb-alt": 0.027709793835815323, "oneh-in": 0.009250425187704817}, "mt-quotes": {"roll-in": 0.20214317304359258, "sfb": 0.00660702119267042, "alternate": 0.3612839315810234, "roll-out": 0.2140827267185427, "sft": 0.0, "dsfb-red": 0.020723515138475514, "sfR": 0.0964592223377679, "dsfb": 0.0, "bad-redirect": 0.0009681930648689353, "redirect": 0.04887880852488017, "sfT": 8.96475060063829e-06, "unknown": 0.007977133909467972, "oneh-out": 0.007527402254335951, "dsfb-alt": 0.02432286250463179, "oneh-in": 0.009017044979142014}, "wordle": {"roll-in": 0.1903287333108942, "sfb": 0.027084034556266127, "alternate": 0.3156737349938292, "roll-out": 0.20430831369909122, "sft": 0.0, "dsfb-red": 0.025288903848311454, "sfR": 0.13138112868843263, "dsfb": 0.0, "bad-redirect": 0.0026478177942331426, "redirect": 0.049433411870301806, "sfT": 0.0001795130707954673, "unknown": 0.0, "oneh-out": 0.008078088185796028, "dsfb-alt": 0.03940311903960507, "oneh-in": 0.006193200942443622}, "english-1k": {"roll-in": 0.1961891319689485, "sfb": 0.009174311926605505, "alternate": 0.36838390966831336, "roll-out": 0.21206774876499648, "sft": 0.0, "dsfb-red": 0.014820042342978124, "sfR": 0.10832745236414962, "dsfb": 0.0, "bad-redirect": 0.0, "redirect": 0.046224417784050814, "sfT": 0.0, "unknown": 0.0, "oneh-out": 0.007410021171489062, "dsfb-alt": 0.025758645024700072, "oneh-in": 0.011644318983768526}, "english-10k": {"roll-in": 0.2250631983172845, "sfb": 0.01379749522394396, "alternate": 0.32560159008896006, "roll-out": 0.20181007699581252, "sft": 0.0, "dsfb-red": 0.023696956832172284, "sfR": 0.10567144593890508, "dsfb": 0.0, "bad-redirect": 0.001235020551513865, "redirect": 0.06333339765732039, "sfT": 7.718878446961657e-05, "unknown": 0.0, "oneh-out": 0.004862893421585844, "dsfb-alt": 0.025935431581791166, "oneh-in": 0.008915304606240713}, "reddit": {"roll-in": 0.2002648239117638, "sfb": 0.010879018735636252, "alternate": 0.3350391813907076, "roll-out": 0.19783514880051062, "sft": 0.0, "dsfb-red": 0.020689864417274086, "sfR": 0.10397777127267367, "dsfb": 0.0, "bad-redirect": 0.0011393046817833549, "redirect": 0.05063302091977802, "sfT": 6.985807573402015e-05, "unknown": 0.039285409944231534, "oneh-out": 0.00606487961093734, "dsfb-alt": 0.025907195138327416, "oneh-in": 0.008214523100642263}, "akl": {"roll-in": 0.17522671016324734, "sfb": 0.0173872091164727, "alternate": 0.2757452411984541, "roll-out": 0.1698544126776881, "sft": 0.0, "dsfb-red": 0.017884746102085437, "sfR": 0.13064861186637447, "dsfb": 0.0, "bad-redirect": 0.0015370352256037568, "redirect": 0.044014344937349306, "sfT": 0.0002047024842728082, "unknown": 0.13277008071454782, "oneh-out": 0.004088243398937865, "dsfb-alt": 0.023379593294584073, "oneh-in": 0.0072590688203822305}, "french": {"roll-in": 0.13766890655637157, "sfb": 0.04440338222191839, "alternate": 0.24935603938803205, "roll-out": 0.19416977865667234, "sft": 0.0, "dsfb-red": 0.014667294645402585, "sfR": 0.10898279115633469, "dsfb": 0.0, "bad-redirect": 0.0018206978681128696, "redirect": 0.04829013552466091, "sfT": 4.947003020323628e-05, "unknown": 0.15807953387545715, "oneh-out": 0.016281377980949484, "dsfb-alt": 0.02395879107531291, "oneh-in": 0.0022718010205718168}, "keymash": {"roll-in": 0.1995665255959247, "sfb": 0.008427300677714243, "alternate": 0.3544925763403431, "roll-out": 0.21454109591852652, "sft": 0.0, "dsfb-red": 0.02057771957982538, "sfR": 0.099723742164827, "dsfb": 0.0, "bad-redirect": 0.001054951911433298, "redirect": 0.04884796788348733, "sfT": 3.283897000570577e-05, "unknown": 0.01232282349464109, "oneh-out": 0.007548858230061614, "dsfb-alt": 0.02409969911293732, "oneh-in": 0.008763900120272727}, "movie": {"roll-in": 0.18507275189109385, "sfb": 0.007717555243785654, "alternate": 0.32906526450046975, "roll-out": 0.2146223885560414, "sft": 0.0, "dsfb-red": 0.024406135143873943, "sfR": 0.11567713207251198, "dsfb": 0.0, "bad-redirect": 0.0007924821839556178, "redirect": 0.046641432342458634, "sfT": 1.6318131984473035e-05, "unknown": 0.030236445784519856, "oneh-out": 0.009576111518113982, "dsfb-alt": 0.026702912220688522, "oneh-in": 0.00947307041050235}, "dutch": {"roll-in": 0.13041819740362817, "sfb": 0.023045427774778752, "alternate": 0.2670542204624861, "roll-out": 0.2065970691256145, "sft": 0.0, "dsfb-red": 0.022633485708027354, "sfR": 0.18880787437283908, "dsfb": 0.0, "bad-redirect": 0.0009015961957166273, "redirect": 0.0506516606479565,