{"english-450k": {"sfT": 5.846924020976425e-06, "dsfb-alt": 0.03585976971305051, "unknown": 0.04373323759969736, "roll-in": 0.2110792193888678, "sft": 0.0, "dsfb-red": 0.010179202374318906, "alternate": 0.34094671054978043, "sfb": 0.015373902020755411, "roll-out": 0.1770752633600752, "oneh-out": 0.00815967481747365, "bad-redirect": 0.002689000357247058, "dsfb": 0.0, "sfR": 0.11369548401129392, "oneh-in": 0.009117985664511686, "redirect": 0.03208470321890708}, "shai": {"sfT": 2.3373398773173297e-05, "dsfb-alt": 0.03257179685741383, "unknown": 0.076389929598812, "roll-in": 0.19834786955669576, "sft": 0.0, "dsfb-red": 0.008139640014825214, "alternate": 0.29830621234672794, "sfb": 0.013632679007181311, "roll-out": 0.22043679188935708, "oneh-out": 0.009101219859965513, "bad-redirect": 0.007824054621686118, "dsfb": 0.0, "sfR": 0.09823378925716947, "oneh-in": 0.009752319381180463, "redirect": 0.027240324210212122}, "tr-quotes": {"sfT": 4.623101638889531e-06, "dsfb-alt": 0.03431959501629643, "unknown": 0.08152724162640716, "roll-in": 0.193617808187513, "sft": 0.0, "dsfb-red": 0.007009777859966251, "alternate": 0.28960264441413747, "sfb": 0.01419754513302975, "roll-out": 0.22149395529460716, "oneh-out": 0.00958484547282772, "bad-redirect": 0.015612214234529947, "dsfb": 0.0, "sfR": 0.09677191928064538, "oneh-in": 0.0094392177712027, "redirect": 0.02681861260719817}, "gutenberg": {"sfT": 2.765776957895403e-05, "dsfb-alt": 0.03201386828763929, "unknown": 0.0822293905098994, "roll-in": 0.20687916926668645, "sft": 0.0, "dsfb-red": 0.006361476439937365, "alternate": 0.28313694422564495, "sfb": 0.011926371228645266, "roll-out": 0.2298258356150993, "oneh-out": 0.009243567579486725, "bad-redirect": 0.006804758500312381, "dsfb": 0.0, "sfR": 0.09863878308844841, "oneh-in": 0.008756336186630083, "redirect": 0.024155841301991398}, "english-200": {"sfT": 0.0, "dsfb-alt": 0.028953229398663696, "unknown": 0.0467706013363029, "roll-in": 0.2383073496659243, "sft": 0.0, "dsfb-red": 0.0066815144766146995, "alternate": 0.29398663697104677, "sfb": 0.013363028953229399, "roll-out": 0.2071269487750557, "oneh-out": 0.017817371937639197, "bad-redirect": 0.004454342984409799, "dsfb": 0.0, "sfR": 0.10690423162583519, "oneh-in": 0.015590200445434299, "redirect": 0.0200445434298441}, "monkeyracer": {"sfT": 3.9100990037067735e-06, "dsfb-alt": 0.03439127578710293, "unknown": 0.08148157561349453, "roll-in": 0.19346290098065283, "sft": 0.0, "dsfb-red": 0.0069756166226128844, "alternate": 0.2888644290473435, "sfb": 0.014219075026979684, "roll-out": 0.22171727638143798, "oneh-out": 0.009618843549118664, "bad-redirect": 0.01604997888546538, "dsfb": 0.0, "sfR": 0.09690789370786869, "oneh-in": 0.009448754242457419, "redirect": 0.02685847005646183}, "chained-bigrams": {"sfT": 1.3635398533480423e-05, "dsfb-alt": 0.04174509726259635, "unknown": 0.07380062060542468, "roll-in": 0.17213197247727272, "sft": 0.0, "dsfb-red": 0.01600081552669324, "alternate": 0.3043817028534993, "sfb": 0.01496647315222494, "roll-out": 0.19648024912522424, "oneh-out": 0.010555097074297987, "bad-redirect": 0.003510141165333103, "dsfb": 0.0, "sfR": 0.11914286586209158, "oneh-in": 0.011051165859039848, "redirect": 0.0362201636377685}, "english-5k": {"sfT": 0.0, "dsfb-alt": 0.03422242502177791, "unknown": 0.053138092670178785, "roll-in": 0.20686937404073505, "sft": 0.0, "dsfb-red": 0.01095117600696893, "alternate": 0.3236404363877712, "sfb": 0.013149707553822542, "roll-out": 0.20197453021943834, "oneh-out": 0.009955614551789936, "bad-redirect": 0.0022814950014518605, "dsfb": 0.0, "sfR": 0.10644211224955408, "oneh-in": 0.009748205915294314, "redirect": 0.027626830381217073}, "mt-quotes": {"sfT": 1.4941251001063816e-06, "dsfb-alt": 0.03494908021658837, "unknown": 0.07725373830100046, "roll-in": 0.19287810329783292, "sft": 0.0, "dsfb-red": 0.006648856695473398, "alternate": 0.288791969974062, "sfb": 0.01429578895781786, "roll-out": 0.22544405397975162, "oneh-out": 0.00988214341210361, "bad-redirect": 0.01723622715482722, "dsfb": 0.0, "sfR": 0.0964592223377679, "oneh-in": 0.00954297701437946, "redirect": 0.026616344533295085}, "wordle": {"sfT": 0.0, "dsfb-alt": 0.037652866599349265, "unknown": 0.05351733423089869, "roll-in": 0.19887804330752834, "sft": 0.0, "dsfb-red": 0.010703466846179737, "alternate": 0.3061146639739706, "sfb": 0.019364972512061034, "roll-out": 0.1843599237069449, "oneh-out": 0.008392236059688096, "bad-redirect": 0.003994165825199147, "dsfb": 0.0, "sfR": 0.13138112868843263, "oneh-in": 0.013620554246606081, "redirect": 0.03202064400314148}, "english-1k": {"sfT": 0.0, "dsfb-alt": 0.026817219477769938, "unknown": 0.04022582921665491, "roll-in": 0.24170783345095273, "sft": 0.0, "dsfb-red": 0.009527170077628794, "alternate": 0.29957657021877204, "sfb": 0.008115737473535639, "roll-out": 0.21347918136908964, "oneh-out": 0.009527170077628794, "bad-redirect": 0.0017642907551164433, "dsfb": 0.0, "sfR": 0.10832745236414962, "oneh-in": 0.015525758645024701, "redirect": 0.025405786873676783}, "english-10k": {"sfT": 0.0, "dsfb-alt": 0.03596997356284132, "unknown": 0.04976746878678528, "roll-in": 0.20719399471256827, "sft": 0.0, "dsfb-red": 0.010034541981050154, "alternate": 0.3256208872850775, "sfb": 0.013006310183130391, "roll-out": 0.20198375176086913, "oneh-out": 0.009494220489762837, "bad-redirect": 0.0018525308272707975, "dsfb": 0.0, "sfR": 0.10567144593890508, "oneh-in": 0.008953898998475521, "redirect": 0.030450975473263735}, "reddit": {"sfT": 3.9892145124252795e-05, "dsfb-alt": 0.0329873953931502, "unknown": 0.10604133762670204, "roll-in": 0.1838247652309802, "sft": 0.0, "dsfb-red": 0.0076507890310460154, "alternate": 0.2841653093036536, "sfb": 0.015678174895030282, "roll-out": 0.2104384820982594, "oneh-out": 0.009289663233507455, "bad-redirect": 0.011598950218535914, "dsfb": 0.0, "sfR": 0.10397777127267367, "oneh-in": 0.008114699094298477, "redirect": 0.0261927704570385}, "akl": {"sfT": 7.770540893638886e-05, "dsfb-alt": 0.02796468186627292, "unknown": 0.1900358292351863, "roll-in": 0.16092926082538264, "sft": 0.0, "dsfb-red": 0.00711472700829753, "alternate": 0.2446824977992321, "sfb": 0.014854012785146422, "roll-out": 0.17436789861818536, "oneh-out": 0.009077227143880496, "bad-redirect": 0.011631820258716763, "dsfb": 0.0, "sfR": 0.13064861186637447, "oneh-in": 0.007955279635329628, "redirect": 0.020660447549058984}, "french": {"sfT": 7.553842891723722e-05, "dsfb-alt": 0.02010676567384571, "unknown": 0.24443479014781727, "roll-in": 0.16550069760682962, "sft": 0.0, "dsfb-red": 0.00562280378422659, "alternate": 0.23629542705003573, "sfb": 0.0137814934534685, "roll-out": 0.1626237202082961, "oneh-out": 0.006536411268122275, "bad-redirect": 0.0031452421958742625, "dsfb": 0.0, "sfR": 0.10898279115633469, "oneh-in": 0.0075412881111936465, "redirect": 0.025353030915038398}, "keymash": {"sfT": 4.104871250713221e-06, "dsfb-alt": 0.03382413910587694, "unknown": 0.07557478459688112, "roll-in": 0.19673416443293257, "sft": 0.0, "dsfb-red": 0.007360034152528806, "alternate": 0.28955761802531066, "sfb": 0.014449146802510538, "roll-out": 0.22202838107982742, "oneh-out": 0.009880425100466723, "bad-redirect": 0.014765221888815457, "dsfb": 0.0, "sfR": 0.099723742164827, "oneh-in": 0.01001588585174026, "redirect": 0.02608235192703181}, "movie": {"sfT": 3.816337318949339e-06, "dsfb-alt": 0.032881299144390336, "unknown": 0.11860057805666577, "roll-in": 0.18018810331851587, "sft": 0.0, "dsfb-red": 0.006616476128349477, "alternate": 0.27229777327245264, "sfb": 0.014981097944454921, "roll-out": 0.19334433403532006, "oneh-out": 0.007942982341280835, "bad-redirect": 0.027203115605148053, "dsfb": 0.0, "sfR": 0.11567713207251198, "oneh-in": 0.007082858868292804, "redirect": 0.023180432875298283}, "dutch": {"sfT": 0.00024606428928481913, "dsfb-alt": 0.029043188792364234, "unknown": 0.14832880156416772, "roll-in": 0.21240214582835232, "sft": 0.0, "dsfb-red": 0.006557739721539786, "alternate": 0.23701390020272198, "sfb": 0.029162069958141277,