{"mt-quotes": {"dsfb": 0.0, "oneh-out": 0.005713534382806804, "sfT": 5.9765004004255265e-06, "sft": 0.0, "dsfb-alt": 0.027496384217257742, "oneh-in": 0.01732288641063339, "sfb": 0.00984479028460095, "sfR": 0.0964592223377679, "alternate": 0.2741779323699215, "roll-out": 0.2152571090472263, "redirect": 0.03227160803719774, "unknown": 0.007977133909467972, "roll-in": 0.29067755585039623, "dsfb-red": 0.01387444567958786, "bad-redirect": 0.008921420972735206}, "monkeyracer": {"dsfb": 0.0, "oneh-out": 0.006073361277507547, "sfT": 1.8572970267607176e-05, "sft": 0.0, "dsfb-alt": 0.028048117678339615, "oneh-in": 0.016817335814942835, "sfb": 0.0107371318641788, "sfR": 0.09690789370786869, "alternate": 0.2742699845160079, "roll-out": 0.2131013732267701, "redirect": 0.03258774262164318, "unknown": 0.013436077701487402, "roll-in": 0.2854108341023195, "dsfb-red": 0.013803627007835838, "bad-redirect": 0.008787947510830974}}