{"english-450k": {"roll-in": 0.1985454607113017, "redirect": 0.043038038333603264, "dsfb-red": 0.02212534518777689, "sfR": 0.11369548401129392, "sft": 0.0, "sfb": 0.03008797866574363, "sfT": 0.00022919942162227586, "bad-redirect": 0.0018695539557072119, "oneh-in": 0.007234983783556228, "dsfb-alt": 0.04160641898706719, "alternate": 0.28636012023614554, "unknown": 0.00015377410175167997, "oneh-out": 0.0069949675524951455, "dsfb": 0.0, "roll-out": 0.2480586750519353}, "shai": {"roll-in": 0.17867291345487243, "redirect": 0.038850788154567405, "dsfb-red": 0.020044026674238217, "sfR": 0.09823378925716947, "sft": 0.0, "sfb": 0.01735437122422269, "sfT": 3.3347442263563694e-05, "bad-redirect": 0.0020292321139894222, "oneh-in": 0.007393510346222001, "dsfb-alt": 0.036458550398760475, "alternate": 0.25383319482430355, "unknown": 0.023621906111313578, "oneh-out": 0.011219703600997388, "dsfb": 0.0, "roll-out": 0.31225466639707977}, "tr-quotes": {"roll-in": 0.1699983819144264, "redirect": 0.043051478236749034, "dsfb-red": 0.022630082522364255, "sfR": 0.09677191928064538, "sft": 0.0, "sfb": 0.014859804442800675, "sfT": 2.4271283604170037e-05, "bad-redirect": 0.0020699937588127874, "oneh-in": 0.009214997341716557, "dsfb-alt": 0.0335382908393241, "alternate": 0.24888005362797902, "unknown": 0.01476965396084233, "oneh-out": 0.013225538013453227, "dsfb": 0.0, "roll-out": 0.3309655347772821}, "gutenberg": {"roll-in": 0.15253544077960055, "redirect": 0.039174199620141376, "dsfb-red": 0.026769311090424616, "sfR": 0.09863878308844841, "sft": 0.0, "sfb": 0.01714459671372655, "sfT": 0.00015268604301806128, "bad-redirect": 0.002321358276852758, "oneh-in": 0.005368259413208214, "dsfb-alt": 0.02800481775613652, "alternate": 0.23206573607743872, "unknown": 0.03802431837805746, "oneh-out": 0.01594735627715813, "dsfb": 0.0, "roll-out": 0.34385313648578864}, "english-200": {"roll-in": 0.16481069042316257, "redirect": 0.053452115812917596, "dsfb-red": 0.028953229398663696, "sfR": 0.10690423162583519, "sft": 0.0, "sfb": 0.004454342984409799, "sfT": 0.0, "bad-redirect": 0.004454342984409799, "oneh-in": 0.004454342984409799, "dsfb-alt": 0.026726057906458798, "alternate": 0.24053452115812918, "unknown": 0.0, "oneh-out": 0.0066815144766146995, "dsfb": 0.0, "roll-out": 0.3585746102449889}, "monkeyracer": {"roll-in": 0.17016555359181695, "redirect": 0.04319486369394873, "dsfb-red": 0.022794899666859565, "sfR": 0.09690789370786869, "sft": 0.0, "sfb": 0.014859353738836668, "sfT": 2.1505544520387257e-05, "bad-redirect": 0.0020938580164849775, "oneh-in": 0.009289417708056368, "dsfb-alt": 0.03342254875893458, "alternate": 0.24804299544864475, "unknown": 0.014352018393105714, "oneh-out": 0.013342235325398438, "dsfb": 0.0, "roll-out": 0.3315128564055242}, "chained-bigrams": {"roll-in": 0.15737067960774204, "redirect": 0.04851409867743127, "dsfb-red": 0.02793049063410447, "sfR": 0.11914286586209158, "sft": 0.0, "sfb": 0.01874737437415144, "sfT": 5.32429847497807e-05, "bad-redirect": 0.004154900724559106, "oneh-in": 0.006713161211316861, "dsfb-alt": 0.04698823265106561, "alternate": 0.25672403706490904, "unknown": 0.02365222201805197, "oneh-out": 0.010788197458751297, "dsfb": 0.0, "roll-out": 0.2792204967310755}, "english-5k": {"roll-in": 0.21553905504625212, "redirect": 0.039656531297963246, "dsfb-red": 0.019745302194383373, "sfR": 0.10644211224955408, "sft": 0.0, "sfb": 0.021487534740946612, "sfT": 0.0, "bad-redirect": 0.0026963122744431078, "oneh-in": 0.009623760733396939, "dsfb-alt": 0.038868378479279875, "alternate": 0.27614385863027335, "unknown": 0.002157049819554486, "oneh-out": 0.005226697639689717, "dsfb": 0.0, "roll-out": 0.26241340689426307}, "mt-quotes": {"roll-in": 0.16911852595594123, "redirect": 0.04416334970894443, "dsfb-red": 0.023378575441364555, "sfR": 0.0964592223377679, "sft": 0.0, "sfb": 0.014076152568102221, "sfT": 8.96475060063829e-06, "bad-redirect": 0.002066375013447126, "oneh-in": 0.009329317125064247, "dsfb-alt": 0.03312475346935848, "alternate": 0.2467174071550663, "unknown": 0.008869126594231481, "oneh-out": 0.01368469179187435, "dsfb": 0.0, "roll-out": 0.3390035380882371}, "wordle": {"roll-in": 0.17248962190059464, "redirect": 0.044092898014136656, "dsfb-red": 0.028587456524178167, "sfR": 0.13138112868843263, "sft": 0.0, "sfb": 0.0375406709301021, "sfT": 0.00026926960619320093, "bad-redirect": 0.0009200044878267698, "oneh-in": 0.005677100863906653, "dsfb-alt": 0.04817682037473354, "alternate": 0.2612588354089532, "unknown": 0.0, "oneh-out": 0.017323011331762592, "dsfb": 0.0, "roll-out": 0.25228318186917986}, "english-1k": {"roll-in": 0.2025405786873677, "redirect": 0.0374029640084686, "dsfb-red": 0.02611150317572336, "sfR": 0.10832745236414962, "sft": 0.0, "sfb": 0.0187014820042343, "sfT": 0.0, "bad-redirect": 0.0014114326040931546, "oneh-in": 0.010938602681721948, "dsfb-alt": 0.03458009880028229, "alternate": 0.2642907551164432, "unknown": 0.0, "oneh-out": 0.009527170077628794, "dsfb": 0.0, "roll-out": 0.2861679604798871}, "english-10k": {"roll-in": 0.21444974045271223, "redirect": 0.03857509503869088, "dsfb-red": 0.018004283977538064, "sfR": 0.10567144593890508, "sft": 0.0, "sfb": 0.021535670867023023, "sfT": 7.718878446961657e-05, "bad-redirect": 0.001640261669979352, "oneh-in": 0.008510063487775226, "dsfb-alt": 0.04021535670867023, "alternate": 0.27434823720113466, "unknown": 0.0, "oneh-out": 0.010073136373284962, "dsfb": 0.0, "roll-out": 0.26689951949981666}, "reddit": {"roll-in": 0.1690421596296361, "redirect": 0.04053322875223551, "dsfb-red": 0.018911798467130276, "sfR": 0.10397777127267367, "sft": 0.0, "sfb": 0.015883591349360238, "sfT": 5.697272557182019e-05, "bad-redirect": 0.0021841792247326805, "oneh-in": 0.008759378633954358, "dsfb-alt": 0.037140561003424166, "alternate": 0.24159098864534703, "unknown": 0.041217688064775854, "oneh-out": 0.010712033587313324, "dsfb": 0.0, "roll-out": 0.309989648643845}, "akl": {"roll-in": 0.14491757333889616, "redirect": 0.03617234965813203, "dsfb-red": 0.015394911612629864, "sfR": 0.13064861186637447, "sft": 0.0, "sfb": 0.023457619902349132, "sfT": 0.0002786770452761622, "bad-redirect": 0.002098169579293527, "oneh-in": 0.008496104340006453, "dsfb-alt": 0.03573994191193306, "alternate": 0.2004988810791727, "unknown": 0.13295000147380848, "oneh-out": 0.007418531685016714, "dsfb": 0.0, "roll-out": 0.26192862650711124}, "french": {"roll-in": 0.1334866964196987, "redirect": 0.03232761600913101, "dsfb-red": 0.020041714531767438, "sfR": 0.10898279115633469, "sft": 0.0, "sfb": 0.0492159831704815, "sfT": 5.739542268582622e-05, "bad-redirect": 0.002357856700004703, "oneh-in": 0.003022915485816896, "dsfb-alt": 0.02948758382394734, "alternate": 0.18510997635671145, "unknown": 0.15822382396052298, "oneh-out": 0.019899551867746085, "dsfb": 0.0, "roll-out": 0.2577860950951514}, "keymash": {"roll-in": 0.16962559469322244, "redirect": 0.04142225579094712, "dsfb-red": 0.022638364947683415, "sfR": 0.099723742164827, "sft": 0.0, "sfb": 0.015844803027753034, "sfT": 2.462922750427933e-05, "bad-redirect": 0.002114008694117309, "oneh-in": 0.0087556903777713, "dsfb-alt": 0.03291696255946932, "alternate": 0.24923957260080537, "unknown": 0.013394194891077241, "oneh-out": 0.013492711801094358, "dsfb": 0.0, "roll-out": 0.3308074692237278}, "movie": {"roll-in": 0.1522983101916341, "redirect": 0.04193773079793428, "dsfb-red": 0.022767742053497415, "sfR": 0.11567713207251198, "sft": 0.0, "sfb": 0.012734328046302435, "sfT": 1.6054936307304115e-05, "bad-redirect": 0.001549301353654847, "oneh-in": 0.011684835283591368, "dsfb-alt": 0.038757274235025056, "alternate": 0.2424913892244268, "unknown": 0.030451476652766863, "oneh-out": 0.013189261774288915, "dsfb": 0.0, "roll-out": 0.3164451633780586}, "dutch": {"roll-in": 0.17038161643169378, "redirect": 0.031046237816339105, "dsfb-red": 0.018924536782137513, "sfR": 0.18880787437283908, "sft": 0.0, "sfb": 0.027758250146700792, "sfT": 9.313254525580053e-05, "bad-redirect": 0.0029113154751468613,