{"english-450k": {"alternate": 0.32094175235821065, "oneh-in": 0.015104651169589447, "roll-in": 0.2482448995820034, "bad-redirect": 0.0029483114375773623, "sft": 0.0, "dsfb-red": 0.014497448110011045, "unknown": 0.0, "dsfb-alt": 0.039172052170933655, "sfR": 0.11369548401129392, "sfT": 0.00020756580274466308, "sfb": 0.02649241273904418, "redirect": 0.0374872610142893, "dsfb": 0.0, "roll-out": 0.17384805364669728, "oneh-out": 0.007360107957605123}, "shai": {"alternate": 0.3060364869630698, "oneh-in": 0.01401141399038219, "roll-in": 0.2780549097993487, "bad-redirect": 0.0023978769414357607, "sft": 0.0, "dsfb-red": 0.011430517027786129, "unknown": 0.015572597567587401, "dsfb-alt": 0.0347371435082562, "sfR": 0.09823378925716947, "sfT": 5.3516142546227386e-05, "sfb": 0.014613568321849572, "redirect": 0.028348549974563673, "dsfb": 0.0, "roll-out": 0.18735454616670066, "oneh-out": 0.009155084339304188}, "tr-quotes": {"alternate": 0.29633272462495086, "oneh-in": 0.010898962113682069, "roll-in": 0.2845287903654562, "bad-redirect": 0.002282656434201706, "sft": 0.0, "dsfb-red": 0.013061417905272647, "unknown": 0.009743186703959687, "dsfb-alt": 0.033592612283581055, "sfR": 0.09677191928064538, "sfT": 2.7738609833337187e-05, "sfb": 0.01062273179075842, "redirect": 0.030104482097038903, "dsfb": 0.0, "roll-out": 0.19992603037377776, "oneh-out": 0.01210674741684196}, "gutenberg": {"alternate": 0.28846125430637154, "oneh-in": 0.011392348951637927, "roll-in": 0.2867972416489638, "bad-redirect": 0.0035566755057867255, "sft": 0.0, "dsfb-red": 0.008904854620533507, "unknown": 0.025598023492433706, "dsfb-alt": 0.03377373595468369, "sfR": 0.09863878308844841, "sfT": 0.0001706825369221752, "sfb": 0.01241530755250335, "redirect": 0.027384222871611498, "dsfb": 0.0, "roll-out": 0.1917928031452567, "oneh-out": 0.011114066324846945}, "english-200": {"alternate": 0.3028953229398664, "oneh-in": 0.0066815144766146995, "roll-in": 0.2962138084632517, "bad-redirect": 0.0022271714922048997, "sft": 0.0, "dsfb-red": 0.008908685968819599, "unknown": 0.0, "dsfb-alt": 0.0334075723830735, "sfR": 0.10690423162583519, "sfT": 0.0, "sfb": 0.0, "redirect": 0.026726057906458798, "dsfb": 0.0, "roll-out": 0.20935412026726058, "oneh-out": 0.0066815144766146995}, "monkeyracer": {"alternate": 0.29584004566995636, "oneh-in": 0.01079676087398533, "roll-in": 0.28490838638034316, "bad-redirect": 0.0023362841547147975, "sft": 0.0, "dsfb-red": 0.01305191047437321, "unknown": 0.009366642163379577, "dsfb-alt": 0.033549626976555044, "sfR": 0.09690789370786869, "sfT": 2.4438118773167336e-05, "sfb": 0.010505458498209174, "redirect": 0.029933762922877208, "dsfb": 0.0, "roll-out": 0.20059883166241768, "oneh-out": 0.0121799583965466}, "chained-bigrams": {"alternate": 0.29007622187780213, "oneh-in": 0.013912651636994525, "roll-in": 0.27893155614310416, "bad-redirect": 0.006056064862941519, "sft": 0.0, "dsfb-red": 0.018388308879436457, "unknown": 0.016087822355430687, "dsfb-alt": 0.0438566361212096, "sfR": 0.11914286586209158, "sfT": 5.519089882599218e-05, "sfb": 0.01495348705838353, "redirect": 0.04072698750542981, "dsfb": 0.0, "roll-out": 0.1513795452140076, "oneh-out": 0.006432661584342407}, "english-5k": {"alternate": 0.3266271207533082, "oneh-in": 0.025013481561372217, "roll-in": 0.27241050317335214, "bad-redirect": 0.0026133488198448584, "sft": 0.0, "dsfb-red": 0.012568963371634795, "unknown": 0.0, "dsfb-alt": 0.03774837184220351, "sfR": 0.10644211224955408, "sfT": 0.0, "sfb": 0.01779566101132451, "redirect": 0.030364624382959306, "dsfb": 0.0, "roll-out": 0.1623594806487742, "oneh-out": 0.006056332185672211}, "mt-quotes": {"alternate": 0.29515993115071537, "oneh-in": 0.010336357442535948, "roll-in": 0.2888143818505636, "bad-redirect": 0.0022606112764609557, "sft": 0.0, "dsfb-red": 0.013205077634740202, "unknown": 0.00522794372527223, "dsfb-alt": 0.033535637871887736, "sfR": 0.0964592223377679, "sfT": 7.470625500531909e-06, "sfb": 0.009516082762577545, "redirect": 0.029588159357406676, "dsfb": 0.0, "roll-out": 0.2034565090065861, "oneh-out": 0.012432614957985201}, "wordle": {"alternate": 0.3083136990912151, "oneh-in": 0.007113205430270391, "roll-in": 0.20224391338494335, "bad-redirect": 0.0025131829911365423, "sft": 0.0, "dsfb-red": 0.01624593290698979, "unknown": 0.0, "dsfb-alt": 0.05095927297206328, "sfR": 0.13138112868843263, "sfT": 0.0007404914170313026, "sfb": 0.029776730618198136, "redirect": 0.034646022663525185, "dsfb": 0.0, "roll-out": 0.20065073488163357, "oneh-out": 0.015415684954560754}, "english-1k": {"alternate": 0.3083980239943543, "oneh-in": 0.014114326040931546, "roll-in": 0.28510938602681724, "bad-redirect": 0.001058574453069866, "sft": 0.0, "dsfb-red": 0.01058574453069866, "unknown": 0.0, "dsfb-alt": 0.034227240649259, "sfR": 0.10832745236414962, "sfT": 0.0, "sfb": 0.011997177134791814, "redirect": 0.03352152434721242, "dsfb": 0.0, "roll-out": 0.18172194777699366, "oneh-out": 0.010938602681721948}, "english-10k": {"alternate": 0.31944578452750816, "oneh-in": 0.022346153103953995, "roll-in": 0.27423245402443025, "bad-redirect": 0.0018332336311533933, "sft": 0.0, "dsfb-red": 0.011288859728681423, "unknown": 0.0, "dsfb-alt": 0.03714710252600297, "sfR": 0.10567144593890508, "sfT": 7.718878446961657e-05, "sfb": 0.01738677370178113, "redirect": 0.031029891356785858, "dsfb": 0.0, "roll-out": 0.17116612956137472, "oneh-out": 0.008374983114953397}, "reddit": {"alternate": 0.2915099214386943, "oneh-in": 0.011014577114232187, "roll-in": 0.2714142439679986, "bad-redirect": 0.002230851161657393, "sft": 0.0, "dsfb-red": 0.013389976433668446, "unknown": 0.0331983180872297, "dsfb-alt": 0.03327001157621357, "sfR": 0.10397777127267367, "sfT": 6.903401264225155e-05, "sfb": 0.013699524496867344, "redirect": 0.028169960016084215, "dsfb": 0.0, "roll-out": 0.1884193664565493, "oneh-out": 0.009636443965488987}, "akl": {"alternate": 0.24858652131612555, "oneh-in": 0.00807330785106544, "roll-in": 0.23247906716349043, "bad-redirect": 0.0021608033508845434, "sft": 0.0, "dsfb-red": 0.012009179467201807, "unknown": 0.12482253455870851, "dsfb-alt": 0.030182040918605917, "sfR": 0.13064861186637447, "sfT": 0.00018034078849815655, "sfb": 0.020350638925003852, "redirect": 0.022716614204603112, "dsfb": 0.0, "roll-out": 0.15973625425288868, "oneh-out": 0.008054085336549539}, "french": {"alternate": 0.23186045831870544, "oneh-in": 0.015038170053543442, "roll-in": 0.1885813881551159, "bad-redirect": 0.001923653061194832, "sft": 0.0, "dsfb-red": 0.012821921689541462, "unknown": 0.14988019847879508, "dsfb-alt": 0.02623901188903258, "sfR": 0.10898279115633469, "sfT": 6.951572990400253e-05, "sfb": 0.047913701854495394, "redirect": 0.031801603664965164, "dsfb": 0.0, "roll-out": 0.17381109337111633, "oneh-out": 0.011076492577255685}, "keymash": {"alternate": 0.2944875683974172, "oneh-in": 0.011132410831934256, "roll-in": 0.2835891352267736, "bad-redirect": 0.0025121812054364917, "sft": 0.0, "dsfb-red": 0.01309864416102589, "unknown": 0.008566866300238493, "dsfb-alt": 0.03337260326829849, "sfR": 0.099723742164827, "sfT": 2.873409875499255e-05, "sfb": 0.011058523149421419, "redirect": 0.029555073005135196, "dsfb": 0.0, "roll-out": 0.20064200186361156, "oneh-out": 0.0122325163271254}, "movie": {"alternate": 0.28348174718239155, "oneh-in": 0.007743216822309624, "roll-in": 0.25227832047995313, "bad-redirect": 0.0019442264672468114, "sft": 0.0, "dsfb-red": 0.01772557086813383, "unknown": 0.02448311987944585, "dsfb-alt": 0.03532243905013206, "sfR": 0.11567713207251198, "sfT": 3.368904667762175e-05, "sfb": 0.010622840726214776, "redirect": 0.028118378572502975, "dsfb": 0.0, "roll-out": 0.2078264129758627, "oneh-out": 0.014742905856617049}, "dutch": {"alternate": 0.23640828762743998, "oneh-in": 0.005702225667006718, "roll-in": 0.22348567180715043, "bad-redirect": 0.0027721366502959713, "sft": 0.0, "dsfb-red": 0.007772228276654511, "unknown": 0.06758112760955366, "dsfb-alt": 0.0323736007211622, "sfR": 0.18880787437283908,