{"english-450k": {"sfR": 0.11369548401129392, "bad-redirect": 0.0016558488827405234, "oneh-out": 0.004298658540221868, "roll-in": 0.13264419537847433, "sfb": 0.05734312264332419, "roll-out": 0.12656164031945255, "dsfb-red": 0.006511719282161444, "redirect": 0.018014957601030463, "dsfb": 0.0, "dsfb-alt": 0.022433185737481296, "alternate": 0.244877071345921, "unknown": 0.27005158741063706, "sfT": 0.00017306895102090216, "sft": 0.0, "oneh-in": 0.0017394598962404864}, "shai": {"sfR": 0.09823378925716947, "bad-redirect": 0.0016789717283666595, "oneh-out": 0.003505545366919399, "roll-in": 0.13401530452531293, "sfb": 0.07676030449899415, "roll-out": 0.12401838691888521, "dsfb-red": 0.006602201395638452, "redirect": 0.01096700848053014, "dsfb": 0.0, "dsfb-alt": 0.016041071849340158, "alternate": 0.19768080072875152, "unknown": 0.3294033370045451, "sfT": 8.715386547016333e-05, "sft": 0.0, "oneh-in": 0.0010061243800766216}, "tr-quotes": {"sfR": 0.09677191928064538, "bad-redirect": 0.0012805991539724, "oneh-out": 0.0031460206652643256, "roll-in": 0.12447123275005201, "sfb": 0.09202630544832528, "roll-out": 0.13263100714269202, "dsfb-red": 0.007594600217285777, "redirect": 0.010443586602251451, "dsfb": 0.0, "dsfb-alt": 0.013827697001918587, "alternate": 0.19079078153533205, "unknown": 0.32624072490233696, "sfT": 2.8894385243059568e-05, "sft": 0.0, "oneh-in": 0.0007466309146806592}, "gutenberg": {"sfR": 0.09863878308844841, "bad-redirect": 0.0014961716721546502, "oneh-out": 0.002574445812177981, "roll-in": 0.1275477825856832, "sfb": 0.07403568155374529, "roll-out": 0.13757239800060847, "dsfb-red": 0.006269410165859477, "redirect": 0.009864162464011748, "dsfb": 0.0, "dsfb-alt": 0.016202148743484794, "alternate": 0.17497877360903205, "unknown": 0.34962470679922697, "sfT": 5.777821727110259e-05, "sft": 0.0, "oneh-in": 0.001137757288295876}, "english-200": {"sfR": 0.10690423162583519, "bad-redirect": 0.0, "oneh-out": 0.0, "roll-in": 0.1358574610244989, "sfb": 0.11358574610244988, "roll-out": 0.12694877505567928, "dsfb-red": 0.008908685968819599, "redirect": 0.0066815144766146995, "dsfb": 0.0, "dsfb-alt": 0.008908685968819599, "alternate": 0.1759465478841871, "unknown": 0.31625835189309576, "sfT": 0.0, "sft": 0.0, "oneh-in": 0.0}, "monkeyracer": {"sfR": 0.09690789370786869, "bad-redirect": 0.001253186730688021, "oneh-out": 0.003093865836682985, "roll-in": 0.12410067722914744, "sfb": 0.09270649232838575, "roll-out": 0.13289448988848399, "dsfb-red": 0.007478064344589205, "redirect": 0.010437031765644306, "dsfb": 0.0, "dsfb-alt": 0.013794829285077498, "alternate": 0.1904110687082597, "unknown": 0.3261403803744311, "sfT": 3.323584153150758e-05, "sft": 0.0, "oneh-in": 0.0007487839592098472}, "chained-bigrams": {"sfR": 0.11914286586209158, "bad-redirect": 0.0018063656533401208, "oneh-out": 0.0025115105489286796, "roll-in": 0.12162970283272158, "sfb": 0.06196963981120817, "roll-out": 0.11475811127653952, "dsfb-red": 0.011044023507427071, "redirect": 0.019101894736021932, "dsfb": 0.0, "dsfb-alt": 0.02880705196839964, "alternate": 0.1997189809292719, "unknown": 0.3151510704761806, "sfT": 0.00018829836070044392, "sft": 0.0, "oneh-in": 0.004170484037168798}, "english-5k": {"sfR": 0.10644211224955408, "bad-redirect": 0.0019911229103579875, "oneh-out": 0.003982245820715975, "roll-in": 0.15049570664122455, "sfb": 0.06072924876591861, "roll-out": 0.11643920852864313, "dsfb-red": 0.006471149458663459, "redirect": 0.012112664371344423, "dsfb": 0.0, "dsfb-alt": 0.01937196664869125, "alternate": 0.2248724436885552, "unknown": 0.295640270460862, "sfT": 4.148172729912474e-05, "sft": 0.0, "oneh-in": 0.001410378728170241}, "mt-quotes": {"sfR": 0.0964592223377679, "bad-redirect": 0.0011639234529828713, "oneh-out": 0.0028597554416036146, "roll-in": 0.12342818039468809, "sfb": 0.09510106262177119, "roll-out": 0.13512717992852105, "dsfb-red": 0.007502002127634143, "redirect": 0.009998685169911906, "dsfb": 0.0, "dsfb-alt": 0.012906252614718925, "alternate": 0.189873417721519, "unknown": 0.3248242908882275, "sfT": 2.9882502002127634e-05, "sft": 0.0, "oneh-in": 0.0007261447986517015}, "wordle": {"sfR": 0.13138112868843263, "bad-redirect": 0.0018400089756535397, "oneh-out": 0.00578929653315382, "roll-in": 0.12725232806013687, "sfb": 0.061326152810501515, "roll-out": 0.13750701222932796, "dsfb-red": 0.007449792438011893, "redirect": 0.020756198810725907, "dsfb": 0.0, "dsfb-alt": 0.027128912823964995, "alternate": 0.22533378211601032, "unknown": 0.25136317738135305, "sfT": 0.0, "sft": 0.0, "oneh-in": 0.0028722091327274767}, "english-1k": {"sfR": 0.10832745236414962, "bad-redirect": 0.0014114326040931546, "oneh-out": 0.00529287226534933, "roll-in": 0.12632321806633734, "sfb": 0.08221594918842626, "roll-out": 0.12632321806633734, "dsfb-red": 0.004940014114326041, "redirect": 0.008115737473535639, "dsfb": 0.0, "dsfb-alt": 0.0187014820042343, "alternate": 0.19830628087508823, "unknown": 0.31863091037402963, "sfT": 0.0, "sft": 0.0, "oneh-in": 0.0014114326040931546}, "english-10k": {"sfR": 0.10567144593890508, "bad-redirect": 0.0018525308272707975, "oneh-out": 0.004110302773007082, "roll-in": 0.14795160263213755, "sfb": 0.06252291542038942, "roll-out": 0.11528144960537234, "dsfb-red": 0.006078616776982304, "redirect": 0.01346944288994809, "dsfb": 0.0, "dsfb-alt": 0.018293741919299125, "alternate": 0.22612454410374172, "unknown": 0.29709963142355417, "sfT": 9.64859805870207e-05, "sft": 0.0, "oneh-in": 0.0014472897088053105}, "reddit": {"sfR": 0.10397777127267367, "bad-redirect": 0.0011965396092480105, "oneh-out": 0.0031703954585133864, "roll-in": 0.12042449737301797, "sfb": 0.08709459139299812, "roll-out": 0.1350657386967105, "dsfb-red": 0.009012178716061008, "redirect": 0.011507479215349599, "dsfb": 0.0, "dsfb-alt": 0.0140914788692431, "alternate": 0.18452525631639677, "unknown": 0.328908264360189, "sfT": 8.907372873753347e-05, "sft": 0.0, "oneh-in": 0.0009367349908613276}, "akl": {"sfR": 0.13064861186637447, "bad-redirect": 0.0010054017489473882, "oneh-out": 0.002258917239242699, "roll-in": 0.10724238377661284, "sfb": 0.07463158556120342, "roll-out": 0.12177099744071244, "dsfb-red": 0.009144357699072918, "redirect": 0.010350829914768902, "dsfb": 0.0, "dsfb-alt": 0.0134342151320079, "alternate": 0.16181626374456115, "unknown": 0.3644325122099411, "sfT": 0.0004053035065794986, "sft": 0.0, "oneh-in": 0.0028586201599753005}, "french": {"sfR": 0.10898279115633469, "bad-redirect": 0.0024556281770205476, "oneh-out": 0.006003657096702807, "roll-in": 0.1319847371622987, "sfb": 0.053476353557781346, "roll-out": 0.0908200987893431, "dsfb-red": 0.00393662784258097, "redirect": 0.014439975212248827, "dsfb": 0.0, "dsfb-alt": 0.015570969170477934, "alternate": 0.1530173205182883, "unknown": 0.41827470857590243, "sfT": 5.717069511070552e-05, "sft": 0.0, "oneh-in": 0.0009799620459096563}, "keymash": {"sfR": 0.099723742164827, "bad-redirect": 0.001313558800228231, "oneh-out": 0.0033577846830834153, "roll-in": 0.12406152381030569, "sfb": 0.09377167885129283, "roll-out": 0.13156522845660945, "dsfb-red": 0.00755706797256304, "redirect": 0.01042226810556087, "dsfb": 0.0, "dsfb-alt": 0.01363638229486932, "alternate": 0.19054401858685702, "unknown": 0.3232011427961562, "sfT": 2.873409875499255e-05, "sft": 0.0, "oneh-in": 0.0008168693788919311}, "movie": {"sfR": 0.11567713207251198, "bad-redirect": 0.00118793368890192, "oneh-out": 0.004198760637875779, "roll-in": 0.10592849578801378, "sfb": 0.11207056170826628, "roll-out": 0.1445454867271078, "dsfb-red": 0.01105461323461039, "redirect": 0.010714827615385314, "dsfb": 0.0, "dsfb-alt": 0.012992654603443732, "alternate": 0.1790733380278669, "unknown": 0.30162790474264134, "sfT": 4.5006460795885304e-05, "sft": 0.0, "oneh-in": 0.0008832846925788952}, "dutch": {"sfR": 0.18880787437283908, "bad-redirect": 0.0010380495398438206, "oneh-out": 0.001668550057523781, "roll-in": 0.09102651968053493, "sfb": 0.05289324302763756, "roll-out": 0.06970694878165454, "dsfb-red": 0.0029946398759562,