{"english-450k": {"roll-out": 0.16211006132838607, "roll-in": 0.21765554718146105, "dsfb-red": 0.00937992786065143, "sfb": 0.049300970998672165, "dsfb": 0.0, "sfR": 0.11369548401129392, "oneh-in": 0.009069456195137581, "oneh-out": 0.014381679014395712, "redirect": 0.030649575717958417, "alternate": 0.36111655199874176, "unknown": 0.0001543587941537776, "sfT": 7.308655026220531e-06, "bad-redirect": 0.002979592481089586, "sft": 0.0, "dsfb-alt": 0.029499485763032355}, "shai": {"roll-out": 0.15029756476974318, "roll-in": 0.2412455029720095, "dsfb-red": 0.007234715213771967, "sfb": 0.061159588411438696, "dsfb": 0.0, "sfR": 0.09823378925716947, "oneh-in": 0.0057781913610617675, "oneh-out": 0.010179767329600608, "redirect": 0.030670381123799516, "alternate": 0.30860086889129507, "unknown": 0.06371498325041886, "sfT": 1.77961396852212e-05, "bad-redirect": 0.003319274202362931, "sft": 0.0, "dsfb-alt": 0.019547577077643187}, "tr-quotes": {"roll-out": 0.14688980837243706, "roll-in": 0.23082568595270567, "dsfb-red": 0.006092092184646679, "sfb": 0.07182913016342664, "dsfb": 0.0, "sfR": 0.09677191928064538, "oneh-in": 0.003989736714361665, "oneh-out": 0.008898314879452624, "redirect": 0.031483322160837705, "alternate": 0.29388941540879776, "unknown": 0.08973902591248469, "sfT": 2.3115508194447656e-06, "bad-redirect": 0.002649037239083701, "sft": 0.0, "dsfb-alt": 0.016940200180300964}, "gutenberg": {"roll-out": 0.14501764224712937, "roll-in": 0.25279258226197365, "dsfb-red": 0.0065687202750015815, "sfb": 0.06134493292612003, "dsfb": 0.0, "sfR": 0.09863878308844841, "oneh-in": 0.003919068061982198, "oneh-out": 0.007659686679146762, "redirect": 0.02763541603915734, "alternate": 0.2773286231772867, "unknown": 0.09436243726327506, "sfT": 1.7049310014423717e-06, "bad-redirect": 0.0027638825901160225, "sft": 0.0, "dsfb-alt": 0.021966520459361455}, "english-200": {"roll-out": 0.15812917594654788, "roll-in": 0.24721603563474387, "dsfb-red": 0.0066815144766146995, "sfb": 0.09131403118040089, "dsfb": 0.0, "sfR": 0.10690423162583519, "oneh-in": 0.0022271714922048997, "oneh-out": 0.011135857461024499, "redirect": 0.0400890868596882, "alternate": 0.32516703786191536, "unknown": 0.0, "sfT": 0.0, "bad-redirect": 0.0022271714922048997, "sft": 0.0, "dsfb-alt": 0.008908685968819599}, "monkeyracer": {"roll-out": 0.14733741808342588, "roll-in": 0.23024813488277523, "dsfb-red": 0.006114417317046468, "sfb": 0.07246195473669394, "dsfb": 0.0, "sfR": 0.09690789370786869, "oneh-in": 0.0040352221718253905, "oneh-out": 0.008851486619641209, "redirect": 0.03158577975194332, "alternate": 0.2931391447831459, "unknown": 0.0897856483726168, "sfT": 2.9325742527800804e-06, "bad-redirect": 0.0026422494017548526, "sft": 0.0, "dsfb-alt": 0.016887717597009556}, "chained-bigrams": {"roll-out": 0.12862466228039704, "roll-in": 0.2176196619849634, "dsfb-red": 0.011582297097153513, "sfb": 0.05319753342133576, "dsfb": 0.0, "sfR": 0.11914286586209158, "oneh-in": 0.014911931558091018, "oneh-out": 0.012551709002414764, "redirect": 0.028158396581021213, "alternate": 0.31559649349494096, "unknown": 0.059637337357290945, "sfT": 1.75312266859034e-05, "bad-redirect": 0.0037016860494938995, "sft": 0.0, "dsfb-alt": 0.03525789408412002}, "english-5k": {"roll-out": 0.15742315510017837, "roll-in": 0.24665035052059567, "dsfb-red": 0.009084498278508317, "sfb": 0.04923881030406106, "dsfb": 0.0, "sfR": 0.10644211224955408, "oneh-in": 0.007176338822748579, "oneh-out": 0.011490438461857553, "redirect": 0.03248019247521467, "alternate": 0.35010577840461277, "unknown": 0.0022400132741527356, "sfT": 0.0, "bad-redirect": 0.0029452026382378563, "sft": 0.0, "dsfb-alt": 0.024723109470278344}, "mt-quotes": {"roll-out": 0.14747313563070008, "roll-in": 0.23232898244104183, "dsfb-red": 0.005738934509508612, "sfb": 0.07476004350892292, "dsfb": 0.0, "sfR": 0.0964592223377679, "oneh-in": 0.003784618878569465, "oneh-out": 0.00855984269850946, "redirect": 0.032008642019579016, "alternate": 0.29425897371535126, "unknown": 0.08569853336680174, "sfT": 0.0, "bad-redirect": 0.002578859922783615, "sft": 0.0, "dsfb-alt": 0.016350210970464137}, "wordle": {"roll-out": 0.18759115898126333, "roll-in": 0.1920116683496017, "dsfb-red": 0.013575675978907215, "sfb": 0.055290025805003924, "dsfb": 0.0, "sfR": 0.13138112868843263, "oneh-in": 0.009155166610568833, "oneh-out": 0.017345450465612026, "redirect": 0.0396948277796477, "alternate": 0.31574105239537753, "unknown": 0.0, "sfT": 6.731740154830023e-05, "bad-redirect": 0.006574666217883989, "sft": 0.0, "dsfb-alt": 0.03157186132615281}, "english-1k": {"roll-out": 0.19548341566690192, "roll-in": 0.23218066337332394, "dsfb-red": 0.008821453775582216, "sfb": 0.06033874382498236, "dsfb": 0.0, "sfR": 0.10832745236414962, "oneh-in": 0.0056457304163726185, "oneh-out": 0.014467184191954835, "redirect": 0.03352152434721242, "alternate": 0.3211009174311927, "unknown": 0.0, "sfT": 0.0, "bad-redirect": 0.003175723359209598, "sft": 0.0, "dsfb-alt": 0.016937191249117856}, "english-10k": {"roll-out": 0.1589895988112927, "roll-in": 0.24445688041527566, "dsfb-red": 0.008876710214005904, "sfb": 0.05065513980818587, "dsfb": 0.0, "sfR": 0.10567144593890508, "oneh-in": 0.006734721444974045, "oneh-out": 0.011867775612203547, "redirect": 0.03288242218405665, "alternate": 0.35200015437756893, "unknown": 0.0, "sfT": 0.0, "bad-redirect": 0.002894579417610621, "sft": 0.0, "dsfb-alt": 0.02497057177592096}, "reddit": {"roll-out": 0.14545635022082082, "roll-in": 0.22178279682143884, "dsfb-red": 0.0063581336993671755, "sfb": 0.06787058538632733, "dsfb": 0.0, "sfR": 0.10397777127267367, "oneh-in": 0.0045802175788764166, "oneh-out": 0.00896693016084026, "redirect": 0.032257575153149316, "alternate": 0.29005331500916676, "unknown": 0.09797282352295587, "sfT": 4.127806941495454e-05, "bad-redirect": 0.0031772876225536328, "sft": 0.0, "dsfb-alt": 0.01750493548241496}, "akl": {"roll-out": 0.12601489873354513, "roll-in": 0.18923021315767283, "dsfb-red": 0.006865921454087852, "sfb": 0.06349297845771341, "dsfb": 0.0, "sfR": 0.13064861186637447, "oneh-in": 0.006690719846848445, "oneh-out": 0.007665014724619073, "redirect": 0.028586127476946388, "alternate": 0.2551915057833208, "unknown": 0.16452691007492753, "sfT": 6.055833300575171e-05, "bad-redirect": 0.0036445195709287684, "sft": 0.0, "dsfb-alt": 0.017382020520009537}, "french": {"roll-out": 0.11399453070013142, "roll-in": 0.20912730147442413, "dsfb-red": 0.005856160898231923, "sfb": 0.05035253539073526, "dsfb": 0.0, "sfR": 0.10898279115633469, "oneh-in": 0.0054368192430567005, "oneh-out": 0.006914163340061827, "redirect": 0.02525716213149191, "alternate": 0.24225725485408942, "unknown": 0.20988668591443366, "sfT": 1.5715948420107465e-05, "bad-redirect": 0.004826024675716986, "sft": 0.0, "dsfb-alt": 0.017092854272871983}, "keymash": {"roll-out": 0.14919154560717204, "roll-in": 0.22977016825867258, "dsfb-red": 0.0065185355461325955, "sfb": 0.0725248652576012, "dsfb": 0.0, "sfR": 0.099723742164827, "oneh-in": 0.004486624277029551, "oneh-out": 0.009219540829101895, "redirect": 0.030573081075312075, "alternate": 0.2928250955408784, "unknown": 0.08488873746474941, "sfT": 4.104871250713221e-06, "bad-redirect": 0.0027420539954764317, "sft": 0.0, "dsfb-alt": 0.01753190511179617}, "movie": {"roll-out": 0.13412030595444688, "roll-in": 0.19192939407485995, "dsfb-red": 0.0049869000931581095, "sfb": 0.0789397530619198, "dsfb": 0.0, "sfR": 0.11567713207251198, "oneh-in": 0.0036832919041404496, "oneh-out": 0.008536488593296749, "redirect": 0.027970725797611208, "alternate": 0.2643092580790216, "unknown": 0.1529613001024226, "sfT": 2.237163255935819e-06, "bad-redirect": 0.0035915682106470812, "sft": 0.0, "dsfb-alt": 0.013291644892707625}, "dutch": {"roll-out": 0.15370095717089938, "roll-in": 0.20121673707671178, "dsfb-red": 0.007619278601831258, "sfb": 0.06405062594788902, "dsfb": 0.0, "sfR": 0.18880787437283908, "oneh-in": 0.00600991809607671, "oneh-out": 0.008342535118088086, "redirect": 0.021170350829257993,