{"english-450k": {"sft": 0.0, "dsfb-red": 0.007891301004910832, "sfb": 0.024543925309053787, "roll-out": 0.16823646831756514, "dsfb-alt": 0.06646315473124322, "redirect": 0.013406704433897893, "alternate": 0.3842361666162857, "sfT": 5.466873959612957e-05, "sfR": 0.11369548401129392, "unknown": 0.00015377410175167997, "dsfb": 0.0, "roll-in": 0.21050271268039952, "oneh-out": 0.0017666480929380266, "oneh-in": 0.005618309291756246, "bad-redirect": 0.0034306826693079173}, "shai": {"sft": 0.0, "dsfb-red": 0.006053420001591512, "sfb": 0.02337991654160086, "roll-out": 0.15630898696539205, "dsfb-alt": 0.05147543467013125, "redirect": 0.010964767513832067, "alternate": 0.334275345681692, "sfT": 6.769732040761288e-05, "sfR": 0.09823378925716947, "unknown": 0.023621906111313578, "dsfb": 0.0, "roll-in": 0.2751741916186762, "oneh-out": 0.0030829780040023125, "oneh-in": 0.0127556985576999, "bad-redirect": 0.004605867756491217}, "tr-quotes": {"sft": 0.0, "dsfb-red": 0.006004253253507778, "sfb": 0.023718822958322738, "roll-out": 0.13173874852638634, "dsfb-alt": 0.04916553015418044, "redirect": 0.012231571161091977, "alternate": 0.324920829384434, "sfT": 3.0050160652781953e-05, "sfR": 0.09677191928064538, "unknown": 0.01476965396084233, "dsfb": 0.0, "roll-in": 0.31111624789070985, "oneh-out": 0.0018376829014585885, "oneh-in": 0.02219088786666975, "bad-redirect": 0.005503802501097986}, "gutenberg": {"sft": 0.0, "dsfb-red": 0.005153059233470599, "sfb": 0.023430866752822514, "roll-out": 0.1234877735609151, "dsfb-alt": 0.042434027694899186, "redirect": 0.01137662569906907, "alternate": 0.298390583021994, "sfT": 1.307113767772485e-05, "sfR": 0.09863878308844841, "unknown": 0.03802431837805746, "dsfb": 0.0, "roll-in": 0.3334814728936809, "oneh-out": 0.002104074292557825, "oneh-in": 0.01676079780162408, "bad-redirect": 0.006704546444783158}, "english-200": {"sft": 0.0, "dsfb-red": 0.0022271714922048997, "sfb": 0.024498886414253896, "roll-out": 0.12249443207126949, "dsfb-alt": 0.04899777282850779, "redirect": 0.004454342984409799, "alternate": 0.32962138084632514, "sfT": 0.0, "sfR": 0.10690423162583519, "unknown": 0.0, "dsfb": 0.0, "roll-in": 0.33853006681514475, "oneh-out": 0.0, "oneh-in": 0.011135857461024499, "bad-redirect": 0.011135857461024499}, "monkeyracer": {"sft": 0.0, "dsfb-red": 0.006058698406243646, "sfb": 0.023748963823764017, "roll-out": 0.13125420335642898, "dsfb-alt": 0.04915776467460156, "redirect": 0.012198531366814208, "alternate": 0.32413352206077856, "sfT": 2.9325742527800803e-05, "sfR": 0.09690789370786869, "unknown": 0.014352018393105714, "dsfb": 0.0, "roll-in": 0.31224682108950996, "oneh-out": 0.00182112861097643, "oneh-in": 0.022558338677135303, "bad-redirect": 0.005532790090245085}, "chained-bigrams": {"sft": 0.0, "dsfb-red": 0.011581647792461442, "sfb": 0.024391130757628193, "roll-out": 0.12934214396513494, "dsfb-alt": 0.06831204804335278, "redirect": 0.015495007171570324, "alternate": 0.32236354699569963, "sfT": 0.00010908318826784338, "sfR": 0.11914286586209158, "unknown": 0.02365222201805197, "dsfb": 0.0, "roll-in": 0.2664389338676678, "oneh-out": 0.004810698463550307, "oneh-in": 0.008659776678144208, "bad-redirect": 0.0057008951963789575}, "english-5k": {"sft": 0.0, "dsfb-red": 0.007342265731945078, "sfb": 0.02128012610445099, "roll-out": 0.1933463309412204, "dsfb-alt": 0.062139627494088856, "redirect": 0.0115734019164558, "alternate": 0.37304517360102873, "sfT": 4.148172729912474e-05, "sfR": 0.10644211224955408, "unknown": 0.002157049819554486, "dsfb": 0.0, "roll-in": 0.21006346704276765, "oneh-out": 0.0008711162732816195, "oneh-in": 0.007134857095449454, "bad-redirect": 0.004562990002903721}, "mt-quotes": {"sft": 0.0, "dsfb-red": 0.005824099640214676, "sfb": 0.023847730722797958, "roll-out": 0.12821834546562916, "dsfb-alt": 0.048360347115143254, "redirect": 0.012305614324476159, "alternate": 0.3226503388675727, "sfT": 1.4941251001063817e-05, "sfR": 0.0964592223377679, "unknown": 0.008869126594231481, "dsfb": 0.0, "roll-in": 0.321853970189216, "oneh-out": 0.0017481263671244667, "oneh-in": 0.02409575548941562, "bad-redirect": 0.0057523816354095696}, "wordle": {"sft": 0.0, "dsfb-red": 0.007315157634915292, "sfb": 0.0375406709301021, "roll-out": 0.16026029395265343, "dsfb-alt": 0.06498373162795916, "redirect": 0.01855716369348143, "alternate": 0.3537305060024683, "sfT": 0.00011219566924716706, "sfR": 0.13138112868843263, "unknown": 0.0, "dsfb": 0.0, "roll-in": 0.2068439358240772, "oneh-out": 0.006260518343991922, "oneh-in": 0.005991248737798721, "bad-redirect": 0.007023448894872658}, "english-1k": {"sft": 0.0, "dsfb-red": 0.0045871559633027525, "sfb": 0.02328863796753705, "roll-out": 0.1492589978828511, "dsfb-alt": 0.048694424841213835, "redirect": 0.0077628793225123505, "alternate": 0.363091037402964, "sfT": 0.0, "sfR": 0.10832745236414962, "unknown": 0.0, "dsfb": 0.0, "roll-in": 0.2773465067043049, "oneh-out": 0.0007057163020465773, "oneh-in": 0.011997177134791814, "bad-redirect": 0.004940014114326041}, "english-10k": {"sft": 0.0, "dsfb-red": 0.006310183130391154, "sfb": 0.0233110129098242, "roll-out": 0.20217672372204318, "dsfb-alt": 0.06047741263194458, "redirect": 0.01333436251712626, "alternate": 0.36898168696088457, "sfT": 3.859439223480828e-05, "sfR": 0.10567144593890508, "unknown": 0.0, "dsfb": 0.0, "roll-in": 0.2055151386503541, "oneh-out": 0.004245383145828911, "oneh-in": 0.006271588738156346, "bad-redirect": 0.0036664672623067866}, "reddit": {"sft": 0.0, "dsfb-red": 0.006015585655084273, "sfb": 0.025418151150776013, "roll-out": 0.13842338376412167, "dsfb-alt": 0.04852154653418729, "redirect": 0.012307007701431455, "alternate": 0.3141461479638993, "sfT": 0.00014106461834547984, "sfR": 0.10397777127267367, "unknown": 0.041217688064775854, "dsfb": 0.0, "roll-in": 0.28642627622557376, "oneh-out": 0.0020894119691792913, "oneh-in": 0.015753726497580157, "bad-redirect": 0.005562238582371755}, "akl": {"sft": 0.0, "dsfb-red": 0.007136790897067067, "sfb": 0.029465471039441166, "roll-out": 0.12222408544995743, "dsfb-alt": 0.0425986487461769, "redirect": 0.013154327414223668, "alternate": 0.2656956216621728, "sfT": 0.00017411447274236322, "sfR": 0.13064861186637447, "unknown": 0.13295000147380848, "dsfb": 0.0, "roll-in": 0.23459045530996392, "oneh-out": 0.0017142875638262221, "oneh-in": 0.013860940129699593, "bad-redirect": 0.005786643974545932}, "french": {"sft": 0.0, "dsfb-red": 0.019980858304424753, "sfb": 0.03011169724557254, "roll-out": 0.17008319250030746, "dsfb-alt": 0.04116821903231917, "redirect": 0.011681339354773872, "alternate": 0.25946695248418583, "sfT": 0.0004414997940821229, "sfR": 0.10898279115633469, "unknown": 0.15822382396052298, "dsfb": 0.0, "roll-in": 0.18959840028724378, "oneh-out": 0.0024364214602668986, "oneh-in": 0.006353992404477634, "bad-redirect": 0.0014708120154882844}, "keymash": {"sft": 0.0, "dsfb-red": 0.00660063297114686, "sfb": 0.023898560421652375, "roll-out": 0.1303091378538912, "dsfb-alt": 0.04775607213079762, "redirect": 0.0122325163271254, "alternate": 0.3243505067463559, "sfT": 3.694384125641899e-05, "sfR": 0.099723742164827, "unknown": 0.013394194891077241, "dsfb": 0.0, "roll-in": 0.31266393829557537, "oneh-out": 0.0018348774490688099, "oneh-in": 0.021575203293748693, "bad-redirect": 0.005623673613477113}, "movie": {"sft": 0.0, "dsfb-red": 0.007858101735393858, "sfb": 0.025400225216540954, "roll-out": 0.11030320273607698, "dsfb-alt": 0.05074083661220315, "redirect": 0.012410597363384665, "alternate": 0.30779023673003586, "sfT": 4.5138058634469764e-05, "sfR": 0.11567713207251198, "unknown": 0.030451476652766863, "dsfb": 0.0, "roll-in": 0.29995805976884315, "oneh-out": 0.0015725941710842965, "oneh-in": 0.031234483792344402, "bad-redirect": 0.006557915090179393}, "dutch": {"sft": 0.0, "dsfb-red": 0.006314167812653611, "sfb": 0.05642340400421173, "roll-out": 0.1410923992116332, "dsfb-alt": 0.04339149999306078, "redirect": 0.01466181320709863, "alternate": 0.27830826829445765, "sfT": 0.0003109916952092038,