{"english-450k": {"sfR": 0.11369548401129392, "roll-in": 0.2176169574829226, "alternate": 0.2974730763766144, "bad-redirect": 0.0027384068652243085, "sfb": 0.03968453506137224, "redirect": 0.03713819965023701, "oneh-out": 0.0075097892125421195, "oneh-in": 0.008840841465917402, "dsfb-alt": 0.039952616527734006, "sfT": 0.0004645381134665769, "dsfb-red": 0.01913172008903696, "dsfb": 0.0, "roll-out": 0.21560006104188678, "unknown": 0.00015377410175167997, "sft": 0.0}, "shai": {"sfR": 0.09823378925716947, "roll-in": 0.22384714068130962, "alternate": 0.2704052945025023, "bad-redirect": 0.0016693963369831804, "sfb": 0.020898094303594246, "redirect": 0.0321333646888052, "oneh-out": 0.008752875326701208, "oneh-in": 0.009089469298833645, "dsfb-alt": 0.04225103904994778, "sfT": 0.00010892104458927686, "dsfb-red": 0.015455304828752988, "dsfb": 0.0, "roll-out": 0.2535334045694975, "unknown": 0.023621906111313578, "sft": 0.0}, "tr-quotes": {"sfR": 0.09677191928064538, "roll-in": 0.20779108203693858, "alternate": 0.26347171817572407, "bad-redirect": 0.0013326090474099074, "sfb": 0.018921199232565127, "redirect": 0.03737777675042186, "oneh-out": 0.01124800628741823, "oneh-in": 0.010099165530154181, "dsfb-alt": 0.04225168165322114, "sfT": 5.432144425695199e-05, "dsfb-red": 0.018761702226023438, "dsfb": 0.0, "roll-out": 0.27714916437437875, "unknown": 0.01476965396084233, "sft": 0.0}, "gutenberg": {"sfR": 0.09863878308844841, "roll-in": 0.20458016452963038, "alternate": 0.2406805629909491, "bad-redirect": 0.0016806830938663024, "sfb": 0.01988536801693413, "redirect": 0.03349318008655745, "oneh-out": 0.014292247148313463, "oneh-in": 0.006997036829919493, "dsfb-alt": 0.03848332369100134, "sfT": 1.458663190122918e-05, "dsfb-red": 0.022928669854508765, "dsfb": 0.0, "roll-out": 0.28030107565991247, "unknown": 0.03802431837805746, "sft": 0.0}, "english-200": {"sfR": 0.10690423162583519, "roll-in": 0.19821826280623608, "alternate": 0.27616926503340755, "bad-redirect": 0.0, "sfb": 0.004454342984409799, "redirect": 0.051224944320712694, "oneh-out": 0.0066815144766146995, "oneh-in": 0.0022271714922048997, "dsfb-alt": 0.0334075723830735, "sfT": 0.0, "dsfb-red": 0.024498886414253896, "dsfb": 0.0, "roll-out": 0.2962138084632517, "unknown": 0.0, "sft": 0.0}, "monkeyracer": {"sfR": 0.09690789370786869, "roll-in": 0.20783055976977338, "alternate": 0.2629844612665593, "bad-redirect": 0.00133920890876957, "sfb": 0.018809531257331435, "redirect": 0.03752619766332484, "oneh-out": 0.011336354536496864, "oneh-in": 0.010212201072931167, "dsfb-alt": 0.04206973270563211, "sfT": 5.376386130096814e-05, "dsfb-red": 0.01880268858407495, "dsfb": 0.0, "roll-out": 0.27777538827283105, "unknown": 0.014352018393105714, "sft": 0.0}, "chained-bigrams": {"sfR": 0.11914286586209158, "roll-in": 0.19827687520818332, "alternate": 0.2740844966167979, "bad-redirect": 0.004572403641560435, "sfb": 0.022497108970858555, "redirect": 0.04109189674237343, "oneh-out": 0.00832019032419134, "oneh-in": 0.00811306212742085, "dsfb-alt": 0.049171195025806615, "sfT": 0.00018699975131630293, "dsfb-red": 0.02283085158258279, "dsfb": 0.0, "roll-out": 0.2280598321287649, "unknown": 0.02365222201805197, "sft": 0.0}, "english-5k": {"sfR": 0.10644211224955408, "roll-in": 0.2519600116148836, "alternate": 0.2971750943709296, "bad-redirect": 0.0025718670925457335, "sfb": 0.024391255651885345, "redirect": 0.031152777201642678, "oneh-out": 0.007591156095739827, "oneh-in": 0.007757083004936325, "dsfb-alt": 0.04090098311693699, "sfT": 0.00016592690919649896, "dsfb-red": 0.014643049736591031, "dsfb": 0.0, "roll-out": 0.21309163313560375, "unknown": 0.002157049819554486, "sft": 0.0}, "mt-quotes": {"sfR": 0.0964592223377679, "roll-in": 0.20714699800384886, "alternate": 0.2622279198192706, "bad-redirect": 0.0012177119565867011, "sfb": 0.01761125255495392, "redirect": 0.03836763844563178, "oneh-out": 0.011577975400724352, "oneh-in": 0.010288545439332544, "dsfb-alt": 0.04188182068108198, "sfT": 3.436487730244678e-05, "dsfb-red": 0.019281684416872856, "dsfb": 0.0, "roll-out": 0.2850357394723945, "unknown": 0.008869126594231481, "sft": 0.0}, "wordle": {"sfR": 0.13138112868843263, "roll-in": 0.19353752945136318, "alternate": 0.27315157634915294, "bad-redirect": 0.0011219566924716706, "sfb": 0.049478290138000675, "redirect": 0.03971726691349714, "oneh-out": 0.010120049366094468, "oneh-in": 0.013732749915853248, "dsfb-alt": 0.04927633793335577, "sfT": 0.000493660944687535, "dsfb-red": 0.027981599910243463, "dsfb": 0.0, "roll-out": 0.2100078536968473, "unknown": 0.0, "sft": 0.0}, "english-1k": {"sfR": 0.10832745236414962, "roll-in": 0.21841919548341568, "alternate": 0.2889908256880734, "bad-redirect": 0.0014114326040931546, "sfb": 0.0187014820042343, "redirect": 0.03175723359209598, "oneh-out": 0.01305575158786168, "oneh-in": 0.0067043048694424845, "dsfb-alt": 0.0374029640084686, "sfT": 0.0, "dsfb-red": 0.02081863091037403, "dsfb": 0.0, "roll-out": 0.2544107268877911, "unknown": 0.0, "sft": 0.0}, "english-10k": {"sfR": 0.10567144593890508, "roll-in": 0.2609173887034214, "alternate": 0.2934524613573648, "bad-redirect": 0.001775342042801181, "sfb": 0.026861696995426565, "redirect": 0.029891356785859014, "oneh-out": 0.006734721444974045, "oneh-in": 0.011597614866559889, "dsfb-alt": 0.043418691264159315, "sfT": 0.00015437756893923313, "dsfb-red": 0.013411551301595877, "dsfb": 0.0, "roll-out": 0.20611335172999362, "unknown": 0.0, "sft": 0.0}, "reddit": {"sfR": 0.10397777127267367, "roll-in": 0.20039873416417622, "alternate": 0.25623998365358486, "bad-redirect": 0.0014858232118720523, "sfb": 0.020164449281445077, "redirect": 0.03588948340046638, "oneh-out": 0.008508039390964934, "oneh-in": 0.009858978457679772, "dsfb-alt": 0.043224169320992614, "sfT": 0.00018215540069412331, "dsfb-red": 0.016256105324252906, "dsfb": 0.0, "roll-out": 0.26259661905642157, "unknown": 0.041217688064775854, "sft": 0.0}, "akl": {"sfR": 0.13064861186637447, "roll-in": 0.16717640508983522, "alternate": 0.21284030367323228, "bad-redirect": 0.0011344989704712774, "sfb": 0.025555369452405167, "redirect": 0.03299794163436786, "oneh-out": 0.005587475993167162, "oneh-in": 0.010420455937784083, "dsfb-alt": 0.03830792654716472, "sfT": 0.00035131739576041757, "dsfb-red": 0.01579391468064695, "dsfb": 0.0, "roll-out": 0.2262357772849819, "unknown": 0.13295000147380848, "sft": 0.0}, "french": {"sfR": 0.10898279115633469, "roll-in": 0.18241673622359664, "alternate": 0.20089331308567845, "bad-redirect": 0.00478015028671568, "sfb": 0.050430470913787113, "redirect": 0.022946752913514355, "oneh-out": 0.014508052685672058, "oneh-in": 0.004169265828345917, "dsfb-alt": 0.03205449709616766, "sfT": 0.00016460545785674046, "dsfb-red": 0.011664844350760014, "dsfb": 0.0, "roll-out": 0.20876469604104772, "unknown": 0.15822382396052298, "sft": 0.0}, "keymash": {"sfR": 0.099723742164827, "roll-in": 0.20679109899717996, "alternate": 0.262399789830592, "bad-redirect": 0.001407970838994635, "sfb": 0.019428355629625676, "redirect": 0.03667702462512263, "oneh-out": 0.011604471025766276, "oneh-in": 0.009617713340421078, "dsfb-alt": 0.042062615706058376, "sfT": 4.925845500855866e-05, "dsfb-red": 0.019194377968335022, "dsfb": 0.0, "roll-out": 0.27764938652699156, "unknown": 0.013394194891077241, "sft": 0.0}, "movie": {"sfR": 0.11567713207251198, "roll-in": 0.1717033326757828, "alternate": 0.25378880047122554, "bad-redirect": 0.0011846437429373084, "sfb": 0.017180361022878416, "redirect": 0.03737510213637247, "oneh-out": 0.01140137353928044, "oneh-in": 0.011380712678622682, "dsfb-alt": 0.04971884779775623, "sfT": 8.711776914291249e-05, "dsfb-red": 0.020148681869989495, "dsfb": 0.0, "roll-out": 0.27990241757073286, "unknown": 0.030451476652766863, "sft": 0.0}, "dutch": {"sfR": 0.18880787437283908, "roll-in": 0.19642396129329653, "alternate": 0.23285714762161103, "bad-redirect": 0.00170227788147953, "sfb": 0.04170381777808842, "redirect": 0.02762231679560641, "oneh-out": 0.010089586192772032,