{"english-450k": {"unknown": 0.00015377410175167997, "roll-out": 0.21560006104188678, "bad-redirect": 0.0027384068652243085, "dsfb-alt": 0.039952616527734006, "roll-in": 0.2176169574829226, "sfT": 0.0004645381134665769, "redirect": 0.03713819965023701, "sft": 0.0, "oneh-in": 0.008840841465917402, "oneh-out": 0.0075097892125421195, "alternate": 0.2974730763766144, "sfR": 0.11369548401129392, "dsfb": 0.0, "dsfb-red": 0.01913172008903696, "sfb": 0.03968453506137224}, "shai": {"unknown": 0.023621906111313578, "roll-out": 0.2535334045694975, "bad-redirect": 0.0016693963369831804, "dsfb-alt": 0.04225103904994778, "roll-in": 0.22384714068130962, "sfT": 0.00010892104458927686, "redirect": 0.0321333646888052, "sft": 0.0, "oneh-in": 0.009089469298833645, "oneh-out": 0.008752875326701208, "alternate": 0.2704052945025023, "sfR": 0.09823378925716947, "dsfb": 0.0, "dsfb-red": 0.015455304828752988, "sfb": 0.020898094303594246}, "tr-quotes": {"unknown": 0.01476965396084233, "roll-out": 0.27714916437437875, "bad-redirect": 0.0013326090474099074, "dsfb-alt": 0.04225168165322114, "roll-in": 0.20779108203693858, "sfT": 5.432144425695199e-05, "redirect": 0.03737777675042186, "sft": 0.0, "oneh-in": 0.010099165530154181, "oneh-out": 0.01124800628741823, "alternate": 0.26347171817572407, "sfR": 0.09677191928064538, "dsfb": 0.0, "dsfb-red": 0.018761702226023438, "sfb": 0.018921199232565127}, "gutenberg": {"unknown": 0.03802431837805746, "roll-out": 0.28030107565991247, "bad-redirect": 0.0016806830938663024, "dsfb-alt": 0.03848332369100134, "roll-in": 0.20458016452963038, "sfT": 1.458663190122918e-05, "redirect": 0.03349318008655745, "sft": 0.0, "oneh-in": 0.006997036829919493, "oneh-out": 0.014292247148313463, "alternate": 0.2406805629909491, "sfR": 0.09863878308844841, "dsfb": 0.0, "dsfb-red": 0.022928669854508765, "sfb": 0.01988536801693413}, "english-200": {"unknown": 0.0, "roll-out": 0.2962138084632517, "bad-redirect": 0.0, "dsfb-alt": 0.0334075723830735, "roll-in": 0.19821826280623608, "sfT": 0.0, "redirect": 0.051224944320712694, "sft": 0.0, "oneh-in": 0.0022271714922048997, "oneh-out": 0.0066815144766146995, "alternate": 0.27616926503340755, "sfR": 0.10690423162583519, "dsfb": 0.0, "dsfb-red": 0.024498886414253896, "sfb": 0.004454342984409799}, "monkeyracer": {"unknown": 0.014352018393105714, "roll-out": 0.27777538827283105, "bad-redirect": 0.00133920890876957, "dsfb-alt": 0.04206973270563211, "roll-in": 0.20783055976977338, "sfT": 5.376386130096814e-05, "redirect": 0.03752619766332484, "sft": 0.0, "oneh-in": 0.010212201072931167, "oneh-out": 0.011336354536496864, "alternate": 0.2629844612665593, "sfR": 0.09690789370786869, "dsfb": 0.0, "dsfb-red": 0.01880268858407495, "sfb": 0.018809531257331435}, "chained-bigrams": {"unknown": 0.02365222201805197, "roll-out": 0.2280598321287649, "bad-redirect": 0.004572403641560435, "dsfb-alt": 0.049171195025806615, "roll-in": 0.19827687520818332, "sfT": 0.00018699975131630293, "redirect": 0.04109189674237343, "sft": 0.0, "oneh-in": 0.00811306212742085, "oneh-out": 0.00832019032419134, "alternate": 0.2740844966167979, "sfR": 0.11914286586209158, "dsfb": 0.0, "dsfb-red": 0.02283085158258279, "sfb": 0.022497108970858555}, "english-5k": {"unknown": 0.002157049819554486, "roll-out": 0.21309163313560375, "bad-redirect": 0.0025718670925457335, "dsfb-alt": 0.04090098311693699, "roll-in": 0.2519600116148836, "sfT": 0.00016592690919649896, "redirect": 0.031152777201642678, "sft": 0.0, "oneh-in": 0.007757083004936325, "oneh-out": 0.007591156095739827, "alternate": 0.2971750943709296, "sfR": 0.10644211224955408, "dsfb": 0.0, "dsfb-red": 0.014643049736591031, "sfb": 0.024391255651885345}, "mt-quotes": {"unknown": 0.008869126594231481, "roll-out": 0.2850357394723945, "bad-redirect": 0.0012177119565867011, "dsfb-alt": 0.04188182068108198, "roll-in": 0.20714699800384886, "sfT": 3.436487730244678e-05, "redirect": 0.03836763844563178, "sft": 0.0, "oneh-in": 0.010288545439332544, "oneh-out": 0.011577975400724352, "alternate": 0.2622279198192706, "sfR": 0.0964592223377679, "dsfb": 0.0, "dsfb-red": 0.019281684416872856, "sfb": 0.01761125255495392}, "wordle": {"unknown": 0.0, "roll-out": 0.2100078536968473, "bad-redirect": 0.0011219566924716706, "dsfb-alt": 0.04927633793335577, "roll-in": 0.19353752945136318, "sfT": 0.000493660944687535, "redirect": 0.03971726691349714, "sft": 0.0, "oneh-in": 0.013732749915853248, "oneh-out": 0.010120049366094468, "alternate": 0.27315157634915294, "sfR": 0.13138112868843263, "dsfb": 0.0, "dsfb-red": 0.027981599910243463, "sfb": 0.049478290138000675}, "english-1k": {"unknown": 0.0, "roll-out": 0.2544107268877911, "bad-redirect": 0.0014114326040931546, "dsfb-alt": 0.0374029640084686, "roll-in": 0.21841919548341568, "sfT": 0.0, "redirect": 0.03175723359209598, "sft": 0.0, "oneh-in": 0.0067043048694424845, "oneh-out": 0.01305575158786168, "alternate": 0.2889908256880734, "sfR": 0.10832745236414962, "dsfb": 0.0, "dsfb-red": 0.02081863091037403, "sfb": 0.0187014820042343}, "english-10k": {"unknown": 0.0, "roll-out": 0.20611335172999362, "bad-redirect": 0.001775342042801181, "dsfb-alt": 0.043418691264159315, "roll-in": 0.2609173887034214, "sfT": 0.00015437756893923313, "redirect": 0.029891356785859014, "sft": 0.0, "oneh-in": 0.011597614866559889, "oneh-out": 0.006734721444974045, "alternate": 0.2934524613573648, "sfR": 0.10567144593890508, "dsfb": 0.0, "dsfb-red": 0.013411551301595877, "sfb": 0.026861696995426565}, "reddit": {"unknown": 0.041217688064775854, "roll-out": 0.26259661905642157, "bad-redirect": 0.0014858232118720523, "dsfb-alt": 0.043224169320992614, "roll-in": 0.20039873416417622, "sfT": 0.00018215540069412331, "redirect": 0.03588948340046638, "sft": 0.0, "oneh-in": 0.009858978457679772, "oneh-out": 0.008508039390964934, "alternate": 0.25623998365358486, "sfR": 0.10397777127267367, "dsfb": 0.0, "dsfb-red": 0.016256105324252906, "sfb": 0.020164449281445077}, "akl": {"unknown": 0.13295000147380848, "roll-out": 0.2262357772849819, "bad-redirect": 0.0011344989704712774, "dsfb-alt": 0.03830792654716472, "roll-in": 0.16717640508983522, "sfT": 0.00035131739576041757, "redirect": 0.03299794163436786, "sft": 0.0, "oneh-in": 0.010420455937784083, "oneh-out": 0.005587475993167162, "alternate": 0.21284030367323228, "sfR": 0.13064861186637447, "dsfb": 0.0, "dsfb-red": 0.01579391468064695, "sfb": 0.025555369452405167}, "french": {"unknown": 0.15822382396052298, "roll-out": 0.20876469604104772, "bad-redirect": 0.00478015028671568, "dsfb-alt": 0.03205449709616766, "roll-in": 0.18241673622359664, "sfT": 0.00016460545785674046, "redirect": 0.022946752913514355, "sft": 0.0, "oneh-in": 0.004169265828345917, "oneh-out": 0.014508052685672058, "alternate": 0.20089331308567845, "sfR": 0.10898279115633469, "dsfb": 0.0, "dsfb-red": 0.011664844350760014, "sfb": 0.050430470913787113}, "keymash": {"unknown": 0.013394194891077241, "roll-out": 0.27764938652699156, "bad-redirect": 0.001407970838994635, "dsfb-alt": 0.042062615706058376, "roll-in": 0.20679109899717996, "sfT": 4.925845500855866e-05, "redirect": 0.03667702462512263, "sft": 0.0, "oneh-in": 0.009617713340421078, "oneh-out": 0.011604471025766276, "alternate": 0.262399789830592, "sfR": 0.099723742164827, "dsfb": 0.0, "dsfb-red": 0.019194377968335022, "sfb": 0.019428355629625676}, "movie": {"unknown": 0.030451476652766863, "roll-out": 0.27990241757073286, "bad-redirect": 0.0011846437429373084, "dsfb-alt": 0.04971884779775623, "roll-in": 0.1717033326757828, "sfT": 8.711776914291249e-05, "redirect": 0.03737510213637247, "sft": 0.0, "oneh-in": 0.011380712678622682, "oneh-out": 0.01140137353928044, "alternate": 0.25378880047122554, "sfR": 0.11567713207251198, "dsfb": 0.0, "dsfb-red": 0.020148681869989495, "sfb": 0.017180361022878416}, "dutch": {"unknown": 0.07325981014373002, "roll-out": 0.17371634968190233, "bad-redirect": 0.00170227788147953, "dsfb-alt": 0.030916562312432685, "roll-in": 0.19642396129329653, "sfT": 0.0004171599278737388, "redirect": 0.02762231679560641, "sft": 0.0,