{"english-450k": {"dsfb": 0.0, "sfb": 0.03871891555930798, "sfR": 0.11369548401129392, "redirect": 0.036827143292321056, "sfT": 0.0003209961287516057, "sft": 0.0, "unknown": 0.00015377410175167997, "bad-redirect": 0.0006200662924245498, "oneh-out": 0.004863179054447141, "dsfb-red": 0.015085648666521272, "oneh-in": 0.005700458574250965, "roll-out": 0.2001334852753989, "roll-in": 0.19766988383916048, "alternate": 0.3402939014828384, "dsfb-alt": 0.04591706372153206}, "shai": {"dsfb": 0.0, "sfb": 0.019331379912206743, "sfR": 0.09823378925716947, "redirect": 0.040038349558603095, "sfT": 5.934884861530706e-05, "sft": 0.0, "unknown": 0.024097749651430984, "bad-redirect": 0.0009920941481586297, "oneh-out": 0.00887897324556691, "dsfb-red": 0.013062517474895754, "oneh-in": 0.00449436514922903, "roll-out": 0.2284006572883049, "roll-in": 0.21854502508489354, "alternate": 0.30166070339880724, "dsfb-alt": 0.042205046982118403}, "tr-quotes": {"dsfb": 0.0, "sfb": 0.023872541087815814, "sfR": 0.09677191928064538, "redirect": 0.04843045699359701, "sfT": 3.1205936062504334e-05, "sft": 0.0, "unknown": 0.013894731975682485, "bad-redirect": 0.0018134116178544185, "oneh-out": 0.010497908046508403, "dsfb-red": 0.012484685975821178, "oneh-in": 0.0055303853355216015, "roll-out": 0.22444696146644785, "roll-in": 0.2194678810013638, "alternate": 0.2971914657543746, "dsfb-alt": 0.04556644552830494}, "gutenberg": {"dsfb": 0.0, "sfb": 0.016882226776282365, "sfR": 0.09863878308844841, "redirect": 0.034865460105940625, "sfT": 2.6710585689263822e-05, "sft": 0.0, "unknown": 0.03298207965968062, "bad-redirect": 0.001463020236015493, "oneh-out": 0.009411029691183953, "dsfb-red": 0.01292413473804493, "oneh-in": 0.004877428721570749, "roll-out": 0.23638887278676277, "roll-in": 0.22750296184402305, "alternate": 0.2822505695416729, "dsfb-alt": 0.0417867222246849}, "english-200": {"dsfb": 0.0, "sfb": 0.013363028953229399, "sfR": 0.10690423162583519, "redirect": 0.044543429844097995, "sfT": 0.0, "sft": 0.0, "unknown": 0.0, "bad-redirect": 0.0022271714922048997, "oneh-out": 0.008908685968819599, "dsfb-red": 0.013363028953229399, "oneh-in": 0.0022271714922048997, "roll-out": 0.23608017817371937, "roll-in": 0.24498886414253898, "alternate": 0.2828507795100223, "dsfb-alt": 0.044543429844097995}, "monkeyracer": {"dsfb": 0.0, "sfb": 0.02359158233886482, "sfR": 0.09690789370786869, "redirect": 0.048801945665264246, "sfT": 3.128079202965419e-05, "sft": 0.0, "unknown": 0.013491796612290222, "bad-redirect": 0.0018748924722773981, "oneh-out": 0.010578772854528677, "dsfb-red": 0.012452687802055148, "oneh-in": 0.005629565040586828, "roll-out": 0.22455503073337818, "roll-in": 0.21909164490044888, "alternate": 0.29715774903420555, "dsfb-alt": 0.04583515804620173}, "chained-bigrams": {"dsfb": 0.0, "sfb": 0.02025246265037085, "sfR": 0.11914286586209158, "redirect": 0.03866089997526149, "sfT": 7.986447712467105e-05, "sft": 0.0, "unknown": 0.023159399756770463, "bad-redirect": 0.00321860335859345, "oneh-out": 0.007524792076404982, "dsfb-red": 0.021412770135100827, "oneh-in": 0.009783073795426167, "roll-out": 0.20089552103130362, "roll-in": 0.18599592626236194, "alternate": 0.31014752851908534, "dsfb-alt": 0.059726292100104605}, "english-5k": {"dsfb": 0.0, "sfb": 0.021777906832040485, "sfR": 0.10644211224955408, "redirect": 0.036545401750528894, "sfT": 4.148172729912474e-05, "sft": 0.0, "unknown": 0.002157049819554486, "bad-redirect": 0.0003733355456921226, "oneh-out": 0.004106691002613349, "dsfb-red": 0.014684531463890156, "oneh-in": 0.006056332185672211, "roll-out": 0.22731986559920356, "roll-in": 0.2109760650433484, "alternate": 0.3284937984817688, "dsfb-alt": 0.04102542829883436}, "mt-quotes": {"dsfb": 0.0, "sfb": 0.023291916185558384, "sfR": 0.0964592223377679, "redirect": 0.05036994537478634, "sfT": 1.3447125900957435e-05, "sft": 0.0, "unknown": 0.007995063410669249, "bad-redirect": 0.0019946570086420198, "oneh-out": 0.010842865851472013, "dsfb-red": 0.012559615591494244, "oneh-in": 0.005529756995493719, "roll-out": 0.22530659447054183, "roll-in": 0.22137106895686162, "alternate": 0.2977328145730986, "dsfb-alt": 0.046533032117713154}, "wordle": {"dsfb": 0.0, "sfb": 0.03906653203186357, "sfR": 0.13138112868843263, "redirect": 0.03325479636486032, "sfT": 0.0002468304723437675, "sft": 0.0, "unknown": 0.0, "bad-redirect": 0.0006956131493324357, "oneh-out": 0.010097610232245036, "dsfb-red": 0.017906428811847862, "oneh-in": 0.003365870077415012, "roll-out": 0.21456299786828228, "roll-in": 0.18759115898126333, "alternate": 0.3069673510602491, "dsfb-alt": 0.054863682261864694}, "english-1k": {"dsfb": 0.0, "sfb": 0.01587861679604799, "sfR": 0.10832745236414962, "redirect": 0.035285815102328866, "sfT": 0.0, "sft": 0.0, "unknown": 0.0, "bad-redirect": 0.00035285815102328866, "oneh-out": 0.005998588567395907, "dsfb-red": 0.014820042342978124, "oneh-in": 0.007410021171489062, "roll-out": 0.2491178546224418, "roll-in": 0.22477064220183487, "alternate": 0.3013408609738885, "dsfb-alt": 0.03669724770642202}, "english-10k": {"dsfb": 0.0, "sfb": 0.02307944655641535, "sfR": 0.10567144593890508, "redirect": 0.034406900677331584, "sfT": 3.859439223480828e-05, "sft": 0.0, "unknown": 0.0, "bad-redirect": 0.00023156635340884968, "oneh-out": 0.00810482236930974, "dsfb-red": 0.014106250361822427, "oneh-in": 0.0052295401478165224, "roll-out": 0.22932787865923082, "roll-in": 0.20667297041739835, "alternate": 0.33023291715713704, "dsfb-alt": 0.042897666968989404}, "reddit": {"dsfb": 0.0, "sfb": 0.02080845458766224, "sfR": 0.10397777127267367, "redirect": 0.04360260156718072, "sfT": 7.513957100399165e-05, "sft": 0.0, "unknown": 0.04519937363713543, "bad-redirect": 0.001117317180198438, "oneh-out": 0.00905443067822078, "dsfb-red": 0.014509316314183044, "oneh-in": 0.004851821282440695, "roll-out": 0.21317991526009397, "roll-in": 0.21092849997855564, "alternate": 0.2858578599793198, "dsfb-alt": 0.04683749869133162}, "akl": {"dsfb": 0.0, "sfb": 0.026938352778257447, "sfR": 0.13064861186637447, "redirect": 0.037872899795131976, "sfT": 0.0001424640343170805, "sft": 0.0, "unknown": 0.13920166722946467, "bad-redirect": 0.0011993564262607914, "oneh-out": 0.00792288796883818, "dsfb-red": 0.013560792178106826, "oneh-in": 0.005686084033569429, "roll-out": 0.17858405327374124, "roll-in": 0.17861943456009954, "alternate": 0.23959866156942244, "dsfb-alt": 0.04002473428641591}, "french": {"dsfb": 0.0, "sfb": 0.04830186630408221, "sfR": 0.10898279115633469, "redirect": 0.026062720597269565, "sfT": 0.00043901280891745387, "sft": 0.0, "unknown": 0.15842537463172957, "bad-redirect": 0.0013498935982350076, "oneh-out": 0.008447764240038834, "dsfb-red": 0.010887721414154299, "oneh-in": 0.0028998396838424605, "roll-out": 0.2225058134401862, "roll-in": 0.14896432873730983, "alternate": 0.22879644765031815, "dsfb-alt": 0.033936425737581745}, "keymash": {"dsfb": 0.0, "sfb": 0.02223608756511352, "sfR": 0.099723742164827, "redirect": 0.04757545779576624, "sfT": 3.283897000570577e-05, "sft": 0.0, "unknown": 0.012376186820900362, "bad-redirect": 0.0018677164190745157, "oneh-out": 0.010409953491808729, "dsfb-red": 0.012491123215920334, "oneh-in": 0.00588638537352276, "roll-out": 0.224754015590301, "roll-in": 0.22148243320348257, "alternate": 0.2966836745165488, "dsfb-alt": 0.044480384872728464}, "movie": {"dsfb": 0.0, "sfb": 0.031517813938816745, "sfR": 0.11567713207251198, "redirect": 0.05366902011854596, "sfT": 2.763554610273659e-05, "sft": 0.0, "unknown": 0.030282373430185833, "bad-redirect": 0.00282790595334146, "oneh-out": 0.011842752689892721, "dsfb-red": 0.012885928756351734, "oneh-in": 0.006225630547753632, "roll-out": 0.19664901895785303, "roll-in": 0.20258355508665785, "alternate": 0.28698948756986037, "dsfb-alt": 0.048821745332125965}, "dutch": {"dsfb": 0.0, "sfb": 0.027086490871486447, "sfR": 0.18880787437283908, "redirect": 0.02439644139719761, "sfT": 0.00010815855082460316, "sft": 0.0, "unknown": 0.07360268279108878,