{"english-450k": {"redirect": 0.034693016024664666, "roll-out": 0.18973677732749966, "bad-redirect": 0.0013857209929714126, "dsfb": 0.0, "dsfb-red": 0.01585305744427443, "sfR": 0.11369548401129392, "unknown": 0.00015377410175167997, "dsfb-alt": 0.047940976471393046, "sfT": 0.00017394598962404865, "sft": 0.0, "sfb": 0.028431545090601012, "oneh-out": 0.00445681783498928, "roll-in": 0.2215373200389873, "oneh-in": 0.011014435470715388, "alternate": 0.3309271292012342}, "shai": {"redirect": 0.028394871027141475, "roll-out": 0.24190730030316138, "bad-redirect": 0.001312486589033491, "dsfb": 0.0, "dsfb-red": 0.017978625589966414, "sfR": 0.09823378925716947, "unknown": 0.023260762136131256, "dsfb-alt": 0.037017224557712905, "sfT": 5.9859742577562216e-05, "sft": 0.0, "sfb": 0.017814257068837235, "oneh-out": 0.013513184005736876, "roll-in": 0.2165327724543315, "oneh-in": 0.010741804873804547, "alternate": 0.2932330623943959}, "tr-quotes": {"redirect": 0.031279905688726566, "roll-out": 0.26052680243175147, "bad-redirect": 0.0014250710801876978, "dsfb": 0.0, "dsfb-red": 0.025487159335197983, "sfR": 0.09677191928064538, "unknown": 0.013835787429786644, "dsfb-alt": 0.034190148170407525, "sfT": 6.356764753473105e-05, "sft": 0.0, "sfb": 0.016214373222995307, "oneh-out": 0.02325420124361434, "roll-in": 0.2097235385219944, "oneh-in": 0.008126256905758073, "alternate": 0.27910126904139987}, "gutenberg": {"redirect": 0.030597638935774493, "roll-out": 0.279587088443864, "bad-redirect": 0.001964459387217488, "dsfb": 0.0, "dsfb-red": 0.02017198586195439, "sfR": 0.09863878308844841, "unknown": 0.032975828246008664, "dsfb-alt": 0.03159180314639333, "sfT": 7.71007686207828e-05, "sft": 0.0, "sfb": 0.015725525810192684, "oneh-out": 0.01657590750635655, "roll-in": 0.19997912406707122, "oneh-in": 0.007069969989425639, "alternate": 0.2650447847486723}, "english-200": {"redirect": 0.022271714922048998, "roll-out": 0.2717149220489978, "bad-redirect": 0.0022271714922048997, "dsfb": 0.0, "dsfb-red": 0.026726057906458798, "sfR": 0.10690423162583519, "unknown": 0.0, "dsfb-alt": 0.026726057906458798, "sfT": 0.0, "sft": 0.0, "sfb": 0.013363028953229399, "oneh-out": 0.011135857461024499, "roll-in": 0.22271714922049, "oneh-in": 0.004454342984409799, "alternate": 0.29175946547884185}, "monkeyracer": {"redirect": 0.031082354505216073, "roll-out": 0.26087105275505573, "bad-redirect": 0.0014418490076168729, "dsfb": 0.0, "dsfb-red": 0.025647316890063658, "sfR": 0.09690789370786869, "unknown": 0.013436077701487402, "dsfb-alt": 0.03419772588641944, "sfT": 5.767396030467491e-05, "sft": 0.0, "sfb": 0.016113517994275614, "oneh-out": 0.023737233526752898, "roll-in": 0.2096956769945415, "oneh-in": 0.008034275927866494, "alternate": 0.27877735114253094}, "chained-bigrams": {"redirect": 0.039230989494899386, "roll-out": 0.21584965739437922, "bad-redirect": 0.003480922454189931, "dsfb": 0.0, "dsfb-red": 0.02981347424110891, "sfR": 0.11914286586209158, "unknown": 0.022916559801936097, "dsfb-alt": 0.053026766287321225, "sfT": 0.00011817345395683033, "sft": 0.0, "sfb": 0.019668737732199473, "oneh-out": 0.0090935122124473, "roll-in": 0.19979365096886, "oneh-in": 0.0083584993010235, "alternate": 0.27950619079558653}, "english-5k": {"redirect": 0.02899572738208819, "roll-out": 0.1813166300244742, "bad-redirect": 0.0013688970008711163, "dsfb": 0.0, "dsfb-red": 0.013688970008711162, "sfR": 0.10644211224955408, "unknown": 0.002157049819554486, "dsfb-alt": 0.04533952793794334, "sfT": 4.148172729912474e-05, "sft": 0.0, "sfb": 0.020491973285767618, "oneh-out": 0.0038163189115194758, "roll-in": 0.24341477579126394, "oneh-in": 0.020450491558468495, "alternate": 0.33247604430248473}, "mt-quotes": {"redirect": 0.030894024694899654, "roll-out": 0.2672407095301275, "bad-redirect": 0.0014388424714024456, "dsfb": 0.0, "dsfb-red": 0.027007805309522955, "sfR": 0.0964592223377679, "unknown": 0.007977133909467972, "dsfb-alt": 0.03379561563930625, "sfT": 5.976500400425527e-05, "sft": 0.0, "sfb": 0.015589701294509987, "oneh-out": 0.025373232450006573, "roll-in": 0.21005008307335557, "oneh-in": 0.007667850013745951, "alternate": 0.276446014271883}, "wordle": {"redirect": 0.03363626164030068, "roll-out": 0.22302255132951868, "bad-redirect": 0.0008975653539773365, "dsfb": 0.0, "dsfb-red": 0.02030741613373724, "sfR": 0.13138112868843263, "unknown": 0.0, "dsfb-alt": 0.05414562997868282, "sfT": 0.0001570739369460339, "sft": 0.0, "sfb": 0.03370357904184899, "oneh-out": 0.012184449680242343, "roll-in": 0.18458431504543923, "oneh-in": 0.003522944014361046, "alternate": 0.302457085156513}, "english-1k": {"redirect": 0.02928722653493296, "roll-out": 0.21665490472829924, "bad-redirect": 0.00035285815102328866, "dsfb": 0.0, "dsfb-red": 0.015525758645024701, "sfR": 0.10832745236414962, "unknown": 0.0, "dsfb-alt": 0.0374029640084686, "sfT": 0.0, "sft": 0.0, "sfb": 0.013761467889908258, "oneh-out": 0.008821453775582216, "roll-in": 0.24523641496118562, "oneh-in": 0.011291460832745237, "alternate": 0.31333803810868033}, "english-10k": {"redirect": 0.030258003512089692, "roll-out": 0.18917041353891278, "bad-redirect": 0.0006175102757569325, "dsfb": 0.0, "dsfb-red": 0.01402906157735281, "sfR": 0.10567144593890508, "unknown": 0.0, "dsfb-alt": 0.0442870650894425, "sfT": 5.789158835221242e-05, "sft": 0.0, "sfb": 0.019490168078578184, "oneh-out": 0.0053646205206383515, "roll-in": 0.25059338878061016, "oneh-in": 0.01877617182223423, "alternate": 0.321684259277127}, "reddit": {"redirect": 0.029706912597059182, "roll-out": 0.24556499544798785, "bad-redirect": 0.0014354055336211187, "dsfb": 0.0, "dsfb-red": 0.02522629428004698, "sfR": 0.10397777127267367, "unknown": 0.039285409944231534, "dsfb-alt": 0.035623460851478175, "sfT": 0.00013087620193815894, "sft": 0.0, "sfb": 0.018265246056811284, "oneh-out": 0.017841565255402436, "roll-in": 0.20463086000160693, "oneh-in": 0.008372743214261836, "alternate": 0.26993845934288085}, "akl": {"redirect": 0.023581726188227504, "roll-out": 0.20055318838882047, "bad-redirect": 0.0014762792317803608, "dsfb": 0.0, "dsfb-red": 0.023510617709079994, "sfR": 0.13064861186637447, "unknown": 0.13277008071454782, "dsfb-alt": 0.03194398944708661, "sfT": 0.00017853713353715292, "sft": 0.0, "sfb": 0.023718828672865986, "oneh-out": 0.015159892900450871, "roll-in": 0.1817615991629855, "oneh-in": 0.007002752155102072, "alternate": 0.2276938964291412}, "french": {"redirect": 0.0264025236726904, "roll-out": 0.1788700556693651, "bad-redirect": 0.0017027758185278687, "dsfb": 0.0, "dsfb-red": 0.014535034976524882, "sfR": 0.10898279115633469, "unknown": 0.15807953387545715, "dsfb-alt": 0.02904896054282676, "sfT": 5.186712433785706e-05, "sft": 0.0, "sfb": 0.04765598427134698, "oneh-out": 0.00861828752404042, "roll-in": 0.1828742516028657, "oneh-in": 0.014070463151397034, "alternate": 0.22910747061428519}, "keymash": {"redirect": 0.030724961311588462, "roll-out": 0.26085635824032377, "bad-redirect": 0.0014736487790060464, "dsfb": 0.0, "dsfb-red": 0.024760583384302152, "sfR": 0.099723742164827, "unknown": 0.01232282349464109, "dsfb-alt": 0.03388981704588836, "sfT": 4.925845500855866e-05, "sft": 0.0, "sfb": 0.016041836847787268, "oneh-out": 0.02240028241514205, "roll-in": 0.20983280859395845, "oneh-in": 0.00811533046266004, "alternate": 0.2798085488048667}, "movie": {"redirect": 0.03455246009657439, "roll-out": 0.25832958389158234, "bad-redirect": 0.0013365076486637753, "dsfb": 0.0, "dsfb-red": 0.03015867146191644, "sfR": 0.11567713207251198, "unknown": 0.030236445784519856, "dsfb-alt": 0.03429623910485045, "sfT": 0.00013199263210021334, "sft": 0.0, "sfb": 0.01719194163267385, "oneh-out": 0.035140176043692586, "roll-in": 0.18489259445007172, "oneh-in": 0.006606737888294228, "alternate": 0.25144951729254816}, "dutch": {"redirect": 0.03018738863407836, "roll-out": 0.1589808588412927, "bad-redirect": 0.0019523407378787203, "dsfb": 0.0, "dsfb-red": 0.011401958953614793, "sfR": 0.18880787437283908, "unknown": 0.07290361491625476,