{"english-450k": {"alternate": 0.3186988723037641, "oneh-in": 0.01260626053542622, "dsfb": 0.0, "redirect": 0.037126213455994005, "dsfb-red": 0.016985314280936515, "sfb": 0.03156169586523074, "sfR": 0.11369548401129392, "sft": 0.0, "roll-in": 0.22710680751516837, "oneh-out": 0.003946673714159086, "bad-redirect": 0.0015736996002458047, "roll-out": 0.19093685848280506, "unknown": 0.0, "sfT": 0.00021312038056459068, "dsfb-alt": 0.04554899985441159}, "shai": {"alternate": 0.29191817615190335, "oneh-in": 0.012844141269302115, "dsfb": 0.0, "redirect": 0.02864678432503012, "dsfb-red": 0.01645688921930139, "sfb": 0.019536159371668544, "sfR": 0.09823378925716947, "sft": 0.0, "roll-in": 0.22204746638395137, "oneh-out": 0.007670709024833472, "bad-redirect": 0.0016601925048449777, "roll-out": 0.24845794398310891, "unknown": 0.01634589363559265, "sfT": 5.452631924432281e-05, "dsfb-alt": 0.03612732855404933}, "tr-quotes": {"alternate": 0.2786112202676776, "oneh-in": 0.009806754351494418, "dsfb": 0.0, "redirect": 0.030818751300247336, "dsfb-red": 0.022387369686322555, "sfb": 0.0160745243984189, "sfR": 0.09677191928064538, "sft": 0.0, "roll-in": 0.2160999514574328, "oneh-out": 0.009817156330181919, "bad-redirect": 0.0015903469637779987, "roll-out": 0.2745949007188923, "unknown": 0.009797508148216639, "sfT": 3.5829037701393865e-05, "dsfb-alt": 0.033593768058990774}, "gutenberg": {"alternate": 0.26758607912471116, "oneh-in": 0.00881562989812469, "dsfb": 0.0, "redirect": 0.03044855219153725, "dsfb-red": 0.017384234237818173, "sfb": 0.01580433150981491, "sfR": 0.09863878308844841, "sft": 0.0, "roll-in": 0.20562964427940714, "oneh-out": 0.011745269668936497, "bad-redirect": 0.0022624434389140274, "roll-out": 0.28513815434778245, "unknown": 0.02560332772221597, "sfT": 0.00015571703146506993, "dsfb-alt": 0.030787833460824286}, "english-200": {"alternate": 0.2984409799554566, "oneh-in": 0.004454342984409799, "dsfb": 0.0, "redirect": 0.022271714922048998, "dsfb-red": 0.024498886414253896, "sfb": 0.011135857461024499, "sfR": 0.10690423162583519, "sft": 0.0, "roll-in": 0.22048997772828507, "oneh-out": 0.008908685968819599, "bad-redirect": 0.0022271714922048997, "roll-out": 0.27616926503340755, "unknown": 0.0, "sfT": 0.0, "dsfb-alt": 0.024498886414253896}, "monkeyracer": {"alternate": 0.27817030827220546, "oneh-in": 0.009686292756932606, "dsfb": 0.0, "redirect": 0.030629760545537014, "dsfb-red": 0.02261014748893442, "sfb": 0.015997192548915337, "sfR": 0.09690789370786869, "sft": 0.0, "roll-in": 0.2162138120337207, "oneh-out": 0.009889617905125358, "bad-redirect": 0.0016148708885308975, "roll-out": 0.27533450896976713, "unknown": 0.009417473450427765, "sfT": 3.225831678058088e-05, "dsfb-alt": 0.03349586311525408}, "chained-bigrams": {"alternate": 0.2771024648255416, "oneh-in": 0.009207789838251709, "dsfb": 0.0, "redirect": 0.040166637556172974, "dsfb-red": 0.02897911771179832, "sfb": 0.019743407771787583, "sfR": 0.11914286586209158, "sft": 0.0, "roll-in": 0.21040264033259984, "oneh-out": 0.00881755771831734, "bad-redirect": 0.003881543449197427, "roll-out": 0.21314400474252146, "unknown": 0.0161975548483906, "sfT": 5.843742228634467e-05, "dsfb-alt": 0.05315597792104325}, "english-5k": {"alternate": 0.3226863566598913, "oneh-in": 0.022814950014518606, "dsfb": 0.0, "redirect": 0.030986850292446178, "dsfb-red": 0.015016385282283154, "sfb": 0.021487534740946612, "sfR": 0.10644211224955408, "sft": 0.0, "roll-in": 0.2515451943418924, "oneh-out": 0.003484465093126478, "bad-redirect": 0.0016177873646658647, "roll-out": 0.18102625793338034, "unknown": 0.0, "sfT": 0.0, "dsfb-alt": 0.04289210602729498}, "mt-quotes": {"alternate": 0.2760605299960555, "oneh-in": 0.009308399373662757, "dsfb": 0.0, "redirect": 0.030140985644446037, "dsfb-red": 0.023641541458983277, "sfb": 0.015005498380368392, "sfR": 0.0964592223377679, "sft": 0.0, "roll-in": 0.21606841897658408, "oneh-out": 0.010213839184327226, "bad-redirect": 0.001601702107314041, "roll-out": 0.2831755537227621, "unknown": 0.005242884976273294, "sfT": 1.0458875700744673e-05, "dsfb-alt": 0.03307096496575465}, "wordle": {"alternate": 0.29437899697071696, "oneh-in": 0.005385392123864019, "dsfb": 0.0, "redirect": 0.03623920116683496, "dsfb-red": 0.020240098732188936, "sfb": 0.04505778076966229, "sfR": 0.13138112868843263, "sft": 0.0, "roll-in": 0.18429260630539662, "oneh-out": 0.009312240547514866, "bad-redirect": 0.001638056771008639, "roll-out": 0.2181308201503422, "unknown": 0.0, "sfT": 0.0007404914170313026, "dsfb-alt": 0.05320318635700662}, "english-1k": {"alternate": 0.3076923076923077, "oneh-in": 0.012702893436838392, "dsfb": 0.0, "redirect": 0.03211009174311927, "dsfb-red": 0.016584333098094567, "sfb": 0.01587861679604799, "sfR": 0.10832745236414962, "sft": 0.0, "roll-in": 0.24700070571630206, "oneh-out": 0.0077628793225123505, "bad-redirect": 0.00035285815102328866, "roll-out": 0.21594918842625266, "unknown": 0.0, "sfT": 0.0, "dsfb-alt": 0.035638673253352154}, "english-10k": {"alternate": 0.3144671079292179, "oneh-in": 0.02039713629609618, "dsfb": 0.0, "redirect": 0.03172459041701241, "dsfb-red": 0.014086953165705024, "sfb": 0.0223654503000714, "sfR": 0.10567144593890508, "sft": 0.0, "roll-in": 0.25472298874973465, "oneh-out": 0.004303274734181123, "bad-redirect": 0.0009262654136353987, "roll-out": 0.1886879836359777, "unknown": 0.0, "sfT": 7.718878446961657e-05, "dsfb-alt": 0.042569614634993536}, "reddit": {"alternate": 0.26755141076792005, "oneh-in": 0.010608501297056578, "dsfb": 0.0, "redirect": 0.02826570116438242, "dsfb-red": 0.02120033404521147, "sfb": 0.01791880244154911, "sfR": 0.10397777127267367, "sft": 0.0, "roll-in": 0.21103798799752108, "oneh-out": 0.00856205298088904, "bad-redirect": 0.001598570025791302, "roll-out": 0.2562200188523161, "unknown": 0.03896308890311022, "sfT": 6.322811358660912e-05, "dsfb-alt": 0.03403253213799236}, "akl": {"alternate": 0.22759563429516982, "oneh-in": 0.008732877291942038, "dsfb": 0.0, "redirect": 0.02282510528588759, "dsfb-red": 0.01974806992241541, "sfb": 0.024264273699155244, "sfR": 0.13064861186637447, "sft": 0.0, "roll-in": 0.18380279301159308, "oneh-out": 0.006304787100398081, "bad-redirect": 0.001719550283096, "roll-out": 0.21172352005354236, "unknown": 0.1310700988523986, "sfT": 0.00019333698725826484, "dsfb-alt": 0.03137134135076906}, "french": {"alternate": 0.22887453299175342, "oneh-in": 0.014772437186882387, "dsfb": 0.0, "redirect": 0.027659814528137337, "dsfb-red": 0.014566077345568222, "sfb": 0.048977697031661854, "sfR": 0.10898279115633469, "sft": 0.0, "roll-in": 0.1840109686233412, "oneh-out": 0.008934179585468414, "bad-redirect": 0.003663089438144057, "roll-out": 0.1800499203842638, "unknown": 0.15017809735237508, "sfT": 8.58908792111307e-05, "dsfb-alt": 0.029244503496858452}, "keymash": {"alternate": 0.27916408401850473, "oneh-in": 0.009814747160455313, "dsfb": 0.0, "redirect": 0.030076391653975774, "dsfb-red": 0.021965166062566446, "sfb": 0.016509792170368576, "sfR": 0.099723742164827, "sft": 0.0, "roll-in": 0.2153169165849113, "oneh-out": 0.009814747160455313, "bad-redirect": 0.0016624728565388547, "roll-out": 0.2739262683025947, "unknown": 0.008612019883996338, "sfT": 3.694384125641899e-05, "dsfb-alt": 0.033376708139549204}, "movie": {"alternate": 0.2567115884661864, "oneh-in": 0.00855070115986387, "dsfb": 0.0, "redirect": 0.031532289701061034, "dsfb-red": 0.026213105065477162, "sfb": 0.016365112412847688, "sfR": 0.11567713207251198, "sft": 0.0, "roll-in": 0.19061710042849572, "oneh-out": 0.011888153944204359, "bad-redirect": 0.0015554864520683166, "roll-out": 0.2818232196227116, "unknown": 0.02452088845911959, "sfT": 4.105852563835151e-05, "dsfb-alt": 0.03450416368981389}, "dutch": {"alternate": 0.22447030551096864, "oneh-in": 0.005417395000586158, "dsfb": 0.0, "redirect": 0.03109045515492224, "dsfb-red": 0.011830469074239191, "sfb": 0.0532587443373207, "sfR": 0.18880787437283908, "sft": 0.0, "roll-in": 0.23084308908997597, "oneh-out": 0.0061941211452513035,