{"english-450k": {"oneh-out": 0.01020843699442379, "sfb": 0.024463237757564312, "sft": 0.0, "alternate": 0.24227138965597284, "unknown": 0.004732500302578318, "dsfb-red": 0.02067881618498732, "oneh-in": 0.017237316706240596, "sfR": 0.11369548401129392, "dsfb-alt": 0.0305919835163518, "sfT": 8.302632109786523e-05, "redirect": 0.07814384719414887, "dsfb": 0.0, "roll-out": 0.17051413756993652, "roll-in": 0.2664870101812488, "bad-redirect": 0.02089281360415506}, "shai": {"oneh-out": 0.013765383713877087, "sfb": 0.012617242423519947, "sft": 0.0, "alternate": 0.23172497463334069, "unknown": 0.027280886094488137, "dsfb-red": 0.015074905569765977, "oneh-in": 0.017356832804222646, "sfR": 0.09823378925716947, "dsfb-alt": 0.028287889057363482, "sfT": 2.6581967672487863e-05, "redirect": 0.06384451422189456, "dsfb": 0.0, "roll-out": 0.16520889912259382, "roll-in": 0.30385635535059247, "bad-redirect": 0.02272174578349924}, "tr-quotes": {"oneh-out": 0.018495873881787292, "sfb": 0.009360625043341578, "sft": 0.0, "alternate": 0.22546404382700352, "unknown": 0.016132313168905017, "dsfb-red": 0.016496382422967568, "oneh-in": 0.014656387970689536, "sfR": 0.09677191928064538, "dsfb-alt": 0.02846328101523312, "sfT": 9.246203277779062e-06, "redirect": 0.05969002103511246, "dsfb": 0.0, "roll-out": 0.16594738910334944, "roll-in": 0.3237107325304547, "bad-redirect": 0.02480178451723261}, "gutenberg": {"oneh-out": 0.016814597846558484, "sfb": 0.011170329047894542, "sft": 0.0, "alternate": 0.21507136272861704, "unknown": 0.03565332766538494, "dsfb-red": 0.012830742406521475, "oneh-in": 0.013406061901119306, "sfR": 0.09863878308844841, "dsfb-alt": 0.028874711440428007, "sfT": 1.894367779380413e-05, "redirect": 0.06079613458043353, "dsfb": 0.0, "roll-out": 0.1570639269562094, "roll-in": 0.32642646840971234, "bad-redirect": 0.023234610250878703}, "english-200": {"oneh-out": 0.015590200445434299, "sfb": 0.0, "sft": 0.0, "alternate": 0.23385300668151449, "unknown": 0.0, "dsfb-red": 0.015590200445434299, "oneh-in": 0.008908685968819599, "sfR": 0.10690423162583519, "dsfb-alt": 0.031180400890868598, "sfT": 0.0, "redirect": 0.066815144766147, "dsfb": 0.0, "roll-out": 0.15812917594654788, "roll-in": 0.3429844097995546, "bad-redirect": 0.0200445434298441}, "monkeyracer": {"oneh-out": 0.01861989145565166, "sfb": 0.009255204341773933, "sft": 0.0, "alternate": 0.22504868073259615, "unknown": 0.01563257581681968, "dsfb-red": 0.01650257284514444, "oneh-in": 0.014538725620532713, "sfR": 0.09690789370786869, "dsfb-alt": 0.028462588172732534, "sfT": 7.820198007413547e-06, "redirect": 0.059578178519480114, "dsfb": 0.0, "roll-out": 0.16597686003409606, "roll-in": 0.32458709354520854, "bad-redirect": 0.024881915010088056}, "chained-bigrams": {"oneh-out": 0.008729901584887822, "sfb": 0.013818502456644302, "sft": 0.0, "alternate": 0.22236607928399874, "unknown": 0.026538381374305326, "dsfb-red": 0.025248862255853318, "oneh-in": 0.01942524847267304, "sfR": 0.11914286586209158, "dsfb-alt": 0.035783830884697124, "sfT": 4.155550029251176e-05, "redirect": 0.06512785783343907, "dsfb": 0.0, "roll-out": 0.14142310706579858, "roll-in": 0.2957030963392851, "bad-redirect": 0.02665071108603352}, "english-5k": {"oneh-out": 0.011988219189447048, "sfb": 0.01568009291906915, "sft": 0.0, "alternate": 0.24403700170075082, "unknown": 0.007342265731945078, "dsfb-red": 0.017297880283735016, "oneh-in": 0.02600904301655121, "sfR": 0.10644211224955408, "dsfb-alt": 0.02924461774588294, "sfT": 0.0, "redirect": 0.07097523540880242, "dsfb": 0.0, "roll-out": 0.16750321483386568, "roll-in": 0.28539428381797816, "bad-redirect": 0.018086033102418384}, "mt-quotes": {"oneh-out": 0.019129283656662006, "sfb": 0.008488124693704354, "sft": 0.0, "alternate": 0.22545750110565257, "unknown": 0.00985226091010148, "dsfb-red": 0.016602718112382113, "oneh-in": 0.014259929955415307, "sfR": 0.0964592223377679, "dsfb-alt": 0.028745472800946678, "sfT": 1.4941251001063816e-06, "redirect": 0.05859659817597208, "dsfb": 0.0, "roll-out": 0.16558043771888933, "roll-in": 0.3317151958499181, "bad-redirect": 0.02511176055748796}, "wordle": {"oneh-out": 0.015056658812969819, "sfb": 0.02656793447772916, "sft": 0.0, "alternate": 0.21997082912599575, "unknown": 0.004330752832940648, "dsfb-red": 0.023404016604959048, "oneh-in": 0.010075171098395602, "sfR": 0.13138112868843263, "dsfb-alt": 0.04083922360596881, "sfT": 0.0005834174800852687, "redirect": 0.07452036351396836, "dsfb": 0.0, "roll-out": 0.20937955794906316, "roll-in": 0.22629866487153596, "bad-redirect": 0.017592280937955795}, "english-1k": {"oneh-out": 0.019054340155257588, "sfb": 0.01058574453069866, "sft": 0.0, "alternate": 0.20465772759350742, "unknown": 0.006351446718419196, "dsfb-red": 0.01058574453069866, "oneh-in": 0.014820042342978124, "sfR": 0.10832745236414962, "dsfb-alt": 0.027875793930839804, "sfT": 0.0, "redirect": 0.07657021877205364, "dsfb": 0.0, "roll-out": 0.19371912491178547, "roll-in": 0.30310515172900493, "bad-redirect": 0.024347212420606917}, "english-10k": {"oneh-out": 0.012736149437486733, "sfb": 0.01541845969780591, "sft": 0.0, "alternate": 0.2394203122286332, "unknown": 0.00494008220605546, "dsfb-red": 0.015804403620153992, "oneh-in": 0.022925068987476118, "sfR": 0.10567144593890508, "dsfb-alt": 0.029524710059628336, "sfT": 0.0, "redirect": 0.0703382798479381, "dsfb": 0.0, "roll-out": 0.17606761737519538, "roll-in": 0.2880106520522568, "bad-redirect": 0.019142818548464908}, "reddit": {"oneh-out": 0.015294236409092637, "sfb": 0.010696825877528867, "sft": 0.0, "alternate": 0.22816887375109962, "unknown": 0.04618648884883443, "dsfb-red": 0.016656862188745285, "oneh-in": 0.013397542831147413, "sfR": 0.10397777127267367, "dsfb-alt": 0.027766618590076744, "sfT": 2.9179324931260964e-05, "redirect": 0.058335201521819785, "dsfb": 0.0, "roll-out": 0.15976467005543885, "roll-in": 0.2987453452140757, "bad-redirect": 0.02098038411453578}, "akl": {"oneh-out": 0.01166675680823538, "sfb": 0.01576347491472974, "sft": 0.0, "alternate": 0.1918880840497282, "unknown": 0.1418968466008504, "dsfb-red": 0.014805660007630202, "oneh-in": 0.009135561792687751, "sfR": 0.13064861186637447, "dsfb-alt": 0.02442462603746913, "sfT": 0.00013356929752309006, "redirect": 0.046464622555673823, "dsfb": 0.0, "roll-out": 0.13995994354115235, "roll-in": 0.2584496231633573, "bad-redirect": 0.01476261936458817}, "french": {"oneh-out": 0.013094561183677892, "sfb": 0.03883944208053508, "sft": 0.0, "alternate": 0.18099549911117996, "unknown": 0.18107789922205755, "dsfb-red": 0.016894120187273577, "oneh-in": 0.026174365256589525, "sfR": 0.10898279115633469, "dsfb-alt": 0.019577022851932857, "sfT": 2.991873116773557e-05, "redirect": 0.06008696987120848, "dsfb": 0.0, "roll-out": 0.12847052225175293, "roll-in": 0.20687981597748037, "bad-redirect": 0.018897072118809335}, "keymash": {"oneh-out": 0.018061433503138175, "sfb": 0.009153862889090484, "sft": 0.0, "alternate": 0.22274262867745154, "unknown": 0.014978675193852545, "dsfb-red": 0.01669451137665067, "oneh-in": 0.014642075751294061, "sfR": 0.099723742164827, "dsfb-alt": 0.027991117058613457, "sfT": 1.2314613752139664e-05, "redirect": 0.05991059590415947, "dsfb": 0.0, "roll-out": 0.1679590169654329, "roll-in": 0.3233242889336776, "bad-redirect": 0.024805736968059995}, "movie": {"oneh-out": 0.018406326487131246, "sfb": 0.009731002174127892, "sft": 0.0, "alternate": 0.21950769511781232, "unknown": 0.03153834320163592, "dsfb-red": 0.021323587372871555, "oneh-in": 0.01166364803157927, "sfR": 0.11567713207251198, "dsfb-alt": 0.030483981318897225, "sfT": 1.8950088756162233e-05, "redirect": 0.05442649727743812, "dsfb": 0.0, "roll-out": 0.1667603862607119, "roll-in": 0.295684025167297, "bad-redirect": 0.02477842542922938}, "dutch": {"oneh-out": 0.012327546552017647, "sfb": 0.022183620011469254, "sft": 0.0, "alternate": 0.1754400548624925, "unknown": 0.07416540490656101, "dsfb-red": 0.013801924038772258, "oneh-in": 0.009529481973258085, "sfR": 0.18880787437283908,