{"english-450k": {"redirect": 0.011959590738706227, "alternate": 0.3763881328491301, "sft": 0.0, "sfb": 0.034489835414935735, "oneh-in": 0.007667948507309532, "roll-out": 0.12958069953768372, "dsfb-alt": 0.060435268411817566, "sfR": 0.11369548401129392, "unknown": 0.00015377410175167997, "sfT": 0.00021107395715724893, "roll-in": 0.2514916964908516, "oneh-out": 0.002974622595671756, "bad-redirect": 0.005405188911191656, "dsfb": 0.0, "dsfb-red": 0.005546684472499285}}