{"english-450k": {"dsfb": 0.0, "sft": 0.0, "dsfb-red": 0.018221938711373026, "sfR": 0.11369548401129392, "alternate": 0.3196697540374472, "redirect": 0.039816090851844205, "sfT": 0.002157514963740301, "sfb": 0.04318304204932348, "dsfb-alt": 0.047651261386153665, "oneh-out": 0.00452113399922002, "oneh-in": 0.004189613407230657, "bad-redirect": 0.004695957027447215, "unknown": 0.00015377410175167997, "roll-out": 0.20119031679219038, "roll-in": 0.20085411866098424}, "shai": {"dsfb": 0.0, "sft": 0.0, "dsfb-red": 0.016935914235456474, "sfR": 0.09823378925716947, "alternate": 0.29493868962820236, "redirect": 0.0341756052467881, "sfT": 0.0002523158204043617, "sfb": 0.024266035026270786, "dsfb-alt": 0.036077798932572215, "oneh-out": 0.008124115805108505, "oneh-in": 0.0036989767877650495, "bad-redirect": 0.004532515768819553, "unknown": 0.024097749651430984, "roll-out": 0.21437009251515574, "roll-in": 0.2402964013248564}, "tr-quotes": {"dsfb": 0.0, "sft": 0.0, "dsfb-red": 0.015930052472203603, "sfR": 0.09677191928064538, "alternate": 0.2948764476087007, "redirect": 0.037011395945539864, "sfT": 0.00020226069670141697, "sfb": 0.022127320219135018, "dsfb-alt": 0.03666813064885231, "oneh-out": 0.011790064954578027, "oneh-in": 0.004173505004507524, "bad-redirect": 0.003952751901250549, "unknown": 0.013894731975682485, "roll-out": 0.21685814012621069, "roll-in": 0.24574327916599245}, "gutenberg": {"dsfb": 0.0, "sft": 0.0, "dsfb-red": 0.014899581458382823, "sfR": 0.09863878308844841, "alternate": 0.2784372072017801, "redirect": 0.03101856745635282, "sfT": 9.320289474551632e-05, "sfb": 0.022014826837735653, "dsfb-alt": 0.036770625781663506, "oneh-out": 0.010735950516082613, "oneh-in": 0.0025359901462565586, "bad-redirect": 0.004089750598904374, "unknown": 0.03298207965968062, "roll-out": 0.21168593807008632, "roll-in": 0.2560974962898807}, "english-200": {"dsfb": 0.0, "sft": 0.0, "dsfb-red": 0.015590200445434299, "sfR": 0.10690423162583519, "alternate": 0.2806236080178174, "redirect": 0.0400890868596882, "sfT": 0.0, "sfb": 0.017817371937639197, "dsfb-alt": 0.031180400890868598, "oneh-out": 0.015590200445434299, "oneh-in": 0.0022271714922048997, "bad-redirect": 0.0022271714922048997, "unknown": 0.0, "roll-out": 0.2182628062360802, "roll-in": 0.26948775055679286}, "monkeyracer": {"dsfb": 0.0, "sft": 0.0, "dsfb-red": 0.015888687301562475, "sfR": 0.09690789370786869, "alternate": 0.2947677010181898, "redirect": 0.03705796330763095, "sfT": 0.00019159485118163191, "sfb": 0.021984531648341337, "dsfb-alt": 0.03665033548649452, "oneh-out": 0.011964902951342728, "oneh-in": 0.004219974349750535, "bad-redirect": 0.003986345934279056, "unknown": 0.013491796612290222, "roll-out": 0.21736924628931606, "roll-in": 0.24551902654175203}, "chained-bigrams": {"dsfb": 0.0, "sft": 0.0, "dsfb-red": 0.02335029533623919, "sfR": 0.11914286586209158, "alternate": 0.30007161830753537, "redirect": 0.04804789790852466, "sfT": 6.233325043876765e-05, "sfb": 0.024180756037397354, "dsfb-alt": 0.049260149768620275, "oneh-out": 0.007644913444438023, "oneh-in": 0.006617064116890428, "bad-redirect": 0.004533445360036205, "unknown": 0.023159399756770463, "roll-out": 0.1751785100924675, "roll-in": 0.21875075075855022}, "english-5k": {"dsfb": 0.0, "sft": 0.0, "dsfb-red": 0.01866677728460613, "sfR": 0.10644211224955408, "alternate": 0.3115277720164268, "redirect": 0.03575724893184552, "sfT": 0.00041481727299124733, "sfb": 0.027917202472310946, "dsfb-alt": 0.038826896751980755, "oneh-out": 0.005226697639689717, "oneh-in": 0.004355581366408097, "bad-redirect": 0.006263740822167835, "unknown": 0.002157049819554486, "roll-out": 0.2220102045049156, "roll-in": 0.22043389886754886}, "mt-quotes": {"dsfb": 0.0, "sft": 0.0, "dsfb-red": 0.01581979655992637, "sfR": 0.0964592223377679, "alternate": 0.29580688731906146, "redirect": 0.03741588075686401, "sfT": 0.00013596538410968074, "sfb": 0.020941657403091046, "dsfb-alt": 0.03689592522202699, "oneh-out": 0.012502838837690202, "oneh-in": 0.004117808775893188, "bad-redirect": 0.003928054888179678, "unknown": 0.007995063410669249, "roll-out": 0.21930170569321428, "roll-in": 0.24867919341150596}, "wordle": {"dsfb": 0.0, "sft": 0.0, "dsfb-red": 0.022394255581734544, "sfR": 0.13138112868843263, "alternate": 0.29774486704813197, "redirect": 0.03671042297767306, "sfT": 0.0006731740154830024, "sfb": 0.04743632895770223, "dsfb-alt": 0.05275440368001795, "oneh-out": 0.007135644564119825, "oneh-in": 0.003635139683608213, "bad-redirect": 0.003051722203522944, "unknown": 0.0, "roll-out": 0.2030966004712218, "roll-in": 0.19398631212835185}, "english-1k": {"dsfb": 0.0, "sft": 0.0, "dsfb-red": 0.019054340155257588, "sfR": 0.10832745236414962, "alternate": 0.29146083274523643, "redirect": 0.035285815102328866, "sfT": 0.0, "sfb": 0.02117148906139732, "dsfb-alt": 0.032462949894142556, "oneh-out": 0.008115737473535639, "oneh-in": 0.004940014114326041, "bad-redirect": 0.004940014114326041, "unknown": 0.0, "roll-out": 0.23500352858151025, "roll-in": 0.2392378263937897}, "english-10k": {"dsfb": 0.0, "sft": 0.0, "dsfb-red": 0.019837517608691457, "sfR": 0.10567144593890508, "alternate": 0.32025626676443913, "redirect": 0.034426197873448985, "sfT": 0.0004245383145828911, "sfb": 0.03224561471218232, "dsfb-alt": 0.03876806699986492, "oneh-out": 0.004901487813820652, "oneh-in": 0.0039752224001852535, "bad-redirect": 0.005345323324520947, "unknown": 0.0, "roll-out": 0.21138148627004497, "roll-in": 0.2227668319793134}, "reddit": {"dsfb": 0.0, "sft": 0.0, "dsfb-red": 0.017793207734880925, "sfR": 0.10397777127267367, "alternate": 0.2848212260672881, "redirect": 0.03450767942522349, "sfT": 0.0002563210789532975, "sfb": 0.02414190216610602, "dsfb-alt": 0.03793563205732782, "oneh-out": 0.009638766325111243, "oneh-in": 0.004123798998276397, "bad-redirect": 0.0036412726006326184, "unknown": 0.04519937363713543, "roll-out": 0.2066389893840072, "roll-in": 0.22732405925238375}, "akl": {"dsfb": 0.0, "sft": 0.0, "dsfb-red": 0.013182345835124738, "sfR": 0.13064861186637447, "alternate": 0.2363927019376418, "redirect": 0.03019777966121084, "sfT": 0.00030032090480820565, "sfb": 0.028429209495339072, "dsfb-alt": 0.03448971253273109, "oneh-out": 0.0066654933849966, "oneh-in": 0.005104220001629219, "bad-redirect": 0.003203834777990952, "unknown": 0.13920166722946467, "roll-out": 0.1794088424505662, "roll-in": 0.19277525992212213}, "french": {"dsfb": 0.0, "sft": 0.0, "dsfb-red": 0.013720427480389036, "sfR": 0.10898279115633469, "alternate": 0.22183037224040345, "redirect": 0.02168881783901874, "sfT": 0.00017293535997454766, "sfb": 0.060626810452163414, "dsfb-alt": 0.03647482857143842, "oneh-out": 0.011877137000057365, "oneh-in": 0.0005967865484905251, "bad-redirect": 0.005332275975110552, "unknown": 0.15842537463172957, "roll-out": 0.22760419295511114, "roll-in": 0.1326672497897786}, "keymash": {"dsfb": 0.0, "sft": 0.0, "dsfb-red": 0.016037731976536556, "sfR": 0.099723742164827, "alternate": 0.29339977751597823, "redirect": 0.03667702462512263, "sfT": 0.00016419485002852887, "sfb": 0.022219668080110666, "dsfb-alt": 0.03566722629744718, "oneh-out": 0.011600366154515564, "oneh-in": 0.004145919963220354, "bad-redirect": 0.004215702774482478, "unknown": 0.012376186820900362, "roll-out": 0.21887583995927967, "roll-in": 0.2448966188175508}, "movie": {"dsfb": 0.0, "sft": 0.0, "dsfb-red": 0.0170500791626798, "sfR": 0.11567713207251198, "alternate": 0.2913699848228213, "redirect": 0.03138529491536219, "sfT": 0.000108436618993595, "sfb": 0.019884959801466238, "dsfb-alt": 0.040179715272284484, "oneh-out": 0.013850277717498657, "oneh-in": 0.005162714805506948, "bad-redirect": 0.0026570919588588308, "unknown": 0.030282373430185833, "roll-out": 0.2160918100216755, "roll-in": 0.21630012940015467}, "dutch": {"dsfb": 0.0, "sft": 0.0, "dsfb-red": 0.01302374549977409, "sfR": 0.18880787437283908, "alternate": 0.25413730663476325, "redirect": 0.023971122957947014, "sfT": 0.0001131791732103606, "sfb": 0.031254503991376865,