{"english-450k": {"dsfb-red": 0.011035776743391953, "dsfb": 0.0, "alternate": 0.36151735864037965, "roll-out": 0.21004899137637176, "sfR": 0.11369548401129392, "unknown": 0.00015377410175167997, "sft": 0.0, "redirect": 0.039059791229730904, "sfT": 8.565743690730462e-05, "bad-redirect": 0.0009963158531743827, "sfb": 0.03468570736963844, "dsfb-alt": 0.05204347071071116, "oneh-out": 0.00910161427725295, "oneh-in": 0.00551335700557972, "roll-in": 0.16206270124381614}, "shai": {"dsfb-red": 0.009815453489607023, "dsfb": 0.0, "alternate": 0.3659513441620147, "roll-out": 0.1850737916661119, "sfR": 0.09823378925716947, "unknown": 0.023260762136131256, "sft": 0.0, "redirect": 0.04031168169881841, "sfT": 9.744915289136567e-05, "bad-redirect": 0.0005219749426637639, "sfb": 0.03086625090219229, "dsfb-alt": 0.04472022440320619, "oneh-out": 0.008245607937496303, "oneh-in": 0.007529566826942876, "roll-in": 0.18537210342475446}, "tr-quotes": {"dsfb-red": 0.011363583828390467, "dsfb": 0.0, "alternate": 0.36830632671459285, "roll-out": 0.17020873303899586, "sfR": 0.09677191928064538, "unknown": 0.013782621760939414, "sft": 0.0, "redirect": 0.045317953815214626, "sfT": 6.934652458334296e-05, "bad-redirect": 0.00036753658029171774, "sfb": 0.029572825408566608, "dsfb-alt": 0.04134208640576963, "oneh-out": 0.005439079078153533, "oneh-in": 0.00867756177619565, "roll-in": 0.20878042578766093}, "gutenberg": {"dsfb-red": 0.008431830986022218, "dsfb": 0.0, "alternate": 0.3643755803869284, "roll-out": 0.15748485547678776, "sfR": 0.09863878308844841, "unknown": 0.03276706891672094, "sft": 0.0, "redirect": 0.033991398812534504, "sfT": 8.922472240881744e-05, "bad-redirect": 0.0005069328177621985, "sfb": 0.027316025631553803, "dsfb-alt": 0.04403912551436821, "oneh-out": 0.004454605833213041, "oneh-in": 0.009741786305463773, "roll-in": 0.21816278150778792}, "english-200": {"dsfb-red": 0.0066815144766146995, "dsfb": 0.0, "alternate": 0.35634743875278396, "roll-out": 0.17371937639198218, "sfR": 0.10690423162583519, "unknown": 0.0, "sft": 0.0, "redirect": 0.035634743875278395, "sfT": 0.0, "bad-redirect": 0.0, "sfb": 0.013363028953229399, "dsfb-alt": 0.04899777282850779, "oneh-out": 0.0022271714922048997, "oneh-in": 0.011135857461024499, "roll-in": 0.24498886414253898}, "monkeyracer": {"dsfb-red": 0.011354927506764471, "dsfb": 0.0, "alternate": 0.36799994525861396, "roll-out": 0.1700423854732002, "sfR": 0.09690789370786869, "unknown": 0.013391111562944773, "sft": 0.0, "redirect": 0.04561032735348859, "sfT": 6.647168306301516e-05, "bad-redirect": 0.0003870998013669706, "sfb": 0.029488011636454634, "dsfb-alt": 0.04116454478627399, "oneh-out": 0.005327509892550479, "oneh-in": 0.008779149788072633, "roll-in": 0.20948062154933764}, "chained-bigrams": {"dsfb-red": 0.017084505057758898, "dsfb": 0.0, "alternate": 0.36566178108172864, "roll-out": 0.1678537038612202, "sfR": 0.11914286586209158, "unknown": 0.02260814007320261, "sft": 0.0, "redirect": 0.033107396943982535, "sfT": 0.00018310392316387995, "bad-redirect": 0.0022381532735670008, "sfb": 0.029584269684808023, "dsfb-alt": 0.056220696067616, "oneh-out": 0.0050015940430190335, "oneh-in": 0.007159233534769292, "roll-in": 0.1741545565930723}, "english-5k": {"dsfb-red": 0.010370431824781184, "dsfb": 0.0, "alternate": 0.3588584228647281, "roll-out": 0.20185008503754095, "sfR": 0.10644211224955408, "unknown": 0.002157049819554486, "sft": 0.0, "redirect": 0.042933587754594105, "sfT": 4.148172729912474e-05, "bad-redirect": 0.0005392624548886216, "sfb": 0.03501057784046128, "dsfb-alt": 0.0513128966690173, "oneh-out": 0.014186750736300659, "oneh-in": 0.0070933753681503295, "roll-in": 0.16920396565312978}, "mt-quotes": {"dsfb-red": 0.011419598140113075, "dsfb": 0.0, "alternate": 0.3717652191582697, "roll-out": 0.16837295753098816, "sfR": 0.0964592223377679, "unknown": 0.007977133909467972, "sft": 0.0, "redirect": 0.04670336237912528, "sfT": 2.9882502002127634e-05, "bad-redirect": 0.0003690488997262763, "sfb": 0.02821505839040891, "dsfb-alt": 0.04016208269085954, "oneh-out": 0.004927624580150847, "oneh-in": 0.00913358673695031, "roll-in": 0.21446522274416993}, "wordle": {"dsfb-red": 0.013777628183552115, "dsfb": 0.0, "alternate": 0.3424211825423539, "roll-out": 0.187366767642769, "sfR": 0.13138112868843263, "unknown": 0.0, "sft": 0.0, "redirect": 0.03545383148210479, "sfT": 0.00047122181083810165, "bad-redirect": 0.0016156176371592056, "sfb": 0.046022663525187926, "dsfb-alt": 0.05551441714349826, "oneh-out": 0.00572197913160552, "oneh-in": 0.008908336138225064, "roll-in": 0.17134522607427352}, "english-1k": {"dsfb-red": 0.008115737473535639, "dsfb": 0.0, "alternate": 0.37438249823570924, "roll-out": 0.17043048694424842, "sfR": 0.10832745236414962, "unknown": 0.0, "sft": 0.0, "redirect": 0.03140437544107269, "sfT": 0.0, "bad-redirect": 0.0, "sfb": 0.030698659139026113, "dsfb-alt": 0.04798870853916726, "oneh-out": 0.0056457304163726185, "oneh-in": 0.012350035285815103, "roll-in": 0.21065631616090333}, "english-10k": {"dsfb-red": 0.010169622353871982, "dsfb": 0.0, "alternate": 0.35836822909631233, "roll-out": 0.2199108469539376, "sfR": 0.10567144593890508, "unknown": 0.0, "sft": 0.0, "redirect": 0.04264680341946315, "sfT": 3.859439223480828e-05, "bad-redirect": 0.0006368074718743367, "sfb": 0.03427182030450975, "dsfb-alt": 0.04996044074795932, "oneh-out": 0.014376411107466085, "oneh-in": 0.00582775322745605, "roll-in": 0.15812122498600953}, "reddit": {"dsfb-red": 0.012016675291236071, "dsfb": 0.0, "alternate": 0.3441159741446459, "roll-out": 0.17545423200410085, "sfR": 0.10397777127267367, "unknown": 0.03771545738217256, "sft": 0.0, "redirect": 0.04124196046856977, "sfT": 0.00047143900331816495, "bad-redirect": 0.00044705422728446675, "sfb": 0.030788045916046326, "dsfb-alt": 0.04181846751608843, "oneh-out": 0.00640431868991948, "oneh-in": 0.007980264438100407, "roll-in": 0.19756833964584392}, "akl": {"dsfb-red": 0.013006452415023576, "dsfb": 0.0, "alternate": 0.29129697196228244, "roll-out": 0.14257111706503928, "sfR": 0.13064861186637447, "unknown": 0.13060016025844942, "sft": 0.0, "redirect": 0.03466988036801381, "sfT": 0.0004777709038483153, "bad-redirect": 0.000517970172636711, "sfb": 0.03426484864505857, "dsfb-alt": 0.03418916925950303, "oneh-out": 0.0052095979250358, "oneh-in": 0.008503393082657084, "roll-in": 0.17404405607607748}, "french": {"dsfb-red": 0.00937190395628851, "dsfb": 0.0, "alternate": 0.280792325906881, "roll-out": 0.1677774126703774, "sfR": 0.10898279115633469, "unknown": 0.15805331565835973, "sft": 0.0, "redirect": 0.031039327730155757, "sfT": 0.0001869583606620792, "bad-redirect": 0.0027105291745607844, "sfb": 0.029412809468785512, "dsfb-alt": 0.0396852867096127, "oneh-out": 0.0098390976031261, "oneh-in": 0.011141214118890446, "roll-in": 0.15100702748596528}, "keymash": {"dsfb-red": 0.011370493364475624, "dsfb": 0.0, "alternate": 0.3671068456937848, "roll-out": 0.17089399990969284, "sfR": 0.099723742164827, "unknown": 0.01232282349464109, "sft": 0.0, "redirect": 0.04361836191007869, "sfT": 8.209742501426443e-05, "bad-redirect": 0.00044743096632774115, "sfb": 0.029604331460143754, "dsfb-alt": 0.04123753658466502, "oneh-out": 0.005438954407195018, "oneh-in": 0.009309847996617587, "roll-in": 0.20884353462253658}, "movie": {"dsfb-red": 0.01821327245792784, "dsfb": 0.0, "alternate": 0.3302222726973043, "roll-out": 0.1583478628313617, "sfR": 0.11567713207251198, "unknown": 0.03021933806550388, "sft": 0.0, "redirect": 0.053321733422521576, "sfT": 0.00012133320717487208, "bad-redirect": 0.0005629755534643197, "sfb": 0.032252393073795196, "dsfb-alt": 0.04173217497406535, "oneh-out": 0.004766342115690555, "oneh-in": 0.009195004177573386, "roll-in": 0.205368165351105}, "dutch": {"dsfb-red": 0.009517306963972624, "dsfb": 0.0, "alternate": 0.25239048866040437, "roll-out": 0.21194713399384882, "sfR": 0.18880787437283908, "unknown": 0.07289364539466019, "sft": 0.0, "redirect": 0.04132825729283953, "sfT": 9.935453085529279e-05,