{"english-450k": {"roll-out": 0.17570035917654261, "roll-in": 0.21915557553904255, "redirect": 0.05316812654614597, "oneh-out": 0.015808036129312912, "dsfb": 0.0, "sfR": 0.11369548401129392, "alternate": 0.3116995195582532, "dsfb-alt": 0.032349276530856265, "unknown": 0.00015377410175167997, "bad-redirect": 0.020702203881071225, "oneh-in": 0.020551937933732133, "sft": 0.0, "sfT": 2.163361887761277e-05, "sfb": 0.021727169661948393, "dsfb-red": 0.015266903311171542}, "shai": {"roll-out": 0.17976071120155138, "roll-in": 0.25731021527833037, "redirect": 0.0412408120365379, "oneh-out": 0.01106676826747807, "dsfb": 0.0, "sfR": 0.09823378925716947, "alternate": 0.29241238478180026, "dsfb-alt": 0.02590329535894636, "unknown": 0.023260762136131256, "bad-redirect": 0.01590735309553748, "oneh-in": 0.02510950934672763, "sft": 0.0, "sfT": 2.349338144612716e-05, "sfb": 0.01664172833260002, "dsfb-red": 0.013129177525743637}, "tr-quotes": {"roll-out": 0.1822623147869906, "roll-in": 0.2758870576269619, "redirect": 0.040010633133769444, "oneh-out": 0.009723538521994406, "dsfb": 0.0, "sfR": 0.09677191928064538, "alternate": 0.2762476595547953, "dsfb-alt": 0.02516932109752433, "unknown": 0.013835787429786644, "bad-redirect": 0.014823975405099282, "oneh-in": 0.033370703404914354, "sft": 0.0, "sfT": 2.3115508194447656e-06, "sfb": 0.017779293127759412, "dsfb-red": 0.01411548507893946}, "gutenberg": {"roll-out": 0.17470674239591302, "roll-in": 0.2895615031126357, "redirect": 0.03772500826891536, "oneh-out": 0.008651956521986222, "dsfb": 0.0, "sfR": 0.09863878308844841, "alternate": 0.2601556109468694, "dsfb-alt": 0.02866633098469616, "unknown": 0.032975828246008664, "bad-redirect": 0.014768870081605575, "oneh-in": 0.025356112727006826, "sft": 0.0, "sfT": 5.683103338141238e-07, "sfb": 0.017173201667195194, "dsfb-red": 0.011619483648385638}, "english-200": {"roll-out": 0.1358574610244989, "roll-in": 0.311804008908686, "redirect": 0.0334075723830735, "oneh-out": 0.0066815144766146995, "dsfb": 0.0, "sfR": 0.10690423162583519, "alternate": 0.3184855233853007, "dsfb-alt": 0.0200445434298441, "unknown": 0.0, "bad-redirect": 0.017817371937639197, "oneh-in": 0.026726057906458798, "sft": 0.0, "sfT": 0.0, "sfb": 0.011135857461024499, "dsfb-red": 0.011135857461024499}, "monkeyracer": {"roll-out": 0.18222527644399955, "roll-in": 0.2763814379780096, "redirect": 0.039772549540954376, "oneh-out": 0.00960515820260569, "dsfb": 0.0, "sfR": 0.09690789370786869, "alternate": 0.2758389117412453, "dsfb-alt": 0.025231868870919813, "unknown": 0.013436077701487402, "bad-redirect": 0.014830027996308866, "oneh-in": 0.03373144658022741, "sft": 0.0, "sfT": 1.9550495018533868e-06, "sfb": 0.017911186011229804, "dsfb-red": 0.014126210175641647}, "chained-bigrams": {"roll-out": 0.1603886478164857, "roll-in": 0.2639280726234312, "redirect": 0.039668620857354904, "oneh-out": 0.013293864265451342, "dsfb": 0.0, "sfR": 0.11914286586209158, "alternate": 0.2633235699551136, "dsfb-alt": 0.042681394628562005, "unknown": 0.022916559801936097, "bad-redirect": 0.016442992021993248, "oneh-in": 0.023491843759110557, "sft": 0.0, "sfT": 2.8569406451101837e-05, "sfb": 0.016278717934899413, "dsfb-red": 0.018414281067119277}, "english-5k": {"roll-out": 0.19753598539843198, "roll-in": 0.21209607168042477, "redirect": 0.05334550130667441, "oneh-out": 0.013274152735719915, "dsfb": 0.0, "sfR": 0.10644211224955408, "alternate": 0.3221470942050027, "dsfb-alt": 0.02497199983407309, "unknown": 0.002157049819554486, "bad-redirect": 0.01692454473804289, "oneh-in": 0.02144605301364749, "sft": 0.0, "sfT": 0.0, "sfb": 0.016094910192060396, "dsfb-red": 0.013564524826813789}, "mt-quotes": {"roll-out": 0.1813300103991107, "roll-in": 0.28366114438029666, "redirect": 0.03922676037819295, "oneh-out": 0.00931138762386297, "dsfb": 0.0, "sfR": 0.0964592223377679, "alternate": 0.27537173832490647, "dsfb-alt": 0.025107278182187637, "unknown": 0.007977133909467972, "bad-redirect": 0.014809767992254455, "oneh-in": 0.03524790523660965, "sft": 0.0, "sfT": 0.0, "sfb": 0.017422992792340518, "dsfb-red": 0.014074658443002116}, "wordle": {"roll-out": 0.17551890497026815, "roll-in": 0.2159766633007966, "redirect": 0.04274654998317065, "oneh-out": 0.019701559519802535, "dsfb": 0.0, "sfR": 0.13138112868843263, "alternate": 0.292000448782677, "dsfb-alt": 0.03913384943341187, "unknown": 0.0, "bad-redirect": 0.015729832828452823, "oneh-in": 0.023044990463368113, "sft": 0.0, "sfT": 6.731740154830023e-05, "sfb": 0.02616403006843936, "dsfb-red": 0.018534724559632}, "english-1k": {"roll-out": 0.18278052223006352, "roll-in": 0.26958362738179253, "redirect": 0.03987297106563162, "oneh-out": 0.014114326040931546, "dsfb": 0.0, "sfR": 0.10832745236414962, "alternate": 0.2889908256880734, "dsfb-alt": 0.0187014820042343, "unknown": 0.0, "bad-redirect": 0.016937191249117856, "oneh-in": 0.03493295695130558, "sft": 0.0, "sfT": 0.0, "sfb": 0.016231474947071278, "dsfb-red": 0.009527170077628794}, "english-10k": {"roll-out": 0.19098434997394878, "roll-in": 0.22048976283745972, "redirect": 0.055305764072480265, "oneh-out": 0.01333436251712626, "dsfb": 0.0, "sfR": 0.10567144593890508, "alternate": 0.3224561471218232, "dsfb-alt": 0.025549487659443083, "unknown": 0.0, "bad-redirect": 0.01696223538719824, "oneh-in": 0.020570811061152813, "sft": 0.0, "sfT": 0.0, "sfb": 0.016132455954149864, "dsfb-red": 0.012543177476312692}, "reddit": {"roll-out": 0.17316689506324404, "roll-in": 0.25654720935716147, "redirect": 0.0406593104052761, "oneh-out": 0.012063684344880143, "dsfb": 0.0, "sfR": 0.10397777127267367, "alternate": 0.2702202889202657, "dsfb-alt": 0.02516714902450595, "unknown": 0.039285409944231534, "bad-redirect": 0.01705342382295229, "oneh-in": 0.02988697038261062, "sft": 0.0, "sfT": 7.809870665170618e-05, "sfb": 0.017022109425465084, "dsfb-red": 0.014871679330081655}, "akl": {"roll-out": 0.14470017114708972, "roll-in": 0.22418670171127075, "redirect": 0.030240350859810968, "oneh-out": 0.010790575818822909, "dsfb": 0.0, "sfR": 0.13064861186637447, "alternate": 0.22995891644612867, "dsfb-alt": 0.024367230277545684, "unknown": 0.13277008071454782, "bad-redirect": 0.015163401379964057, "oneh-in": 0.02542597573965481, "sft": 0.0, "sfT": 0.00012941842035256118, "sfb": 0.016943040551623902, "dsfb-red": 0.01467552506681368}, "french": {"roll-out": 0.1657954802580346, "roll-in": 0.19424461293918754, "redirect": 0.059268631897325626, "oneh-out": 0.014312659550023782, "dsfb": 0.0, "sfR": 0.10898279115633469, "alternate": 0.19035018893521424, "dsfb-alt": 0.018518016626934083, "unknown": 0.15807953387545715, "bad-redirect": 0.02286712444272992, "oneh-in": 0.02622958831271585, "sft": 0.0, "sfT": 2.975393094598039e-05, "sfb": 0.02783877258712512, "dsfb-red": 0.013482845487971434}, "keymash": {"roll-out": 0.18325376724559034, "roll-in": 0.27757139397322805, "redirect": 0.03999786546694963, "oneh-out": 0.009383735679130424, "dsfb": 0.0, "sfR": 0.099723742164827, "alternate": 0.273864695233834, "dsfb-alt": 0.02494940746183496, "unknown": 0.01232282349464109, "bad-redirect": 0.014034554806188504, "oneh-in": 0.03271171899693366, "sft": 0.0, "sfT": 0.0, "sfb": 0.018180474769408858, "dsfb-red": 0.014005820707433511}, "movie": {"roll-out": 0.185286466780955, "roll-in": 0.2553617894358256, "redirect": 0.03542284820097201, "oneh-out": 0.011841963102861213, "dsfb": 0.0, "sfR": 0.11567713207251198, "alternate": 0.24785939665812554, "dsfb-alt": 0.02510860440623779, "unknown": 0.030236445784519856, "bad-redirect": 0.013070297328208563, "oneh-in": 0.041798237089034754, "sft": 0.0, "sfT": 3.6847394803648786e-06, "sfb": 0.019150907057842118, "dsfb-red": 0.019182227343425222}, "dutch": {"roll-out": 0.15830298516524427, "roll-in": 0.22200227513089568, "redirect": 0.0335960505489172, "oneh-out": 0.009759175447406489, "dsfb": 0.0, "sfR": 0.18880787437283908, "alternate": 0.23918772211098954, "dsfb-alt": 0.018063840728070577, "unknown": 0.07290361491625476, "bad-redirect": 0.004562580247028249,