{"english-450k": {"oneh-out": 0.004557384928150074, "bad-redirect": 0.008087757652015639, "oneh-in": 0.007004907323330805, "dsfb": 0.0, "sft": 0.0, "sfT": 9.705893874820865e-05, "sfb": 0.02363852912440559, "redirect": 0.03630355124624262, "dsfb-alt": 0.03740891223240821, "alternate": 0.3358060949505379, "roll-in": 0.22456573433565202, "roll-out": 0.1926213572932484, "sfR": 0.11369548401129392, "dsfb-red": 0.016059453862214898, "unknown": 0.00015377410175167997}, "shai": {"oneh-out": 0.00712000790801927, "bad-redirect": 0.008426735328750976, "oneh-in": 0.006817187123118943, "dsfb": 0.0, "sft": 0.0, "sfT": 1.95881389619192e-05, "sfb": 0.015145056729355936, "redirect": 0.034225622539774646, "dsfb-alt": 0.03325587613205587, "alternate": 0.30293850338413064, "roll-in": 0.25517861085144966, "roll-out": 0.20277430516098888, "sfR": 0.09823378925716947, "dsfb-red": 0.012603955310092509, "unknown": 0.023260762136131256}, "tr-quotes": {"oneh-out": 0.010621576015348697, "bad-redirect": 0.007632740805806616, "oneh-in": 0.008817410600772058, "dsfb": 0.0, "sft": 0.0, "sfT": 1.271352950694621e-05, "sfb": 0.012535540093848963, "redirect": 0.03534939090635908, "dsfb-alt": 0.033025126557407365, "alternate": 0.3009257761031876, "roll-in": 0.26925406255056517, "roll-out": 0.1989990984951804, "sfR": 0.09677191928064538, "dsfb-red": 0.01221885763158503, "unknown": 0.013835787429786644}, "gutenberg": {"oneh-out": 0.01000226187512858, "bad-redirect": 0.008441113388141182, "oneh-in": 0.007829800905735122, "dsfb": 0.0, "sft": 0.0, "sfT": 1.9511988127618252e-05, "sfb": 0.01594053655315236, "redirect": 0.02985296296170005, "dsfb-alt": 0.0380015859647049, "alternate": 0.280146684685893, "roll-in": 0.26509214394315683, "roll-out": 0.20403212393105563, "sfR": 0.09863878308844841, "dsfb-red": 0.009026662468747667, "unknown": 0.032975828246008664}, "english-200": {"oneh-out": 0.008908685968819599, "bad-redirect": 0.0066815144766146995, "oneh-in": 0.008908685968819599, "dsfb": 0.0, "sft": 0.0, "sfT": 0.0, "sfb": 0.004454342984409799, "redirect": 0.0467706013363029, "dsfb-alt": 0.0400890868596882, "alternate": 0.29398663697104677, "roll-in": 0.2650334075723831, "roll-out": 0.20489977728285078, "sfR": 0.10690423162583519, "dsfb-red": 0.013363028953229399, "unknown": 0.0}, "monkeyracer": {"oneh-out": 0.010732244240424167, "bad-redirect": 0.007723423057071805, "oneh-in": 0.00889254265918013, "dsfb": 0.0, "sft": 0.0, "sfT": 1.2707821762047014e-05, "sfb": 0.012397946416003253, "redirect": 0.03541767677557596, "dsfb-alt": 0.03303349390806575, "alternate": 0.2998224815052317, "roll-in": 0.26986330293883043, "roll-out": 0.19951573423839092, "sfR": 0.09690789370786869, "dsfb-red": 0.012244475030107763, "unknown": 0.013436077701487402}, "chained-bigrams": {"oneh-out": 0.006676150843868843, "bad-redirect": 0.014841157346655334, "oneh-in": 0.007944242907482522, "dsfb": 0.0, "sft": 0.0, "sfT": 3.50624533718068e-05, "sfb": 0.015822906041065926, "redirect": 0.03912580213478397, "dsfb-alt": 0.045611706703876154, "alternate": 0.3050355526784143, "roll-in": 0.2284714913035376, "roll-out": 0.17659853945402565, "sfR": 0.11914286586209158, "dsfb-red": 0.01777796246889019, "unknown": 0.022916559801936097}, "english-5k": {"oneh-out": 0.006346704276766085, "bad-redirect": 0.008171900277927573, "oneh-in": 0.006429667731364334, "dsfb": 0.0, "sft": 0.0, "sfT": 0.0, "sfb": 0.01750528892023064, "redirect": 0.03550835856805078, "dsfb-alt": 0.035425395113452524, "alternate": 0.3249678516613432, "roll-in": 0.22217613141411208, "roll-out": 0.22080723441324096, "sfR": 0.10644211224955408, "dsfb-red": 0.014062305554403286, "unknown": 0.002157049819554486}, "mt-quotes": {"oneh-out": 0.011072961116888394, "bad-redirect": 0.007700720765948291, "oneh-in": 0.009369658502767119, "dsfb": 0.0, "sft": 0.0, "sfT": 1.0458875700744673e-05, "sfb": 0.011724399660534778, "redirect": 0.03565281313873848, "dsfb-alt": 0.03297982333464816, "alternate": 0.30041775737798976, "roll-in": 0.2755241390851173, "roll-out": 0.1992639939756876, "sfR": 0.0964592223377679, "dsfb-red": 0.0118469179187435, "unknown": 0.007977133909467972}, "wordle": {"oneh-out": 0.006327835745540222, "bad-redirect": 0.00789857511500056, "oneh-in": 0.010097610232245036, "dsfb": 0.0, "sft": 0.0, "sfT": 0.00047122181083810165, "sfb": 0.03110063951531471, "redirect": 0.03789969707169303, "dsfb-alt": 0.043756311006395154, "alternate": 0.3036687983843824, "roll-in": 0.19737462133961628, "roll-out": 0.21180298440480197, "sfR": 0.13138112868843263, "dsfb-red": 0.01822057668573993, "unknown": 0.0}, "english-1k": {"oneh-out": 0.012350035285815103, "bad-redirect": 0.007057163020465773, "oneh-in": 0.0045871559633027525, "dsfb": 0.0, "sft": 0.0, "sfT": 0.0, "sfb": 0.016584333098094567, "redirect": 0.032815808045165845, "dsfb-alt": 0.03705010585744531, "alternate": 0.292166549047283, "roll-in": 0.2208892025405787, "roll-out": 0.25511644318983767, "sfR": 0.10832745236414962, "dsfb-red": 0.01305575158786168, "unknown": 0.0}, "english-10k": {"oneh-out": 0.00563478126628201, "bad-redirect": 0.010131027961637173, "oneh-in": 0.007139962563439533, "dsfb": 0.0, "sft": 0.0, "sfT": 0.0, "sfb": 0.018563902664942785, "redirect": 0.03419463152004014, "dsfb-alt": 0.03515949132591035, "alternate": 0.3260454255996604, "roll-in": 0.23600470851585265, "roll-out": 0.20858339283302135, "sfR": 0.10567144593890508, "dsfb-red": 0.012871229810308563, "unknown": 0.0}, "reddit": {"oneh-out": 0.008312212034430106, "bad-redirect": 0.006623107440784043, "oneh-in": 0.007672888904870718, "dsfb": 0.0, "sft": 0.0, "sfT": 4.738362777669463e-05, "sfb": 0.013302700660767499, "redirect": 0.03484277344426721, "dsfb-alt": 0.033068041203903734, "alternate": 0.2980518961223524, "roll-in": 0.24756398522155218, "roll-out": 0.19424043576456293, "sfR": 0.10397777127267367, "dsfb-red": 0.013011394357827298, "unknown": 0.039285409944231534}, "akl": {"oneh-out": 0.006675672917105278, "bad-redirect": 0.005407283450282238, "oneh-in": 0.007615228906174931, "dsfb": 0.0, "sft": 0.0, "sfT": 0.00018291037912753158, "sfb": 0.017435265402762454, "redirect": 0.029345663876346555, "dsfb-alt": 0.03195636795579158, "alternate": 0.25852295532670333, "roll-in": 0.2012838663088446, "roll-out": 0.16795536166456895, "sfR": 0.13064861186637447, "dsfb-red": 0.010200731231370313, "unknown": 0.13277008071454782}, "french": {"oneh-out": 0.007422572024176552, "bad-redirect": 0.005315106788371331, "oneh-in": 0.004902432051258023, "dsfb": 0.0, "sft": 0.0, "sfT": 2.8570365717011382e-05, "sfb": 0.04962512219374624, "redirect": 0.026715733985055286, "dsfb-alt": 0.030479771049943562, "alternate": 0.2448971896063856, "roll-in": 0.16426053099260687, "roll-out": 0.1843831324695794, "sfR": 0.10898279115633469, "dsfb-red": 0.014907513441368269, "unknown": 0.15807953387545715}, "keymash": {"oneh-out": 0.01037300965055231, "bad-redirect": 0.008226161986429295, "oneh-in": 0.008464244518970663, "dsfb": 0.0, "sft": 0.0, "sfT": 4.104871250713221e-06, "sfb": 0.013266943882305132, "redirect": 0.033906236530891205, "dsfb-alt": 0.03301958434073715, "alternate": 0.29902345112945533, "roll-in": 0.26602439114497173, "roll-out": 0.20331016817657513, "sfR": 0.099723742164827, "dsfb-red": 0.01233513810839323, "unknown": 0.01232282349464109}, "movie": {"oneh-out": 0.01045360590579516, "bad-redirect": 0.007104177718143486, "oneh-in": 0.006170491053386743, "dsfb": 0.0, "sft": 0.0, "sfT": 1.1975403311185856e-05, "sfb": 0.011563107282900742, "redirect": 0.0327935233860545, "dsfb-alt": 0.03786385650887516, "alternate": 0.296830768732722, "roll-in": 0.24358286169764634, "roll-out": 0.19480125370628862, "sfR": 0.11567713207251198, "dsfb-red": 0.012910800747844196, "unknown": 0.030236445784519856}, "dutch": {"oneh-out": 0.0018313616691762009, "bad-redirect": 0.006948720689830647, "oneh-in": 0.00461084994510846, "dsfb": 0.0, "sft": 0.0, "sfT": 3.774432186435505e-05, "sfb": 0.022245140566489015, "redirect": 0.020353083158827855, "dsfb-alt": 0.027269349111093428,