{"english-450k": {"bad-redirect": 0.0013053257876829867, "sfb": 0.02218966135200763, "dsfb-alt": 0.04102815820139262, "roll-out": 0.24620139963667215, "alternate": 0.2916489553593198, "sfT": 2.4557080888100985e-05, "roll-in": 0.19785640071542962, "dsfb": 0.0, "sft": 0.0, "oneh-out": 0.006252700548032188, "sfR": 0.11369548401129392, "unknown": 0.00015377410175167997, "dsfb-red": 0.023478615752431882, "oneh-in": 0.006981227281045851, "redirect": 0.049183740172051585}, "shai": {"bad-redirect": 0.0030206760334688183, "sfb": 0.018176407350308843, "dsfb-alt": 0.03754051156896155, "roll-out": 0.2943314108754772, "alternate": 0.26278129744153594, "sfT": 3.916079628861855e-05, "roll-in": 0.17584023865869589, "dsfb": 0.0, "sft": 0.0, "oneh-out": 0.013439967482373385, "sfR": 0.09823378925716947, "unknown": 0.023260762136131256, "dsfb-red": 0.02021054714266296, "oneh-in": 0.01162181198297144, "redirect": 0.04150341927395466}, "tr-quotes": {"bad-redirect": 0.003209588312799057, "sfb": 0.021747070109336353, "dsfb-alt": 0.033379949608192135, "roll-out": 0.3054783754420841, "alternate": 0.2566676683386884, "sfT": 5.778877048611914e-06, "roll-in": 0.16415593721827976, "dsfb": 0.0, "sft": 0.0, "oneh-out": 0.015791359423036916, "sfR": 0.09677191928064538, "unknown": 0.013835787429786644, "dsfb-red": 0.023812440766510252, "oneh-in": 0.02096923325859319, "redirect": 0.04417489193499919}, "gutenberg": {"bad-redirect": 0.002880386208547918, "sfb": 0.0180934855344182, "dsfb-alt": 0.0297207360906993, "roll-out": 0.3319940153133114, "alternate": 0.23691721196043197, "sfT": 8.145781451335775e-06, "roll-in": 0.15210731366146057, "dsfb": 0.0, "sft": 0.0, "oneh-out": 0.0159810760236311, "sfR": 0.09863878308844841, "unknown": 0.032975828246008664, "dsfb-red": 0.02713909168095967, "oneh-in": 0.011113876888069007, "redirect": 0.04243004952256249}, "english-200": {"bad-redirect": 0.0066815144766146995, "sfb": 0.004454342984409799, "dsfb-alt": 0.031180400890868598, "roll-out": 0.32293986636971045, "alternate": 0.2561247216035635, "sfT": 0.0, "roll-in": 0.16926503340757237, "dsfb": 0.0, "sft": 0.0, "oneh-out": 0.015590200445434299, "sfR": 0.10690423162583519, "unknown": 0.0, "dsfb-red": 0.028953229398663696, "oneh-in": 0.008908685968819599, "redirect": 0.04899777282850779}, "monkeyracer": {"bad-redirect": 0.0032620000938423763, "sfb": 0.021606229569732707, "dsfb-alt": 0.03324268420476406, "roll-out": 0.3054403162488074, "alternate": 0.2561241925645557, "sfT": 8.797722758340242e-06, "roll-in": 0.16441575300686614, "dsfb": 0.0, "sft": 0.0, "oneh-out": 0.01576845175719849, "sfR": 0.09690789370786869, "unknown": 0.013436077701487402, "dsfb-red": 0.023856491546365953, "oneh-in": 0.021480128876863163, "redirect": 0.044450982998889534}, "chained-bigrams": {"bad-redirect": 0.00426528252221109, "sfb": 0.018833082593504746, "dsfb-alt": 0.04870824078036035, "roll-out": 0.27298717168719877, "alternate": 0.26882707652510307, "sfT": 5.25936800577102e-05, "roll-in": 0.15344758065825212, "dsfb": 0.0, "sft": 0.0, "oneh-out": 0.012994534802406843, "sfR": 0.11914286586209158, "unknown": 0.022916559801936097, "dsfb-red": 0.02415023871687004, "oneh-in": 0.006565769046216858, "redirect": 0.04710900332379072}, "english-5k": {"bad-redirect": 0.002074086364956237, "sfb": 0.014684531463890156, "dsfb-alt": 0.04210395320861161, "roll-out": 0.26349193180404035, "alternate": 0.2887957854565064, "sfT": 0.0, "roll-in": 0.2032604637657112, "dsfb": 0.0, "sft": 0.0, "oneh-out": 0.006471149458663459, "sfR": 0.10644211224955408, "unknown": 0.002157049819554486, "dsfb-red": 0.018168996557016634, "oneh-in": 0.0076326378230389515, "redirect": 0.04471730202845647}, "mt-quotes": {"bad-redirect": 0.003288569345334146, "sfb": 0.021506436690931257, "dsfb-alt": 0.032364243793404336, "roll-out": 0.31083479757593147, "alternate": 0.2550994489666631, "sfT": 5.9765004004255265e-06, "roll-in": 0.16359026308554764, "dsfb": 0.0, "sft": 0.0, "oneh-out": 0.016466752728272433, "sfR": 0.0964592223377679, "unknown": 0.007977133909467972, "dsfb-red": 0.02441251001063817, "oneh-in": 0.022706219146316684, "redirect": 0.04528842590932453}, "wordle": {"bad-redirect": 0.002131717715696174, "sfb": 0.031190396050712443, "dsfb-alt": 0.04232020644003141, "roll-out": 0.25107146864131047, "alternate": 0.2644003141478739, "sfT": 0.0, "roll-in": 0.17183888701896108, "dsfb": 0.0, "sft": 0.0, "oneh-out": 0.01512397621451812, "sfR": 0.13138112868843263, "unknown": 0.0, "dsfb-red": 0.03112307864916414, "oneh-in": 0.0065971053517334234, "redirect": 0.05282172108156625}, "english-1k": {"bad-redirect": 0.0017642907551164433, "sfb": 0.015172900494001412, "dsfb-alt": 0.034227240649259, "roll-out": 0.2911079745942131, "alternate": 0.28405081157374734, "sfT": 0.0, "roll-in": 0.18454481298517997, "dsfb": 0.0, "sft": 0.0, "oneh-out": 0.01058574453069866, "sfR": 0.10832745236414962, "unknown": 0.0, "dsfb-red": 0.022230063514467185, "oneh-in": 0.008115737473535639, "redirect": 0.03987297106563162}, "english-10k": {"bad-redirect": 0.0018139364350359894, "sfb": 0.017734123231894407, "dsfb-alt": 0.04231875108546728, "roll-out": 0.2673819494027518, "alternate": 0.28507747824241136, "sfT": 0.0, "roll-in": 0.20418363211825322, "dsfb": 0.0, "sft": 0.0, "oneh-out": 0.010613457864572278, "sfR": 0.10567144593890508, "unknown": 0.0, "dsfb-red": 0.016981532583315643, "oneh-in": 0.006503155091565196, "redirect": 0.041720538005827756}, "reddit": {"bad-redirect": 0.003479906064299021, "sfb": 0.020317537729447725, "dsfb-alt": 0.034991704119397754, "roll-out": 0.2834857569122506, "alternate": 0.2509045497085158, "sfT": 0.0001091509022460776, "roll-in": 0.16635818613974573, "dsfb": 0.0, "sft": 0.0, "oneh-out": 0.014548796427761412, "sfR": 0.10397777127267367, "unknown": 0.039285409944231534, "dsfb-red": 0.02192296246186601, "oneh-in": 0.016412714769102204, "redirect": 0.04420555354846249}, "akl": {"bad-redirect": 0.003942196762300982, "sfb": 0.02295286829689238, "dsfb-alt": 0.029300621917525877, "roll-out": 0.23311894464540922, "alternate": 0.21255325075080844, "sfT": 0.0001770793850070267, "roll-in": 0.14278449191768622, "dsfb": 0.0, "sft": 0.0, "oneh-out": 0.013356163816640634, "sfR": 0.13064861186637447, "unknown": 0.13277008071454782, "dsfb-red": 0.022198174587524495, "oneh-in": 0.015342951525191637, "redirect": 0.04085456381409081}, "french": {"bad-redirect": 0.00272122620713653, "sfb": 0.047991412649972136, "dsfb-alt": 0.030660496965855627, "roll-out": 0.23262069672350041, "alternate": 0.1902912803468559, "sfT": 0.0004383985535454573, "roll-in": 0.15648515165732915, "dsfb": 0.0, "sft": 0.0, "oneh-out": 0.016795135181352082, "sfR": 0.10898279115633469, "unknown": 0.15807953387545715, "dsfb-red": 0.01954663968377654, "oneh-in": 0.0058741391042415785, "redirect": 0.02951309789464271}, "keymash": {"bad-redirect": 0.0032017995755563126, "sfb": 0.022166304753851396, "dsfb-alt": 0.03275687258069151, "roll-out": 0.3051561287780209, "alternate": 0.2570141987496562, "sfT": 2.873409875499255e-05, "roll-in": 0.16531137500872284, "dsfb": 0.0, "sft": 0.0, "oneh-out": 0.015984368650277286, "sfR": 0.099723742164827, "unknown": 0.01232282349464109, "dsfb-red": 0.023590695077848882, "oneh-in": 0.020163127583503342, "redirect": 0.042579829483648246}, "movie": {"bad-redirect": 0.004758446245375488, "sfb": 0.02965373055526787, "dsfb-alt": 0.03336781635363708, "roll-out": 0.270377892405344, "alternate": 0.2527390445128373, "sfT": 1.7634110370317633e-05, "roll-in": 0.1471732323679623, "dsfb": 0.0, "sft": 0.0, "oneh-out": 0.015668433455381554, "sfR": 0.11567713207251198, "unknown": 0.030236445784519856, "dsfb-red": 0.026210473108705473, "oneh-in": 0.03284905767393714, "redirect": 0.041270661354149654}, "dutch": {"bad-redirect": 0.003379918851680379, "sfb": 0.023576591692397654, "dsfb-alt": 0.032161425632981244, "roll-out": 0.23759170211614572, "alternate": 0.20679317822216103, "sfT": 8.773537619111129e-05, "roll-in": 0.16277542730965394, "dsfb": 0.0, "sft": 0.0, "oneh-out": 0.006129498562828912,