{"english-450k": {"dsfb-alt": 0.028215501248025934, "alternate": 0.23275698254283894, "sfR": 0.11369548401129392, "dsfb": 0.0, "unknown": 0.0, "bad-redirect": 0.041870699952815324, "sfb": 0.015448157955821811, "roll-in": 0.22729595550724696, "redirect": 0.08592376429646009, "oneh-out": 0.012028876788354799, "sfT": 5.262231618878782e-06, "oneh-in": 0.018073719187441276, "dsfb-red": 0.03519965199108227, "roll-out": 0.18948594428699977, "sft": 0.0}, "shai": {"dsfb-alt": 0.03505889833303041, "alternate": 0.2141610788284613, "sfR": 0.09823378925716947, "dsfb": 0.0, "unknown": 0.015572597567587401, "bad-redirect": 0.04029359914888162, "sfb": 0.010236724265574447, "roll-in": 0.2237009205070669, "redirect": 0.10695856928635544, "oneh-out": 0.013803456925291512, "sfT": 3.692757040815473e-05, "oneh-in": 0.015544390028216828, "dsfb-red": 0.032854750833918284, "roll-out": 0.19354429744803822, "sft": 0.0}, "tr-quotes": {"dsfb-alt": 0.04600795173481889, "alternate": 0.20999861306950834, "sfR": 0.09677191928064538, "dsfb": 0.0, "unknown": 0.009743186703959687, "bad-redirect": 0.040212893830470865, "sfb": 0.010054090289175007, "roll-in": 0.22685444164489957, "redirect": 0.1055407873142091, "oneh-out": 0.015967037285314716, "sfT": 2.3115508194447656e-06, "oneh-in": 0.015460807655856314, "dsfb-red": 0.03516215528998405, "roll-out": 0.18822380435033864, "sft": 0.0}, "gutenberg": {"dsfb-alt": 0.0346591634547661, "alternate": 0.19409654380176122, "sfR": 0.09863878308844841, "dsfb": 0.0, "unknown": 0.025598023492433706, "bad-redirect": 0.043894964126357364, "sfb": 0.00963570170981847, "roll-in": 0.22114281146153125, "redirect": 0.11820286632999963, "oneh-out": 0.014737613013245799, "sfT": 1.326057445566289e-06, "oneh-in": 0.018793075555343385, "dsfb-red": 0.03173710115507181, "roll-out": 0.18886202675377728, "sft": 0.0}, "english-200": {"dsfb-alt": 0.051224944320712694, "alternate": 0.19376391982182628, "sfR": 0.10690423162583519, "dsfb": 0.0, "unknown": 0.0, "bad-redirect": 0.0556792873051225, "sfb": 0.008908685968819599, "roll-in": 0.2717149220489978, "redirect": 0.08685968819599109, "oneh-out": 0.0200445434298441, "sfT": 0.0, "oneh-in": 0.026726057906458798, "dsfb-red": 0.04899777282850779, "roll-out": 0.1291759465478842, "sft": 0.0}, "monkeyracer": {"dsfb-alt": 0.04660935764893567, "alternate": 0.20979245194488325, "sfR": 0.09690789370786869, "dsfb": 0.0, "unknown": 0.009366642163379577, "bad-redirect": 0.040480277460625304, "sfb": 0.010047976914775483, "roll-in": 0.22644360855216855, "redirect": 0.1052178316154965, "oneh-out": 0.01595613650937642, "sfT": 2.9325742527800804e-06, "oneh-in": 0.01540872264885747, "dsfb-red": 0.03524856499366564, "roll-out": 0.18851760326571468, "sft": 0.0}, "chained-bigrams": {"dsfb-alt": 0.03849078214593902, "alternate": 0.1958867846366718, "sfR": 0.11914286586209158, "dsfb": 0.0, "unknown": 0.016087822355430687, "bad-redirect": 0.038873871914260616, "sfb": 0.011847213411518275, "roll-in": 0.2092020759569615, "redirect": 0.10034744294072692, "oneh-out": 0.011346599493931924, "sfT": 3.830897683215928e-05, "oneh-in": 0.019738213334251017, "dsfb-red": 0.042195065414201205, "roll-out": 0.1968029535571833, "sft": 0.0}, "english-5k": {"dsfb-alt": 0.02663126892603808, "alternate": 0.2374828887874891, "sfR": 0.10644211224955408, "dsfb": 0.0, "unknown": 0.0, "bad-redirect": 0.03969801302526237, "sfb": 0.008047455096030198, "roll-in": 0.23271249014808976, "redirect": 0.09109387314887792, "oneh-out": 0.009789687642593437, "sfT": 0.0, "oneh-in": 0.016717136101547268, "dsfb-red": 0.030986850292446178, "roll-out": 0.2003982245820716, "sft": 0.0}, "mt-quotes": {"dsfb-alt": 0.04892811465318368, "alternate": 0.20888615962037269, "sfR": 0.0964592223377679, "dsfb": 0.0, "unknown": 0.00522794372527223, "bad-redirect": 0.04144553615185092, "sfb": 0.010055461923715949, "roll-in": 0.22645557667252364, "redirect": 0.10681500340660523, "oneh-out": 0.016684894992887965, "sfT": 0.0, "oneh-in": 0.015374547280094669, "dsfb-red": 0.03599347366156273, "roll-out": 0.18767406557416239, "sft": 0.0}, "wordle": {"dsfb-alt": 0.03031526983058454, "alternate": 0.21622349377314035, "sfR": 0.13138112868843263, "dsfb": 0.0, "unknown": 0.0, "bad-redirect": 0.036530909906877594, "sfb": 0.012386401884887243, "roll-in": 0.22533378211601032, "redirect": 0.07775159878828677, "oneh-out": 0.014630315269830585, "sfT": 0.0, "oneh-in": 0.015213732749915854, "dsfb-red": 0.037204083922360597, "roll-out": 0.20302928306967352, "sft": 0.0}, "english-1k": {"dsfb-alt": 0.029992942836979536, "alternate": 0.21630204657727595, "sfR": 0.10832745236414962, "dsfb": 0.0, "unknown": 0.0, "bad-redirect": 0.04410726887791108, "sfb": 0.0035285815102328866, "roll-in": 0.2692307692307692, "redirect": 0.08892025405786874, "oneh-out": 0.010938602681721948, "sfT": 0.0, "oneh-in": 0.017642907551164433, "dsfb-red": 0.03211009174311927, "roll-out": 0.17889908256880735, "sft": 0.0}, "english-10k": {"dsfb-alt": 0.02693888577989618, "alternate": 0.23519422627892167, "sfR": 0.10567144593890508, "dsfb": 0.0, "unknown": 0.0, "bad-redirect": 0.04453792863896876, "sfb": 0.008182011153779355, "roll-in": 0.2193705254626503, "redirect": 0.09513517685880242, "oneh-out": 0.015167596148279654, "sfT": 0.0, "oneh-in": 0.016807857818259008, "dsfb-red": 0.034078848343335716, "roll-out": 0.1989154975782019, "sft": 0.0}, "reddit": {"dsfb-alt": 0.040727670184479633, "alternate": 0.20655212564265216, "sfR": 0.10397777127267367, "dsfb": 0.0, "unknown": 0.0331983180872297, "bad-redirect": 0.03675913216417509, "sfb": 0.015561832169437859, "roll-in": 0.21945863924334527, "redirect": 0.0967232067591153, "oneh-out": 0.014649706699089804, "sfT": 8.686374135506313e-05, "oneh-in": 0.013472008168712685, "dsfb-red": 0.034115313021301844, "roll-out": 0.18471741284643192, "sft": 0.0}, "akl": {"dsfb-alt": 0.03720811705019001, "alternate": 0.18820400760766837, "sfR": 0.13064861186637447, "dsfb": 0.0, "unknown": 0.12482253455870851, "bad-redirect": 0.029367530104298448, "sfb": 0.01616148967865861, "roll-in": 0.18731725176451194, "redirect": 0.07837733217836823, "oneh-out": 0.011322036342263838, "sfT": 0.00019103918025315062, "oneh-in": 0.01129782289210242, "dsfb-red": 0.029160480397816116, "roll-out": 0.15592174637878586, "sft": 0.0}, "french": {"dsfb-alt": 0.018373561741646498, "alternate": 0.1948685315969143, "sfR": 0.10898279115633469, "dsfb": 0.0, "unknown": 0.14988019847879508, "bad-redirect": 0.04097517804529049, "sfb": 0.012900860995762192, "roll-in": 0.1682535504747048, "redirect": 0.08675447731864286, "oneh-out": 0.012068470057515128, "sfT": 2.6502872025900963e-05, "oneh-in": 0.01150465853521398, "dsfb-red": 0.015408191496898841, "roll-out": 0.18000302723025527, "sft": 0.0}, "keymash": {"dsfb-alt": 0.04463226510900486, "alternate": 0.2085151449224795, "sfR": 0.099723742164827, "dsfb": 0.0, "unknown": 0.008566866300238493, "bad-redirect": 0.04030162593950241, "sfb": 0.009116919047834064, "roll-in": 0.22787782261209377, "redirect": 0.10481788738696211, "oneh-out": 0.015779125087741624, "sfT": 8.209742501426442e-06, "oneh-in": 0.016304548607832915, "dsfb-red": 0.03510896380735018, "roll-out": 0.18924687927163164, "sft": 0.0}, "movie": {"dsfb-alt": 0.05738086875365924, "alternate": 0.21213295224353917, "sfR": 0.11567713207251198, "dsfb": 0.0, "unknown": 0.02448311987944585, "bad-redirect": 0.03370418042905896, "sfb": 0.0102127818611856, "roll-in": 0.2193824139754799, "redirect": 0.08711869032778258, "oneh-out": 0.013442456015725416, "sfT": 1.1054218441094636e-05, "oneh-in": 0.01343166499296149, "dsfb-red": 0.03170165611931924, "roll-out": 0.18132102911088946, "sft": 0.0}, "dutch": {"dsfb-alt": 0.027566641679507207, "alternate": 0.16176233743538504, "sfR": 0.18880787437283908, "dsfb": 0.0, "unknown": 0.06758112760955366, "bad-redirect": 0.04173415668193378, "sfb": 0.03641263763812136, "roll-in": 0.1463380172034495, "redirect": 0.10521700403037634, "oneh-out": 0.010220337544332544, "sfT": 3.5431249408059655e-05, "oneh-in": 0.03204500098601438,