{"english-450k": {"redirect": 0.05340054177597978, "bad-redirect": 0.0018113770616984964, "alternate": 0.2546265248046981, "roll-in": 0.29180857638509244, "sfT": 0.0006457927581168461, "oneh-out": 0.004856162745621969, "dsfb-red": 0.02199028124289233, "dsfb-alt": 0.04203002863238693, "sfb": 0.04911182300659358, "unknown": 0.00015377410175167997, "sfR": 0.11369548401129392, "roll-out": 0.15146602849439952, "sft": 0.0, "oneh-in": 0.014403604979474374, "dsfb": 0.0}, "shai": {"redirect": 0.041972307689449546, "bad-redirect": 0.0011045953208924978, "alternate": 0.23331501597859572, "roll-in": 0.34411209416054395, "sfT": 0.00012617145663299824, "oneh-out": 0.0059174022249586875, "dsfb-red": 0.016642970733826413, "dsfb-alt": 0.04332663339766469, "sfb": 0.04502361413820084, "unknown": 0.024368391857526844, "sfR": 0.09823378925716947, "roll-out": 0.12866904691647627, "sft": 0.0, "oneh-in": 0.0171879668680621, "dsfb": 0.0}, "tr-quotes": {"redirect": 0.04359006957767966, "bad-redirect": 0.0007801484015626084, "alternate": 0.22976930722821942, "roll-in": 0.36410970620189087, "sfT": 0.00010633133769445921, "oneh-out": 0.006690783846882873, "dsfb-red": 0.01584105776565498, "dsfb-alt": 0.042512886895818405, "sfb": 0.04837729132474977, "unknown": 0.014823975405099282, "sfR": 0.09677191928064538, "roll-out": 0.12156561337000994, "sft": 0.0, "oneh-in": 0.01506090936409237, "dsfb": 0.0}, "gutenberg": {"redirect": 0.04212505631008224, "bad-redirect": 0.0010199276124184143, "alternate": 0.21264789802845568, "roll-in": 0.3693464014400226, "sfT": 0.00013317405489044303, "oneh-out": 0.005579670857387069, "dsfb-red": 0.01583142096906005, "dsfb-alt": 0.046874046896211, "sfb": 0.03881104931683415, "unknown": 0.038012004987491486, "sfR": 0.09863878308844841, "roll-out": 0.1196369027389906, "sft": 0.0, "oneh-in": 0.011343663699707851, "dsfb": 0.0}, "english-200": {"redirect": 0.0400890868596882, "bad-redirect": 0.0, "alternate": 0.24944320712694878, "roll-in": 0.39420935412026725, "sfT": 0.0, "oneh-out": 0.0066815144766146995, "dsfb-red": 0.011135857461024499, "dsfb-alt": 0.0378619153674833, "sfb": 0.0378619153674833, "unknown": 0.0, "sfR": 0.10690423162583519, "roll-out": 0.10690423162583519, "sft": 0.0, "oneh-in": 0.008908685968819599, "dsfb": 0.0}, "monkeyracer": {"redirect": 0.04353699735677307, "bad-redirect": 0.0007732220779830145, "alternate": 0.22951694636908207, "roll-in": 0.3649735286297449, "sfT": 0.00010850524735286297, "oneh-out": 0.0067908644446877395, "dsfb-red": 0.015863271658038382, "dsfb-alt": 0.04240893379420367, "sfb": 0.0480531617060544, "unknown": 0.014400894630652049, "sfR": 0.09690789370786869, "roll-out": 0.12166566307458905, "sft": 0.0, "oneh-in": 0.015000117302970111, "dsfb": 0.0}, "chained-bigrams": {"redirect": 0.0501068430870802, "bad-redirect": 0.0024783960096330846, "alternate": 0.24278281602146343, "roll-in": 0.3238874651079891, "sfT": 0.0002090761108466998, "oneh-out": 0.004048414755059545, "dsfb-red": 0.024040506223910126, "dsfb-alt": 0.05107495638295731, "sfb": 0.039199173564987935, "unknown": 0.023856103691362106, "sfR": 0.11914286586209158, "roll-out": 0.1019259026471503, "sft": 0.0, "oneh-in": 0.017247480535468592, "dsfb": 0.0}, "english-5k": {"redirect": 0.04152320902642386, "bad-redirect": 0.0013274152735719916, "alternate": 0.25635707470859087, "roll-in": 0.30982702119716266, "sfT": 4.148172729912474e-05, "oneh-out": 0.006139295640270461, "dsfb-red": 0.019289003194093, "dsfb-alt": 0.037209109387314886, "sfb": 0.047081760484506574, "unknown": 0.002157049819554486, "sfR": 0.10644211224955408, "roll-out": 0.14854606545816568, "sft": 0.0, "oneh-in": 0.024059401833492346, "dsfb": 0.0}, "mt-quotes": {"redirect": 0.04329675715088273, "bad-redirect": 0.0006828151707486164, "alternate": 0.23048373794241045, "roll-in": 0.3726064115896296, "sfT": 8.665925580617014e-05, "oneh-out": 0.007031352721100633, "dsfb-red": 0.015320758776490837, "dsfb-alt": 0.04249142372192539, "sfb": 0.047696955570696024, "unknown": 0.00888257372013244, "sfR": 0.0964592223377679, "roll-out": 0.12011421092265213, "sft": 0.0, "oneh-in": 0.014847121119757115, "dsfb": 0.0}, "wordle": {"redirect": 0.0478851116346909, "bad-redirect": 0.003635139683608213, "alternate": 0.2388870189610681, "roll-in": 0.26065297879501853, "sfT": 0.0005834174800852687, "oneh-out": 0.005452709525412319, "dsfb-red": 0.02270840345562661, "dsfb-alt": 0.051071468641310444, "sfb": 0.056950521709862, "unknown": 0.0, "sfR": 0.13138112868843263, "roll-out": 0.17168181308201502, "sft": 0.0, "oneh-in": 0.009110288342869964, "dsfb": 0.0}, "english-1k": {"redirect": 0.048694424841213835, "bad-redirect": 0.0017642907551164433, "alternate": 0.2244177840508116, "roll-in": 0.33980239943542695, "sfT": 0.0, "oneh-out": 0.008821453775582216, "dsfb-red": 0.017290049400141144, "dsfb-alt": 0.03493295695130558, "sfb": 0.04798870853916726, "unknown": 0.0, "sfR": 0.10832745236414962, "roll-out": 0.15419901199717714, "sft": 0.0, "oneh-in": 0.013761467889908258, "dsfb": 0.0}, "english-10k": {"redirect": 0.04268539781169796, "bad-redirect": 0.0016595588660967562, "alternate": 0.24920399066015708, "roll-in": 0.31788271164199844, "sfT": 3.859439223480828e-05, "oneh-out": 0.005596186874047201, "dsfb-red": 0.01883406341058644, "dsfb-alt": 0.03759093803670327, "sfb": 0.0489183921576195, "unknown": 0.0, "sfR": 0.10567144593890508, "roll-out": 0.15057602130410452, "sft": 0.0, "oneh-in": 0.02134269890584898, "dsfb": 0.0}, "reddit": {"redirect": 0.04081543290375299, "bad-redirect": 0.0014200479941836128, "alternate": 0.2270554146844672, "roll-in": 0.33694677507591214, "sfT": 0.00016649820195051987, "oneh-out": 0.006441588816115378, "dsfb-red": 0.01449924027001551, "dsfb-alt": 0.04328387643773258, "sfb": 0.0487102569822023, "unknown": 0.04606306667213545, "sfR": 0.10397777127267367, "roll-out": 0.11769741040046282, "sft": 0.0, "oneh-in": 0.012922620288395862, "dsfb": 0.0}, "akl": {"redirect": 0.03225001780800429, "bad-redirect": 0.0019389290830788923, "alternate": 0.1895550934190733, "roll-in": 0.28942981846361066, "sfT": 0.00019227456036342708, "oneh-out": 0.005137130527766984, "dsfb-red": 0.012492756657568422, "dsfb-alt": 0.038961887362340665, "sfb": 0.04685480500970354, "unknown": 0.13877677059433619, "sfR": 0.13064861186637447, "roll-out": 0.10523849840733561, "sft": 0.0, "oneh-in": 0.008523406240443563, "dsfb": 0.0}, "french": {"redirect": 0.03785230373405991, "bad-redirect": 0.004097832423134218, "alternate": 0.1784882734829117, "roll-in": 0.2268674310909971, "sfT": 0.00044466096197215405, "oneh-out": 0.006110432658561822, "dsfb-red": 0.027083133606700945, "dsfb-alt": 0.03088660287010373, "sfb": 0.06497178328057704, "unknown": 0.15852829986113484, "sfR": 0.10898279115633469, "roll-out": 0.13016415914889254, "sft": 0.0, "oneh-in": 0.02552229572461931, "dsfb": 0.0}, "keymash": {"redirect": 0.04406168800515572, "bad-redirect": 0.0009194911601597616, "alternate": 0.22520965629913017, "roll-in": 0.3654238484809924, "sfT": 0.00011904126627068341, "oneh-out": 0.006588318357394721, "dsfb-red": 0.015454840258935279, "dsfb-alt": 0.043852339571369345, "sfb": 0.04727990706571488, "unknown": 0.013447558217336513, "sfR": 0.099723742164827, "roll-out": 0.12286290140509742, "sft": 0.0, "oneh-in": 0.015056667747616097, "dsfb": 0.0}, "movie": {"redirect": 0.039488431826200314, "bad-redirect": 0.000780506780644432, "alternate": 0.22151969447193012, "roll-in": 0.34511335772016744, "sfT": 7.816911611916921e-05, "oneh-out": 0.006624898390018883, "dsfb-red": 0.016252596260857972, "dsfb-alt": 0.04505212524587411, "sfb": 0.05589907709119822, "unknown": 0.030359752959273494, "sfR": 0.11567713207251198, "roll-out": 0.10917869920537276, "sft": 0.0, "oneh-in": 0.013975558859831063, "dsfb": 0.0}, "dutch": {"redirect": 0.03447001539071792, "bad-redirect": 0.0014169630836146287, "alternate": 0.1841416899967219, "roll-in": 0.2901423235275438, "sfT": 0.00013778022290057205, "oneh-out": 0.004083379771101936, "dsfb-red": 0.021728697830936925,