{"english-450k": {"sft": 0.0, "dsfb-red": 0.011115002563876182, "sfT": 0.00014120321510658064, "dsfb-alt": 0.02997922587895347, "redirect": 0.030424469143150827, "oneh-in": 0.015234452882855123, "dsfb": 0.0, "roll-in": 0.23242429256604538, "alternate": 0.29994690992988954, "sfb": 0.016582753562092288, "unknown": 0.10006601177219683, "oneh-out": 0.005536744701663625, "sfR": 0.11369548401129392, "bad-redirect": 0.0025916490722978002, "roll-out": 0.14226180070057842}, "shai": {"sft": 0.0, "dsfb-red": 0.008270390165074484, "sfT": 2.734056779826067e-05, "dsfb-alt": 0.024988891926729755, "redirect": 0.020243031483763017, "oneh-in": 0.013851926054756067, "dsfb": 0.0, "roll-in": 0.26631400533744853, "alternate": 0.2922553313333125, "sfb": 0.007976746119450723, "unknown": 0.12163952529590824, "oneh-out": 0.00655285368337517, "sfR": 0.09823378925716947, "bad-redirect": 0.002304213048355649, "roll-out": 0.13734195572685812}, "tr-quotes": {"sft": 0.0, "dsfb-red": 0.008859018515522064, "sfT": 2.080395737500289e-05, "dsfb-alt": 0.024978618154920137, "redirect": 0.022016365779801667, "oneh-in": 0.010861977300570954, "dsfb": 0.0, "roll-in": 0.2703508934143917, "alternate": 0.2871096368553663, "sfb": 0.005589329881417443, "unknown": 0.12022953699637086, "oneh-out": 0.008936455467973463, "sfR": 0.09677191928064538, "bad-redirect": 0.0020803957375002888, "roll-out": 0.14219504865814475}, "gutenberg": {"sft": 0.0, "dsfb-red": 0.006068607181245153, "sfT": 0.00015306491657393736, "dsfb-alt": 0.030079718784891886, "redirect": 0.01958662621812584, "oneh-in": 0.0107179540221785, "dsfb": 0.0, "roll-in": 0.2751150544270807, "alternate": 0.27281775462102603, "sfb": 0.006696968973665636, "unknown": 0.12756843119447844, "oneh-out": 0.007767476205793507, "sfR": 0.09863878308844841, "bad-redirect": 0.003514431104306542, "roll-out": 0.14127512926218544}, "english-200": {"sft": 0.0, "dsfb-red": 0.004454342984409799, "sfT": 0.0, "dsfb-alt": 0.028953229398663696, "redirect": 0.017817371937639197, "oneh-in": 0.0066815144766146995, "dsfb": 0.0, "roll-in": 0.2717149220489978, "alternate": 0.30066815144766146, "sfb": 0.0, "unknown": 0.11581291759465479, "oneh-out": 0.0066815144766146995, "sfR": 0.10690423162583519, "bad-redirect": 0.0022271714922048997, "roll-out": 0.13808463251670378}, "monkeyracer": {"sft": 0.0, "dsfb-red": 0.008847576520637503, "sfT": 1.8572970267607176e-05, "dsfb-alt": 0.025000195504950185, "redirect": 0.021833015311947698, "oneh-in": 0.01073419928992602, "dsfb": 0.0, "roll-in": 0.2706502103633264, "alternate": 0.2867519980605909, "sfb": 0.005539632763501572, "unknown": 0.12058940832381876, "oneh-out": 0.008971722164005193, "sfR": 0.09690789370786869, "bad-redirect": 0.0021300264322692652, "roll-out": 0.14202554858689023}, "chained-bigrams": {"sft": 0.0, "dsfb-red": 0.011184922625606369, "sfT": 2.5972187682819852e-05, "dsfb-alt": 0.03758370349111654, "redirect": 0.030763407005608045, "oneh-in": 0.013223090054015658, "dsfb": 0.0, "roll-in": 0.262111318095018, "alternate": 0.2771277877085323, "sfb": 0.009048710188694437, "unknown": 0.11246931223699101, "oneh-out": 0.004417219820155587, "sfR": 0.11914286586209158, "bad-redirect": 0.006185925801355618, "roll-out": 0.11671576492313207}, "english-5k": {"sft": 0.0, "dsfb-red": 0.008005973368731075, "sfT": 0.0, "dsfb-alt": 0.024017920106193223, "redirect": 0.02161197992284399, "oneh-in": 0.02505496328867134, "dsfb": 0.0, "roll-in": 0.26021487534740945, "alternate": 0.30928775874227404, "sfb": 0.009665242460696064, "unknown": 0.10739619197743394, "oneh-out": 0.004106691002613349, "sfR": 0.10644211224955408, "bad-redirect": 0.0018251960011614883, "roll-out": 0.12237109553241797}, "mt-quotes": {"sft": 0.0, "dsfb-red": 0.008855679468330524, "sfT": 5.9765004004255265e-06, "dsfb-alt": 0.024913041919173807, "redirect": 0.021449659937127215, "oneh-in": 0.01026165118753063, "dsfb": 0.0, "roll-in": 0.2747920177860652, "alternate": 0.2880972018025125, "sfb": 0.004867859576146592, "unknown": 0.11604869652526267, "oneh-out": 0.009124621986349673, "sfR": 0.0964592223377679, "bad-redirect": 0.0020768338891478705, "roll-out": 0.143047537084185}, "wordle": {"sft": 0.0, "dsfb-red": 0.012521036687983845, "sfT": 0.00026926960619320093, "dsfb-alt": 0.037181644788511166, "redirect": 0.02735330416245933, "oneh-in": 0.006933692359474925, "dsfb": 0.0, "roll-in": 0.1817345450465612, "alternate": 0.2747671939863121, "sfb": 0.021070346684617974, "unknown": 0.13034892853135868, "oneh-out": 0.013239088971165713, "sfR": 0.13138112868843263, "bad-redirect": 0.0022439133849433412, "roll-out": 0.16095590710198587}, "english-1k": {"sft": 0.0, "dsfb-red": 0.007057163020465773, "sfT": 0.0, "dsfb-alt": 0.025405786873676783, "redirect": 0.022582921665490474, "oneh-in": 0.013761467889908258, "dsfb": 0.0, "roll-in": 0.2671136203246295, "alternate": 0.28793225123500354, "sfb": 0.0077628793225123505, "unknown": 0.11538461538461539, "oneh-out": 0.007057163020465773, "sfR": 0.10832745236414962, "bad-redirect": 0.0014114326040931546, "roll-out": 0.13620324629498942}, "english-10k": {"sft": 0.0, "dsfb-red": 0.007506609289670211, "sfT": 7.718878446961657e-05, "dsfb-alt": 0.026224889523552227, "redirect": 0.022635611045715057, "oneh-in": 0.022172478338897357, "dsfb": 0.0, "roll-in": 0.26300148588410105, "alternate": 0.30344840894618014, "sfb": 0.009783678431523899, "unknown": 0.09386156191505374, "oneh-out": 0.006676829856621833, "sfR": 0.10567144593890508, "bad-redirect": 0.001775342042801181, "roll-out": 0.13716447000250864}, "reddit": {"sft": 0.0, "dsfb-red": 0.009579321410264118, "sfT": 3.948011357836849e-05, "dsfb-alt": 0.024649262828742646, "redirect": 0.02162570043021712, "oneh-in": 0.010981352388668607, "dsfb": 0.0, "roll-in": 0.2556847149593859, "alternate": 0.2805797733339551, "sfb": 0.007664685731366295, "unknown": 0.14323111767115276, "oneh-out": 0.006677682891907083, "sfR": 0.10397777127267367, "bad-redirect": 0.0019475232877420427, "roll-out": 0.1333616136803463}, "akl": {"sft": 0.0, "dsfb-red": 0.007988881974329147, "sfT": 0.00011587865434393126, "dsfb-alt": 0.02179324169497808, "redirect": 0.018322317737145356, "oneh-in": 0.008093345716454124, "dsfb": 0.0, "roll-in": 0.21485162603077337, "alternate": 0.23772352751523823, "sfb": 0.015197324917792248, "unknown": 0.2270682999412972, "oneh-out": 0.005890934763455469, "sfR": 0.13064861186637447, "bad-redirect": 0.0021027899009059613, "roll-out": 0.11020321928691242}, "french": {"sft": 0.0, "dsfb-red": 0.005409372515215293, "sfT": 4.7567336733881034e-05, "dsfb-alt": 0.017448972570246583, "redirect": 0.018600476665165035, "oneh-in": 0.014371148646908529, "dsfb": 0.0, "roll-in": 0.18408216231913943, "alternate": 0.2094679884783071, "sfb": 0.014556818569473249, "unknown": 0.3017055189931282, "oneh-out": 0.00384096880477126, "sfR": 0.10898279115633469, "bad-redirect": 0.0011237127847951959, "roll-out": 0.12036250115978156}, "keymash": {"sft": 0.0, "dsfb-red": 0.008378042222705684, "sfT": 2.462922750427933e-05, "dsfb-alt": 0.02581553529573545, "redirect": 0.021456162027478007, "oneh-in": 0.011115991346931404, "dsfb": 0.0, "roll-in": 0.26941501479806085, "alternate": 0.28385595185807, "sfb": 0.0059602730560355975, "unknown": 0.12208708073871263, "oneh-out": 0.008940409584053396, "sfR": 0.099723742164827, "bad-redirect": 0.002187896376630147, "roll-out": 0.14103927130325558}, "movie": {"sft": 0.0, "dsfb-red": 0.012669713507557466, "sfT": 1.4607360082875054e-05, "dsfb-alt": 0.028369467248522122, "redirect": 0.022633117464625513, "oneh-in": 0.007656625444521049, "dsfb": 0.0, "roll-in": 0.23702152506366375, "alternate": 0.2717394036433388, "sfb": 0.005307472427949854, "unknown": 0.1453913976335287, "oneh-out": 0.009435038635151442, "sfR": 0.11567713207251198, "bad-redirect": 0.001916064529789737, "roll-out": 0.1421684349687567}, "dutch": {"sft": 0.0, "dsfb-red": 0.00835759698524536, "sfT": 4.837728284561991e-05, "dsfb-alt": 0.019544207100099627, "redirect": 0.029330529769977676, "oneh-in": 0.005224065177146026,