{"english-450k": {"sfR": 0.11369548401129392, "alternate": 0.36441889468578925, "redirect": 0.03161811868203316, "sfT": 1.1986194243001671e-05, "sfb": 0.0328243391075606, "oneh-out": 0.004053087731340857, "dsfb": 0.0, "roll-out": 0.16861593368652653, "roll-in": 0.22659169350892036, "oneh-in": 0.0045670323527846855, "sft": 0.0, "bad-redirect": 0.005465412228607713, "unknown": 0.00015377410175167997, "dsfb-alt": 0.03297752851691018, "dsfb-red": 0.015006715192238092}, "shai": {"sfR": 0.09823378925716947, "alternate": 0.33662974245061283, "redirect": 0.025301891886787137, "sfT": 4.140950380430222e-05, "sfb": 0.017199427148533595, "oneh-out": 0.00946952022102821, "dsfb": 0.0, "roll-out": 0.22135095535622779, "roll-in": 0.20961897992744066, "oneh-in": 0.009778452381431574, "sft": 0.0, "bad-redirect": 0.00714433729776727, "unknown": 0.024097749651430984, "dsfb-alt": 0.029715272602181115, "dsfb-red": 0.011418472315585083}, "tr-quotes": {"sfR": 0.09677191928064538, "alternate": 0.3378493331175886, "redirect": 0.02615982062365641, "sfT": 1.1557754097223828e-05, "sfb": 0.01676798964425233, "oneh-out": 0.012841820577425394, "dsfb": 0.0, "roll-out": 0.24256142946302675, "roll-in": 0.190761887150089, "oneh-in": 0.018154920135919187, "sft": 0.0, "bad-redirect": 0.005430988650285477, "unknown": 0.013894731975682485, "dsfb-alt": 0.026171378377753636, "dsfb-red": 0.012622223249578141}, "gutenberg": {"sfR": 0.09863878308844841, "alternate": 0.31528322882106297, "redirect": 0.02951443943952477, "sfT": 9.149796374407395e-05, "sfb": 0.017294062331519665, "oneh-out": 0.013196165951163956, "dsfb": 0.0, "roll-out": 0.26169895237673063, "roll-in": 0.17712774441796117, "oneh-in": 0.00936878528970377, "sft": 0.0, "bad-redirect": 0.005043375339044473, "unknown": 0.03298207965968062, "dsfb-alt": 0.026018762576234096, "dsfb-red": 0.013742122745181391}, "english-200": {"sfR": 0.10690423162583519, "alternate": 0.35412026726057905, "redirect": 0.024498886414253896, "sfT": 0.0, "sfb": 0.011135857461024499, "oneh-out": 0.011135857461024499, "dsfb": 0.0, "roll-out": 0.26948775055679286, "roll-in": 0.1714922048997773, "oneh-in": 0.008908685968819599, "sft": 0.0, "bad-redirect": 0.004454342984409799, "unknown": 0.0, "dsfb-alt": 0.031180400890868598, "dsfb-red": 0.0066815144766146995}, "monkeyracer": {"sfR": 0.09690789370786869, "alternate": 0.3376126108513068, "redirect": 0.02625240471088728, "sfT": 1.1730297011120321e-05, "sfb": 0.016668752052801977, "oneh-out": 0.012902349187481427, "dsfb": 0.0, "roll-out": 0.24291685565478519, "roll-in": 0.1905880006881774, "oneh-in": 0.01856319502009791, "sft": 0.0, "bad-redirect": 0.005424284842892222, "unknown": 0.013491796612290222, "dsfb-alt": 0.025991405602389852, "dsfb-red": 0.012668720772009947}, "chained-bigrams": {"sfR": 0.11914286586209158, "alternate": 0.3218830615235675, "redirect": 0.03055043506660892, "sfT": 5.648950821013318e-05, "sfb": 0.018964891445995054, "oneh-out": 0.009594775434725724, "dsfb": 0.0, "roll-out": 0.210192265612369, "roll-in": 0.1915072244886563, "oneh-in": 0.007863729125665781, "sft": 0.0, "bad-redirect": 0.005291183935682475, "unknown": 0.023147712272313194, "dsfb-alt": 0.04254309272915099, "dsfb-red": 0.019262272994963345}, "english-5k": {"sfR": 0.10644211224955408, "alternate": 0.36649106068776705, "redirect": 0.023851993196996723, "sfT": 0.0, "sfb": 0.01796158792052101, "oneh-out": 0.006097813912971336, "dsfb": 0.0, "roll-out": 0.17845439084083461, "roll-in": 0.24208736051769195, "oneh-in": 0.0053096610942879666, "sft": 0.0, "bad-redirect": 0.006429667731364334, "unknown": 0.002157049819554486, "dsfb-alt": 0.033226863566598916, "dsfb-red": 0.011490438461857553}, "mt-quotes": {"sfR": 0.0964592223377679, "alternate": 0.3386852894419144, "redirect": 0.026181554129164127, "sfT": 4.482375300319145e-06, "sfb": 0.01580784355912552, "oneh-out": 0.01354872640776467, "dsfb": 0.0, "roll-out": 0.24949946809146437, "roll-in": 0.18852721100632314, "oneh-in": 0.01996151133742126, "sft": 0.0, "bad-redirect": 0.005335520732479889, "unknown": 0.007995063410669249, "dsfb-alt": 0.02530450269540168, "dsfb-red": 0.0126896044752035}, "wordle": {"sfR": 0.13138112868843263, "alternate": 0.32126107932233816, "redirect": 0.03682261864692023, "sfT": 0.0, "sfb": 0.029417704476607204, "oneh-out": 0.008706383933580164, "dsfb": 0.0, "roll-out": 0.2071132054302704, "roll-in": 0.196634129922585, "oneh-in": 0.005362952990014586, "sft": 0.0, "bad-redirect": 0.006215640076293055, "unknown": 0.0, "dsfb-alt": 0.038752384157971505, "dsfb-red": 0.018332772354987096}, "english-1k": {"sfR": 0.10832745236414962, "alternate": 0.35885673959068454, "redirect": 0.027875793930839804, "sfT": 0.0, "sfb": 0.013761467889908258, "oneh-out": 0.011291460832745237, "dsfb": 0.0, "roll-out": 0.23288637967537051, "roll-in": 0.19760056457304165, "oneh-in": 0.0056457304163726185, "sft": 0.0, "bad-redirect": 0.00529287226534933, "unknown": 0.0, "dsfb-alt": 0.02928722653493296, "dsfb-red": 0.009174311926605505}, "english-10k": {"sfR": 0.10567144593890508, "alternate": 0.3561297543466934, "redirect": 0.02585824279732155, "sfT": 1.929719611740414e-05, "sfb": 0.02012697555045252, "oneh-out": 0.005750564442986434, "dsfb": 0.0, "roll-out": 0.17458173327415527, "roll-in": 0.25597730649736594, "oneh-in": 0.00461202987205959, "sft": 0.0, "bad-redirect": 0.008413577507188205, "unknown": 0.0, "dsfb-alt": 0.030779027807259607, "dsfb-red": 0.012080044769494992}, "reddit": {"sfR": 0.10397777127267367, "alternate": 0.32014420354957684, "redirect": 0.02543066192680559, "sfT": 7.397839119286317e-05, "sfb": 0.0177721192112143, "oneh-out": 0.01199225305778911, "dsfb": 0.0, "roll-out": 0.22613501112578818, "roll-in": 0.1898930534665244, "oneh-in": 0.013318470231750888, "sft": 0.0, "bad-redirect": 0.005679517743295732, "unknown": 0.045186413372146704, "dsfb-alt": 0.028241503675415034, "dsfb-red": 0.01215504297582667}, "akl": {"sfR": 0.13064861186637447, "alternate": 0.27245730174255556, "redirect": 0.02195023379939201, "sfT": 0.00010191885909780735, "sfb": 0.018869862909622087, "oneh-out": 0.006976339728344361, "dsfb": 0.0, "roll-out": 0.19210452264504863, "roll-in": 0.16361764560616185, "oneh-in": 0.01251536411358648, "sft": 0.0, "bad-redirect": 0.00541390508767332, "unknown": 0.13913013872107965, "dsfb-alt": 0.02259287853275782, "dsfb-red": 0.013621276388305962}, "french": {"sfR": 0.10898279115633469, "alternate": 0.25667544647338986, "redirect": 0.018367539042633264, "sfT": 0.0002642796283419406, "sfb": 0.04158709625050581, "oneh-out": 0.006983694051804171, "dsfb": 0.0, "roll-out": 0.1662282456403637, "roll-in": 0.19514096134531395, "oneh-in": 0.0032028024187818437, "sft": 0.0, "bad-redirect": 0.007579087289328947, "unknown": 0.15842279775553483, "dsfb-alt": 0.027806576616529494, "dsfb-red": 0.008758682331137491}, "keymash": {"sfR": 0.099723742164827, "alternate": 0.3344156510531047, "redirect": 0.026451790339596, "sfT": 4.104871250713221e-06, "sfb": 0.01653852626912357, "oneh-out": 0.011986224052082606, "dsfb": 0.0, "roll-out": 0.24457643885999517, "roll-in": 0.1919027309708431, "oneh-in": 0.017728938931830404, "sft": 0.0, "bad-redirect": 0.005623673613477113, "unknown": 0.012376186820900362, "dsfb-alt": 0.02570059890071548, "dsfb-red": 0.01297139315225378}, "movie": {"sfR": 0.11567713207251198, "alternate": 0.3163056696691591, "redirect": 0.02744788758491515, "sfT": 1.7634110370317633e-05, "sfb": 0.01836697873339449, "oneh-out": 0.01108474913964623, "dsfb": 0.0, "roll-out": 0.23443075841545147, "roll-in": 0.17167464434697138, "oneh-in": 0.028555151798764795, "sft": 0.0, "bad-redirect": 0.005948880293210512, "unknown": 0.03028145224531574, "dsfb-alt": 0.025374432040178398, "dsfb-red": 0.014834629550110418}, "dutch": {"sfR": 0.18880787437283908, "alternate": 0.3031729544523041, "redirect": 0.025090524511234343, "sfT": 4.558007894498363e-05, "sfb": 0.029367467206101464, "oneh-out": 0.003952861519866477, "dsfb": 0.0, "roll-out": 0.15066075514679242, "roll-in": 0.18214461192722722,