{"english-450k": {"dsfb-red": 0.005791378242777149, "sft": 0.0, "unknown": 0.20329784055555133, "oneh-out": 0.0018923569593890198, "sfT": 0.0010688177110344905, "sfb": 0.029665246059027036, "alternate": 0.265009200134947, "dsfb-alt": 0.048140941272910444, "sfR": 0.11369548401129392, "roll-in": 0.19204163477656858, "oneh-in": 0.006704667774853666, "bad-redirect": 0.006070568864778773, "redirect": 0.013066121109676017, "dsfb": 0.0, "roll-out": 0.11355574252719258}, "shai": {"dsfb-red": 0.0038503446057183586, "sft": 0.0, "unknown": 0.24920558311114607, "oneh-out": 0.0016870376603162031, "sfT": 0.0010973808788800462, "sfb": 0.016606174757317627, "alternate": 0.22686206141688545, "dsfb-alt": 0.04414826313082632, "sfR": 0.09823378925716947, "roll-in": 0.1823913351764736, "oneh-in": 0.012756170747574106, "bad-redirect": 0.002542800528728806, "redirect": 0.012898148953766574, "dsfb": 0.0, "roll-out": 0.14772090977519736}, "tr-quotes": {"dsfb-red": 0.0024329072374656155, "sft": 0.0, "unknown": 0.2535563209357158, "oneh-out": 0.001696678301472458, "sfT": 0.0007339173851737131, "sfb": 0.012793278010217055, "alternate": 0.22881463673978872, "dsfb-alt": 0.03994359816000555, "sfR": 0.09677191928064538, "roll-in": 0.1716615427290169, "oneh-in": 0.021839532142114145, "bad-redirect": 0.0013938651441251935, "redirect": 0.010613485587480641, "dsfb": 0.0, "roll-out": 0.15774831834677885}, "gutenberg": {"dsfb-red": 0.0026206683859948633, "sft": 0.0, "unknown": 0.2634057777459524, "oneh-out": 0.0016384386923861192, "sfT": 0.0007424027327391839, "sfb": 0.014553291028312085, "alternate": 0.20830846975622896, "dsfb-alt": 0.04548073939447671, "sfR": 0.09863878308844841, "roll-in": 0.17643175369581682, "oneh-in": 0.01295501293284883, "bad-redirect": 0.0009104331547702265, "redirect": 0.009686660203083803, "dsfb": 0.0, "roll-out": 0.16462756918894159}, "english-200": {"dsfb-red": 0.0, "sft": 0.0, "unknown": 0.19821826280623608, "oneh-out": 0.0022271714922048997, "sfT": 0.0, "sfb": 0.004454342984409799, "alternate": 0.24721603563474387, "dsfb-alt": 0.04899777282850779, "sfR": 0.10690423162583519, "roll-in": 0.18040089086859687, "oneh-in": 0.015590200445434299, "bad-redirect": 0.0, "redirect": 0.011135857461024499, "dsfb": 0.0, "roll-out": 0.18485523385300667}, "monkeyracer": {"dsfb-red": 0.00243012653080376, "sft": 0.0, "unknown": 0.25357871811314264, "oneh-out": 0.0016969829676087398, "sfT": 0.0006920875236560989, "sfb": 0.012736169979823889, "alternate": 0.2283937704302673, "dsfb-alt": 0.03997294211489435, "sfR": 0.09690789370786869, "roll-in": 0.17170711012402834, "oneh-in": 0.022218160063812817, "bad-redirect": 0.0013929727700705383, "redirect": 0.010550424636751803, "dsfb": 0.0, "roll-out": 0.15772264103727107}, "chained-bigrams": {"dsfb-red": 0.007917621415107632, "sft": 0.0, "unknown": 0.22568532486986312, "oneh-out": 0.0030841972873348576, "sfT": 0.0006570963483753423, "sfb": 0.01959796352076379, "alternate": 0.2473188586002679, "dsfb-alt": 0.048040106252219814, "sfR": 0.11914286586209158, "roll-in": 0.16481300998825407, "oneh-in": 0.006372925552671921, "bad-redirect": 0.004036077965910205, "redirect": 0.021840661927175285, "dsfb": 0.0, "roll-out": 0.1314932904099645}, "english-5k": {"dsfb-red": 0.005143734185091467, "sft": 0.0, "unknown": 0.21611979922843988, "oneh-out": 0.0018666777284606132, "sfT": 0.0017837142738623636, "sfb": 0.01937196664869125, "alternate": 0.24971999834073091, "dsfb-alt": 0.044883228937652966, "sfR": 0.10644211224955408, "roll-in": 0.2123034803169204, "oneh-in": 0.009831169369892562, "bad-redirect": 0.004438544821006347, "redirect": 0.011448956734558428, "dsfb": 0.0, "roll-out": 0.11664661716513876}, "mt-quotes": {"dsfb-red": 0.0021859050214556365, "sft": 0.0, "unknown": 0.24743608132821746, "oneh-out": 0.0016465258603172326, "sfT": 0.000618567791444042, "sfb": 0.011854388544244032, "alternate": 0.23080796308913354, "dsfb-alt": 0.03981395154253475, "sfR": 0.0964592223377679, "roll-in": 0.17178105688433082, "oneh-in": 0.023539940952176045, "bad-redirect": 0.001174382328683616, "redirect": 0.010393134196339991, "dsfb": 0.0, "roll-out": 0.16228888012335496}, "wordle": {"dsfb-red": 0.006058566139347021, "sft": 0.0, "unknown": 0.1876360372489622, "oneh-out": 0.003410748345113879, "sfT": 0.0013014697632671378, "sfb": 0.04216313250308538, "alternate": 0.25060024683047233, "dsfb-alt": 0.06305396611690789, "sfR": 0.13138112868843263, "roll-in": 0.16295299001458544, "oneh-in": 0.0032985526758667117, "bad-redirect": 0.0021990351172444743, "redirect": 0.015684954560753955, "dsfb": 0.0, "roll-out": 0.13025917199596096}, "english-1k": {"dsfb-red": 0.004234297812279464, "sft": 0.0, "unknown": 0.22477064220183487, "oneh-out": 0.0024700070571630206, "sfT": 0.0014114326040931546, "sfb": 0.015525758645024701, "alternate": 0.2335920959774171, "dsfb-alt": 0.046224417784050814, "sfR": 0.10832745236414962, "roll-in": 0.1930134086097389, "oneh-in": 0.011997177134791814, "bad-redirect": 0.0007057163020465773, "redirect": 0.010938602681721948, "dsfb": 0.0, "roll-out": 0.14678899082568808}, "english-10k": {"dsfb-red": 0.0047278130487640145, "sft": 0.0, "unknown": 0.21190251056521486, "oneh-out": 0.0018718280233882016, "sfT": 0.001640261669979352, "sfb": 0.022635611045715057, "alternate": 0.24816194206981726, "dsfb-alt": 0.045869435171069645, "sfR": 0.10567144593890508, "roll-in": 0.21591632735763494, "oneh-in": 0.008066227977074932, "bad-redirect": 0.004110302773007082, "redirect": 0.014202736342409449, "dsfb": 0.0, "roll-out": 0.11522355801702013}, "reddit": {"dsfb-red": 0.0031309902597615423, "sft": 0.0, "unknown": 0.2550608617415038, "oneh-out": 0.001342548606144102, "sfT": 0.00080537184255076, "sfb": 0.01595974227052231, "alternate": 0.22131720117458956, "dsfb-alt": 0.04239006764246974, "sfR": 0.10397777127267367, "roll-in": 0.1681541567334289, "oneh-in": 0.016417808977305864, "bad-redirect": 0.0018452270921229495, "redirect": 0.011672254376290056, "dsfb": 0.0, "roll-out": 0.15792599801063678}, "akl": {"dsfb-red": 0.005084478627467002, "sft": 0.0, "unknown": 0.2967618488333058, "oneh-out": 0.0012646092036855934, "sfT": 0.0008730678315345746, "sfb": 0.021038968014847687, "alternate": 0.19554710698315161, "dsfb-alt": 0.03742717465134423, "sfR": 0.13064861186637447, "roll-in": 0.1492702127890354, "oneh-in": 0.014999219363308317, "bad-redirect": 0.0013768805481075175, "redirect": 0.011727389264047748, "dsfb": 0.0, "roll-out": 0.13398043202379006}, "french": {"dsfb-red": 0.005939130318966484, "sft": 0.0, "unknown": 0.3813931530571722, "oneh-out": 0.0009280799397334578, "sfT": 0.007188450836415809, "sfb": 0.030743781005195356, "alternate": 0.17627189028236465, "dsfb-alt": 0.029630091070250546, "sfR": 0.10898279115633469, "roll-in": 0.16563484498733833, "oneh-in": 0.0056867612521059405, "bad-redirect": 0.0024295447964682053, "redirect": 0.008978091353646998, "dsfb": 0.0, "roll-out": 0.07619338994400733}, "keymash": {"dsfb-red": 0.0025860688879493295, "sft": 0.0, "unknown": 0.25059007524229004, "oneh-out": 0.0017363605390516925, "sfT": 0.0008702327051512029, "sfb": 0.013414719247330807, "alternate": 0.22517271245787376, "dsfb-alt": 0.04222681055608691, "sfR": 0.099723742164827, "roll-in": 0.17471153017285612, "oneh-in": 0.021402798701218737, "bad-redirect": 0.001243775988966106, "redirect": 0.010762972419370067, "dsfb": 0.0, "roll-out": 0.15555820091702824}, "movie": {"dsfb-red": 0.001941594510475122, "sft": 0.0, "unknown": 0.2872879514677699, "oneh-out": 0.0010927884516053555, "sfT": 0.00045927645665976523, "sfb": 0.011160681092509464, "alternate": 0.21261170518030945, "dsfb-alt": 0.037261401603835495, "sfR": 0.11567713207251198, "roll-in": 0.14634561356110462, "oneh-in": 0.03089719853205243, "bad-redirect": 0.0011045006592393723, "redirect": 0.009294228947866068, "dsfb": 0.0, "roll-out": 0.14486592746406096}, "dutch": {"dsfb-red": 0.004562239561937786, "sft": 0.0, "unknown": 0.2677494690781481, "oneh-out": 0.0012720822661970567, "sfT": 0.0005393403597899931,