{"english-450k": {"roll-in": 0.2535606305556741, "roll-out": 0.17484729296188214, "sfT": 8.419570590206051e-05, "oneh-in": 0.016012093777644988, "oneh-out": 0.00620767923307067, "sfR": 0.11369548401129392, "bad-redirect": 0.0023408160317979114, "sft": 0.0, "alternate": 0.31367490283874006, "sfb": 0.0254709551125796, "unknown": 0.00015377410175167997, "dsfb": 0.0, "dsfb-red": 0.01883089584815772, "redirect": 0.04153040897479449, "dsfb-alt": 0.033590870846710606}, "shai": {"roll-in": 0.26991321459744805, "roll-out": 0.18970978281433215, "sfT": 2.8137872012083105e-05, "oneh-in": 0.015398436912181663, "oneh-out": 0.009026540322073746, "sfR": 0.09823378925716947, "bad-redirect": 0.0020973396977303615, "sft": 0.0, "alternate": 0.3046246663320569, "sfb": 0.013466421726555308, "unknown": 0.024052709704167625, "dsfb": 0.0, "dsfb-red": 0.01292531535316861, "redirect": 0.028944643245842484, "dsfb-alt": 0.0315790021652615}, "tr-quotes": {"roll-in": 0.2884434016781859, "roll-out": 0.19241349021058227, "sfT": 1.0401978687501445e-05, "oneh-in": 0.011917200249647488, "oneh-out": 0.012149511107001687, "sfR": 0.09677191928064538, "bad-redirect": 0.002718383763667044, "sft": 0.0, "alternate": 0.29369177781373523, "sfb": 0.009950070502299993, "unknown": 0.013890108874043596, "dsfb": 0.0, "dsfb-red": 0.014565081713321467, "redirect": 0.032437992649268395, "dsfb-alt": 0.031040660178914034}, "gutenberg": {"roll-in": 0.2895279728029407, "roll-out": 0.18460386685928598, "sfT": 1.894367779380413e-05, "oneh-in": 0.012637895766580549, "oneh-out": 0.011334002424033011, "sfR": 0.09863878308844841, "bad-redirect": 0.003430131738124114, "sft": 0.0, "alternate": 0.2835430966775441, "sfb": 0.011812519725104503, "unknown": 0.03296484091288825, "dsfb": 0.0, "dsfb-red": 0.010693327241046555, "redirect": 0.028726950753636335, "dsfb-alt": 0.03206766833257369}, "english-200": {"roll-in": 0.29175946547884185, "roll-out": 0.1915367483296214, "sfT": 0.0, "oneh-in": 0.008908685968819599, "oneh-out": 0.008908685968819599, "sfR": 0.10690423162583519, "bad-redirect": 0.0022271714922048997, "sft": 0.0, "alternate": 0.30957683741648107, "sfb": 0.0, "unknown": 0.0, "dsfb": 0.0, "dsfb-red": 0.013363028953229399, "redirect": 0.0334075723830735, "dsfb-alt": 0.0334075723830735}, "monkeyracer": {"roll-in": 0.2894919999374384, "roll-out": 0.192553802962291, "sfT": 8.797722758340242e-06, "oneh-in": 0.01179579116943241, "oneh-out": 0.012212216713327182, "sfR": 0.09690789370786869, "bad-redirect": 0.002812338708416097, "sft": 0.0, "alternate": 0.2929407072587078, "sfb": 0.00981532602405493, "unknown": 0.013484953939033737, "dsfb": 0.0, "dsfb-red": 0.014588579382829973, "redirect": 0.03236975460218653, "dsfb-alt": 0.03101783787165491}, "chained-bigrams": {"roll-in": 0.27099315697785026, "roll-out": 0.1546403533775856, "sfT": 4.2854109676652756e-05, "oneh-in": 0.013609426345797603, "oneh-out": 0.006448894201644169, "sfR": 0.11914286586209158, "bad-redirect": 0.005406110866178952, "sft": 0.0, "alternate": 0.2875218572191968, "sfb": 0.014264574780096734, "unknown": 0.023120441475246233, "dsfb": 0.0, "dsfb-red": 0.021437443713399507, "redirect": 0.042227530648804724, "dsfb-alt": 0.04114449042243114}, "english-5k": {"roll-in": 0.2519185298875845, "roll-out": 0.18069440411498736, "sfT": 0.0, "oneh-in": 0.027046086199029328, "oneh-out": 0.006720039822458207, "sfR": 0.10644211224955408, "bad-redirect": 0.0018251960011614883, "sft": 0.0, "alternate": 0.32700045629900026, "sfb": 0.017214916829136766, "unknown": 0.002157049819554486, "dsfb": 0.0, "dsfb-red": 0.014352677645497159, "redirect": 0.029949807109968057, "dsfb-alt": 0.03467872402206828}, "mt-quotes": {"roll-in": 0.2955424271763426, "roll-out": 0.19361022459688504, "sfT": 1.4941251001063816e-06, "oneh-in": 0.01135983313610882, "oneh-out": 0.012443073833685947, "sfR": 0.0964592223377679, "bad-redirect": 0.002853778941203189, "sft": 0.0, "alternate": 0.29248096484622466, "sfb": 0.008982680101839566, "unknown": 0.00799058103536893, "dsfb": 0.0, "dsfb-red": 0.014648402481442967, "redirect": 0.03231194941490061, "dsfb-alt": 0.03131536797312966}, "wordle": {"roll-in": 0.20401660495904858, "roll-out": 0.20944687535061146, "sfT": 0.0005834174800852687, "oneh-in": 0.0077639403119039605, "oneh-out": 0.01492202400987322, "sfR": 0.13138112868843263, "bad-redirect": 0.0023561090541905083, "sft": 0.0, "alternate": 0.29835072366206666, "sfb": 0.027577695500953663, "unknown": 0.0, "dsfb": 0.0, "dsfb-red": 0.02122742062156401, "redirect": 0.03938067990575564, "dsfb-alt": 0.042993380455514416}, "english-1k": {"roll-in": 0.2664079040225829, "roll-out": 0.21206774876499648, "sfT": 0.0, "oneh-in": 0.016937191249117856, "oneh-out": 0.011291460832745237, "sfR": 0.10832745236414962, "bad-redirect": 0.001058574453069866, "sft": 0.0, "alternate": 0.3002822865208186, "sfb": 0.010938602681721948, "unknown": 0.0, "dsfb": 0.0, "dsfb-red": 0.009174311926605505, "redirect": 0.032462949894142556, "dsfb-alt": 0.031051517290049402}, "english-10k": {"roll-in": 0.2566141139692403, "roll-out": 0.18760734065340307, "sfT": 0.0, "oneh-in": 0.023696956832172284, "oneh-out": 0.009050384979062543, "sfR": 0.10567144593890508, "bad-redirect": 0.0016016672777445437, "sft": 0.0, "alternate": 0.3207193994712568, "sfb": 0.01686574940661122, "unknown": 0.0, "dsfb": 0.0, "dsfb-red": 0.013295768124891453, "redirect": 0.03056675864996816, "dsfb-alt": 0.03431041469674456}, "reddit": {"roll-in": 0.27006038322304937, "roll-out": 0.18158563598099187, "sfT": 3.873096531312431e-05, "oneh-in": 0.011787847953617234, "oneh-out": 0.010019483473508338, "sfR": 0.10397777127267367, "bad-redirect": 0.0019564381520984484, "sft": 0.0, "alternate": 0.28995034458010893, "sfb": 0.011278801707383811, "unknown": 0.04413374768723884, "dsfb": 0.0, "dsfb-red": 0.01495161344998321, "redirect": 0.03012534936061132, "dsfb-alt": 0.03013385219342184}, "akl": {"roll-in": 0.23214237666823567, "roll-out": 0.15495716158868203, "sfT": 0.00016588684120792205, "oneh-in": 0.008286410920088128, "oneh-out": 0.007757742355696423, "sfR": 0.13064861186637447, "bad-redirect": 0.0018078305457763552, "sft": 0.0, "alternate": 0.24634660422297888, "sfb": 0.01700700853373402, "unknown": 0.1386736163551281, "dsfb": 0.0, "dsfb-red": 0.013362068933567756, "redirect": 0.022343850610128294, "dsfb-alt": 0.02650083055840194}, "french": {"roll-in": 0.20873632043922916, "roll-out": 0.15147565938928365, "sfT": 3.0308258964611445e-05, "oneh-in": 0.017429660980624543, "oneh-out": 0.007618549451520142, "sfR": 0.10898279115633469, "bad-redirect": 0.0014739432197016329, "sft": 0.0, "alternate": 0.23425954503782562, "sfb": 0.04621405724018088, "unknown": 0.15841440792606368, "dsfb": 0.0, "dsfb-red": 0.0144340274224273, "redirect": 0.027904437984575387, "dsfb-alt": 0.023026291493268743}, "keymash": {"roll-in": 0.2876447480224783, "roll-out": 0.19431229039501177, "sfT": 1.2314613752139664e-05, "oneh-in": 0.012285879653384672, "oneh-out": 0.011867182785811923, "sfR": 0.099723742164827, "bad-redirect": 0.0029596121717642325, "sft": 0.0, "alternate": 0.2920205407757386, "sfb": 0.009892739714218864, "unknown": 0.012376186820900362, "dsfb": 0.0, "dsfb-red": 0.014941731352596126, "redirect": 0.03152541120547754, "dsfb-alt": 0.030437620324038538}, "movie": {"roll-in": 0.2656807707527489, "roll-out": 0.1913252283979187, "sfT": 1.8950088756162233e-05, "oneh-in": 0.008115901901180814, "oneh-out": 0.011706022535603466, "sfR": 0.11567713207251198, "bad-redirect": 0.0035780136332728817, "sft": 0.0, "alternate": 0.27970396803014747, "sfb": 0.010195937337846787, "unknown": 0.030144722091026487, "dsfb": 0.0, "dsfb-red": 0.019144985155105817, "redirect": 0.03180825036857265, "dsfb-alt": 0.03290011763530791}, "dutch": {"roll-in": 0.2284601044669589, "roll-out": 0.16274261395620418, "sfT": 2.729066882543866e-05, "oneh-in": 0.007079525833773863, "oneh-out": 0.008148452201290093, "sfR": 0.18880787437283908, "bad-redirect": 0.0028259648945889847, "sft": 0.0, "alternate": 0.22693899933042827,