{"english-450k": {"sft": 0.0, "roll-out": 0.172277569854663, "alternate": 0.32066577754442055, "unknown": 0.00015377410175167997, "bad-redirect": 0.0031064707323447743, "sfT": 0.00019382553129536847, "dsfb-alt": 0.03405891711458977, "redirect": 0.03863296577619963, "roll-in": 0.2511622223222696, "dsfb": 0.0, "sfb": 0.026174047726102014, "oneh-out": 0.006175813497156349, "sfR": 0.11369548401129392, "dsfb-red": 0.017791897449630212, "oneh-in": 0.015911234338283144}, "shai": {"sft": 0.0, "roll-out": 0.1888612459991584, "alternate": 0.30650451614781, "unknown": 0.024039856076526343, "bad-redirect": 0.0024110247201462208, "sfT": 4.431618081682965e-05, "dsfb-alt": 0.030826854010966572, "redirect": 0.028239714078968105, "roll-in": 0.26895161927067257, "dsfb": 0.0, "sfb": 0.014061818324249227, "oneh-out": 0.008986442886854327, "sfR": 0.09823378925716947, "dsfb-red": 0.013443903688128032, "oneh-in": 0.015394899358533927}, "tr-quotes": {"sft": 0.0, "roll-out": 0.19168419592704747, "alternate": 0.2952971498578396, "unknown": 0.013887797323224151, "bad-redirect": 0.0029530061718406877, "sfT": 2.195973278472527e-05, "dsfb-alt": 0.030638450336330645, "redirect": 0.03188322045260165, "roll-in": 0.2872968724717413, "dsfb": 0.0, "sfb": 0.010621576015348697, "oneh-out": 0.01209287811192529, "sfR": 0.09677191928064538, "dsfb-red": 0.014946487598529854, "oneh-in": 0.011904486720140542}, "gutenberg": {"sft": 0.0, "roll-out": 0.18349016804178825, "alternate": 0.2848862034331248, "unknown": 0.03296484091288825, "bad-redirect": 0.0037355038241602364, "sfT": 1.9890861683494334e-05, "dsfb-alt": 0.03133189588706234, "redirect": 0.028531262562026337, "roll-in": 0.28876264822007097, "dsfb": 0.0, "sfb": 0.012338396220660505, "oneh-out": 0.011328508757472808, "sfR": 0.09863878308844841, "dsfb-red": 0.011354082722494442, "oneh-in": 0.012617815468119116}, "english-200": {"sft": 0.0, "roll-out": 0.1915367483296214, "alternate": 0.30957683741648107, "unknown": 0.0, "bad-redirect": 0.0022271714922048997, "sfT": 0.0, "dsfb-alt": 0.0334075723830735, "redirect": 0.0334075723830735, "roll-in": 0.29175946547884185, "dsfb": 0.0, "sfb": 0.0, "oneh-out": 0.008908685968819599, "sfR": 0.10690423162583519, "dsfb-red": 0.013363028953229399, "oneh-in": 0.008908685968819599}, "monkeyracer": {"sft": 0.0, "roll-out": 0.19183043464660526, "alternate": 0.2946513755728295, "unknown": 0.013482998889531883, "bad-redirect": 0.00303325930212553, "sfT": 2.3460594022240643e-05, "dsfb-alt": 0.030595547179254577, "redirect": 0.03179105994963793, "roll-in": 0.288337543206594, "dsfb": 0.0, "sfb": 0.010467335032923034, "oneh-out": 0.012151610178769727, "sfR": 0.09690789370786869, "dsfb-red": 0.014943420867416363, "oneh-in": 0.01178406087242129}, "chained-bigrams": {"sft": 0.0, "roll-out": 0.15472346437817064, "alternate": 0.2878471588699241, "unknown": 0.02311979217055416, "bad-redirect": 0.005530777367056487, "sfT": 4.739924252114623e-05, "dsfb-alt": 0.040217932626846545, "redirect": 0.04182885756787344, "roll-in": 0.27110808390834673, "dsfb": 0.0, "sfb": 0.014584032688595417, "oneh-out": 0.006477463608095271, "sfR": 0.11914286586209158, "dsfb-red": 0.021504971401374837, "oneh-in": 0.01386720030854959}, "english-5k": {"sft": 0.0, "roll-out": 0.17982328784170573, "alternate": 0.3305264031194259, "unknown": 0.002157049819554486, "bad-redirect": 0.002447421910648359, "sfT": 4.148172729912474e-05, "dsfb-alt": 0.03281204629360766, "redirect": 0.028871282200190817, "roll-in": 0.24942962624963705, "dsfb": 0.0, "sfb": 0.018500850375409633, "oneh-out": 0.006761521549757332, "sfR": 0.10644211224955408, "dsfb-red": 0.015182312191479653, "oneh-in": 0.0270046044717302}, "mt-quotes": {"sft": 0.0, "roll-out": 0.19300958630664228, "alternate": 0.29413944370734274, "unknown": 0.00799058103536893, "bad-redirect": 0.00302261507751521, "sfT": 1.792950120127658e-05, "dsfb-alt": 0.03087908344389859, "redirect": 0.03175165250236072, "roll-in": 0.2944606806038656, "dsfb": 0.0, "sfb": 0.009544471139479566, "oneh-out": 0.012387791204982011, "sfR": 0.0964592223377679, "dsfb-red": 0.014984580628966902, "oneh-in": 0.011352362510608288}, "wordle": {"sft": 0.0, "roll-out": 0.20558734432850892, "alternate": 0.3051722203522944, "unknown": 0.0, "bad-redirect": 0.0036127005497587792, "sfT": 0.0006731740154830024, "dsfb-alt": 0.04505778076966229, "redirect": 0.03590261415909346, "roll-in": 0.20251318299113655, "dsfb": 0.0, "sfb": 0.028385504319533267, "oneh-out": 0.014742510939077752, "sfR": 0.13138112868843263, "dsfb-red": 0.01932009424436217, "oneh-in": 0.0076517446426567935}, "english-1k": {"sft": 0.0, "roll-out": 0.20889202540578689, "alternate": 0.30063514467184194, "unknown": 0.0, "bad-redirect": 0.0028228652081863093, "sfT": 0.00035285815102328866, "dsfb-alt": 0.02928722653493296, "redirect": 0.03211009174311927, "roll-in": 0.2642907551164432, "dsfb": 0.0, "sfb": 0.01305575158786168, "oneh-out": 0.011291460832745237, "sfR": 0.10832745236414962, "dsfb-red": 0.011997177134791814, "oneh-in": 0.016937191249117856}, "english-10k": {"sft": 0.0, "roll-out": 0.18621794253294996, "alternate": 0.32407711159568514, "unknown": 0.0, "bad-redirect": 0.002354257926323305, "sfT": 1.929719611740414e-05, "dsfb-alt": 0.03292101657629146, "redirect": 0.029524710059628336, "roll-in": 0.2548580691225565, "dsfb": 0.0, "sfb": 0.017946392389185852, "oneh-out": 0.009069682175179946, "sfR": 0.10567144593890508, "dsfb-red": 0.013662414851122132, "oneh-in": 0.023677659636054883}, "reddit": {"sft": 0.0, "roll-out": 0.18084738782300697, "alternate": 0.29182482591198966, "unknown": 0.044018753428523856, "bad-redirect": 0.0021004244486783805, "sfT": 4.712142588385917e-05, "dsfb-alt": 0.029656307631741936, "redirect": 0.029581992123829712, "roll-in": 0.26902798199871636, "dsfb": 0.0, "sfb": 0.01197513501992828, "oneh-out": 0.009989704829964882, "sfR": 0.10397777127267367, "dsfb-red": 0.015162760888542282, "oneh-in": 0.011789833196520131}, "akl": {"sft": 0.0, "roll-out": 0.15433512299555563, "alternate": 0.24762252950847463, "unknown": 0.13857384705742218, "bad-redirect": 0.0020168815680373367, "sfT": 0.00018918611008773595, "dsfb-alt": 0.026932842982965617, "redirect": 0.02180151874171693, "roll-in": 0.23078202550600366, "dsfb": 0.0, "sfb": 0.01741540049058921, "oneh-out": 0.007750527735852409, "sfR": 0.13064861186637447, "dsfb-red": 0.013642080189363016, "oneh-in": 0.008289425247557203}, "french": {"sft": 0.0, "roll-out": 0.14622686221741124, "alternate": 0.23042073361777551, "unknown": 0.158411920940899, "bad-redirect": 0.004179423514741373, "sfT": 4.7702173278953454e-05, "dsfb-alt": 0.022442074707146636, "redirect": 0.02820203722138856, "roll-in": 0.20706311876958716, "dsfb": 0.0, "sfb": 0.052045063631837626, "oneh-out": 0.007622145092722073, "sfR": 0.10898279115633469, "dsfb-red": 0.01698480525475395, "oneh-in": 0.01737132170212321}, "keymash": {"sft": 0.0, "roll-out": 0.19353236485737624, "alternate": 0.2935516577522546, "unknown": 0.012376186820900362, "bad-redirect": 0.003251058030564871, "sfT": 1.6419485002852885e-05, "dsfb-alt": 0.029994294228961507, "redirect": 0.031045141269144094, "roll-in": 0.28672525686231853, "dsfb": 0.0, "sfb": 0.010290912225538046, "oneh-out": 0.011793295103299085, "sfR": 0.099723742164827, "dsfb-red": 0.015442525645183138, "oneh-in": 0.01225714555462968}, "movie": {"sft": 0.0, "roll-out": 0.19082002429559297, "alternate": 0.2808886117730848, "unknown": 0.030144722091026487, "bad-redirect": 0.0037123750264676154, "sfT": 3.250466613036161e-05, "dsfb-alt": 0.032815237029420935, "redirect": 0.03137331951205101, "roll-in": 0.2647044463882907, "dsfb": 0.0, "sfb": 0.010831949691725483, "oneh-out": 0.011644566344984524, "sfR": 0.11567713207251198, "dsfb-red": 0.019242367555658318, "oneh-in": 0.008112743553054786}, "dutch": {"sft": 0.0, "roll-out": 0.15515555699161293, "alternate": 0.23129727610794468, "unknown": 0.07358356856443443, "bad-redirect": 0.003153201889374961, "sfT": 3.2114052474612774e-05, "dsfb-alt": 0.034129276507873105,