{"english-450k": {"roll-in": 0.17300434251047037, "roll-out": 0.2426868136076632, "sfT": 0.00036280163550158717, "oneh-in": 0.005101148862100882, "oneh-out": 0.0070344342896367365, "sfR": 0.11369548401129392, "bad-redirect": 0.004516748806204288, "sft": 0.0, "alternate": 0.3084018544104225, "sfb": 0.0435376579911957, "unknown": 0.00015377410175167997, "dsfb": 0.0, "dsfb-red": 0.02196338539239584, "redirect": 0.03974592776359249, "dsfb-alt": 0.03979562661777079}, "shai": {"roll-in": 0.15743799295461744, "roll-out": 0.2967382207204348, "sfT": 0.0001208612557525886, "oneh-in": 0.0046118668901389106, "oneh-out": 0.008183658174164062, "sfR": 0.09823378925716947, "bad-redirect": 0.0043613082353320025, "sft": 0.0, "alternate": 0.2923888991411718, "sfb": 0.028728778935563266, "unknown": 0.024097749651430984, "dsfb": 0.0, "dsfb-red": 0.016570377346280522, "redirect": 0.03692705951419248, "dsfb-alt": 0.03159943792375171}, "tr-quotes": {"roll-in": 0.1511349714523474, "roll-out": 0.31952798132266935, "sfT": 8.206005409028917e-05, "oneh-in": 0.00507847715032015, "oneh-out": 0.00857585354014008, "sfR": 0.09677191928064538, "bad-redirect": 0.003321698527542128, "sft": 0.0, "alternate": 0.28456346362774787, "sfb": 0.024602991146760362, "unknown": 0.013894731975682485, "dsfb": 0.0, "dsfb-red": 0.018270497676891425, "redirect": 0.043464090058019926, "dsfb-alt": 0.030711264187143154}, "gutenberg": {"roll-in": 0.13702795670081455, "roll-out": 0.3152565182353737, "sfT": 7.217541239439373e-05, "oneh-in": 0.0040611456454357295, "oneh-out": 0.010607322943862685, "sfR": 0.09863878308844841, "bad-redirect": 0.003501549403406755, "sft": 0.0, "alternate": 0.2827978523931359, "sfb": 0.024410823205096, "unknown": 0.03298207965968062, "dsfb": 0.0, "dsfb-red": 0.0235443393828074, "redirect": 0.03982396776846885, "dsfb-alt": 0.02727548616107506}, "english-200": {"roll-in": 0.11581291759465479, "roll-out": 0.3518930957683742, "sfT": 0.0, "oneh-in": 0.0066815144766146995, "oneh-out": 0.017817371937639197, "sfR": 0.10690423162583519, "bad-redirect": 0.0, "sft": 0.0, "alternate": 0.31403118040089084, "sfb": 0.013363028953229399, "unknown": 0.0, "dsfb": 0.0, "dsfb-red": 0.008908685968819599, "redirect": 0.031180400890868598, "dsfb-alt": 0.0334075723830735}, "monkeyracer": {"roll-in": 0.15096892253311853, "roll-out": 0.32015108622550326, "sfT": 8.797722758340242e-05, "oneh-in": 0.005109521873093827, "oneh-out": 0.008630566025931777, "sfR": 0.09690789370786869, "bad-redirect": 0.003319674054147051, "sft": 0.0, "alternate": 0.28438150053959366, "sfb": 0.024449849070178456, "unknown": 0.013491796612290222, "dsfb": 0.0, "dsfb-red": 0.0183139262086116, "redirect": 0.04350571656474342, "dsfb-alt": 0.030681569357336128}, "chained-bigrams": {"roll-in": 0.14022189338546817, "roll-out": 0.27259758887195645, "sfT": 0.00024868369706300007, "oneh-in": 0.004390598327780696, "oneh-out": 0.009238956463471093, "sfR": 0.11914286586209158, "bad-redirect": 0.002895249621942343, "sft": 0.0, "alternate": 0.28780884989309197, "sfb": 0.027768813765778916, "unknown": 0.023159399756770463, "dsfb": 0.0, "dsfb-red": 0.024115825568190304, "redirect": 0.04024195690045315, "dsfb-alt": 0.04816931788594184}, "english-5k": {"roll-in": 0.18571369311818145, "roll-out": 0.2555689218899075, "sfT": 0.00012444518189737422, "oneh-in": 0.004936325548595843, "oneh-out": 0.006803003277056457, "sfR": 0.10644211224955408, "bad-redirect": 0.004106691002613349, "sft": 0.0, "alternate": 0.3143900112000664, "sfb": 0.035093541295059524, "unknown": 0.002157049819554486, "dsfb": 0.0, "dsfb-red": 0.018086033102418384, "redirect": 0.033226863566598916, "dsfb-alt": 0.03335130874849629}, "mt-quotes": {"roll-in": 0.15035978532410563, "roll-out": 0.3270759374140878, "sfT": 7.769450520553185e-05, "oneh-in": 0.005217484849571485, "oneh-out": 0.008772008462724567, "sfR": 0.0964592223377679, "bad-redirect": 0.0033050047214353163, "sft": 0.0, "alternate": 0.2847070319503711, "sfb": 0.023161927301849128, "unknown": 0.007995063410669249, "dsfb": 0.0, "dsfb-red": 0.018361303355207324, "redirect": 0.04424702071455039, "dsfb-alt": 0.03026051565245455}, "wordle": {"roll-in": 0.15220464490070684, "roll-out": 0.2624481095029732, "sfT": 0.0003365870077415012, "oneh-in": 0.004420509368338382, "oneh-out": 0.009962975429148434, "sfR": 0.13138112868843263, "bad-redirect": 0.005340513856165152, "sft": 0.0, "alternate": 0.2719847413889824, "sfb": 0.04548412431280153, "unknown": 0.0, "dsfb": 0.0, "dsfb-red": 0.02728598676091103, "redirect": 0.0467407158083698, "dsfb-alt": 0.04240996297542915}, "english-1k": {"roll-in": 0.1520818630910374, "roll-out": 0.28969654199011996, "sfT": 0.0, "oneh-in": 0.0077628793225123505, "oneh-out": 0.012350035285815103, "sfR": 0.10832745236414962, "bad-redirect": 0.0038814396612561752, "sft": 0.0, "alternate": 0.3140437544107269, "sfb": 0.031051517290049402, "unknown": 0.0, "dsfb": 0.0, "dsfb-red": 0.013761467889908258, "redirect": 0.034227240649259, "dsfb-alt": 0.032815808045165845}, "english-10k": {"roll-in": 0.1867968584164721, "roll-out": 0.25952799058296827, "sfT": 0.00013508037282182898, "oneh-in": 0.004187491557476698, "oneh-out": 0.006638235464387025, "sfR": 0.10567144593890508, "bad-redirect": 0.006425966307095579, "sft": 0.0, "alternate": 0.3076359005036568, "sfb": 0.035912081974489106, "unknown": 0.0, "dsfb": 0.0, "dsfb-red": 0.017695528839659597, "redirect": 0.035410354875436596, "dsfb-alt": 0.033963065166631286}, "reddit": {"roll-in": 0.14925666699816478, "roll-out": 0.2995817317948075, "sfT": 0.00021807706001258193, "oneh-in": 0.006610783951820777, "oneh-out": 0.009002177586719999, "sfR": 0.10397777127267367, "bad-redirect": 0.003158259256616431, "sft": 0.0, "alternate": 0.26909150977160906, "sfb": 0.026078263144695926, "unknown": 0.04519937363713543, "dsfb": 0.0, "dsfb-red": 0.0168396169080516, "redirect": 0.04136792974937058, "dsfb-alt": 0.029617838868321648}, "akl": {"roll-in": 0.12614152519484848, "roll-out": 0.2582329127844126, "sfT": 0.0001843681276576578, "oneh-in": 0.005844632716922309, "oneh-out": 0.00809551998544821, "sfR": 0.13064861186637447, "bad-redirect": 0.0026777110966264167, "sft": 0.0, "alternate": 0.22718731646112125, "sfb": 0.027710613592793466, "unknown": 0.13920166722946467, "dsfb": 0.0, "dsfb-red": 0.013594542762719578, "redirect": 0.03378295157164193, "dsfb-alt": 0.02669762660996898}, "french": {"roll-in": 0.12715189575013638, "roll-out": 0.25155171768799134, "sfT": 0.00019970790509059346, "oneh-in": 0.0017262223955321282, "oneh-out": 0.0157877563712777, "sfR": 0.10898279115633469, "bad-redirect": 0.0055923157432018825, "sft": 0.0, "alternate": 0.21658221928757973, "sfb": 0.029489831099698546, "unknown": 0.15842537463172957, "dsfb": 0.0, "dsfb-red": 0.02256600447390653, "redirect": 0.02252714158524899, "dsfb-alt": 0.039417021912271956}, "keymash": {"roll-in": 0.15112083509500723, "roll-out": 0.31964221942178783, "sfT": 0.00010262178126783053, "oneh-in": 0.004691867839565212, "oneh-out": 0.008993772910312668, "sfR": 0.099723742164827, "bad-redirect": 0.0036820695118897594, "sft": 0.0, "alternate": 0.2839955174805942, "sfb": 0.02473595415679787, "unknown": 0.012376186820900362, "dsfb": 0.0, "dsfb-red": 0.018824939555770834, "redirect": 0.04205440596355695, "dsfb-alt": 0.030055867297722208}, "movie": {"roll-in": 0.13651393904045964, "roll-out": 0.3199128980225977, "sfT": 0.00012146480501345653, "oneh-in": 0.005286943165130679, "oneh-out": 0.00898089449419647, "sfR": 0.11567713207251198, "bad-redirect": 0.002573527331357699, "sft": 0.0, "alternate": 0.2566076261737047, "sfb": 0.023953833372659154, "unknown": 0.030282373430185833, "dsfb": 0.0, "dsfb-red": 0.02008156697231142, "redirect": 0.04676473951721227, "dsfb-alt": 0.03324306160265901}, "dutch": {"roll-in": 0.12300245124715667, "roll-out": 0.23290946967918832, "sfT": 0.00011974184390031496, "oneh-in": 0.003002780456538821, "oneh-out": 0.012621217099995988, "sfR": 0.18880787437283908, "bad-redirect": 0.003242120697985572, "sft": 0.0,