{"english-450k": {"roll-in": 0.2112774301131789, "dsfb": 0.0, "oneh-out": 0.007488155593664507, "oneh-in": 0.009535456039609402, "bad-redirect": 0.0040522106927377115, "dsfb-alt": 0.04588373625461249, "sft": 0.0, "sfT": 7.30865502622053e-05, "alternate": 0.31172378429294023, "roll-out": 0.20054744749608402, "redirect": 0.03773166243836611, "sfb": 0.038144747620448095, "unknown": 0.00015377410175167997, "sfR": 0.11369548401129392, "dsfb-red": 0.019693024795050695}, "shai": {"roll-in": 0.20609381545828892, "dsfb": 0.0, "oneh-out": 0.00830554895865877, "oneh-in": 0.011392633466403148, "bad-redirect": 0.004047065874048228, "dsfb-alt": 0.04386898991309539, "sft": 0.0, "sfT": 9.72672436775324e-05, "alternate": 0.29330453336338835, "roll-out": 0.24862667058455248, "redirect": 0.02394699335806886, "sfb": 0.01995423318996307, "unknown": 0.023621906111313578, "sfR": 0.09823378925716947, "dsfb-red": 0.01850655322137221}, "tr-quotes": {"roll-in": 0.1951815723168674, "dsfb": 0.0, "oneh-out": 0.011280367998890456, "oneh-in": 0.008822033702410947, "bad-redirect": 0.0039273248422366566, "dsfb-alt": 0.042712836041700376, "sft": 0.0, "sfT": 5.7788770486119136e-05, "alternate": 0.2769838884907885, "roll-out": 0.28080834932155985, "redirect": 0.02307505605510737, "sfb": 0.02142460877002381, "unknown": 0.01476965396084233, "sfR": 0.09677191928064538, "dsfb-red": 0.024184600448440858}, "gutenberg": {"roll-in": 0.19536217091516528, "dsfb": 0.0, "oneh-out": 0.013704803699927597, "oneh-in": 0.007756678309451039, "bad-redirect": 0.003583386091475989, "dsfb-alt": 0.04208186472471237, "sft": 0.0, "sfT": 0.00013127968711106261, "alternate": 0.2588477394319852, "roll-out": 0.27866945669153215, "redirect": 0.022517592046383216, "sfb": 0.019323309096791964, "unknown": 0.03802431837805746, "sfR": 0.09863878308844841, "dsfb-red": 0.02135861783895828}, "english-200": {"roll-in": 0.18040089086859687, "dsfb": 0.0, "oneh-out": 0.013363028953229399, "oneh-in": 0.0066815144766146995, "bad-redirect": 0.0022271714922048997, "dsfb-alt": 0.0645879732739421, "sft": 0.0, "sfT": 0.0, "alternate": 0.28507795100222716, "roll-out": 0.28507795100222716, "redirect": 0.015590200445434299, "sfb": 0.015590200445434299, "unknown": 0.0, "sfR": 0.10690423162583519, "dsfb-red": 0.024498886414253896}, "monkeyracer": {"roll-in": 0.19543456840327197, "dsfb": 0.0, "oneh-out": 0.011225894239642148, "oneh-in": 0.008716588204013326, "bad-redirect": 0.0039804807857734955, "dsfb-alt": 0.04278137072430674, "sft": 0.0, "sfT": 5.571891080282153e-05, "alternate": 0.27644204451256704, "roll-out": 0.28128665717815976, "redirect": 0.022939573329996715, "sfb": 0.02147230867885575, "unknown": 0.014352018393105714, "sfR": 0.09690789370786869, "dsfb-red": 0.02440488293163583}, "chained-bigrams": {"roll-in": 0.19241754966693916, "dsfb": 0.0, "oneh-out": 0.00944608466024158, "oneh-in": 0.006906654009553869, "bad-redirect": 0.0033328809843978574, "dsfb-alt": 0.058328339098076824, "sft": 0.0, "sfT": 6.0385336362556154e-05, "alternate": 0.2794490519826843, "roll-out": 0.22421984417986, "redirect": 0.03596628550316893, "sfb": 0.020033646969143094, "unknown": 0.02365222201805197, "sfR": 0.11914286586209158, "dsfb-red": 0.027044189729428243}, "english-5k": {"roll-in": 0.22072427095864272, "dsfb": 0.0, "oneh-out": 0.00630522254946696, "oneh-in": 0.020533455013066745, "bad-redirect": 0.004604471730202846, "dsfb-alt": 0.04554693657443896, "sft": 0.0, "sfT": 4.148172729912474e-05, "alternate": 0.3300286223918364, "roll-out": 0.19902932758120048, "redirect": 0.027709793835815323, "sfb": 0.019579375285186874, "unknown": 0.002157049819554486, "sfR": 0.10644211224955408, "dsfb-red": 0.017297880283735016}, "mt-quotes": {"roll-in": 0.1958245179952427, "dsfb": 0.0, "oneh-out": 0.011530163397520948, "oneh-in": 0.008585242825211269, "bad-redirect": 0.0039908081423841455, "dsfb-alt": 0.04304873238426507, "sft": 0.0, "sfT": 3.884725260276592e-05, "alternate": 0.27491752429447414, "roll-out": 0.2886739340911536, "redirect": 0.022036851101469024, "sfb": 0.020775809516979236, "unknown": 0.008869126594231481, "sfR": 0.0964592223377679, "dsfb-red": 0.025249220066697744}, "wordle": {"roll-in": 0.18900482441377764, "dsfb": 0.0, "oneh-out": 0.008796140468977897, "oneh-in": 0.004757096376079883, "bad-redirect": 0.007001009761023224, "dsfb-alt": 0.051744642656793446, "sft": 0.0, "sfT": 4.4878267698866824e-05, "alternate": 0.2919106922472793, "roll-out": 0.22158644676315495, "redirect": 0.037967014473241335, "sfb": 0.033905531246493884, "unknown": 0.0, "sfR": 0.13138112868843263, "dsfb-red": 0.02190059463704701}, "english-1k": {"roll-in": 0.20748059280169373, "dsfb": 0.0, "oneh-out": 0.012702893436838392, "oneh-in": 0.011644318983768526, "bad-redirect": 0.004940014114326041, "dsfb-alt": 0.04410726887791108, "sft": 0.0, "sfT": 0.0, "alternate": 0.2981651376146789, "roll-out": 0.2515878616796048, "redirect": 0.025405786873676783, "sfb": 0.016231474947071278, "unknown": 0.0, "sfR": 0.10832745236414962, "dsfb-red": 0.019407198306280876}, "english-10k": {"roll-in": 0.23681519075278362, "dsfb": 0.0, "oneh-out": 0.006194399953686729, "oneh-in": 0.01765693444742479, "bad-redirect": 0.004862893421585844, "dsfb-alt": 0.04453792863896876, "sft": 0.0, "sfT": 7.718878446961657e-05, "alternate": 0.3214526929237182, "roll-out": 0.19486308639354702, "redirect": 0.02987205958974161, "sfb": 0.021091835356322728, "unknown": 0.0, "sfR": 0.10567144593890508, "dsfb-red": 0.016904343798846026}, "reddit": {"roll-in": 0.1904562256749217, "dsfb": 0.0, "oneh-out": 0.009736642545965396, "oneh-in": 0.008761738450989877, "bad-redirect": 0.0031544760578769474, "dsfb-alt": 0.04351064361762199, "sft": 0.0, "sfT": 0.00017458900321515707, "alternate": 0.2713658864474771, "roll-out": 0.2587079776986053, "redirect": 0.02344976408384692, "sfb": 0.022984730298196594, "unknown": 0.041217688064775854, "sfR": 0.10397777127267367, "dsfb-red": 0.022501866783833455}, "akl": {"roll-in": 0.16346532323856477, "dsfb": 0.0, "oneh-out": 0.007535571596664306, "oneh-in": 0.006309827451248009, "bad-redirect": 0.003909854511013945, "dsfb-alt": 0.03661024249202062, "sft": 0.0, "sfT": 0.0002031706129360654, "alternate": 0.2363113150959768, "roll-out": 0.21834471270778444, "redirect": 0.020191200767971575, "sfb": 0.023744845777988407, "unknown": 0.13295000147380848, "sfR": 0.13064861186637447, "dsfb-red": 0.01977532240764811}, "french": {"roll-in": 0.2195986776010715, "dsfb": 0.0, "oneh-out": 0.010893474440077388, "oneh-in": 0.0196623743849637, "bad-redirect": 0.005684543940031417, "dsfb-alt": 0.02907523868727754, "sft": 0.0, "sfT": 0.0003877149944365692, "alternate": 0.22406375982746796, "roll-out": 0.14745326052219826, "redirect": 0.032709413177422736, "sfb": 0.027925547394798394, "unknown": 0.15822382396052298, "sfR": 0.10898279115633469, "dsfb-red": 0.015339379913396884}, "keymash": {"roll-in": 0.19507990131889513, "dsfb": 0.0, "oneh-out": 0.011374598235726336, "oneh-in": 0.00869001243775989, "bad-redirect": 0.0041212907357160745, "dsfb-alt": 0.04264140255240895, "sft": 0.0, "sfT": 5.74681975099851e-05, "alternate": 0.27707880942314245, "roll-out": 0.2809086543000579, "redirect": 0.023340297931555377, "sfb": 0.019875786595953418, "unknown": 0.013394194891077241, "sfR": 0.099723742164827, "dsfb-red": 0.02371384121537028}, "movie": {"roll-in": 0.16937944644421982, "dsfb": 0.0, "oneh-out": 0.013339414908113783, "oneh-in": 0.006471981701583741, "bad-redirect": 0.002952397508642359, "dsfb-alt": 0.04179863188255051, "sft": 0.0, "sfT": 8.119586640661179e-05, "alternate": 0.25441810133533643, "roll-out": 0.2918788736646274, "redirect": 0.027460652575257843, "sfb": 0.021915514450824455, "unknown": 0.030451476652766863, "sfR": 0.11567713207251198, "dsfb-red": 0.024175180937158217}, "dutch": {"roll-in": 0.2215368275741475, "dsfb": 0.0, "oneh-out": 0.008264715471108847, "oneh-in": 0.005057039828848417, "bad-redirect": 0.004004304968526256, "dsfb-alt": 0.033692554083489146, "sft": 0.0, "sfT": 8.968983276270972e-05,