{"english-450k": {"dsfb": 0.0, "sfb": 0.02918609063550802, "sfR": 0.11369548401129392, "redirect": 0.06758927229768327, "sfT": 0.00024147796206632635, "sft": 0.0, "unknown": 0.00015377410175167997, "bad-redirect": 0.0015798388704678298, "oneh-out": 0.014509141958052998, "dsfb-red": 0.032067162446844155, "oneh-in": 0.009957019261521802, "roll-out": 0.22483586222542115, "roll-in": 0.2560324176855419, "alternate": 0.21126222811072437, "dsfb-alt": 0.03889023043312259}, "shai": {"dsfb": 0.0, "sfb": 0.02348120901043555, "sfR": 0.09823378925716947, "redirect": 0.05383304774876898, "sfT": 0.00013940438433716773, "sft": 0.0, "unknown": 0.024097749651430984, "bad-redirect": 0.0012348965037203917, "oneh-out": 0.007747753382505071, "dsfb-red": 0.02416904645202721, "oneh-in": 0.017842464608207806, "roll-out": 0.18065311135971177, "roll-in": 0.3240658768349221, "alternate": 0.20860542436245852, "dsfb-alt": 0.03589622644430497}, "tr-quotes": {"dsfb": 0.0, "sfb": 0.027102933357989877, "sfR": 0.09677191928064538, "redirect": 0.05155336215066688, "sfT": 0.0001005524606458473, "sft": 0.0, "unknown": 0.013894731975682485, "bad-redirect": 0.0026536603407225907, "oneh-out": 0.008786204664709554, "dsfb-red": 0.021336769838884908, "oneh-in": 0.020990037215968194, "roll-out": 0.1732068144518157, "roll-in": 0.34157092993689464, "alternate": 0.20522526062735488, "dsfb-alt": 0.036806823698019}, "gutenberg": {"dsfb": 0.0, "sfb": 0.023503042165216908, "sfR": 0.09863878308844841, "redirect": 0.04704851816869193, "sfT": 7.577471117521652e-05, "sft": 0.0, "unknown": 0.03298207965968062, "bad-redirect": 0.002203528600975296, "oneh-out": 0.008941605355453488, "dsfb-red": 0.020721163081196772, "oneh-in": 0.01915622585865061, "roll-out": 0.15930060699332388, "roll-in": 0.3555760526149285, "alternate": 0.19609661730323108, "dsfb-alt": 0.035756002399027355}, "english-200": {"dsfb": 0.0, "sfb": 0.0200445434298441, "sfR": 0.10690423162583519, "redirect": 0.0378619153674833, "sfT": 0.0, "sft": 0.0, "unknown": 0.0, "bad-redirect": 0.0, "oneh-out": 0.004454342984409799, "dsfb-red": 0.024498886414253896, "oneh-in": 0.026726057906458798, "roll-out": 0.18040089086859687, "roll-in": 0.35634743875278396, "alternate": 0.20935412026726058, "dsfb-alt": 0.0334075723830735}, "monkeyracer": {"dsfb": 0.0, "sfb": 0.027110671442200918, "sfR": 0.09690789370786869, "redirect": 0.05147547585904875, "sfT": 9.677495034174266e-05, "sft": 0.0, "unknown": 0.013491796612290222, "bad-redirect": 0.0027096986095687943, "oneh-out": 0.008765464441559661, "dsfb-red": 0.02125334313464817, "oneh-in": 0.021277781253421335, "roll-out": 0.1726396687364124, "roll-in": 0.3425618186652486, "alternate": 0.2048139183884136, "dsfb-alt": 0.03689569419897712}, "chained-bigrams": {"dsfb": 0.0, "sfb": 0.024394377281088547, "sfR": 0.11914286586209158, "redirect": 0.06574145076744568, "sfT": 0.00014479494633172068, "sft": 0.0, "unknown": 0.023159399756770463, "bad-redirect": 0.005785954111040193, "oneh-out": 0.005477534382306707, "dsfb-red": 0.03621951433307642, "oneh-in": 0.013550339618819187, "roll-out": 0.13984854318752762, "roll-in": 0.29996188581457545, "alternate": 0.22101033108695553, "dsfb-alt": 0.045563008851970864}, "english-5k": {"dsfb": 0.0, "sfb": 0.02111419919525449, "sfR": 0.10644211224955408, "redirect": 0.06475297631393372, "sfT": 0.0, "sft": 0.0, "unknown": 0.002157049819554486, "bad-redirect": 0.0005807441821877463, "oneh-out": 0.009333388642303065, "dsfb-red": 0.02775127556311445, "oneh-in": 0.013647488281412039, "roll-out": 0.21263533413531338, "roll-in": 0.28788318745592567, "alternate": 0.2156635002281495, "dsfb-alt": 0.038038743933297384}, "mt-quotes": {"dsfb": 0.0, "sfb": 0.02689873417721519, "sfR": 0.0964592223377679, "redirect": 0.05075692377571389, "sfT": 8.665925580617014e-05, "sft": 0.0, "unknown": 0.007995063410669249, "bad-redirect": 0.0028791790679049975, "oneh-out": 0.008571795699310311, "dsfb-red": 0.02052180824996115, "oneh-in": 0.022123510357275195, "roll-out": 0.1702794611587239, "roll-in": 0.3503275122219433, "alternate": 0.20636407645139312, "dsfb-alt": 0.036736053836315605}, "wordle": {"dsfb": 0.0, "sfb": 0.04054751486592618, "sfR": 0.13138112868843263, "redirect": 0.056411982497475595, "sfT": 0.00047122181083810165, "sft": 0.0, "unknown": 0.0, "bad-redirect": 0.002064400314147874, "oneh-out": 0.010411758106137103, "dsfb-red": 0.03237967014473241, "oneh-in": 0.013844945585100415, "roll-out": 0.21572983282845282, "roll-in": 0.25825199147312916, "alternate": 0.19504095141927522, "dsfb-alt": 0.04346460226635252}, "english-1k": {"dsfb": 0.0, "sfb": 0.020465772759350742, "sfR": 0.10832745236414962, "redirect": 0.05716302046577276, "sfT": 0.0, "sft": 0.0, "unknown": 0.0, "bad-redirect": 0.0, "oneh-out": 0.010232886379675371, "dsfb-red": 0.02399435426958363, "oneh-in": 0.024347212420606917, "roll-out": 0.2117148906139732, "roll-in": 0.331333803810868, "alternate": 0.1803105151729005, "dsfb-alt": 0.03211009174311927}, "english-10k": {"dsfb": 0.0, "sfb": 0.022867177399123906, "sfR": 0.10567144593890508, "redirect": 0.06333339765732039, "sfT": 3.859439223480828e-05, "sft": 0.0, "unknown": 0.0, "bad-redirect": 0.0008297794330483781, "oneh-out": 0.010169622353871982, "dsfb-red": 0.02800023156635341, "oneh-in": 0.01248528588796048, "roll-out": 0.2212809478782733, "roll-in": 0.2880299492483742, "alternate": 0.21041662646417475, "dsfb-alt": 0.036876941780359315}, "reddit": {"dsfb": 0.0, "sfb": 0.023995218935771213, "sfR": 0.10397777127267367, "redirect": 0.04967283758821455, "sfT": 0.00020991134392142033, "sft": 0.0, "unknown": 0.04519937363713543, "bad-redirect": 0.001850546044806183, "oneh-out": 0.0073181672012775974, "dsfb-red": 0.0202536353824224, "oneh-in": 0.018462346965397027, "roll-out": 0.16894076241193529, "roll-in": 0.3154949519580582, "alternate": 0.20888808230592332, "dsfb-alt": 0.03573639495246373}, "akl": {"dsfb": 0.0, "sfb": 0.025456563751185254, "sfR": 0.13064861186637447, "redirect": 0.039654836773796935, "sfT": 0.0002831738288775685, "sft": 0.0, "unknown": 0.13920166722946467, "bad-redirect": 0.001691161248161847, "oneh-out": 0.006120764879171301, "dsfb-red": 0.016891154586992294, "oneh-in": 0.014797333545686938, "roll-out": 0.15152522622712963, "roll-in": 0.2685269152141088, "alternate": 0.17503433677247507, "dsfb-alt": 0.030168254076575234}, "french": {"dsfb": 0.0, "sfb": 0.027400853452406587, "sfR": 0.10898279115633469, "redirect": 0.06949706253342916, "sfT": 0.00023979930449212594, "sft": 0.0, "unknown": 0.15842537463172957, "bad-redirect": 0.0017398109229077596, "oneh-out": 0.005549063175910318, "dsfb-red": 0.025613040719453046, "oneh-in": 0.03154433553696699, "roll-out": 0.15430773621830804, "roll-in": 0.23955543012760497, "alternate": 0.14980966398388385, "dsfb-alt": 0.027335038236572906}, "keymash": {"dsfb": 0.0, "sfb": 0.026189078579550353, "sfR": 0.099723742164827, "redirect": 0.05172137775898659, "sfT": 0.00011904126627068341, "sft": 0.0, "unknown": 0.012376186820900362, "bad-redirect": 0.0027133198967214394, "oneh-out": 0.00870232705151203, "dsfb-red": 0.02087327030987673, "oneh-in": 0.021554678937495124, "roll-out": 0.1731475742263344, "roll-in": 0.34330269731089885, "alternate": 0.202854527467746, "dsfb-alt": 0.03672217820888048}, "movie": {"dsfb": 0.0, "sfb": 0.030675719369714784, "sfR": 0.11567713207251198, "redirect": 0.04756301200606561, "sfT": 0.00017357754909290267, "sft": 0.0, "unknown": 0.030282373430185833, "bad-redirect": 0.003890295304233805, "oneh-out": 0.009148286944875902, "dsfb-red": 0.022325573315853633, "oneh-in": 0.020894973212601968, "roll-out": 0.16450335173114983, "roll-in": 0.31746781018169845, "alternate": 0.19687470925102538, "dsfb-alt": 0.04052318563098992}, "dutch": {"dsfb": 0.0, "sfb": 0.04830654586236344, "sfR": 0.18880787437283908, "redirect": 0.04416065934255882, "sfT": 0.0007919673197647666, "sft": 0.0, "unknown": 0.07360268279108878, "bad-redirect": 0.0023612883619928988, "oneh-out": 0.014410011063658659, "dsfb-red": 0.031121098882269597,