{"english-450k": {"dsfb": 0.0, "redirect": 0.04651958924189368, "roll-in": 0.20780991182253883, "oneh-out": 0.005931412073079534, "unknown": 0.00015377410175167997, "alternate": 0.27641450247646465, "sfb": 0.035369505133891636, "dsfb-alt": 0.04309007595738996, "sfT": 7.688705087583998e-05, "sft": 0.0, "bad-redirect": 0.0026220530772068777, "roll-out": 0.2393789163427958, "oneh-in": 0.006221419504519965, "dsfb-red": 0.022716469206297604, "sfR": 0.11369548401129392}, "shai": {"dsfb": 0.0, "redirect": 0.04429240489554076, "roll-in": 0.2017846648520126, "oneh-out": 0.008454768699725324, "unknown": 0.023621906111313578, "alternate": 0.24675305986779303, "sfb": 0.020709659580515804, "dsfb-alt": 0.04108990479723238, "sfT": 3.09748816661212e-05, "sft": 0.0, "bad-redirect": 0.00118447281780933, "roll-out": 0.2877209848611282, "oneh-in": 0.005721822727226282, "dsfb-red": 0.02040158665086714, "sfR": 0.09823378925716947}, "tr-quotes": {"dsfb": 0.0, "redirect": 0.04738101292156908, "roll-in": 0.18441436859989366, "oneh-out": 0.011320820138230738, "unknown": 0.01476965396084233, "alternate": 0.24190379325489472, "sfb": 0.01841150227687756, "dsfb-alt": 0.03866993365849148, "sfT": 9.246203277779062e-06, "sft": 0.0, "bad-redirect": 0.0010563787244862578, "roll-out": 0.3151603060493285, "oneh-in": 0.007409676151730196, "dsfb-red": 0.022721388779732322, "sfR": 0.09677191928064538}, "gutenberg": {"dsfb": 0.0, "redirect": 0.04299873872993249, "roll-in": 0.17993273478888977, "oneh-out": 0.013988579993278783, "unknown": 0.03802431837805746, "alternate": 0.2225637767328445, "sfb": 0.021794322428215773, "dsfb-alt": 0.0363612529045394, "sfT": 4.35704589257495e-06, "sft": 0.0, "bad-redirect": 0.0013194271583384575, "roll-out": 0.3137254901960784, "oneh-in": 0.0037822947083109323, "dsfb-red": 0.026865923847173016, "sfR": 0.09863878308844841}, "english-200": {"dsfb": 0.0, "redirect": 0.0556792873051225, "roll-in": 0.19599109131403117, "oneh-out": 0.0066815144766146995, "unknown": 0.0, "alternate": 0.23608017817371937, "sfb": 0.004454342984409799, "dsfb-alt": 0.031180400890868598, "sfT": 0.0, "sft": 0.0, "bad-redirect": 0.0, "roll-out": 0.3273942093541203, "oneh-in": 0.0066815144766146995, "dsfb-red": 0.028953229398663696, "sfR": 0.10690423162583519}, "monkeyracer": {"dsfb": 0.0, "redirect": 0.04750281527128267, "roll-in": 0.18408941614401678, "oneh-out": 0.011419444140325634, "unknown": 0.014352018393105714, "alternate": 0.2409686488261883, "sfb": 0.018533869277570107, "dsfb-alt": 0.038641553404132195, "sfT": 7.820198007413547e-06, "sft": 0.0, "bad-redirect": 0.0010596368300045357, "roll-out": 0.316126616825938, "oneh-in": 0.007499569889109593, "dsfb-red": 0.022890697092450382, "sfR": 0.09690789370786869}, "chained-bigrams": {"dsfb": 0.0, "redirect": 0.05037825244836567, "roll-in": 0.17224365288430885, "oneh-out": 0.009777230053197533, "unknown": 0.02365222201805197, "alternate": 0.25155167588787547, "sfb": 0.022792542605750633, "dsfb-alt": 0.05058538064513616, "sfT": 8.440960996916452e-05, "sft": 0.0, "bad-redirect": 0.0028848607468692153, "roll-out": 0.2619950925551373, "oneh-in": 0.006532005202229193, "dsfb-red": 0.028379809481017253, "sfR": 0.11914286586209158}, "english-5k": {"dsfb": 0.0, "redirect": 0.04368025884597835, "roll-in": 0.23781474260588212, "oneh-out": 0.005807441821877463, "unknown": 0.002157049819554486, "alternate": 0.2711660513543784, "sfb": 0.02497199983407309, "dsfb-alt": 0.04044468411664662, "sfT": 0.0, "sft": 0.0, "bad-redirect": 0.002157049819554486, "roll-out": 0.23860289542456548, "oneh-in": 0.006844485004355581, "dsfb-red": 0.019911229103579873, "sfR": 0.10644211224955408}, "mt-quotes": {"dsfb": 0.0, "redirect": 0.04848137124825187, "roll-in": 0.18207856707426398, "oneh-out": 0.011737846786435734, "unknown": 0.008869126594231481, "alternate": 0.23964870130646299, "sfb": 0.01795490132797839, "dsfb-alt": 0.038496133204240925, "sfT": 2.9882502002127633e-06, "sft": 0.0, "bad-redirect": 0.0009517576887677652, "roll-out": 0.3245030539917046, "oneh-in": 0.007400401620826909, "dsfb-red": 0.023415928568867213, "sfR": 0.0964592223377679}, "wordle": {"dsfb": 0.0, "redirect": 0.05313586895545832, "roll-in": 0.1802535622124986, "oneh-out": 0.011780545270952542, "unknown": 0.0, "alternate": 0.2473465724223045, "sfb": 0.04380118927409402, "dsfb-alt": 0.052844160215415686, "sfT": 0.00022439133849433412, "sft": 0.0, "bad-redirect": 0.002670256928082576, "roll-out": 0.24211825423538652, "oneh-in": 0.004712218108381017, "dsfb-red": 0.02973185235049927, "sfR": 0.13138112868843263}, "english-1k": {"dsfb": 0.0, "redirect": 0.04128440366972477, "roll-in": 0.221242060691602, "oneh-out": 0.011291460832745237, "unknown": 0.0, "alternate": 0.2600564573041637, "sfb": 0.0187014820042343, "dsfb-alt": 0.038108680310515175, "sfT": 0.0, "sft": 0.0, "bad-redirect": 0.0007057163020465773, "roll-out": 0.2674664784756528, "oneh-in": 0.005998588567395907, "dsfb-red": 0.026817219477769938, "sfR": 0.10832745236414962}, "english-10k": {"dsfb": 0.0, "redirect": 0.046371162270122154, "roll-in": 0.2320294861156674, "oneh-out": 0.005055865382759885, "unknown": 0.0, "alternate": 0.26713108585322554, "sfb": 0.026977480172130988, "dsfb-alt": 0.04370814920592038, "sfT": 3.859439223480828e-05, "sft": 0.0, "bad-redirect": 0.001640261669979352, "roll-out": 0.246907624322186, "oneh-in": 0.006175102757569325, "dsfb-red": 0.018293741919299125, "sfR": 0.10567144593890508}, "reddit": {"dsfb": 0.0, "redirect": 0.04375224393316324, "roll-in": 0.186456523086783, "oneh-out": 0.009075931233433289, "unknown": 0.041217688064775854, "alternate": 0.232823369380475, "sfb": 0.0195157992559834, "dsfb-alt": 0.042685194601562684, "sfT": 7.101925554514863e-05, "sft": 0.0, "bad-redirect": 0.0014767959752758598, "roll-out": 0.29221385860613097, "oneh-in": 0.007575649460042024, "dsfb-red": 0.019158155874155827, "sfR": 0.10397777127267367}, "akl": {"dsfb": 0.0, "redirect": 0.038559202861594956, "roll-in": 0.16112257310503872, "oneh-out": 0.00588418958805336, "unknown": 0.13295000147380848, "alternate": 0.19413121313116158, "sfb": 0.023910534958378686, "dsfb-alt": 0.03908142274181102, "sfT": 0.00022832295198129397, "sft": 0.0, "bad-redirect": 0.0013529882967747708, "roll-out": 0.248334726142049, "oneh-in": 0.0074163821236248335, "dsfb-red": 0.01637983075934887, "sfR": 0.13064861186637447}, "french": {"dsfb": 0.0, "redirect": 0.03580789705583355, "roll-in": 0.16343792319479672, "oneh-out": 0.017882232353240945, "unknown": 0.15822382396052298, "alternate": 0.18182869906869747, "sfb": 0.05131084868024162, "dsfb-alt": 0.031647665276007486, "sfT": 9.366645331030685e-05, "sft": 0.0, "bad-redirect": 0.002166538624385282, "roll-out": 0.2262870946010054, "oneh-in": 0.002145519105192326, "dsfb-red": 0.02018530047043122, "sfR": 0.10898279115633469}, "keymash": {"dsfb": 0.0, "redirect": 0.04584730699921597, "roll-in": 0.18447291400705218, "oneh-out": 0.011588051540763424, "unknown": 0.013394194891077241, "alternate": 0.2419534261307894, "sfb": 0.019194377968335022, "dsfb-alt": 0.03861041898420856, "sfT": 8.209742501426442e-06, "sft": 0.0, "bad-redirect": 0.0011822029202054078, "roll-out": 0.31406780426331926, "oneh-in": 0.006793561919930381, "dsfb-red": 0.02316378846777471, "sfR": 0.099723742164827}, "movie": {"dsfb": 0.0, "redirect": 0.0450123826986216, "roll-in": 0.16040381586356672, "oneh-out": 0.0118793368890192, "unknown": 0.030451476652766863, "alternate": 0.23612534378290356, "sfb": 0.014967938160596475, "dsfb-alt": 0.04375246499201398, "sfT": 1.5791740630135195e-05, "sft": 0.0, "bad-redirect": 0.0010114609873601592, "roll-out": 0.3074503195129722, "oneh-in": 0.010456895851759773, "dsfb-red": 0.022795640795277322, "sfR": 0.11567713207251198}, "dutch": {"dsfb": 0.0, "redirect": 0.03655029234546228, "roll-in": 0.191634215814107, "oneh-out": 0.010370454153666692, "unknown": 0.07325981014373002, "alternate": 0.19901372383542987, "sfb": 0.039725316011421055, "dsfb-alt": 0.033144355911347144, "sfT": 0.00039087338352545165, "sft": 0.0,