{"english-450k": {"sft": 0.0, "alternate": 0.21554977749530638, "sfb": 0.03995787875935289, "oneh-out": 0.00946383122035244, "roll-out": 0.18127306246093525, "redirect": 0.06530283265928044, "unknown": 0.0001543587941537776, "oneh-in": 0.013920941401542769, "dsfb-red": 0.03195139335122882, "sfR": 0.11369548401129392, "bad-redirect": 0.0016114122601811026, "dsfb": 0.0, "roll-in": 0.29081723041733587, "dsfb-alt": 0.03624975954524964, "sfT": 5.203762378669018e-05}, "shai": {"sft": 0.0, "alternate": 0.21441223352622418, "sfb": 0.02301903188380847, "oneh-out": 0.009626728485868208, "roll-out": 0.1621338051413272, "redirect": 0.05830212751727518, "unknown": 0.031793109309943265, "oneh-in": 0.012163889828968183, "dsfb-red": 0.02373879632763227, "sfR": 0.09823378925716947, "bad-redirect": 0.0008374867980355663, "dsfb": 0.0, "roll-in": 0.337496268925912, "dsfb-alt": 0.028183051294063444, "sfT": 5.968170377253391e-05}, "tr-quotes": {"sft": 0.0, "alternate": 0.2069658583943968, "sfb": 0.024173042694343633, "oneh-out": 0.011268810244793231, "roll-out": 0.16791567462610665, "redirect": 0.060251727884237535, "unknown": 0.039616513719054114, "oneh-in": 0.008338919581146992, "dsfb-red": 0.019346524583342965, "sfR": 0.09677191928064538, "bad-redirect": 0.0008749219851598438, "dsfb": 0.0, "roll-in": 0.33622662444233836, "dsfb-alt": 0.028209010425094196, "sfT": 4.0452139340283396e-05}, "gutenberg": {"sft": 0.0, "alternate": 0.20142376893562672, "sfb": 0.025457082529647804, "oneh-out": 0.01013770917135428, "roll-out": 0.1602061147918677, "redirect": 0.057552219195022514, "unknown": 0.04011588984327138, "oneh-in": 0.007155027102719819, "dsfb-red": 0.021442159458028957, "sfR": 0.09863878308844841, "bad-redirect": 0.0009894282911703898, "dsfb": 0.0, "roll-in": 0.3490133943168209, "dsfb-alt": 0.027826936621652698, "sfT": 4.1486654368431046e-05}, "english-200": {"sft": 0.0, "alternate": 0.22494432071269488, "sfb": 0.0200445434298441, "oneh-out": 0.017817371937639197, "roll-out": 0.18040089086859687, "redirect": 0.04899777282850779, "unknown": 0.0, "oneh-in": 0.0022271714922048997, "dsfb-red": 0.024498886414253896, "sfR": 0.10690423162583519, "bad-redirect": 0.0, "dsfb": 0.0, "roll-in": 0.35634743875278396, "dsfb-alt": 0.017817371937639197, "sfT": 0.0}, "monkeyracer": {"sft": 0.0, "alternate": 0.20670542878145676, "sfb": 0.024208400456699565, "oneh-out": 0.011436062061091387, "roll-out": 0.16832291943632013, "redirect": 0.06036899604297981, "unknown": 0.03912933825484461, "oneh-in": 0.008210230383033298, "dsfb-red": 0.01931100145455683, "sfR": 0.09690789370786869, "bad-redirect": 0.0008807498005849508, "dsfb": 0.0, "roll-in": 0.3362988175860613, "dsfb-alt": 0.028176173420711013, "sfT": 4.398861379170121e-05}, "chained-bigrams": {"sft": 0.0, "alternate": 0.22142523678518858, "sfb": 0.02322303161659337, "oneh-out": 0.0073527263330063, "roll-out": 0.12278936101275949, "redirect": 0.06675631400115187, "unknown": 0.033665798979163164, "oneh-in": 0.012438729985994499, "dsfb-red": 0.03698569386971961, "sfR": 0.11914286586209158, "bad-redirect": 0.0022836046020119354, "dsfb": 0.0, "roll-in": 0.3118058527026334, "dsfb-alt": 0.04206650308517124, "sfT": 6.428116451497913e-05}, "english-5k": {"sft": 0.0, "alternate": 0.22109760650433485, "sfb": 0.02293939519641598, "oneh-out": 0.009250425187704817, "roll-out": 0.1721906500186668, "redirect": 0.056705521217903516, "unknown": 0.0022400132741527356, "oneh-in": 0.021943833741236984, "dsfb-red": 0.028083129381507446, "sfR": 0.10644211224955408, "bad-redirect": 0.00041481727299124733, "dsfb": 0.0, "roll-in": 0.3272078649354959, "dsfb-alt": 0.031484631020035674, "sfT": 0.0}, "mt-quotes": {"sft": 0.0, "alternate": 0.2080180729372109, "sfb": 0.023693835837487, "oneh-out": 0.011784164664539033, "roll-out": 0.16903634907543538, "redirect": 0.06022220628488782, "unknown": 0.03468910244916987, "oneh-in": 0.007678308889446696, "dsfb-red": 0.018483821613416048, "sfR": 0.0964592223377679, "bad-redirect": 0.0008516513070606376, "dsfb": 0.0, "roll-in": 0.34101612459808034, "dsfb-alt": 0.0280253045026954, "sfT": 4.183550280297869e-05}, "wordle": {"sft": 0.0, "alternate": 0.2089307752720745, "sfb": 0.03715920565466173, "oneh-out": 0.011152249523168406, "roll-out": 0.21258835408953214, "redirect": 0.06370470099854146, "unknown": 0.0, "oneh-in": 0.006058566139347021, "dsfb-red": 0.03004600022439134, "sfR": 0.13138112868843263, "bad-redirect": 0.0019970829125995735, "dsfb": 0.0, "roll-in": 0.259643217771794, "dsfb-alt": 0.037271401323908895, "sfT": 6.731740154830023e-05}, "english-1k": {"sft": 0.0, "alternate": 0.189484827099506, "sfb": 0.021524347212420608, "oneh-out": 0.01587861679604799, "roll-out": 0.19760056457304165, "redirect": 0.06774876499647142, "unknown": 0.0, "oneh-in": 0.010232886379675371, "dsfb-red": 0.02399435426958363, "sfR": 0.10832745236414962, "bad-redirect": 0.0, "dsfb": 0.0, "roll-in": 0.34262526464361326, "dsfb-alt": 0.022582921665490474, "sfT": 0.0}, "english-10k": {"sft": 0.0, "alternate": 0.21659172922174408, "sfb": 0.024295169911811815, "oneh-out": 0.008394280311070802, "roll-out": 0.17500627158873816, "redirect": 0.05744775284151213, "unknown": 0.0, "oneh-in": 0.02022346153103954, "dsfb-red": 0.028366878292584087, "sfR": 0.10567144593890508, "bad-redirect": 0.0010806429825746318, "dsfb": 0.0, "roll-in": 0.33239420312228635, "dsfb-alt": 0.030508867061615947, "sfT": 1.929719611740414e-05}, "reddit": {"sft": 0.0, "alternate": 0.212831074370383, "sfb": 0.02156359603902838, "oneh-out": 0.009993450571291102, "roll-out": 0.1580504689949071, "redirect": 0.0567992602910029, "unknown": 0.06027826737738363, "oneh-in": 0.00922126599689066, "dsfb-red": 0.018386832820260414, "sfR": 0.10397777127267367, "bad-redirect": 0.0006376750033758494, "dsfb": 0.0, "roll-in": 0.319014974911961, "dsfb-alt": 0.029154752868160955, "sfT": 9.060948268128405e-05}, "akl": {"sft": 0.0, "alternate": 0.17809620166819307, "sfb": 0.02430840147669432, "oneh-out": 0.007191839434780986, "roll-out": 0.14023726166830722, "redirect": 0.04488657271040889, "unknown": 0.15113620503040356, "oneh-in": 0.006945306979974216, "dsfb-red": 0.01607587783701645, "sfR": 0.13064861186637447, "bad-redirect": 0.0007714701712654391, "dsfb": 0.0, "roll-in": 0.27288353258820314, "dsfb-alt": 0.026664740791433418, "sfT": 0.00015397777694485705}, "french": {"sft": 0.0, "alternate": 0.1492429160212678, "sfb": 0.025418456603075207, "oneh-out": 0.015016805952068635, "roll-out": 0.1539002302154225, "redirect": 0.06847312879198755, "unknown": 0.1845785256052277, "oneh-in": 0.01839357747767058, "dsfb-red": 0.027653552119710642, "sfR": 0.10898279115633469, "bad-redirect": 0.001743091945504522, "dsfb": 0.0, "roll-in": 0.2240953864882066, "dsfb-alt": 0.022415032488940445, "sfT": 8.650513458312728e-05}, "keymash": {"sft": 0.0, "alternate": 0.20564173504698025, "sfb": 0.023865721451646667, "oneh-out": 0.011575736927011285, "roll-out": 0.16692869428150386, "redirect": 0.06037444635549006, "unknown": 0.03457533054475746, "oneh-in": 0.008033233037645774, "dsfb-red": 0.01939141178836926, "sfR": 0.099723742164827, "bad-redirect": 0.0008579180913990633, "dsfb": 0.0, "roll-in": 0.34082335507546807, "dsfb-alt": 0.028142997294889845, "sfT": 6.567794001141154e-05}, "movie": {"sft": 0.0, "alternate": 0.1933786810711906, "sfb": 0.019702565197188174, "oneh-out": 0.01190091893454705, "roll-out": 0.16617990819471584, "redirect": 0.05798042850625004, "unknown": 0.08496732886260383, "oneh-in": 0.005698449606384285, "dsfb-red": 0.016282732165893814, "sfR": 0.11567713207251198, "bad-redirect": 0.0009189477068352838, "dsfb": 0.0, "roll-in": 0.2975177094501329, "dsfb-alt": 0.029762035576422877, "sfT": 3.316265532328391e-05}, "dutch": {"sft": 0.0, "alternate": 0.15431531997376796, "sfb": 0.040559564143991596, "oneh-out": 0.006768946546832061, "roll-out": 0.11340565707234096, "redirect": 0.055851573045268194, "unknown": 0.07489956334571263, "oneh-in": 0.008159856186423455, "dsfb-red": 0.0350127446706183,