{"english-450k": {"redirect": 0.041171115493705494, "oneh-in": 0.002609774536762827, "roll-in": 0.1953813977773503, "dsfb-red": 0.017924914971107424, "sfR": 0.11369548401129392, "sft": 0.0, "unknown": 0.0045810649704350285, "oneh-out": 0.006041334244673891, "dsfb-alt": 0.05343094578088886, "sfT": 0.00027275900557855023, "alternate": 0.3432232104173476, "roll-out": 0.18499872244710142, "bad-redirect": 0.001183709768046677, "sfb": 0.03548556657570802, "dsfb": 0.0}, "shai": {"redirect": 0.037689162359933776, "oneh-in": 0.0020031494290527747, "roll-in": 0.1828931181964019, "dsfb-red": 0.015302086955390906, "sfR": 0.09823378925716947, "sft": 0.0, "unknown": 0.01923259933868647, "oneh-out": 0.013720761770764665, "dsfb-alt": 0.049188723610391644, "sfT": 8.230424323754433e-05, "alternate": 0.3376743154717579, "roll-out": 0.22200439260436092, "bad-redirect": 0.0008383150655198285, "sfb": 0.021137281697332172, "dsfb": 0.0}, "tr-quotes": {"redirect": 0.03430688148678949, "oneh-in": 0.0017163264834377384, "roll-in": 0.1666269850442662, "dsfb-red": 0.01258292688564758, "sfR": 0.09677191928064538, "sft": 0.0, "unknown": 0.010695545641570929, "oneh-out": 0.0220799334273364, "dsfb-alt": 0.05015949700654169, "sfT": 0.0001132659901527935, "alternate": 0.34791844848708997, "roll-out": 0.2353239638473452, "bad-redirect": 0.0007327616097639907, "sfb": 0.020971544809412636, "dsfb": 0.0}, "gutenberg": {"redirect": 0.03332988558397486, "oneh-in": 0.004295857813300962, "roll-in": 0.1667983252273336, "dsfb-red": 0.011435729973785738, "sfR": 0.09863878308844841, "sft": 0.0, "unknown": 0.03144783119516042, "oneh-out": 0.0128921199225734, "dsfb-alt": 0.050136527085859944, "sfT": 0.000348563671405996, "alternate": 0.33362866527013874, "roll-out": 0.23577377156879795, "bad-redirect": 0.0007484647096332012, "sfb": 0.020525474889586774, "dsfb": 0.0}, "english-200": {"redirect": 0.035634743875278395, "oneh-in": 0.0, "roll-in": 0.15812917594654788, "dsfb-red": 0.0066815144766146995, "sfR": 0.10690423162583519, "sft": 0.0, "unknown": 0.0, "oneh-out": 0.011135857461024499, "dsfb-alt": 0.07349665924276169, "sfT": 0.0, "alternate": 0.34521158129175944, "roll-out": 0.24944320712694878, "bad-redirect": 0.0, "sfb": 0.013363028953229399, "dsfb": 0.0}, "monkeyracer": {"redirect": 0.03434533212380937, "oneh-in": 0.0017771399971847287, "roll-in": 0.16573247884636438, "dsfb-red": 0.012570968296917277, "sfR": 0.09690789370786869, "sft": 0.0, "unknown": 0.010148661964120932, "oneh-out": 0.022590596993915885, "dsfb-alt": 0.0501479972472903, "sfT": 0.0001055726731000829, "alternate": 0.3482588329136494, "roll-out": 0.23581807091355553, "bad-redirect": 0.0007624693057228209, "sfb": 0.020833985016500616, "dsfb": 0.0}, "chained-bigrams": {"redirect": 0.04317032106169109, "oneh-in": 0.003752331815475398, "roll-in": 0.1535625075887486, "dsfb-red": 0.017618233514640848, "sfR": 0.11914286586209158, "sft": 0.0, "unknown": 0.019745355685863792, "oneh-out": 0.007350129114238018, "dsfb-alt": 0.06221183046135046, "sfT": 0.00013895120410308622, "alternate": 0.33218557907265006, "roll-out": 0.21680218737764664, "bad-redirect": 0.0018232475753339537, "sfb": 0.022496459666166486, "dsfb": 0.0}, "english-5k": {"redirect": 0.04011283029825362, "oneh-in": 0.0013688970008711163, "roll-in": 0.21657609822873025, "dsfb-red": 0.018251960011614884, "sfR": 0.10644211224955408, "sft": 0.0, "unknown": 0.005185215912390592, "oneh-out": 0.006803003277056457, "dsfb-alt": 0.05073215248682955, "sfT": 0.0, "alternate": 0.3392790475795412, "roll-out": 0.19371966648691252, "bad-redirect": 0.0009125980005807441, "sfb": 0.020616418467664994, "dsfb": 0.0}, "mt-quotes": {"redirect": 0.03382400401620827, "oneh-in": 0.001655490610917871, "roll-in": 0.16331683819222817, "dsfb-red": 0.011953000800851054, "sfR": 0.0964592223377679, "sft": 0.0, "unknown": 0.0058868528944191435, "oneh-out": 0.023828307096496575, "dsfb-alt": 0.05063888789280549, "sfT": 0.00010160050680723396, "alternate": 0.35188289645115406, "roll-out": 0.23973834881246936, "bad-redirect": 0.0007754509269552121, "sfb": 0.019939099460919665, "dsfb": 0.0}, "wordle": {"redirect": 0.03931336250420734, "oneh-in": 0.004442948502187815, "roll-in": 0.18557163693481432, "dsfb-red": 0.019230337708964432, "sfR": 0.13138112868843263, "sft": 0.0, "unknown": 0.004330752832940648, "oneh-out": 0.008751262201279031, "dsfb-alt": 0.05897004375631101, "sfT": 0.0005834174800852687, "alternate": 0.3173791091663862, "roll-out": 0.19169752047570965, "bad-redirect": 0.0008526870862784697, "sfb": 0.03749579266240323, "dsfb": 0.0}, "english-1k": {"redirect": 0.04022582921665491, "oneh-in": 0.0024700070571630206, "roll-in": 0.21100917431192662, "dsfb-red": 0.015172900494001412, "sfR": 0.10832745236414962, "sft": 0.0, "unknown": 0.006351446718419196, "oneh-out": 0.009174311926605505, "dsfb-alt": 0.05187014820042343, "sfT": 0.0, "alternate": 0.32709950599858856, "roll-out": 0.20677487649964715, "bad-redirect": 0.00035285815102328866, "sfb": 0.02117148906139732, "dsfb": 0.0}, "english-10k": {"redirect": 0.040697786611605336, "oneh-in": 0.0020455027884448388, "roll-in": 0.21670751239844852, "dsfb-red": 0.017695528839659597, "sfR": 0.10567144593890508, "sft": 0.0, "unknown": 0.00494008220605546, "oneh-out": 0.006811910229443662, "dsfb-alt": 0.04762548001775342, "sfT": 5.789158835221242e-05, "alternate": 0.33943767970513883, "roll-out": 0.19457362845178597, "bad-redirect": 0.0009069682175179947, "sfb": 0.0228285830068891, "dsfb": 0.0}, "reddit": {"redirect": 0.03372886488867563, "oneh-in": 0.0017358514453972985, "roll-in": 0.16584913989351233, "dsfb-red": 0.01266540023152427, "sfR": 0.10397777127267367, "sft": 0.0, "unknown": 0.04047056249984783, "oneh-out": 0.01730772220158943, "dsfb-alt": 0.04746082750542805, "sfT": 0.00010091027132839158, "alternate": 0.33495171833074033, "roll-out": 0.21929356442309872, "bad-redirect": 0.0006592130160016197, "sfb": 0.02179845402018243, "dsfb": 0.0}, "akl": {"redirect": 0.02852885525503397, "oneh-in": 0.001495106424660974, "roll-in": 0.14579587918209833, "dsfb-red": 0.010822695701690097, "sfR": 0.13064861186637447, "sft": 0.0, "unknown": 0.13217309563005783, "oneh-out": 0.015339517168485068, "dsfb-alt": 0.04087630650403168, "sfT": 0.0001115795315601692, "alternate": 0.28680458631406874, "roll-out": 0.181787023285655, "bad-redirect": 0.000997594146650441, "sfb": 0.024619148989633258, "dsfb": 0.0}, "french": {"redirect": 0.026424172429093694, "oneh-in": 0.0019774828063554096, "roll-in": 0.16747052469379256, "dsfb-red": 0.014798146021476196, "sfR": 0.10898279115633469, "sft": 0.0, "unknown": 0.17297402809930676, "oneh-out": 0.01195775427217233, "dsfb-alt": 0.03224424207876123, "sfT": 0.00028911951631194844, "alternate": 0.24084879724977795, "roll-out": 0.19571359717039816, "bad-redirect": 0.0019344100211239426, "sfb": 0.024384934485095117, "dsfb": 0.0}, "keymash": {"redirect": 0.035802687048720715, "oneh-in": 0.0019744430715930594, "roll-in": 0.17022901076707728, "dsfb-red": 0.012757939847216692, "sfR": 0.099723742164827, "sft": 0.0, "unknown": 0.010122612504258804, "oneh-out": 0.021250918464942346, "dsfb-alt": 0.049381601146080055, "sfT": 0.00011904126627068341, "alternate": 0.34393484748350867, "roll-out": 0.23434709970321782, "bad-redirect": 0.000759401181381946, "sfb": 0.019596655350904917, "dsfb": 0.0}, "movie": {"redirect": 0.030189202160468036, "oneh-in": 0.002063190913327163, "roll-in": 0.1608707249948644, "dsfb-red": 0.012112528258990863, "sfR": 0.11567713207251198, "sft": 0.0, "unknown": 0.012505611002842644, "oneh-out": 0.03563116757945121, "dsfb-alt": 0.04921430168462341, "sfT": 0.00021687323798719, "alternate": 0.3409076223968467, "roll-out": 0.2188693140028391, "bad-redirect": 0.0009319758928551454, "sfb": 0.02081035580239216, "dsfb": 0.0}, "dutch": {"redirect": 0.027603507392454055, "oneh-in": 0.0016190252038471309, "roll-in": 0.14672915954888846, "dsfb-red": 0.01334515498643374, "sfR": 0.18880787437283908, "sft": 0.0, "unknown": 0.06865887592783343,