{"english-450k": {"sfb": 0.025786981355913376, "oneh-out": 0.0048506081678020415, "dsfb": 0.0, "dsfb-alt": 0.049317927078333, "unknown": 0.00015377410175167997, "dsfb-red": 0.013727992908850547, "roll-in": 0.2127558248518828, "sfR": 0.11369548401129392, "sfT": 0.00013330986767826249, "sft": 0.0, "roll-out": 0.1768618506333096, "bad-redirect": 0.00200140209238023, "oneh-in": 0.00294626501417002, "alternate": 0.36350092761449593, "redirect": 0.03426765230213863}, "shai": {"sfb": 0.016216776797859076, "oneh-out": 0.012147548962993629, "dsfb": 0.0, "dsfb-alt": 0.048356047730500645, "unknown": 0.023621906111313578, "dsfb-red": 0.00978467212838115, "roll-in": 0.20904083374179047, "sfR": 0.09823378925716947, "sfT": 4.324020716904986e-05, "sft": 0.0, "roll-out": 0.21232814997865082, "bad-redirect": 0.001185959054790436, "oneh-in": 0.0026633869854562424, "alternate": 0.3331224941038192, "redirect": 0.033255194940106196}, "tr-quotes": {"sfb": 0.013869304916668592, "oneh-out": 0.021340237165114077, "dsfb": 0.0, "dsfb-alt": 0.048644275444395646, "unknown": 0.01476965396084233, "dsfb-red": 0.008453341346709508, "roll-in": 0.20328355793902128, "sfR": 0.09677191928064538, "sfT": 1.8492406555558125e-05, "sft": 0.0, "roll-out": 0.22047802870946118, "bad-redirect": 0.0009373338572848524, "oneh-in": 0.0027773283095628857, "alternate": 0.336515568294769, "redirect": 0.03214095836896974}, "gutenberg": {"sfb": 0.01286503046332826, "oneh-out": 0.013525975381554086, "dsfb": 0.0, "dsfb-alt": 0.04577398752672479, "unknown": 0.03802431837805746, "dsfb-red": 0.006711555605566865, "roll-in": 0.2022004597251727, "sfR": 0.09863878308844841, "sfT": 0.00015893745669001664, "sft": 0.0, "roll-out": 0.23314647289557525, "bad-redirect": 0.001312039123998874, "oneh-in": 0.0027187966369667687, "alternate": 0.3163940860868916, "redirect": 0.028529557631024896}, "english-200": {"sfb": 0.013363028953229399, "oneh-out": 0.017817371937639197, "dsfb": 0.0, "dsfb-alt": 0.04899777282850779, "unknown": 0.0, "dsfb-red": 0.004454342984409799, "roll-in": 0.22494432071269488, "sfR": 0.10690423162583519, "sfT": 0.0, "sft": 0.0, "roll-out": 0.21603563474387527, "bad-redirect": 0.0, "oneh-in": 0.004454342984409799, "alternate": 0.33184855233853006, "redirect": 0.031180400890868598}, "monkeyracer": {"sfb": 0.013781143938564524, "oneh-out": 0.021831060262445846, "dsfb": 0.0, "dsfb-alt": 0.04871201338817899, "unknown": 0.014352018393105714, "dsfb-red": 0.00841648810547883, "roll-in": 0.20278262195598792, "sfR": 0.09690789370786869, "sfT": 1.955049501853387e-05, "sft": 0.0, "roll-out": 0.2210623347983171, "bad-redirect": 0.0009491765331498194, "oneh-in": 0.0028260240549290707, "alternate": 0.33620595273472326, "redirect": 0.03215372163223173}, "chained-bigrams": {"sfb": 0.018476614317558045, "oneh-out": 0.006852761720112018, "dsfb": 0.0, "dsfb-alt": 0.06239623299389849, "unknown": 0.02365222201805197, "dsfb-red": 0.019224613322823256, "roll-in": 0.18048982247360415, "sfR": 0.11914286586209158, "sfT": 6.687838328326112e-05, "sft": 0.0, "roll-out": 0.1986865864688798, "bad-redirect": 0.0027998018322079802, "oneh-in": 0.004900951815748106, "alternate": 0.32600160118537064, "redirect": 0.037309047606370715}, "english-5k": {"sfb": 0.01709047164723939, "oneh-out": 0.005848923549176588, "dsfb": 0.0, "dsfb-alt": 0.046210644211224956, "unknown": 0.002157049819554486, "dsfb-red": 0.012942298917326917, "roll-in": 0.235450284149832, "sfR": 0.10644211224955408, "sfT": 0.0, "sft": 0.0, "roll-out": 0.18106773966067946, "bad-redirect": 0.0017837142738623636, "oneh-in": 0.0024059401833492347, "alternate": 0.35396357904343134, "redirect": 0.03463724229476915}, "mt-quotes": {"sfb": 0.012788216731810522, "oneh-out": 0.023383057816664873, "dsfb": 0.0, "dsfb-alt": 0.049371869807915275, "unknown": 0.008869126594231481, "dsfb-red": 0.007972651534167654, "roll-in": 0.20247486881581622, "sfR": 0.0964592223377679, "sfT": 1.6435376101170198e-05, "sft": 0.0, "roll-out": 0.22490318069351312, "bad-redirect": 0.0008576278074610631, "oneh-in": 0.0028717084424044657, "alternate": 0.337893403138858, "redirect": 0.03213863090328827}, "wordle": {"sfb": 0.03323235723101088, "oneh-out": 0.008324918658139795, "dsfb": 0.0, "dsfb-alt": 0.057915404465387635, "unknown": 0.0, "dsfb-red": 0.014091776057444183, "roll-in": 0.18355211488836531, "sfR": 0.13138112868843263, "sfT": 0.0001795130707954673, "sft": 0.0, "roll-out": 0.19867609110288342, "bad-redirect": 0.002782452597329743, "oneh-in": 0.0027375743296308764, "alternate": 0.33292942892404354, "redirect": 0.034197239986536516}, "english-1k": {"sfb": 0.013408609738884969, "oneh-out": 0.008468595624558928, "dsfb": 0.0, "dsfb-alt": 0.04128440366972477, "unknown": 0.0, "dsfb-red": 0.011291460832745237, "roll-in": 0.2512350035285815, "sfR": 0.10832745236414962, "sfT": 0.0, "sft": 0.0, "roll-out": 0.19724770642201836, "bad-redirect": 0.0, "oneh-in": 0.0035285815102328866, "alternate": 0.32992237120677487, "redirect": 0.035285815102328866}, "english-10k": {"sfb": 0.017020126975550453, "oneh-out": 0.005075162578877289, "dsfb": 0.0, "dsfb-alt": 0.048686825804210646, "unknown": 0.0, "dsfb-red": 0.012137936357847205, "roll-in": 0.23174002817390632, "sfR": 0.10567144593890508, "sfT": 5.789158835221242e-05, "sft": 0.0, "roll-out": 0.18284093321240424, "bad-redirect": 0.001370100924335694, "oneh-in": 0.0024893382991451342, "alternate": 0.35607186275834124, "redirect": 0.036838347388124505}, "reddit": {"sfb": 0.01554490141864334, "oneh-out": 0.015784666320934743, "dsfb": 0.0, "dsfb-alt": 0.04953004992885901, "unknown": 0.041217688064775854, "dsfb-red": 0.009921869454547021, "roll-in": 0.19669988951935957, "sfR": 0.10397777127267367, "sfT": 0.00011398290855690258, "sft": 0.0, "roll-out": 0.20863101207870477, "bad-redirect": 0.0010969403473837962, "oneh-in": 0.003061656587813193, "alternate": 0.32382188475590035, "redirect": 0.030597687341847778}, "akl": {"sfb": 0.020324819480699075, "oneh-out": 0.013616013669036184, "dsfb": 0.0, "dsfb-alt": 0.042036229597172445, "unknown": 0.13295000147380848, "dsfb-red": 0.010148375822296798, "roll-in": 0.17337265169374444, "sfR": 0.13064861186637447, "sfT": 0.00019257105158989343, "sft": 0.0, "roll-out": 0.17205096792896407, "bad-redirect": 0.0010966716314946125, "oneh-in": 0.0023622444316662218, "alternate": 0.27709773534318477, "redirect": 0.024103106009968577}, "french": {"sfb": 0.035369977921115014, "oneh-out": 0.013115086302205583, "dsfb": 0.0, "dsfb-alt": 0.03566156944075329, "unknown": 0.15822382396052298, "dsfb-red": 0.010836213853936634, "roll-in": 0.15975643605916945, "sfR": 0.10898279115633469, "sfT": 4.914042975972592e-05, "sft": 0.0, "roll-out": 0.1997605662523634, "bad-redirect": 0.003093524889919819, "oneh-in": 0.001035409829611103, "alternate": 0.2487677175782044, "redirect": 0.025347742326103893}, "keymash": {"sfb": 0.013714374848632872, "oneh-out": 0.0205530903523211, "dsfb": 0.0, "dsfb-alt": 0.04782995981331046, "unknown": 0.013394194891077241, "dsfb-red": 0.008718746536514882, "roll-in": 0.20399978654669496, "sfR": 0.099723742164827, "sfT": 3.283897000570577e-05, "sft": 0.0, "roll-out": 0.22192165442730888, "bad-redirect": 0.0009687496151683202, "oneh-in": 0.0026763760554650204, "alternate": 0.3340708418680448, "redirect": 0.03239564391062874}, "movie": {"sfb": 0.015527755365934768, "oneh-out": 0.030865351855114992, "dsfb": 0.0, "dsfb-alt": 0.04907020205137343, "unknown": 0.030451476652766863, "dsfb-red": 0.009783904505238843, "roll-in": 0.1927801741013085, "sfR": 0.11567713207251198, "sfT": 2.684595907122983e-05, "sft": 0.0, "roll-out": 0.19985645307767208, "bad-redirect": 0.000788797444475253, "oneh-in": 0.0021763650545097986, "alternate": 0.325637009207506, "redirect": 0.027358532652516303}, "dutch": {"sfb": 0.057349045394997286, "oneh-out": 0.0019883995650849997, "dsfb": 0.0, "dsfb-alt": 0.03715716007634071, "unknown": 0.07325981014373002, "dsfb-red": 0.006241960504269878, "roll-in": 0.19026258177831806, "sfR": 0.18880787437283908,