{"english-450k": {"dsfb-alt": 0.06482543131296772, "sft": 0.0, "sfb": 0.03237558768895066, "dsfb-red": 0.006776000247909578, "dsfb": 0.0, "oneh-out": 0.004249836724646714, "alternate": 0.36997113373610846, "unknown": 0.00015377410175167997, "bad-redirect": 0.0023981158872034805, "roll-in": 0.20696737007111612, "sfR": 0.11369548401129392, "redirect": 0.02269045039440426, "roll-out": 0.1733338166790524, "sfT": 0.00015786694856636347, "oneh-in": 0.0024051321960286524}, "shai": {"dsfb-alt": 0.053695106378960085, "sft": 0.0, "sfb": 0.030410901176697168, "dsfb-red": 0.005480421459651917, "dsfb": 0.0, "oneh-out": 0.005656478615372087, "alternate": 0.32824802771708117, "unknown": 0.023621906111313578, "bad-redirect": 0.0025891757670298762, "roll-in": 0.1956664464662084, "sfR": 0.09823378925716947, "redirect": 0.02288783663654663, "roll-out": 0.22470449815814986, "sfT": 0.000234469365404676, "oneh-in": 0.008570942890415103}, "tr-quotes": {"dsfb-alt": 0.05045768706225006, "sft": 0.0, "sfb": 0.02875915952012205, "dsfb-red": 0.006638773953445367, "dsfb": 0.0, "oneh-out": 0.007643142784494117, "alternate": 0.3240378169714061, "unknown": 0.01476965396084233, "bad-redirect": 0.0025831580407295256, "roll-in": 0.19371836064815884, "sfR": 0.09677191928064538, "redirect": 0.023722290284551906, "roll-out": 0.2333614572016366, "sfT": 0.00021266267538891842, "oneh-in": 0.017323917616328795}, "gutenberg": {"dsfb-alt": 0.045824946019990126, "sft": 0.0, "sfb": 0.02693336334011896, "dsfb-red": 0.0059611965281542835, "dsfb": 0.0, "oneh-out": 0.006492187816714613, "alternate": 0.2992991218089848, "unknown": 0.03802431837805746, "bad-redirect": 0.0023296934950820317, "roll-in": 0.201172196894525, "sfR": 0.09863878308844841, "redirect": 0.022295193269083954, "roll-out": 0.24394948403104794, "sfT": 0.00010835783698055961, "oneh-in": 0.008971157492811821}, "english-200": {"dsfb-alt": 0.042316258351893093, "sft": 0.0, "sfb": 0.015590200445434299, "dsfb-red": 0.004454342984409799, "dsfb": 0.0, "oneh-out": 0.008908685968819599, "alternate": 0.34075723830734966, "unknown": 0.0, "bad-redirect": 0.0022271714922048997, "roll-in": 0.21158129175946547, "sfR": 0.10690423162583519, "redirect": 0.026726057906458798, "roll-out": 0.23385300668151449, "sfT": 0.0, "oneh-in": 0.0066815144766146995}, "monkeyracer": {"dsfb-alt": 0.0504373445735646, "sft": 0.0, "sfb": 0.028718699657475328, "dsfb-red": 0.006707774840858971, "dsfb": 0.0, "oneh-out": 0.007714625334313465, "alternate": 0.3230650875080157, "unknown": 0.014352018393105714, "bad-redirect": 0.0025435194019112566, "roll-in": 0.19373758543566322, "sfR": 0.09690789370786869, "redirect": 0.023738211051503824, "roll-out": 0.23416409903498756, "sfT": 0.0002218981184603594, "oneh-in": 0.0176912429422713}, "chained-bigrams": {"dsfb-alt": 0.06300722870913682, "sft": 0.0, "sfb": 0.031115330148710253, "dsfb-red": 0.017067623135765066, "dsfb": 0.0, "oneh-out": 0.005509350312218162, "alternate": 0.3247789604502019, "unknown": 0.02365222201805197, "bad-redirect": 0.003739345721633988, "roll-in": 0.17698033061296312, "sfR": 0.11914286586209158, "redirect": 0.02804801478336923, "roll-out": 0.20153703406706927, "sfT": 0.00019998584515771287, "oneh-in": 0.005221708333630931}, "english-5k": {"dsfb-alt": 0.060646285311320366, "sft": 0.0, "sfb": 0.03413946156717966, "dsfb-red": 0.00472891691210022, "dsfb": 0.0, "oneh-out": 0.004687435184801095, "alternate": 0.3645414195047082, "unknown": 0.002157049819554486, "bad-redirect": 0.0016592690919649893, "roll-in": 0.21823536732069523, "sfR": 0.10644211224955408, "redirect": 0.021072717467955367, "roll-out": 0.17745882938565563, "sfT": 0.00024889036379474843, "oneh-in": 0.003982245820715975}, "mt-quotes": {"dsfb-alt": 0.05001882597626134, "sft": 0.0, "sfb": 0.028105987258101147, "dsfb-red": 0.006765398453281697, "dsfb": 0.0, "oneh-out": 0.008166887797181482, "alternate": 0.32323155353151406, "unknown": 0.008869126594231481, "bad-redirect": 0.0024727770406760617, "roll-in": 0.1937432017307945, "sfR": 0.0964592223377679, "redirect": 0.0239508253547053, "roll-out": 0.239016686389118, "sfT": 0.0002046951387145743, "oneh-in": 0.01899481239765243}, "wordle": {"dsfb-alt": 0.058319308874677435, "sft": 0.0, "sfb": 0.04162459329069898, "dsfb-red": 0.010995175586222372, "dsfb": 0.0, "oneh-out": 0.007921014248849995, "alternate": 0.32967575451587566, "unknown": 0.0, "bad-redirect": 0.003522944014361046, "roll-in": 0.1739481656008078, "sfR": 0.13138112868843263, "redirect": 0.030606978570627174, "roll-out": 0.2087961404689779, "sfT": 0.0003590261415909346, "oneh-in": 0.0028497699988780435}, "english-1k": {"dsfb-alt": 0.04446012702893437, "sft": 0.0, "sfb": 0.027170077628793227, "dsfb-red": 0.0056457304163726185, "dsfb": 0.0, "oneh-out": 0.0077628793225123505, "alternate": 0.3405081157374735, "unknown": 0.0, "bad-redirect": 0.001058574453069866, "roll-in": 0.2117148906139732, "sfR": 0.10832745236414962, "redirect": 0.021524347212420608, "roll-out": 0.22512350035285816, "sfT": 0.0, "oneh-in": 0.0067043048694424845}, "english-10k": {"dsfb-alt": 0.06260010420485904, "sft": 0.0, "sfb": 0.034908627776384094, "dsfb-red": 0.004264680341946315, "dsfb": 0.0, "oneh-out": 0.00470851585264661, "alternate": 0.35622624032728045, "unknown": 0.0, "bad-redirect": 0.0018911252195056058, "roll-in": 0.21265510121379363, "sfR": 0.10567144593890508, "redirect": 0.024526736265220662, "roll-out": 0.18940197989232166, "sfT": 0.00013508037282182898, "oneh-in": 0.003010362594315046}, "reddit": {"dsfb-alt": 0.051359132875865944, "sft": 0.0, "sfb": 0.02991217922173609, "dsfb-red": 0.007204558866853317, "dsfb": 0.0, "oneh-out": 0.00664288495498649, "alternate": 0.31769351482948355, "unknown": 0.041217688064775854, "bad-redirect": 0.003017906329122933, "roll-in": 0.18197796492750024, "sfR": 0.10397777127267367, "redirect": 0.02237447412132868, "roll-out": 0.22210702819063652, "sfT": 0.0003592165931845862, "oneh-in": 0.012155679751852128}, "akl": {"dsfb-alt": 0.045517950777168976, "sft": 0.0, "sfb": 0.0306699419393585, "dsfb-red": 0.008024090307472026, "dsfb": 0.0, "oneh-out": 0.006855445430752708, "alternate": 0.2668390400770403, "unknown": 0.13295000147380848, "bad-redirect": 0.00376741518429907, "roll-in": 0.15649911362712468, "sfR": 0.13064861186637447, "redirect": 0.0197538267937293, "roll-out": 0.18521927984603606, "sfT": 0.00021117587605065682, "oneh-in": 0.013044106800784803}, "french": {"dsfb-alt": 0.03934257715755364, "sft": 0.0, "sfb": 0.033994180724387764, "dsfb-red": 0.007756397346099178, "dsfb": 0.0, "oneh-out": 0.005443680925017053, "alternate": 0.26316586349780413, "unknown": 0.15822382396052298, "bad-redirect": 0.0016366310022506766, "roll-in": 0.20233171938483432, "sfR": 0.10898279115633469, "redirect": 0.016423001298790547, "roll-out": 0.16057149301045553, "sfT": 6.49163055331989e-05, "oneh-in": 0.002062924230416299}, "keymash": {"dsfb-alt": 0.04959915932236785, "sft": 0.0, "sfb": 0.029534548648881626, "dsfb-red": 0.007269726985013115, "dsfb": 0.0, "oneh-out": 0.007643270268828019, "alternate": 0.3188540841416509, "unknown": 0.013394194891077241, "bad-redirect": 0.0024382935229236534, "roll-in": 0.19465709958007166, "sfR": 0.099723742164827, "redirect": 0.023722050957871707, "roll-out": 0.23609577485602165, "sfT": 0.0001559851075271024, "oneh-in": 0.01691206955293847}, "movie": {"dsfb-alt": 0.04964791656275921, "sft": 0.0, "sfb": 0.02815719993488539, "dsfb-red": 0.008882854104451048, "dsfb": 0.0, "oneh-out": 0.007508314680436363, "alternate": 0.31717829493681265, "unknown": 0.030451476652766863, "bad-redirect": 0.00342364936861331, "roll-in": 0.17920335669238835, "sfR": 0.11567713207251198, "redirect": 0.02069626047633943, "roll-out": 0.21088935266891604, "sfT": 0.000428877355946755, "oneh-in": 0.027855314493172637}, "dutch": {"dsfb-alt": 0.039787840690917974, "sft": 0.0, "sfb": 0.03429723425747093, "dsfb-red": 0.011074130242619067, "dsfb": 0.0, "oneh-out": 0.0012168733507479598, "alternate": 0.2662667358412801, "unknown": 0.07325981014373002,