{"english-450k": {"redirect": 0.030400496754664823, "roll-out": 0.18430089206519787, "bad-redirect": 0.001821609178735205, "dsfb": 0.0, "dsfb-red": 0.011890012342856608, "sfR": 0.11369548401129392, "unknown": 0.00015377410175167997, "dsfb-alt": 0.05006516396821378, "sfT": 0.000165175603592584, "sft": 0.0, "sfb": 0.03309417465112866, "oneh-out": 0.004986256805088695, "roll-in": 0.20039571981773968, "oneh-in": 0.00513886152203618, "alternate": 0.3638923791777003}, "shai": {"redirect": 0.02905334367712988, "roll-out": 0.19042984915004274, "bad-redirect": 0.002029712044681238, "dsfb": 0.0, "dsfb-red": 0.00902304147251406, "sfR": 0.09823378925716947, "unknown": 0.023621906111313578, "dsfb-alt": 0.038739107508500195, "sfT": 5.153062282928122e-05, "sft": 0.0, "sfb": 0.022036555701530174, "oneh-out": 0.012718910322008723, "roll-in": 0.2311171153192948, "oneh-in": 0.003984798737193978, "alternate": 0.3389603400757919}, "tr-quotes": {"redirect": 0.02859850673817064, "roll-out": 0.18317537736067127, "bad-redirect": 0.0021358729571669633, "dsfb": 0.0, "dsfb-red": 0.010280622269480594, "sfR": 0.09677191928064538, "unknown": 0.01476965396084233, "dsfb-alt": 0.03850234622408174, "sfT": 2.6582834423614803e-05, "sft": 0.0, "sfb": 0.019147731212870715, "oneh-out": 0.021033956681537645, "roll-in": 0.24155243753033911, "oneh-in": 0.003812903076674141, "alternate": 0.34019208987309585}, "gutenberg": {"redirect": 0.025689710892955717, "roll-out": 0.1874497755742492, "bad-redirect": 0.0023181378516278113, "dsfb": 0.0, "dsfb-red": 0.006815935270210726, "sfR": 0.09863878308844841, "unknown": 0.03802431837805746, "dsfb-alt": 0.04073591641746258, "sfT": 0.0001629156290267155, "sft": 0.0, "sfb": 0.02194852396545734, "oneh-out": 0.011778799978631531, "roll-in": 0.2486806675600505, "oneh-in": 0.003610096677165253, "alternate": 0.3141464187166568}, "english-200": {"redirect": 0.028953229398663696, "roll-out": 0.1870824053452116, "bad-redirect": 0.004454342984409799, "dsfb": 0.0, "dsfb-red": 0.0022271714922048997, "sfR": 0.10690423162583519, "unknown": 0.0, "dsfb-alt": 0.0334075723830735, "sfT": 0.0, "sft": 0.0, "sfb": 0.011135857461024499, "oneh-out": 0.017817371937639197, "roll-in": 0.26057906458797325, "oneh-in": 0.004454342984409799, "alternate": 0.3429844097995546}, "monkeyracer": {"redirect": 0.02867666609318548, "roll-out": 0.18357719317453117, "bad-redirect": 0.002158374650046139, "dsfb": 0.0, "dsfb-red": 0.010272807607488622, "sfR": 0.09690789370786869, "unknown": 0.014352018393105714, "dsfb-alt": 0.03851545271126265, "sfT": 2.6393168275020725e-05, "sft": 0.0, "sfb": 0.01914286719739744, "oneh-out": 0.021503589470885404, "roll-in": 0.24097744654894662, "oneh-in": 0.0038573126671567325, "alternate": 0.34003198460985035}, "chained-bigrams": {"redirect": 0.033461268001160956, "roll-out": 0.16741672180345676, "bad-redirect": 0.0030251105603564424, "dsfb": 0.0, "dsfb-red": 0.015809919947224516, "sfR": 0.11914286586209158, "unknown": 0.02365222201805197, "dsfb-alt": 0.05641483817054507, "sfT": 9.090265688986949e-05, "sft": 0.0, "sfb": 0.022648396964110983, "oneh-out": 0.006741081313075893, "roll-in": 0.20614450016200153, "oneh-in": 0.008140332924487813, "alternate": 0.3373118396165466}, "english-5k": {"redirect": 0.02882980047289169, "roll-out": 0.1953789355788775, "bad-redirect": 0.002157049819554486, "dsfb": 0.0, "dsfb-red": 0.010287468370182934, "sfR": 0.10644211224955408, "unknown": 0.002157049819554486, "dsfb-alt": 0.04301655120919235, "sfT": 0.0, "sft": 0.0, "sfb": 0.027543866926618824, "oneh-out": 0.0048118803666984695, "roll-in": 0.2137968224996889, "oneh-in": 0.005185215912390592, "alternate": 0.36039324677479573}, "mt-quotes": {"redirect": 0.02853330703673157, "roll-out": 0.18282413549921708, "bad-redirect": 0.0021829167712554237, "dsfb": 0.0, "dsfb-red": 0.010264639437730842, "sfR": 0.0964592223377679, "unknown": 0.008869126594231481, "dsfb-alt": 0.03813156667981497, "sfT": 1.3447125900957435e-05, "sft": 0.0, "sfb": 0.017974324954279773, "oneh-out": 0.02314100955044764, "roll-in": 0.24490652753373734, "oneh-in": 0.003863807508875103, "alternate": 0.3428359689700099}, "wordle": {"redirect": 0.033075283294064846, "roll-out": 0.20336587007741502, "bad-redirect": 0.0017053741725569394, "dsfb": 0.0, "dsfb-red": 0.013934702120498148, "sfR": 0.13138112868843263, "unknown": 0.0, "dsfb-alt": 0.05517783013575676, "sfT": 0.00026926960619320093, "sft": 0.0, "sfb": 0.0385504319533266, "oneh-out": 0.010411758106137103, "roll-in": 0.18361943228991362, "oneh-in": 0.003253674408167845, "alternate": 0.3252552451475373}, "english-1k": {"redirect": 0.029992942836979536, "roll-out": 0.20642201834862386, "bad-redirect": 0.002117148906139732, "dsfb": 0.0, "dsfb-red": 0.009174311926605505, "sfR": 0.10832745236414962, "unknown": 0.0, "dsfb-alt": 0.034227240649259, "sfT": 0.0, "sft": 0.0, "sfb": 0.025052928722653495, "oneh-out": 0.007410021171489062, "roll-in": 0.2424135497529993, "oneh-in": 0.006351446718419196, "alternate": 0.3285109386026817}, "english-10k": {"redirect": 0.02967908762856757, "roll-out": 0.2041450377260184, "bad-redirect": 0.0017367476505663728, "dsfb": 0.0, "dsfb-red": 0.009185465351884371, "sfR": 0.10567144593890508, "unknown": 0.0, "dsfb-alt": 0.04282047818451979, "sfT": 9.64859805870207e-05, "sft": 0.0, "sfb": 0.026823102603191755, "oneh-out": 0.007294340132378766, "roll-in": 0.205032708747419, "oneh-in": 0.004882190617703248, "alternate": 0.3626329094382586}, "reddit": {"redirect": 0.027482092078937002, "roll-out": 0.17566474266663445, "bad-redirect": 0.0019547900259149114, "dsfb": 0.0, "dsfb-red": 0.009957753656452217, "sfR": 0.10397777127267367, "unknown": 0.041217688064775854, "dsfb-alt": 0.03860596992506832, "sfT": 0.00012315997480614384, "sft": 0.0, "sfb": 0.01984740973559374, "oneh-out": 0.01703881543178003, "roll-in": 0.229090475947003, "oneh-in": 0.003811741288388932, "alternate": 0.3312275899319717}, "akl": {"redirect": 0.0227228158127567, "roll-out": 0.1465863989146642, "bad-redirect": 0.0020860381466106122, "dsfb": 0.0, "dsfb-red": 0.011097567776226606, "sfR": 0.13064861186637447, "unknown": 0.13295000147380848, "dsfb-alt": 0.032682425554203254, "sfT": 0.00022802646075482762, "sft": 0.0, "sfb": 0.02724383757192661, "oneh-out": 0.015115542754491947, "roll-in": 0.19063946066466958, "oneh-in": 0.003082446328355188, "alternate": 0.2849168266751575}, "french": {"redirect": 0.018068082057865763, "roll-out": 0.2371135852418585, "bad-redirect": 0.004355385206060879, "dsfb": 0.0, "dsfb-red": 0.011638880824914401, "sfR": 0.10898279115633469, "unknown": 0.15822382396052298, "dsfb-alt": 0.03530017753628253, "sfT": 0.00020203009003350733, "sft": 0.0, "sfb": 0.02465254008154884, "oneh-out": 0.01303481361237247, "roll-in": 0.1322418704537518, "oneh-in": 0.0021074802176435626, "alternate": 0.2540785395608101}, "keymash": {"redirect": 0.02869715491373613, "roll-out": 0.18573310948102112, "bad-redirect": 0.0022166304753851395, "dsfb": 0.0, "dsfb-red": 0.010459211946817287, "sfR": 0.099723742164827, "unknown": 0.013394194891077241, "dsfb-alt": 0.03835591696666434, "sfT": 4.925845500855866e-05, "sft": 0.0, "sfb": 0.020015352218477667, "oneh-out": 0.020512041639813967, "roll-in": 0.24004055612795705, "oneh-in": 0.003747747451901171, "alternate": 0.3370550832673133}, "movie": {"redirect": 0.02543141390428547, "roll-out": 0.16849603015380235, "bad-redirect": 0.0018318419130956825, "dsfb": 0.0, "dsfb-red": 0.012223860030433317, "sfR": 0.11567713207251198, "unknown": 0.030451476652766863, "dsfb-alt": 0.0419595760391393, "sfT": 3.118868774451701e-05, "sft": 0.0, "sfb": 0.019160250504381617, "oneh-out": 0.031052220785904923, "roll-in": 0.2264780378341154, "oneh-in": 0.002554445644762952, "alternate": 0.3246525257770556}, "dutch": {"redirect": 0.021595400306595066, "roll-out": 0.21106305618409962, "bad-redirect": 0.003850853231464427, "dsfb": 0.0, "dsfb-red": 0.007570739941837524, "sfR": 0.18880787437283908, "unknown": 0.07325981014373002, "dsfb-alt": 0.035513587615186075,