{"english-450k": {"bad-redirect": 0.0013243282907511602, "roll-in": 0.21051031368162682, "dsfb-alt": 0.05752817778858809, "alternate": 0.30713804178328846, "dsfb": 0.0, "oneh-in": 0.003416650051657574, "sfR": 0.11369548401129392, "sfT": 0.00011489205701218674, "oneh-out": 0.004124127858195721, "dsfb-red": 0.020114003324560998, "sft": 0.0, "roll-out": 0.19008993153836665, "unknown": 0.00015377410175167997, "redirect": 0.040526492120392846, "sfb": 0.05126378339251395}, "shai": {"bad-redirect": 0.0009777078386305812, "roll-in": 0.24289191295110002, "dsfb-alt": 0.054397693948507464, "alternate": 0.27569763731668584, "dsfb": 0.0, "oneh-in": 0.0037537933876697445, "sfR": 0.09823378925716947, "sfT": 0.00038970759216294855, "oneh-out": 0.005154536908682813, "dsfb-red": 0.016717870885020063, "sft": 0.0, "roll-out": 0.18277106872514617, "unknown": 0.024097749651430984, "redirect": 0.03548121798978398, "sfb": 0.059435313548009946}, "tr-quotes": {"bad-redirect": 0.0009581378146598553, "roll-in": 0.2461165946233328, "dsfb-alt": 0.049841658768868036, "alternate": 0.26707773745405794, "dsfb": 0.0, "oneh-in": 0.004027877302882504, "sfR": 0.09677191928064538, "sfT": 0.0014065786736321398, "oneh-out": 0.008898314879452624, "dsfb-red": 0.02050807887011396, "sft": 0.0, "roll-out": 0.18114583574119877, "unknown": 0.013894731975682485, "redirect": 0.03560481727190772, "sfb": 0.0737477173435658}, "gutenberg": {"bad-redirect": 0.0009308923267875349, "roll-in": 0.2598269381371469, "dsfb-alt": 0.05407586488308151, "alternate": 0.2473036516212189, "dsfb": 0.0, "oneh-in": 0.00446729809733489, "sfR": 0.09863878308844841, "sfT": 0.00011991348043478014, "oneh-out": 0.007576902807187837, "dsfb-red": 0.017590152015436823, "sft": 0.0, "roll-out": 0.18021404840412775, "unknown": 0.03298207965968062, "redirect": 0.029365352695287533, "sfb": 0.06690812278382649}, "english-200": {"bad-redirect": 0.0, "roll-in": 0.23385300668151449, "dsfb-alt": 0.05790645879732739, "alternate": 0.2717149220489978, "dsfb": 0.0, "oneh-in": 0.0066815144766146995, "sfR": 0.10690423162583519, "sfT": 0.0, "oneh-out": 0.0066815144766146995, "dsfb-red": 0.0200445434298441, "sft": 0.0, "roll-out": 0.1915367483296214, "unknown": 0.0, "redirect": 0.031180400890868598, "sfb": 0.07349665924276169}, "monkeyracer": {"bad-redirect": 0.0009706820776702066, "roll-in": 0.24655618030248527, "dsfb-alt": 0.04983714437649561, "alternate": 0.2663012027464535, "dsfb": 0.0, "oneh-in": 0.004063570389602264, "sfR": 0.09690789370786869, "sfT": 0.0014213209878474124, "oneh-out": 0.008868104540406964, "dsfb-red": 0.02043124481911882, "sft": 0.0, "roll-out": 0.1810483366438838, "unknown": 0.013491796612290222, "redirect": 0.035531069646683455, "sfb": 0.07457145314919374}, "chained-bigrams": {"bad-redirect": 0.0038653108318956646, "roll-in": 0.24552418043138505, "dsfb-alt": 0.05896595630569005, "alternate": 0.26960234632743524, "dsfb": 0.0, "oneh-in": 0.004543184930417263, "sfR": 0.11914286586209158, "sfT": 0.00022011429061189825, "oneh-out": 0.0057275166887538476, "dsfb-red": 0.025491702210687684, "sft": 0.0, "roll-out": 0.1487621980002714, "unknown": 0.023159399756770463, "redirect": 0.0438455979414444, "sfb": 0.05114962642254542}, "english-5k": {"bad-redirect": 0.0012029700916746174, "roll-in": 0.20881901522379392, "dsfb-alt": 0.0622225909486871, "alternate": 0.30982702119716266, "dsfb": 0.0, "oneh-in": 0.0042726179118098475, "sfR": 0.10644211224955408, "sfT": 4.148172729912474e-05, "oneh-out": 0.004397063093707222, "dsfb-red": 0.01646824573775252, "sft": 0.0, "roll-out": 0.20205749367403658, "unknown": 0.002157049819554486, "redirect": 0.041149873480731736, "sfb": 0.040942464844236116}, "mt-quotes": {"bad-redirect": 0.0009218751867656375, "roll-in": 0.2513790774673982, "dsfb-alt": 0.0496587418271357, "alternate": 0.26548660666260265, "dsfb": 0.0, "oneh-in": 0.004205962156799465, "sfR": 0.0964592223377679, "sfT": 0.0015822784810126582, "oneh-out": 0.008906479721734141, "dsfb-red": 0.02085798639748509, "sft": 0.0, "roll-out": 0.17991806217951017, "unknown": 0.007995063410669249, "redirect": 0.03545558862552444, "sfb": 0.07717305554559473}, "wordle": {"bad-redirect": 0.00190732637720184, "roll-in": 0.22295523392797037, "dsfb-alt": 0.05773589139459217, "alternate": 0.278694042409963, "dsfb": 0.0, "oneh-in": 0.005520026926960619, "sfR": 0.13138112868843263, "sfT": 0.0001570739369460339, "oneh-out": 0.004442948502187815, "dsfb-red": 0.02216986424324021, "sft": 0.0, "roll-out": 0.1731403567822282, "unknown": 0.0, "redirect": 0.0374060361270055, "sfb": 0.06449007068327163}, "english-1k": {"bad-redirect": 0.0007057163020465773, "roll-in": 0.23182780522230065, "dsfb-alt": 0.05822159491884263, "alternate": 0.2674664784756528, "dsfb": 0.0, "oneh-in": 0.006351446718419196, "sfR": 0.10832745236414962, "sfT": 0.0, "oneh-out": 0.0077628793225123505, "dsfb-red": 0.01799576570218772, "sft": 0.0, "roll-out": 0.21700776287932252, "unknown": 0.0, "redirect": 0.031051517290049402, "sfb": 0.05328158080451659}, "english-10k": {"bad-redirect": 0.001099940178692036, "roll-in": 0.22954014781652227, "dsfb-alt": 0.05989849674842245, "alternate": 0.3000328052333996, "dsfb": 0.0, "oneh-in": 0.004110302773007082, "sfR": 0.10567144593890508, "sfT": 5.789158835221242e-05, "oneh-out": 0.004361166322533336, "dsfb-red": 0.01617105034638467, "sft": 0.0, "roll-out": 0.19360876864591575, "unknown": 0.0, "redirect": 0.04137318847571448, "sfb": 0.04407479593215106}, "reddit": {"bad-redirect": 0.0010215760319002313, "roll-in": 0.23462634451043815, "dsfb-alt": 0.05044753180930356, "alternate": 0.2627894498198954, "dsfb": 0.0, "oneh-in": 0.00416623824750248, "sfR": 0.10397777127267367, "sfT": 0.000835824719532936, "oneh-out": 0.006249806860212866, "dsfb-red": 0.01758629298402048, "sft": 0.0, "roll-out": 0.17244141988318157, "unknown": 0.04519937363713543, "redirect": 0.03352505910311595, "sfb": 0.06713331112108727}, "akl": {"bad-redirect": 0.002796431125223984, "roll-in": 0.20013293678290664, "dsfb-alt": 0.041231552408542774, "alternate": 0.2224927485040597, "dsfb": 0.0, "oneh-in": 0.0036108431091226322, "sfR": 0.13064861186637447, "sfT": 0.0007030301131561237, "oneh-out": 0.004820453190298718, "dsfb-red": 0.016328241285943724, "sft": 0.0, "roll-out": 0.1513717673098311, "unknown": 0.13920166722946467, "redirect": 0.02553157603148124, "sfb": 0.061130141043594266}, "french": {"bad-redirect": 0.0032358523541629277, "roll-in": 0.214442782808754, "dsfb-alt": 0.03342139508092013, "alternate": 0.2209157310096622, "dsfb": 0.0, "oneh-in": 0.0062248339761365986, "sfR": 0.10898279115633469, "sfT": 0.0002314244568592946, "oneh-out": 0.004204922603598401, "dsfb-red": 0.009804894066192728, "sft": 0.0, "roll-out": 0.14182205192666217, "unknown": 0.15842537463172957, "redirect": 0.03573587935892654, "sfb": 0.06255206657006078}, "keymash": {"bad-redirect": 0.0011165249801939963, "roll-in": 0.2459844096989898, "dsfb-alt": 0.049878290567416356, "alternate": 0.26312224717071747, "dsfb": 0.0, "oneh-in": 0.00416644431947392, "sfR": 0.099723742164827, "sfT": 0.0015146974915131786, "oneh-out": 0.008488873746474942, "dsfb-red": 0.020569509837323953, "sft": 0.0, "roll-out": 0.18325376724559034, "unknown": 0.012376186820900362, "redirect": 0.0353306268548887, "sfb": 0.07447467910168998}, "movie": {"bad-redirect": 0.0012384672589183527, "roll-in": 0.2155277816855025, "dsfb-alt": 0.04651707238499632, "alternate": 0.25449061174439647, "dsfb": 0.0, "oneh-in": 0.004761736191340099, "sfR": 0.11567713207251198, "sfT": 0.00267801601519376, "oneh-out": 0.010532169815430084, "dsfb-red": 0.023741960852538175, "sft": 0.0, "roll-out": 0.17588853873628438, "unknown": 0.030282373430185833, "redirect": 0.032717591433191265, "sfb": 0.0859465483795108}, "dutch": {"bad-redirect": 0.0046084830802694595, "roll-in": 0.22975366782464932, "dsfb-alt": 0.039114485575016726, "alternate": 0.19617956456787558, "dsfb": 0.0, "oneh-in": 0.002814489186278682, "sfR": 0.18880787437283908, "sfT": 0.00019521255683479022,