{"english-450k": {"bad-redirect": 0.0021402665378784202, "roll-in": 0.23423947012835752, "dsfb-alt": 0.04480702519614968, "alternate": 0.3419371794789338, "dsfb": 0.0, "oneh-in": 0.010362503442376518, "sfR": 0.11369548401129392, "sfT": 0.0001432496385139224, "oneh-out": 0.004686309602812604, "dsfb-red": 0.008852242967758307, "sft": 0.0, "roll-out": 0.1894686958611379, "unknown": 0.00015377410175167997, "redirect": 0.026461424041733003, "sfb": 0.0230523749913027}, "shai": {"bad-redirect": 0.0033067379482436547, "roll-in": 0.22398534136850842, "dsfb-alt": 0.03737956061880715, "alternate": 0.32361551606637656, "dsfb": 0.0, "oneh-in": 0.008630400110476949, "sfR": 0.09823378925716947, "sfT": 2.6512300313998526e-05, "oneh-out": 0.007087078469906642, "dsfb-red": 0.0064260358684717425, "sft": 0.0, "roll-out": 0.23493034270457355, "unknown": 0.023260762136131256, "redirect": 0.02107254523966036, "sfb": 0.012045377911360207}, "tr-quotes": {"bad-redirect": 0.003641848316035228, "roll-in": 0.21605025311481474, "dsfb-alt": 0.03574351032107441, "alternate": 0.3202965719701348, "dsfb": 0.0, "oneh-in": 0.008141281986084464, "sfR": 0.09677191928064538, "sfT": 1.9648181965280506e-05, "oneh-out": 0.007986408081181664, "dsfb-red": 0.008409421881140057, "sft": 0.0, "roll-out": 0.2581643974942789, "unknown": 0.013782621760939414, "redirect": 0.022107672037169738, "sfb": 0.008884445574535956}, "gutenberg": {"bad-redirect": 0.003550234655336832, "roll-in": 0.20648589851568708, "dsfb-alt": 0.02923104201972946, "alternate": 0.2979677601336363, "dsfb": 0.0, "oneh-in": 0.009020032181519836, "sfR": 0.09863878308844841, "sfT": 0.00015836914635620252, "oneh-out": 0.008691927682131149, "dsfb-red": 0.010016469633473933, "sft": 0.0, "roll-out": 0.2718052150429472, "unknown": 0.03276706891672094, "redirect": 0.021792617497214332, "sfb": 0.00987458148679834}, "english-200": {"bad-redirect": 0.0022271714922048997, "roll-in": 0.20489977728285078, "dsfb-alt": 0.0200445434298441, "alternate": 0.35634743875278396, "dsfb": 0.0, "oneh-in": 0.011135857461024499, "sfR": 0.10690423162583519, "sfT": 0.0, "oneh-out": 0.0066815144766146995, "dsfb-red": 0.011135857461024499, "sft": 0.0, "roll-out": 0.2583518930957684, "unknown": 0.0, "redirect": 0.022271714922048998, "sfb": 0.0}, "monkeyracer": {"bad-redirect": 0.0036539875189639803, "roll-in": 0.21652661995401723, "dsfb-alt": 0.035590698656489984, "alternate": 0.3197219528598464, "dsfb": 0.0, "oneh-in": 0.008205342759278665, "sfR": 0.09690789370786869, "sfT": 1.7595445516680483e-05, "oneh-out": 0.007959984046796065, "dsfb-red": 0.008414533055976977, "sft": 0.0, "roll-out": 0.25861883572892064, "unknown": 0.013391111562944773, "redirect": 0.022221092638065595, "sfb": 0.008770352065314294}, "chained-bigrams": {"bad-redirect": 0.005293131849758686, "roll-in": 0.1981781808949886, "dsfb-alt": 0.048264116370984135, "alternate": 0.3238257811622424, "dsfb": 0.0, "oneh-in": 0.008903265937670645, "sfR": 0.11914286586209158, "sfT": 2.9218711143172335e-05, "oneh-out": 0.007466354654118637, "dsfb-red": 0.011149210867542492, "sft": 0.0, "roll-out": 0.21506399871697393, "unknown": 0.02260814007320261, "redirect": 0.02688575938456304, "sfb": 0.013189975514720061}, "english-5k": {"bad-redirect": 0.0007051893640851205, "roll-in": 0.25577633052640314, "dsfb-alt": 0.04210395320861161, "alternate": 0.34637242294769155, "dsfb": 0.0, "oneh-in": 0.01244451818973742, "sfR": 0.10644211224955408, "sfT": 0.0, "oneh-out": 0.0042726179118098475, "dsfb-red": 0.005641514912680964, "sft": 0.0, "roll-out": 0.18807815157423155, "unknown": 0.002157049819554486, "redirect": 0.022358651014228233, "sfb": 0.013647488281412039}, "mt-quotes": {"bad-redirect": 0.0038100190052712734, "roll-in": 0.2168468581537395, "dsfb-alt": 0.03562442476183646, "alternate": 0.3199385018108796, "dsfb": 0.0, "oneh-in": 0.008004028161269886, "sfR": 0.0964592223377679, "sfT": 7.470625500531909e-06, "oneh-out": 0.008038393038572334, "dsfb-red": 0.008471689317603184, "sft": 0.0, "roll-out": 0.2647709207396517, "unknown": 0.007977133909467972, "redirect": 0.022292346493587214, "sfb": 0.00775899164485244}, "wordle": {"bad-redirect": 0.004555144171434982, "roll-in": 0.18812969819364972, "dsfb-alt": 0.0478851116346909, "alternate": 0.3241557275889151, "dsfb": 0.0, "oneh-in": 0.007068327162571525, "sfR": 0.13138112868843263, "sfT": 0.0001795130707954673, "oneh-out": 0.009110288342869964, "dsfb-red": 0.01427128912823965, "sft": 0.0, "roll-out": 0.21059127117693258, "unknown": 0.0, "redirect": 0.03323235723101088, "sfb": 0.029440143610456635}, "english-1k": {"bad-redirect": 0.00035285815102328866, "roll-in": 0.2300635144671842, "dsfb-alt": 0.032815808045165845, "alternate": 0.3366266760762174, "dsfb": 0.0, "oneh-in": 0.01058574453069866, "sfR": 0.10832745236414962, "sfT": 0.0, "oneh-out": 0.007057163020465773, "dsfb-red": 0.0077628793225123505, "sft": 0.0, "roll-out": 0.23429781227946367, "unknown": 0.0, "redirect": 0.021877205363443897, "sfb": 0.010232886379675371}, "english-10k": {"bad-redirect": 0.003705061654541595, "roll-in": 0.2534300766098686, "dsfb-alt": 0.04314853051851566, "alternate": 0.3420813955732232, "dsfb": 0.0, "oneh-in": 0.01057486347233747, "sfR": 0.10567144593890508, "sfT": 7.718878446961657e-05, "oneh-out": 0.005692672854634221, "dsfb-red": 0.005133054167229502, "sft": 0.0, "roll-out": 0.19420698172555528, "unknown": 0.0, "redirect": 0.021516373670905618, "sfb": 0.014762355029814168}, "reddit": {"bad-redirect": 0.0028459018874228683, "roll-in": 0.20481848418463733, "dsfb-alt": 0.03763777070706673, "alternate": 0.3139270970111419, "dsfb": 0.0, "oneh-in": 0.00838723923319431, "sfR": 0.10397777127267367, "sfT": 5.641086437288705e-05, "oneh-out": 0.006482342481744662, "dsfb-red": 0.007751512015308095, "sft": 0.0, "roll-out": 0.2413914904623125, "unknown": 0.03771545738217256, "redirect": 0.023554307724261748, "sfb": 0.011454214773690737}, "akl": {"bad-redirect": 0.003047979223278475, "roll-in": 0.1720913401509679, "dsfb-alt": 0.03380951224401287, "alternate": 0.2650092938881076, "dsfb": 0.0, "oneh-in": 0.006821694846139955, "sfR": 0.13064861186637447, "sfT": 0.00016536798156160595, "oneh-out": 0.005276629649819401, "dsfb-red": 0.007966793377957405, "sft": 0.0, "roll-out": 0.20387986936497732, "unknown": 0.13060016025844942, "redirect": 0.02276738832713547, "sfb": 0.01791535882121809}, "french": {"bad-redirect": 0.0037792286489664335, "roll-in": 0.21665055145225476, "dsfb-alt": 0.03179186547004327, "alternate": 0.236028435708954, "dsfb": 0.0, "oneh-in": 0.0085457604446298, "sfR": 0.10898279115633469, "sfT": 4.846624703436383e-05, "oneh-out": 0.006889473270475233, "dsfb-red": 0.005987701438869238, "sft": 0.0, "roll-out": 0.1589954036169424, "unknown": 0.15805331565835973, "redirect": 0.019391742457165014, "sfb": 0.04485526442997109}, "keymash": {"bad-redirect": 0.0036779646406390463, "roll-in": 0.21688087253143304, "dsfb-alt": 0.03522390020237015, "alternate": 0.3193138297217308, "dsfb": 0.0, "oneh-in": 0.008525817587731362, "sfR": 0.099723742164827, "sfT": 2.873409875499255e-05, "oneh-out": 0.007918296642625803, "dsfb-red": 0.008279525312688567, "sft": 0.0, "roll-out": 0.2566899139208499, "unknown": 0.01232282349464109, "redirect": 0.021731188401275792, "sfb": 0.00968339128043249}, "movie": {"bad-redirect": 0.004211262432541303, "roll-in": 0.19245460104865053, "dsfb-alt": 0.039336831116151015, "alternate": 0.3066433615667723, "dsfb": 0.0, "oneh-in": 0.00749081216790463, "sfR": 0.11567713207251198, "sfT": 1.4475762244290594e-05, "oneh-out": 0.007983646073403431, "dsfb-red": 0.011210951466848728, "sft": 0.0, "roll-out": 0.25144399018332764, "unknown": 0.03021933806550388, "redirect": 0.02382210393623611, "sfb": 0.009491494107904175}, "dutch": {"bad-redirect": 0.0033031750523552297, "roll-in": 0.21886347166929132, "dsfb-alt": 0.029189163388230133, "alternate": 0.2545898260888681, "dsfb": 0.0, "oneh-in": 0.008893118085863329, "sfR": 0.18880787437283908, "sfT": 0.0002810114072485379,