{"english-450k": {"dsfb": 0.0, "oneh-in": 0.00388381928093359, "oneh-out": 0.0045138253441938, "alternate": 0.3635444871984522, "unknown": 0.00015377410175167997, "roll-in": 0.2195259781757714, "dsfb-red": 0.00944687514069161, "bad-redirect": 0.006620764415152655, "dsfb-alt": 0.03793075020128036, "sfb": 0.02430273969318851, "sfR": 0.11369548401129392, "redirect": 0.02815147742999624, "roll-out": 0.1881028544098378, "sft": 0.0, "sfT": 0.00012717059745623722}, "shai": {"dsfb": 0.0, "oneh-in": 0.0031674187129001963, "oneh-out": 0.006709717481831527, "alternate": 0.3170326473627189, "unknown": 0.023260762136131256, "roll-in": 0.22677571646685551, "dsfb-red": 0.0067425772525856655, "bad-redirect": 0.006862753445979776, "dsfb-alt": 0.03150824722189797, "sfb": 0.013820397704630836, "sfR": 0.09823378925716947, "redirect": 0.025031508998081205, "roll-out": 0.24082059401176542, "sft": 0.0, "sfT": 3.386994745223374e-05}, "tr-quotes": {"dsfb": 0.0, "oneh-in": 0.003918078638958877, "oneh-out": 0.00892952081551513, "alternate": 0.3076801275976052, "unknown": 0.013835787429786644, "roll-in": 0.21434779593629366, "dsfb-red": 0.00822218626476503, "bad-redirect": 0.005417119345368808, "dsfb-alt": 0.0285603661496498, "sfb": 0.013426642934744921, "sfR": 0.09677191928064538, "redirect": 0.030890409375650123, "roll-out": 0.2679815538244608, "sft": 0.0, "sfT": 1.8492406555558125e-05}, "gutenberg": {"dsfb": 0.0, "oneh-in": 0.0033280253148155092, "oneh-out": 0.011325477769025798, "alternate": 0.2828920024717711, "unknown": 0.032975828246008664, "roll-in": 0.20638360265560052, "dsfb-red": 0.01204685301941386, "bad-redirect": 0.005640290626327241, "dsfb-alt": 0.028723351454855512, "sfb": 0.013594930368723532, "sfR": 0.09863878308844841, "redirect": 0.026413359384679036, "roll-out": 0.27801836248575906, "sft": 0.0, "sfT": 1.913311457174217e-05}, "english-200": {"dsfb": 0.0, "oneh-in": 0.0022271714922048997, "oneh-out": 0.0066815144766146995, "alternate": 0.3028953229398664, "unknown": 0.0, "roll-in": 0.22271714922049, "dsfb-red": 0.004454342984409799, "bad-redirect": 0.004454342984409799, "dsfb-alt": 0.028953229398663696, "sfb": 0.008908685968819599, "sfR": 0.10690423162583519, "redirect": 0.0334075723830735, "roll-out": 0.27839643652561247, "sft": 0.0, "sfT": 0.0}, "monkeyracer": {"dsfb": 0.0, "oneh-in": 0.004030334548070757, "oneh-out": 0.00898736256002002, "alternate": 0.3069300639692197, "unknown": 0.013436077701487402, "roll-in": 0.21425974005661824, "dsfb-red": 0.008222938204795345, "bad-redirect": 0.0054262398923940755, "dsfb-alt": 0.028545677776561303, "sfb": 0.013416527206468867, "sfR": 0.09690789370786869, "redirect": 0.030859478862004786, "roll-out": 0.2689581150194723, "sft": 0.0, "sfT": 1.955049501853387e-05}, "chained-bigrams": {"dsfb": 0.0, "oneh-in": 0.006872240860874133, "oneh-out": 0.007591021154996172, "alternate": 0.31158184258386906, "unknown": 0.022916559801936097, "roll-in": 0.20202336328143009, "dsfb-red": 0.01352891256398086, "bad-redirect": 0.006715758430085143, "dsfb-alt": 0.046068167902401716, "sfb": 0.01460091461058925, "sfR": 0.11914286586209158, "redirect": 0.030319931900923896, "roll-out": 0.21858972319491674, "sft": 0.0, "sfT": 4.8697851905287224e-05}, "english-5k": {"dsfb": 0.0, "oneh-in": 0.0038163189115194758, "oneh-out": 0.003982245820715975, "alternate": 0.35105985813249263, "unknown": 0.002157049819554486, "roll-in": 0.26486082880491146, "dsfb-red": 0.006968930186252956, "bad-redirect": 0.008171900277927573, "dsfb-alt": 0.036213547932135895, "sfb": 0.015970465010163023, "sfR": 0.10644211224955408, "redirect": 0.023437175924005474, "roll-out": 0.17687808520346787, "sft": 0.0, "sfT": 4.148172729912474e-05}, "mt-quotes": {"dsfb": 0.0, "oneh-in": 0.00410884402529255, "oneh-out": 0.009232198993557332, "alternate": 0.3049225445548105, "unknown": 0.007977133909467972, "roll-in": 0.21436212811226257, "dsfb-red": 0.008417900813999355, "bad-redirect": 0.005329544232079464, "dsfb-alt": 0.02802679862779551, "sfb": 0.01274339297880733, "sfR": 0.0964592223377679, "redirect": 0.03184727650876753, "roll-out": 0.27655956777949103, "sft": 0.0, "sfT": 1.3447125900957435e-05}, "wordle": {"dsfb": 0.0, "oneh-in": 0.003545383148210479, "oneh-out": 0.009918097161449568, "alternate": 0.33625042073375966, "unknown": 0.0, "roll-in": 0.17349938292381914, "dsfb-red": 0.012049814877145742, "bad-redirect": 0.0044878267698866825, "dsfb-alt": 0.04963536407494671, "sfb": 0.030562100302928306, "sfR": 0.13138112868843263, "redirect": 0.03289577022326938, "roll-out": 0.21519129361606643, "sft": 0.0, "sfT": 0.0005834174800852687}, "english-1k": {"dsfb": 0.0, "oneh-in": 0.004940014114326041, "oneh-out": 0.009174311926605505, "alternate": 0.34227240649259, "unknown": 0.0, "roll-in": 0.24417784050811575, "dsfb-red": 0.007410021171489062, "bad-redirect": 0.006351446718419196, "dsfb-alt": 0.02893436838390967, "sfb": 0.014114326040931546, "sfR": 0.10832745236414962, "redirect": 0.022230063514467185, "roll-out": 0.2117148906139732, "sft": 0.0, "sfT": 0.00035285815102328866}, "english-10k": {"dsfb": 0.0, "oneh-in": 0.003126145771019471, "oneh-out": 0.0038980336157156364, "alternate": 0.35165280484745565, "unknown": 0.0, "roll-in": 0.2585824279732155, "dsfb-red": 0.005962833600277879, "bad-redirect": 0.008934601802358118, "dsfb-alt": 0.03560332683661064, "sfb": 0.016132455954149864, "sfR": 0.10567144593890508, "redirect": 0.025163543737095, "roll-out": 0.18525308272707974, "sft": 0.0, "sfT": 1.929719611740414e-05}, "reddit": {"dsfb": 0.0, "oneh-in": 0.0042826933453346885, "oneh-out": 0.007434472469456757, "alternate": 0.2953450736103721, "unknown": 0.039285409944231534, "roll-in": 0.21375870720982162, "dsfb-red": 0.007617863964788533, "bad-redirect": 0.005328429408789045, "dsfb-alt": 0.030884648584849562, "sfb": 0.0136601192981155, "sfR": 0.10397777127267367, "redirect": 0.029116733593699814, "roll-out": 0.24926417720952385, "sft": 0.0, "sfT": 4.390008834330918e-05}, "akl": {"dsfb": 0.0, "oneh-in": 0.004905274388670299, "oneh-out": 0.006563030958650271, "alternate": 0.24544307191792492, "unknown": 0.13277008071454782, "roll-in": 0.18155037387173042, "dsfb-red": 0.007176743089833407, "bad-redirect": 0.004561122197549485, "dsfb-alt": 0.028448827331490262, "sfb": 0.017060253416486933, "sfR": 0.13064861186637447, "redirect": 0.027621419148831504, "roll-out": 0.2130401140522684, "sft": 0.0, "sfT": 0.00021107704564183468}, "french": {"dsfb": 0.0, "oneh-in": 0.0008056333749693603, "oneh-out": 0.0111837026124266, "alternate": 0.24156785058097247, "unknown": 0.15807953387545715, "roll-in": 0.1842536294589565, "dsfb-red": 0.007777237083232038, "bad-redirect": 0.007230130310681528, "dsfb-alt": 0.029191557680160015, "sfb": 0.034854902318938376, "sfR": 0.10898279115633469, "redirect": 0.01649003004352988, "roll-out": 0.19954939724094164, "sft": 0.0, "sfT": 3.3604263399715015e-05}, "keymash": {"dsfb": 0.0, "oneh-in": 0.004145919963220354, "oneh-out": 0.009424784391637556, "alternate": 0.30598120789941424, "unknown": 0.01232282349464109, "roll-in": 0.21319059327704187, "dsfb-red": 0.008492978617725655, "bad-redirect": 0.005689351553488525, "dsfb-alt": 0.02827845804616338, "sfb": 0.013193056199792294, "sfR": 0.099723742164827, "redirect": 0.029916301675197956, "roll-out": 0.26962846810309793, "sft": 0.0, "sfT": 1.2314613752139664e-05}, "movie": {"dsfb": 0.0, "oneh-in": 0.0038514739418513896, "oneh-out": 0.009444382081690938, "alternate": 0.30321984379599753, "unknown": 0.030236445784519856, "roll-in": 0.17933771808558308, "dsfb-red": 0.010375831583191745, "bad-redirect": 0.0035741972959539322, "dsfb-alt": 0.028819268660803806, "sfb": 0.01496833295411223, "sfR": 0.11567713207251198, "redirect": 0.030334617772103865, "roll-out": 0.2701261457401319, "sft": 0.0, "sfT": 3.4610231547712965e-05}, "dutch": {"dsfb": 0.0, "oneh-in": 0.00448816745095363, "oneh-out": 0.005974863393347582, "alternate": 0.28604158674762253, "unknown": 0.07290361491625476, "roll-in": 0.1936993771093114,