{"english-450k": {"roll-in": 0.28104088110806225, "dsfb-red": 0.018729744062594828, "bad-redirect": 0.0033657818126750787, "oneh-in": 0.017212467279151447, "sfR": 0.11369548401129392, "dsfb-alt": 0.03717328119436286, "oneh-out": 0.004767289500503128, "unknown": 0.0, "sfT": 2.3095349882856877e-05, "roll-out": 0.16235738621447335, "alternate": 0.2812484469108069, "redirect": 0.04847655471171449, "sft": 0.0, "sfb": 0.03190958784447884, "dsfb": 0.0}, "shai": {"roll-in": 0.31638283281722723, "dsfb-red": 0.011953351201204596, "bad-redirect": 0.0032475593976157664, "oneh-in": 0.016429343519836465, "sfR": 0.09823378925716947, "dsfb-alt": 0.03477080445363297, "oneh-out": 0.004654542017622436, "unknown": 0.015572597567587401, "sfT": 2.0799576917872712e-05, "roll-out": 0.1551698908204121, "alternate": 0.29094827105742355, "redirect": 0.036593999225298976, "sft": 0.0, "sfb": 0.01602221908805118, "dsfb": 0.0}, "tr-quotes": {"roll-in": 0.32033240100783616, "dsfb-red": 0.013235939992140728, "bad-redirect": 0.0031818497029657195, "oneh-in": 0.013452069993758814, "sfR": 0.09677191928064538, "dsfb-alt": 0.03222879730010864, "oneh-out": 0.006193800420702249, "unknown": 0.009743186703959687, "sfT": 9.246203277779062e-06, "roll-out": 0.16694366750653014, "alternate": 0.2858602436374564, "redirect": 0.0379221469684011, "sft": 0.0, "sfb": 0.014124731282217239, "dsfb": 0.0}, "gutenberg": {"roll-in": 0.32694438856059493, "dsfb-red": 0.009292821141750616, "bad-redirect": 0.0030311778837865985, "oneh-in": 0.010177112021165393, "sfR": 0.09863878308844841, "dsfb-alt": 0.031089227374523708, "oneh-out": 0.006327946130242331, "unknown": 0.025598023492433706, "sfT": 1.894367779380413e-05, "roll-out": 0.15848943871019316, "alternate": 0.27666010078794334, "redirect": 0.037995902861366754, "sft": 0.0, "sfb": 0.015736134269757215, "dsfb": 0.0}, "english-200": {"roll-in": 0.33853006681514475, "dsfb-red": 0.008908685968819599, "bad-redirect": 0.0022271714922048997, "oneh-in": 0.008908685968819599, "sfR": 0.10690423162583519, "dsfb-alt": 0.024498886414253896, "oneh-out": 0.0, "unknown": 0.0, "sfT": 0.0, "roll-out": 0.15812917594654788, "alternate": 0.30957683741648107, "redirect": 0.035634743875278395, "sft": 0.0, "sfb": 0.0066815144766146995, "dsfb": 0.0}, "monkeyracer": {"roll-in": 0.32062909582870636, "dsfb-red": 0.013245460375056696, "bad-redirect": 0.0031965059355302874, "oneh-in": 0.013438032750989254, "sfR": 0.09690789370786869, "dsfb-alt": 0.03209507014717613, "oneh-out": 0.006239540485165084, "unknown": 0.009366642163379577, "sfT": 7.820198007413547e-06, "roll-out": 0.16727501290332672, "alternate": 0.28557799083472796, "redirect": 0.03792111766269922, "sft": 0.0, "sfb": 0.014099817007366627, "dsfb": 0.0}, "chained-bigrams": {"roll-in": 0.3081418263252796, "dsfb-red": 0.01853894756799681, "bad-redirect": 0.0056547945632419525, "oneh-in": 0.016122884808802494, "sfR": 0.11914286586209158, "dsfb-alt": 0.04382222297252986, "oneh-out": 0.004658111860913741, "unknown": 0.016087822355430687, "sfT": 4.739924252114623e-05, "roll-out": 0.120841446936548, "alternate": 0.28432727813421, "redirect": 0.04527017243584707, "sft": 0.0, "sfb": 0.017344226934587096, "dsfb": 0.0}, "english-5k": {"roll-in": 0.3090803501057784, "dsfb-red": 0.012983780644626042, "bad-redirect": 0.0029452026382378563, "oneh-in": 0.02671423238063633, "sfR": 0.10644211224955408, "dsfb-alt": 0.034886132658563905, "oneh-out": 0.0029452026382378563, "unknown": 0.0, "sfT": 0.0, "roll-out": 0.14514456381963745, "alternate": 0.3040195793752852, "redirect": 0.0390757871157755, "sft": 0.0, "sfb": 0.0157630563736674, "dsfb": 0.0}, "mt-quotes": {"roll-in": 0.3243416884808931, "dsfb-red": 0.013394831522453712, "bad-redirect": 0.00316306283692521, "oneh-in": 0.01309451237733233, "sfR": 0.0964592223377679, "dsfb-alt": 0.03187566488566955, "oneh-out": 0.006134877661036803, "unknown": 0.00522794372527223, "sfT": 0.0, "roll-out": 0.16891084256702646, "alternate": 0.2865567588243028, "redirect": 0.037448751509066354, "sft": 0.0, "sfb": 0.0133918432722535, "dsfb": 0.0}, "wordle": {"roll-in": 0.24438460675417928, "dsfb-red": 0.017928867945697296, "bad-redirect": 0.004039044092898014, "oneh-in": 0.0076517446426567935, "sfR": 0.13138112868843263, "dsfb-alt": 0.041871423763042745, "oneh-out": 0.011219566924716706, "unknown": 0.0, "sfT": 4.4878267698866824e-05, "roll-out": 0.18846628520139122, "alternate": 0.27321889375070124, "redirect": 0.047256815886906764, "sft": 0.0, "sfb": 0.03253674408167845, "dsfb": 0.0}, "english-1k": {"roll-in": 0.34227240649259, "dsfb-red": 0.008821453775582216, "bad-redirect": 0.0024700070571630206, "oneh-in": 0.016584333098094567, "sfR": 0.10832745236414962, "dsfb-alt": 0.029992942836979536, "oneh-out": 0.0038814396612561752, "unknown": 0.0, "sfT": 0.0, "roll-out": 0.155257586450247, "alternate": 0.27805222300635146, "redirect": 0.04234297812279464, "sft": 0.0, "sfb": 0.011997177134791814, "dsfb": 0.0}, "english-10k": {"roll-in": 0.31344435653499547, "dsfb-red": 0.013353659713243666, "bad-redirect": 0.0031068485749020667, "oneh-in": 0.02417938673510739, "sfR": 0.10567144593890508, "dsfb-alt": 0.036452403465776426, "oneh-out": 0.004419057910885548, "unknown": 0.0, "sfT": 0.0, "roll-out": 0.15034445495069568, "alternate": 0.292506898747612, "redirect": 0.03816985392022539, "sft": 0.0, "sfb": 0.018351633507651337, "dsfb": 0.0}, "reddit": {"roll-in": 0.30738969213190176, "dsfb-red": 0.011210853959726165, "bad-redirect": 0.0032398789601147844, "oneh-in": 0.013723871815487778, "sfR": 0.10397777127267367, "dsfb-alt": 0.03554236555176549, "oneh-out": 0.004602916771313315, "unknown": 0.0331983180872297, "sfT": 5.038022083767137e-05, "roll-out": 0.15184265189496118, "alternate": 0.28216852951747173, "redirect": 0.036790371646835775, "sft": 0.0, "sfb": 0.016262398169680958, "dsfb": 0.0}, "akl": {"roll-in": 0.26392949754891937, "dsfb-red": 0.008937777437032491, "bad-redirect": 0.0032534476432196546, "oneh-in": 0.01086119014592631, "sfR": 0.13064861186637447, "dsfb-alt": 0.03193212979802795, "oneh-out": 0.0043913809703975005, "unknown": 0.12482253455870851, "sfT": 9.220877143103442e-05, "roll-out": 0.13354095790336032, "alternate": 0.23754489155129224, "redirect": 0.03100406284398387, "sft": 0.0, "sfb": 0.01904130896132625, "dsfb": 0.0}, "french": {"roll-in": 0.21687797575827691, "dsfb-red": 0.015357373101244881, "bad-redirect": 0.004017065332635839, "oneh-in": 0.017736833612137855, "sfR": 0.10898279115633469, "dsfb-alt": 0.02411906678188899, "oneh-out": 0.0107496338101618, "unknown": 0.14988019847879508, "sfT": 3.6121212241066825e-05, "roll-out": 0.16695859527766763, "alternate": 0.20257159359851817, "redirect": 0.035301765611146715, "sft": 0.0, "sfb": 0.0474109862689504, "dsfb": 0.0}, "keymash": {"roll-in": 0.3218998986096801, "dsfb-red": 0.012881085984738088, "bad-redirect": 0.003095072923037769, "oneh-in": 0.013287468238558697, "sfR": 0.099723742164827, "dsfb-alt": 0.03141047481045757, "oneh-out": 0.006346130953602641, "unknown": 0.008566866300238493, "sfT": 1.2314613752139664e-05, "roll-out": 0.16491730736865437, "alternate": 0.28487806479949757, "redirect": 0.03874177486423138, "sft": 0.0, "sfb": 0.014239798368724165, "dsfb": 0.0}, "movie": {"roll-in": 0.29259792425465286, "dsfb-red": 0.015370890742342092, "bad-redirect": 0.002843960889648764, "oneh-in": 0.0116185099729448, "sfR": 0.11567713207251198, "dsfb-alt": 0.036389434325374864, "oneh-out": 0.008199729724359115, "unknown": 0.02448311987944585, "sfT": 1.5791740630135195e-05, "roll-out": 0.17154357289974126, "alternate": 0.26986650320460476, "redirect": 0.03874029811384766, "sft": 0.0, "sfb": 0.012653132179895825, "dsfb": 0.0}, "dutch": {"roll-in": 0.24417049259011722, "dsfb-red": 0.016144205758876217, "bad-redirect": 0.0023863735431274512, "oneh-in": 0.0075013119065601925, "sfR": 0.18880787437283908, "dsfb-alt": 0.028382833502283253, "oneh-out": 0.007147842159808634, "unknown": 0.06758112760955366, "sfT": 0.00016957152107895758, "roll-out": 0.14941304082996051,