{"english-450k": {"dsfb-red": 0.0096102966670779, "redirect": 0.025116923863109476, "dsfb-alt": 0.056321080324457505, "alternate": 0.3600605975205534, "bad-redirect": 0.003927963557291962, "oneh-in": 0.003590011348879525, "dsfb": 0.0, "sft": 0.0, "roll-in": 0.18000252587117707, "sfT": 0.0003961291024211528, "unknown": 0.00015377410175167997, "oneh-out": 0.006735364125963792, "sfb": 0.04333126157325523, "sfR": 0.11369548401129392, "roll-out": 0.1970585879327674}, "shai": {"dsfb-red": 0.008525183047114021, "redirect": 0.02486823580264383, "dsfb-alt": 0.046762964243924926, "alternate": 0.32042195274199886, "bad-redirect": 0.004069626486972359, "oneh-in": 0.0028943381492572066, "dsfb": 0.0, "sft": 0.0, "roll-in": 0.21662974167653104, "sfT": 9.079979056443875e-05, "unknown": 0.024097749651430984, "oneh-out": 0.014590721298673875, "sfb": 0.02382618628803954, "sfR": 0.09823378925716947, "roll-out": 0.21498871156567945}, "tr-quotes": {"dsfb-red": 0.009774392640022191, "redirect": 0.02467927232380204, "dsfb-alt": 0.04751161554286771, "alternate": 0.323717667182913, "bad-redirect": 0.003952751901250549, "oneh-in": 0.00239129932271561, "dsfb": 0.0, "sft": 0.0, "roll-in": 0.22606967014169807, "sfT": 4.738679179861769e-05, "unknown": 0.013894731975682485, "oneh-out": 0.022789579528905944, "sfb": 0.02062481218649592, "sfR": 0.09677191928064538, "roll-out": 0.20777490118120248}, "gutenberg": {"dsfb-red": 0.0073399173979873476, "redirect": 0.02164277300586534, "dsfb-alt": 0.049675627405136695, "alternate": 0.30083337027350504, "bad-redirect": 0.004042391404419863, "oneh-in": 0.003012234205992795, "dsfb": 0.0, "sft": 0.0, "roll-in": 0.22808926867174129, "sfT": 7.179653883851764e-05, "unknown": 0.03298207965968062, "oneh-out": 0.014158883656645083, "sfb": 0.02035952827211305, "sfR": 0.09863878308844841, "roll-out": 0.21915334641962594}, "english-200": {"dsfb-red": 0.008908685968819599, "redirect": 0.026726057906458798, "dsfb-alt": 0.044543429844097995, "alternate": 0.311804008908686, "bad-redirect": 0.0022271714922048997, "oneh-in": 0.0022271714922048997, "dsfb": 0.0, "sft": 0.0, "roll-in": 0.2516703786191537, "sfT": 0.0, "unknown": 0.0, "oneh-out": 0.015590200445434299, "sfb": 0.013363028953229399, "sfR": 0.10690423162583519, "roll-out": 0.21603563474387527}, "monkeyracer": {"dsfb-red": 0.009730281370724308, "redirect": 0.02472355600043793, "dsfb-alt": 0.04755560160783271, "alternate": 0.3235118163191892, "bad-redirect": 0.004006873954048517, "oneh-in": 0.0024164411842907863, "dsfb": 0.0, "sft": 0.0, "roll-in": 0.22547976914775483, "sfT": 4.789871279540798e-05, "unknown": 0.013491796612290222, "oneh-out": 0.023238695903780283, "sfb": 0.02051726699720037, "sfR": 0.09690789370786869, "roll-out": 0.20837210848178675}, "chained-bigrams": {"dsfb-red": 0.02008364343043252, "redirect": 0.03076016048214769, "dsfb-alt": 0.0619358759672205, "alternate": 0.3216525583578825, "bad-redirect": 0.003203669350675829, "oneh-in": 0.009779177967273745, "dsfb": 0.0, "sft": 0.0, "roll-in": 0.19246559821415238, "sfT": 0.0002272566422246737, "unknown": 0.023159399756770463, "oneh-out": 0.008167603721554773, "sfb": 0.02360352416614668, "sfR": 0.11914286586209158, "roll-out": 0.1858186660814267}, "english-5k": {"dsfb-red": 0.00937487036960219, "redirect": 0.026299415107645083, "dsfb-alt": 0.04928029203136019, "alternate": 0.3438420375824449, "bad-redirect": 0.004106691002613349, "oneh-in": 0.003277056456630854, "dsfb": 0.0, "sft": 0.0, "roll-in": 0.2052930684033683, "sfT": 0.00012444518189737422, "unknown": 0.002157049819554486, "oneh-out": 0.007051893640851205, "sfb": 0.03140166756543743, "sfR": 0.10644211224955408, "roll-out": 0.21134940058904053}, "mt-quotes": {"dsfb-red": 0.009879155161903396, "redirect": 0.024657546527055617, "dsfb-alt": 0.047637190566691766, "alternate": 0.3253636700493659, "bad-redirect": 0.004075973273090209, "oneh-in": 0.002312905654964679, "dsfb": 0.0, "sft": 0.0, "roll-in": 0.22855930481347342, "sfT": 3.436487730244678e-05, "unknown": 0.007995063410669249, "oneh-out": 0.024795006036265405, "sfb": 0.01902021252435424, "sfR": 0.0964592223377679, "roll-out": 0.20921038476709578}, "wordle": {"dsfb-red": 0.010681027712330303, "redirect": 0.023852799281947716, "dsfb-alt": 0.057174913048356334, "alternate": 0.33575675978907216, "bad-redirect": 0.006350274879389655, "oneh-in": 0.003433187478963312, "dsfb": 0.0, "sft": 0.0, "roll-in": 0.17895209244923146, "sfT": 0.0002468304723437675, "unknown": 0.0, "oneh-out": 0.010209805901492203, "sfb": 0.0389543363626164, "sfR": 0.13138112868843263, "roll-out": 0.20300684393582408}, "english-1k": {"dsfb-red": 0.008115737473535639, "redirect": 0.025758645024700072, "dsfb-alt": 0.03987297106563162, "alternate": 0.3232180663373324, "bad-redirect": 0.004234297812279464, "oneh-in": 0.0035285815102328866, "dsfb": 0.0, "sft": 0.0, "roll-in": 0.23112208892025407, "sfT": 0.0, "unknown": 0.0, "oneh-out": 0.008468595624558928, "sfb": 0.02399435426958363, "sfR": 0.10832745236414962, "roll-out": 0.22335920959774172}, "english-10k": {"dsfb-red": 0.008741629841184076, "redirect": 0.025086354952625383, "dsfb-alt": 0.05146562204511684, "alternate": 0.345554890874356, "bad-redirect": 0.004824299029351035, "oneh-in": 0.002817390633141005, "dsfb": 0.0, "sft": 0.0, "roll-in": 0.19542270508095175, "sfT": 0.00013508037282182898, "unknown": 0.0, "oneh-out": 0.00964859805870207, "sfb": 0.03043167827714633, "sfR": 0.10567144593890508, "roll-out": 0.22020030489569867}, "reddit": {"dsfb-red": 0.0099198092968176, "redirect": 0.02300469509946535, "dsfb-alt": 0.04607175679201228, "alternate": 0.311904733811702, "bad-redirect": 0.00316960885283488, "oneh-in": 0.002156722940811481, "dsfb": 0.0, "sft": 0.0, "roll-in": 0.21525247139330528, "sfT": 0.0001237592934183392, "unknown": 0.04519937363713543, "oneh-out": 0.01853696213261535, "sfb": 0.020916069735964566, "sfR": 0.10397777127267367, "roll-out": 0.19976626574124381}, "akl": {"dsfb-red": 0.009953185764873118, "redirect": 0.019871113781398945, "dsfb-alt": 0.039773853293620966, "alternate": 0.26733262384630013, "bad-redirect": 0.0033313012977692767, "oneh-in": 0.002206141800931689, "dsfb": 0.0, "sft": 0.0, "roll-in": 0.18250248132272048, "sfT": 0.000180736110133445, "unknown": 0.13920166722946467, "oneh-out": 0.01617401643297681, "sfb": 0.022414094323198613, "sfR": 0.13064861186637447, "roll-out": 0.16641017293023738}, "french": {"dsfb-red": 0.008092754598701497, "redirect": 0.014805457158586789, "dsfb-alt": 0.040995508399919736, "alternate": 0.2469011752847669, "bad-redirect": 0.005258655221501011, "oneh-in": 0.0008473278310734204, "dsfb": 0.0, "sft": 0.0, "roll-in": 0.12541923116411746, "sfT": 0.00019886892214347618, "unknown": 0.15842537463172957, "oneh-out": 0.013913917922567957, "sfb": 0.02762313898787764, "sfR": 0.10898279115633469, "roll-out": 0.24853579872067985}, "keymash": {"dsfb-red": 0.009814747160455313, "redirect": 0.02494940746183496, "dsfb-alt": 0.04740305320323628, "alternate": 0.3214401530296002, "bad-redirect": 0.004191073546978199, "oneh-in": 0.0025491250466929106, "dsfb": 0.0, "sft": 0.0, "roll-in": 0.22569403110671435, "sfT": 8.209742501426443e-05, "unknown": 0.012376186820900362, "oneh-out": 0.02205547323008214, "sfb": 0.019949674278466258, "sfR": 0.099723742164827, "roll-out": 0.20977123552519775}, "movie": {"dsfb-red": 0.012483502565960456, "redirect": 0.02169995719122311, "dsfb-alt": 0.04906204298538119, "alternate": 0.31255092013866725, "bad-redirect": 0.002897521209952639, "oneh-in": 0.0022197923412426704, "dsfb": 0.0, "sft": 0.0, "roll-in": 0.21678164589153523, "sfT": 5.698186410707116e-05, "unknown": 0.030282373430185833, "oneh-out": 0.03255269934144494, "sfb": 0.02036015959659472, "sfR": 0.11567713207251198, "roll-out": 0.1833752713711929}, "dutch": {"dsfb-red": 0.007160824054834664, "redirect": 0.019015894178764065, "dsfb-alt": 0.03864681459978342, "alternate": 0.26357555672695443, "bad-redirect": 0.00459428189123546, "oneh-in": 0.0025422459374109846, "dsfb": 0.0, "sft": 0.0,