{"english-450k": {"dsfb-alt": 0.048826200768168876, "oneh-in": 0.0031435986998779746, "oneh-out": 0.004667307099744431, "sfT": 0.00014763483152965473, "sfR": 0.11369548401129392, "roll-out": 0.180636917127453, "sfb": 0.024504458571912194, "roll-in": 0.21990193539032019, "dsfb": 0.0, "dsfb-red": 0.014058636462236764, "unknown": 0.00015377410175167997, "bad-redirect": 0.0013813357999556803, "sft": 0.0, "alternate": 0.3483667494786005, "redirect": 0.04051596765715509}, "shai": {"dsfb-alt": 0.042723519204813674, "oneh-in": 0.003151553907208652, "oneh-out": 0.00755917158389204, "sfT": 3.815836040813306e-05, "sfR": 0.09823378925716947, "roll-out": 0.22222597737885388, "sfb": 0.013906177574975236, "roll-in": 0.21744004659352936, "dsfb": 0.0, "dsfb-red": 0.01065556055440355, "unknown": 0.02405265164803555, "bad-redirect": 0.0007423095751127141, "sft": 0.0, "alternate": 0.31071582281949683, "redirect": 0.048555261542100915}, "tr-quotes": {"dsfb-alt": 0.04523127065948545, "oneh-in": 0.003774762488153302, "oneh-out": 0.009641478467904117, "sfT": 2.6582834423614803e-05, "sfR": 0.09677191928064538, "roll-out": 0.23432652966875478, "sfb": 0.011332377892327963, "roll-in": 0.20920806268925823, "dsfb": 0.0, "dsfb-red": 0.011041122489077923, "unknown": 0.013894731975682485, "bad-redirect": 0.0013441668015071312, "sft": 0.0, "alternate": 0.30765123321236215, "redirect": 0.05575576154041747}, "gutenberg": {"dsfb-alt": 0.040576978960772565, "oneh-in": 0.0037000791466858226, "oneh-out": 0.009037270928312198, "sfT": 0.00016840929558691872, "sfR": 0.09863878308844841, "roll-out": 0.2395187472318551, "sfb": 0.011727273175032384, "roll-in": 0.21680224656863692, "dsfb": 0.0, "dsfb-red": 0.008446985928257262, "unknown": 0.03298056416545711, "bad-redirect": 0.001133210805625363, "sft": 0.0, "alternate": 0.29564943284523054, "redirect": 0.041620017860099424}, "english-200": {"dsfb-alt": 0.042316258351893093, "oneh-in": 0.004454342984409799, "oneh-out": 0.013363028953229399, "sfT": 0.0, "sfR": 0.10690423162583519, "roll-out": 0.20489977728285078, "sfb": 0.008908685968819599, "roll-in": 0.26057906458797325, "dsfb": 0.0, "dsfb-red": 0.008908685968819599, "unknown": 0.0, "bad-redirect": 0.0, "sft": 0.0, "alternate": 0.2984409799554566, "redirect": 0.051224944320712694}, "monkeyracer": {"dsfb-alt": 0.04531511487870873, "oneh-in": 0.0038416722711419053, "oneh-out": 0.009795775529036396, "sfT": 2.4438118773167336e-05, "sfR": 0.09690789370786869, "roll-out": 0.23502920843955769, "sfb": 0.011239579586155122, "roll-in": 0.2087220623426185, "dsfb": 0.0, "dsfb-red": 0.011048962259724416, "unknown": 0.013491796612290222, "bad-redirect": 0.0014086131660853653, "sft": 0.0, "alternate": 0.3070180411968031, "redirect": 0.05615684189123669}, "chained-bigrams": {"dsfb-alt": 0.05783551683679532, "oneh-in": 0.005811276994030942, "oneh-out": 0.007086511409257396, "sfT": 2.792010175903134e-05, "sfR": 0.11914286586209158, "roll-out": 0.20771711612619626, "sfb": 0.015395014248991468, "roll-in": 0.17893343912671117, "dsfb": 0.0, "dsfb-red": 0.02085371879522813, "unknown": 0.023159399756770463, "bad-redirect": 0.0022426984064114943, "sft": 0.0, "alternate": 0.31594971524742727, "redirect": 0.04584480708832946}, "english-5k": {"dsfb-alt": 0.04355581366408097, "oneh-in": 0.0032355747293317293, "oneh-out": 0.005143734185091467, "sfT": 0.0, "sfR": 0.10644211224955408, "roll-out": 0.1928485502136309, "sfb": 0.016053428464761273, "roll-in": 0.23835400506077073, "dsfb": 0.0, "dsfb-red": 0.011697847098353175, "unknown": 0.002157049819554486, "bad-redirect": 0.0008296345459824947, "sft": 0.0, "alternate": 0.3349234662131331, "redirect": 0.044758783755755586}, "mt-quotes": {"dsfb-alt": 0.046172947968587515, "oneh-in": 0.003929549013279784, "oneh-out": 0.010034544172314459, "sfT": 7.470625500531909e-06, "sfR": 0.0964592223377679, "roll-out": 0.23882245012610415, "sfb": 0.010372216444938501, "roll-in": 0.20845136921624174, "dsfb": 0.0, "dsfb-red": 0.01091757210647733, "unknown": 0.007995063410669249, "bad-redirect": 0.001440336596502552, "sft": 0.0, "alternate": 0.3075731224823992, "redirect": 0.057824135499217076}, "wordle": {"dsfb-alt": 0.053719286435543585, "oneh-in": 0.003388309211264445, "oneh-out": 0.006686861887131156, "sfT": 0.00026926960619320093, "sfR": 0.13138112868843263, "roll-out": 0.20098732188937507, "sfb": 0.030831369909121508, "roll-in": 0.19896779984292606, "dsfb": 0.0, "dsfb-red": 0.017996185347245595, "unknown": 0.0, "bad-redirect": 0.0018400089756535397, "sft": 0.0, "alternate": 0.31257713452260744, "redirect": 0.04135532368450578}, "english-1k": {"dsfb-alt": 0.0374029640084686, "oneh-in": 0.0045871559633027525, "oneh-out": 0.0077628793225123505, "sfT": 0.0, "sfR": 0.10832745236414962, "roll-out": 0.21841919548341568, "sfb": 0.011997177134791814, "roll-in": 0.25405786873676783, "dsfb": 0.0, "dsfb-red": 0.011644318983768526, "unknown": 0.0, "bad-redirect": 0.0, "sft": 0.0, "alternate": 0.30310515172900493, "redirect": 0.04269583627381793}, "english-10k": {"dsfb-alt": 0.04534841087589973, "oneh-in": 0.002740201848671388, "oneh-out": 0.004785704637116227, "sfT": 7.718878446961657e-05, "sfR": 0.10567144593890508, "roll-out": 0.19688929198587446, "sfb": 0.016190347542502075, "roll-in": 0.23368904498176415, "dsfb": 0.0, "dsfb-red": 0.011694100847146909, "unknown": 0.0, "bad-redirect": 0.0008490766291657822, "sft": 0.0, "alternate": 0.33660099187588044, "redirect": 0.04546419405260416}, "reddit": {"dsfb-alt": 0.04612097583303883, "oneh-in": 0.0036353543293371894, "oneh-out": 0.008440428760026647, "sfT": 5.5212227148496355e-05, "sfR": 0.10397777127267367, "roll-out": 0.2180083256592458, "sfb": 0.012232280161973346, "roll-in": 0.20089792911072168, "dsfb": 0.0, "dsfb-red": 0.010394244893196741, "unknown": 0.045191657410003416, "bad-redirect": 0.0007096306942525533, "sft": 0.0, "alternate": 0.3005400047982946, "redirect": 0.049796184850087}, "akl": {"dsfb-alt": 0.04028900679960625, "oneh-in": 0.004079966352199012, "oneh-out": 0.006730079057161853, "sfT": 0.0002120900573322614, "sfR": 0.13064861186637447, "roll-out": 0.17647575357754344, "sfb": 0.01872141963557127, "roll-in": 0.17122504220243764, "dsfb": 0.0, "dsfb-red": 0.010931458566598835, "unknown": 0.13912786562167676, "bad-redirect": 0.0010318141757050987, "sft": 0.0, "alternate": 0.25935562622863184, "redirect": 0.04117126585916128}, "french": {"dsfb-alt": 0.032752006543827275, "oneh-in": 0.004004076078793863, "oneh-out": 0.00806760009212632, "sfT": 5.17622514694674e-05, "sfR": 0.10898279115633469, "roll-out": 0.16832525355300665, "sfb": 0.04563511406115493, "roll-in": 0.18523096968315644, "dsfb": 0.0, "dsfb-red": 0.011731858113661005, "unknown": 0.15839527611850174, "bad-redirect": 0.0014071991298907854, "sft": 0.0, "alternate": 0.24167855138447691, "redirect": 0.03373754183359993}, "keymash": {"dsfb-alt": 0.04381950060136364, "oneh-in": 0.004137710220718927, "oneh-out": 0.009359106451626145, "sfT": 2.873409875499255e-05, "sfR": 0.099723742164827, "roll-out": 0.23323467959427452, "sfb": 0.011809714588301937, "roll-in": 0.21161842758801871, "dsfb": 0.0, "dsfb-red": 0.011358178750723483, "unknown": 0.012376186820900362, "bad-redirect": 0.0013751318689889291, "sft": 0.0, "alternate": 0.3070854182658561, "redirect": 0.054073468985645266}, "movie": {"dsfb-alt": 0.04923483094744259, "oneh-in": 0.0036128870604977634, "oneh-out": 0.010731408943046956, "sfT": 1.8160501724655473e-05, "sfR": 0.11567713207251198, "roll-out": 0.21431773955971836, "sfb": 0.010829054539276625, "roll-in": 0.19386203993231133, "dsfb": 0.0, "dsfb-red": 0.011642329181728587, "unknown": 0.030282373430185833, "bad-redirect": 0.002390474737886715, "sft": 0.0, "alternate": 0.2968851186400574, "redirect": 0.06051645045361117}, "dutch": {"dsfb-alt": 0.04108775154976751, "oneh-in": 0.0034271664944892036, "oneh-out": 0.0013052721663257604, "sfT": 4.156358103637767e-05, "sfR": 0.18880787437283908, "roll-out": 0.16428127334029072, "sfb": 0.027570245769148412, "roll-in": 0.21514388978242022,