{"english-450k": {"sfb": 0.040275366733691906, "sfT": 0.00034233740142816963, "redirect": 0.048742882100869966, "sfR": 0.11369548401129392, "roll-out": 0.16759213729045355, "oneh-out": 0.005525050853621673, "roll-in": 0.2909388464369722, "alternate": 0.26414473241844566, "sft": 0.0, "dsfb-red": 0.016493587970772397, "unknown": 0.00015377410175167997, "dsfb-alt": 0.040206080684043334, "oneh-in": 0.010249657808771672, "dsfb": 0.0, "bad-redirect": 0.0016400621878838871}, "shai": {"sfb": 0.0301733200026133, "sfT": 8.232746569037411e-05, "redirect": 0.042000639081901874, "sfR": 0.09823378925716947, "roll-out": 0.15225063884967735, "oneh-out": 0.008711829641324572, "roll-in": 0.3277373272752663, "alternate": 0.24699247948605926, "sft": 0.0, "dsfb-red": 0.011470931836527556, "unknown": 0.024052709704167625, "dsfb-alt": 0.03819875199442166, "oneh-in": 0.01662904113253735, "dsfb": 0.0, "bad-redirect": 0.0034662142726433623}, "tr-quotes": {"sfb": 0.034284921754004764, "sfT": 5.200989343750722e-05, "redirect": 0.04097801715170708, "sfR": 0.09677191928064538, "roll-out": 0.15123205658676406, "oneh-out": 0.009665749751508287, "roll-in": 0.3221562146043781, "alternate": 0.25909479669910546, "sft": 0.0, "dsfb-red": 0.010485194517001457, "unknown": 0.013890108874043596, "dsfb-alt": 0.03297773976560875, "oneh-in": 0.025331129654885463, "dsfb": 0.0, "bad-redirect": 0.00308014146691015}, "gutenberg": {"sfb": 0.030607868521783144, "sfT": 6.535568838862425e-05, "redirect": 0.0403301428391193, "sfR": 0.09863878308844841, "roll-out": 0.14852222263898313, "oneh-out": 0.009086903364131965, "roll-in": 0.3432213648313653, "alternate": 0.23396218766137644, "sft": 0.0, "dsfb-red": 0.010639906069668028, "unknown": 0.03296484091288825, "dsfb-alt": 0.03428862511711929, "oneh-in": 0.014768112334493823, "dsfb": 0.0, "bad-redirect": 0.002903686932234297}, "english-200": {"sfb": 0.024498886414253896, "sfT": 0.0, "redirect": 0.0334075723830735, "sfR": 0.10690423162583519, "roll-out": 0.1603563474387528, "oneh-out": 0.013363028953229399, "roll-in": 0.34966592427616927, "alternate": 0.26057906458797325, "sft": 0.0, "dsfb-red": 0.0066815144766146995, "unknown": 0.0, "dsfb-alt": 0.028953229398663696, "oneh-in": 0.013363028953229399, "dsfb": 0.0, "bad-redirect": 0.0022271714922048997}, "monkeyracer": {"sfb": 0.03423682687645651, "sfT": 5.083128704818806e-05, "redirect": 0.04104528676666093, "sfR": 0.09690789370786869, "roll-out": 0.1514762578788495, "oneh-out": 0.009791865430032689, "roll-in": 0.3218734848366361, "alternate": 0.2589248009759607, "sft": 0.0, "dsfb-red": 0.010527941567480489, "unknown": 0.013484953939033737, "dsfb-alt": 0.032798887967843346, "oneh-in": 0.025824248869981387, "dsfb": 0.0, "bad-redirect": 0.0030567198961477704}, "chained-bigrams": {"sfb": 0.030999104608829636, "sfT": 0.0002623190955964805, "redirect": 0.049430267597942744, "sfR": 0.11914286586209158, "roll-out": 0.12227705961071586, "oneh-out": 0.0057541381811287385, "roll-in": 0.29030282921533473, "alternate": 0.2664525692662013, "sft": 0.0, "dsfb-red": 0.019957678320170844, "unknown": 0.023120441475246233, "dsfb-alt": 0.048374498168636114, "oneh-in": 0.020638798942152797, "dsfb": 0.0, "bad-redirect": 0.0032874296559529228}, "english-5k": {"sfb": 0.02932758120048119, "sfT": 0.00012444518189737422, "redirect": 0.043929149209773095, "sfR": 0.10644211224955408, "roll-out": 0.16750321483386568, "oneh-out": 0.0076326378230389515, "roll-in": 0.32376488156966854, "alternate": 0.2545318787074294, "sft": 0.0, "dsfb-red": 0.01348156137221554, "unknown": 0.002157049819554486, "dsfb-alt": 0.039656531297963246, "oneh-in": 0.010826730825071556, "dsfb": 0.0, "bad-redirect": 0.000622225909486871}, "mt-quotes": {"sfb": 0.03414374678763103, "sfT": 3.137662710223402e-05, "redirect": 0.04053561396588613, "sfR": 0.0964592223377679, "roll-out": 0.15087675260874242, "oneh-out": 0.010095803301418821, "roll-in": 0.324774984759924, "alternate": 0.262317567325277, "sft": 0.0, "dsfb-red": 0.010219815684727651, "unknown": 0.00799058103536893, "dsfb-alt": 0.03221184303319349, "oneh-in": 0.027230429949438806, "dsfb": 0.0, "bad-redirect": 0.003112262583521593}, "wordle": {"sfb": 0.04025580612588354, "sfT": 0.00022439133849433412, "redirect": 0.04864804218557164, "sfR": 0.13138112868843263, "roll-out": 0.20284976999887805, "oneh-out": 0.009648827555256367, "roll-in": 0.24972512061034444, "alternate": 0.23798945360709076, "sft": 0.0, "dsfb-red": 0.021810838101649275, "unknown": 0.0, "dsfb-alt": 0.044519241557275886, "oneh-in": 0.008863457870526198, "dsfb": 0.0, "bad-redirect": 0.004083922360596881}, "english-1k": {"sfb": 0.021524347212420608, "sfT": 0.0, "redirect": 0.04728299223712068, "sfR": 0.10832745236414962, "roll-out": 0.19548341566690192, "oneh-out": 0.012702893436838392, "roll-in": 0.3330980945659845, "alternate": 0.22759350741002118, "sft": 0.0, "dsfb-red": 0.009880028228652082, "unknown": 0.0, "dsfb-alt": 0.03352152434721242, "oneh-in": 0.010232886379675371, "dsfb": 0.0, "bad-redirect": 0.00035285815102328866}, "english-10k": {"sfb": 0.03176318480924722, "sfT": 0.00011578317670442484, "redirect": 0.04229945388934988, "sfR": 0.10567144593890508, "roll-out": 0.16917851836128212, "oneh-out": 0.007294340132378766, "roll-in": 0.3243858667335636, "alternate": 0.252542405588468, "sft": 0.0, "dsfb-red": 0.01402906157735281, "unknown": 0.0, "dsfb-alt": 0.039694332413500316, "oneh-in": 0.009359140116941009, "dsfb": 0.0, "bad-redirect": 0.0036664672623067866}, "reddit": {"sfb": 0.031397927518781614, "sfT": 0.0001209499874236735, "redirect": 0.03964758567306383, "sfR": 0.10397777127267367, "roll-out": 0.14674844369130072, "oneh-out": 0.009424247719358571, "roll-in": 0.30162960349267903, "alternate": 0.25344670943179537, "sft": 0.0, "dsfb-red": 0.010330042886865315, "unknown": 0.04413374768723884, "dsfb-alt": 0.035975710365795985, "oneh-in": 0.01964244277022293, "dsfb": 0.0, "bad-redirect": 0.0035248175028004098}, "akl": {"sfb": 0.030071943843178083, "sfT": 0.00040584707382802023, "redirect": 0.03286844909120868, "sfR": 0.13064861186637447, "roll-out": 0.1268624683196036, "oneh-out": 0.008892636647802989, "roll-in": 0.25304495871890886, "alternate": 0.21812528449259713, "sft": 0.0, "dsfb-red": 0.011498078007978233, "unknown": 0.1386736163551281, "dsfb-alt": 0.02853238844214936, "oneh-in": 0.016686452102719483, "dsfb": 0.0, "bad-redirect": 0.0036892650385229814}, "french": {"sfb": 0.04837464807474463, "sfT": 4.421140494541195e-05, "redirect": 0.035692282209353124, "sfR": 0.10898279115633469, "roll-out": 0.15853265957609217, "oneh-out": 0.009238790322625349, "roll-in": 0.23473873913717466, "alternate": 0.1849639783420747, "sft": 0.0, "dsfb-red": 0.013933409294250092, "unknown": 0.15841440792606368, "dsfb-alt": 0.02898325019986147, "oneh-in": 0.014549132886404121, "dsfb": 0.0, "bad-redirect": 0.0035516994700758977}, "keymash": {"sfb": 0.034222311617196126, "sfT": 7.388768251283799e-05, "redirect": 0.040642330253311605, "sfR": 0.099723742164827, "roll-out": 0.15063235541617237, "oneh-out": 0.010151346603013797, "roll-in": 0.3256271217053277, "alternate": 0.25565959123692084, "sft": 0.0, "dsfb-red": 0.010192395315520929, "unknown": 0.012376186820900362, "dsfb-alt": 0.03264193618567154, "oneh-in": 0.024961722075587098, "dsfb": 0.0, "bad-redirect": 0.003095072923037769}, "movie": {"sfb": 0.03834761016351163, "sfT": 6.119299494177387e-05, "redirect": 0.036021618366531304, "sfR": 0.11567713207251198, "roll-out": 0.13976716920810606, "oneh-out": 0.009606510618826992, "roll-in": 0.2861946366248102, "alternate": 0.2586441027257992, "sft": 0.0, "dsfb-red": 0.011446380000076327, "unknown": 0.030144722091026487, "dsfb-alt": 0.03408897250907992, "oneh-in": 0.03590423309451396, "dsfb": 0.0, "bad-redirect": 0.004095719530264147}, "dutch": {"sfb": 0.03464505580403851, "sfT": 0.00011568948440323932, "redirect": 0.03260863757199259, "sfR": 0.18880787437283908, "roll-out": 0.1227439071250844, "oneh-out": 0.005299392443726623, "roll-in": 0.27565451074770014,