{"english-450k": {"dsfb-red": 0.023460197941765806, "sfT": 0.0026448560808886856, "roll-out": 0.17491453258812337, "sfb": 0.05463190397479742, "oneh-in": 0.009358878934175915, "dsfb": 0.0, "sft": 0.0, "unknown": 0.00015377410175167997, "redirect": 0.05006019408279595, "oneh-out": 0.0055227120840132815, "bad-redirect": 0.0015400797871251903, "dsfb-alt": 0.04188356318566147, "alternate": 0.2450346459482863, "roll-in": 0.277099177279321, "sfR": 0.11369548401129392}, "shai": {"dsfb-red": 0.027037507048014435, "sfT": 0.0004554039112183954, "roll-out": 0.15753861197232008, "sfb": 0.041259657057009264, "oneh-in": 0.011034879969333977, "dsfb": 0.0, "sft": 0.0, "unknown": 0.024097749651430984, "redirect": 0.047158984472848775, "oneh-out": 0.008016332660707889, "bad-redirect": 0.002320282985713857, "dsfb-alt": 0.03773353659688268, "alternate": 0.22227182237114868, "roll-in": 0.3228414420462015, "sfR": 0.09823378925716947}, "tr-quotes": {"dsfb-red": 0.03058644044289314, "sfT": 0.0003998982917639444, "roll-out": 0.1479045791821733, "sfb": 0.047946187096923325, "oneh-in": 0.012221169182404476, "dsfb": 0.0, "sft": 0.0, "unknown": 0.013894731975682485, "redirect": 0.04509026605949932, "oneh-out": 0.008802385520445667, "bad-redirect": 0.0017637132752363561, "dsfb-alt": 0.03501883913917848, "alternate": 0.23311412126395598, "roll-in": 0.3264857492891981, "sfR": 0.09677191928064538}, "gutenberg": {"dsfb-red": 0.028239340487223815, "sfT": 0.0003339770395047668, "roll-out": 0.14909015409924137, "sfb": 0.04181248562648447, "oneh-in": 0.010138845792021909, "dsfb": 0.0, "sft": 0.0, "unknown": 0.03298207965968062, "redirect": 0.044478239965628594, "oneh-out": 0.008453237341929216, "bad-redirect": 0.0017901775515144901, "dsfb-alt": 0.033139691058925065, "alternate": 0.21340242471498289, "roll-in": 0.3375005635744144, "sfR": 0.09863878308844841}, "english-200": {"dsfb-red": 0.035634743875278395, "sfT": 0.0, "roll-out": 0.1492204899777283, "sfb": 0.044543429844097995, "oneh-in": 0.011135857461024499, "dsfb": 0.0, "sft": 0.0, "unknown": 0.0, "redirect": 0.04899777282850779, "oneh-out": 0.011135857461024499, "bad-redirect": 0.0, "dsfb-alt": 0.022271714922048998, "alternate": 0.23162583518930957, "roll-in": 0.33853006681514475, "sfR": 0.10690423162583519}, "monkeyracer": {"dsfb-red": 0.03096407401035394, "sfT": 0.0003988300983780909, "roll-out": 0.14783302313214572, "sfb": 0.04779509517180975, "oneh-in": 0.012379373445735645, "dsfb": 0.0, "sft": 0.0, "unknown": 0.013491796612290222, "redirect": 0.04530729468070131, "oneh-out": 0.00894044137197554, "bad-redirect": 0.0017360839576458075, "dsfb-alt": 0.03479792608348843, "alternate": 0.23276135101740775, "roll-in": 0.3266868167101991, "sfR": 0.09690789370786869}, "chained-bigrams": {"dsfb-red": 0.029152482064581143, "sfT": 0.00033049608826388264, "roll-out": 0.13295747249058346, "sfb": 0.04189833316992499, "oneh-in": 0.01808378497885539, "dsfb": 0.0, "sft": 0.0, "unknown": 0.023159399756770463, "redirect": 0.05554736710193889, "oneh-out": 0.00565219734447367, "bad-redirect": 0.002658253409336612, "dsfb-alt": 0.045127325403591566, "alternate": 0.24116474872882374, "roll-in": 0.2851252736007646, "sfR": 0.11914286586209158}, "english-5k": {"dsfb-red": 0.027543866926618824, "sfT": 0.0007051893640851205, "roll-out": 0.17687808520346787, "sfb": 0.036877255568921886, "oneh-in": 0.010204504915584684, "dsfb": 0.0, "sft": 0.0, "unknown": 0.002157049819554486, "redirect": 0.0464595345750197, "oneh-out": 0.0076326378230389515, "bad-redirect": 0.0003318538183929979, "dsfb-alt": 0.03837059775169038, "alternate": 0.2307628489650309, "roll-in": 0.31563446301904013, "sfR": 0.10644211224955408}, "mt-quotes": {"dsfb-red": 0.03151707486164402, "sfT": 0.00031227214592223376, "roll-out": 0.14592073965168956, "sfb": 0.04751018993318273, "oneh-in": 0.012525250714191798, "dsfb": 0.0, "sft": 0.0, "unknown": 0.007995063410669249, "redirect": 0.04543933254443528, "oneh-out": 0.009227716618257014, "bad-redirect": 0.001773526493826275, "dsfb-alt": 0.0342991357980421, "alternate": 0.23587902367889457, "roll-in": 0.33114145181147725, "sfR": 0.0964592223377679}, "wordle": {"dsfb-red": 0.029552339279703802, "sfT": 0.001682935038707506, "roll-out": 0.1975092561427129, "sfb": 0.062133961629081115, "oneh-in": 0.0096712666891058, "dsfb": 0.0, "sft": 0.0, "unknown": 0.0, "redirect": 0.051071468641310444, "oneh-out": 0.008122966453494895, "bad-redirect": 0.0036127005497587792, "dsfb-alt": 0.044474363289577025, "alternate": 0.21180298440480197, "roll-in": 0.24898462919331313, "sfR": 0.13138112868843263}, "english-1k": {"dsfb-red": 0.033168666196189134, "sfT": 0.0, "roll-out": 0.19230769230769232, "sfb": 0.04763585038814397, "oneh-in": 0.008115737473535639, "dsfb": 0.0, "sft": 0.0, "unknown": 0.0, "redirect": 0.04798870853916726, "oneh-out": 0.012702893436838392, "bad-redirect": 0.0, "dsfb-alt": 0.032815808045165845, "alternate": 0.1993648553281581, "roll-in": 0.3175723359209598, "sfR": 0.10832745236414962}, "english-10k": {"dsfb-red": 0.0260898091507304, "sfT": 0.0007525906485787615, "roll-out": 0.1812778603268945, "sfb": 0.04038903147372687, "oneh-in": 0.00889600741012331, "dsfb": 0.0, "sft": 0.0, "unknown": 0.0, "redirect": 0.046757106192470234, "oneh-out": 0.00741012330908319, "bad-redirect": 0.0033770093205457248, "dsfb-alt": 0.03909611933386079, "alternate": 0.22917350109029158, "roll-in": 0.3111093958047896, "sfR": 0.10567144593890508}, "reddit": {"dsfb-red": 0.024251689844377557, "sfT": 0.0005589020632854235, "roll-out": 0.14678073198153274, "sfb": 0.04283300155429536, "oneh-in": 0.010792716855480123, "dsfb": 0.0, "sft": 0.0, "unknown": 0.04519937363713543, "redirect": 0.04400541858940251, "oneh-out": 0.00807357085453657, "bad-redirect": 0.0017237901583268672, "dsfb-alt": 0.03701773814533738, "alternate": 0.2318495140930708, "roll-in": 0.3029357809505455, "sfR": 0.10397777127267367}, "akl": {"dsfb-red": 0.019951784102599998, "sfT": 0.0004210916643888316, "roll-out": 0.13212555820341437, "sfb": 0.040262940279279416, "oneh-in": 0.008775127291713493, "dsfb": 0.0, "sft": 0.0, "unknown": 0.13920166722946467, "redirect": 0.03553131091890958, "oneh-out": 0.006969322769317991, "bad-redirect": 0.001852748966586007, "dsfb-alt": 0.03136943886539923, "alternate": 0.2001009898532549, "roll-in": 0.25278940798929705, "sfR": 0.13064861186637447}, "french": {"dsfb-red": 0.022356543392055696, "sfT": 0.000608652164456898, "roll-out": 0.16275121565258124, "sfb": 0.05672233363466305, "oneh-in": 0.016805083122010758, "dsfb": 0.0, "sft": 0.0, "unknown": 0.15842537463172957, "redirect": 0.04009815621062445, "oneh-out": 0.01017102023157937, "bad-redirect": 0.004313585877088429, "dsfb-alt": 0.027758005496626742, "alternate": 0.170061229125299, "roll-in": 0.22094600930495012, "sfR": 0.10898279115633469}, "keymash": {"dsfb-red": 0.030146174465237898, "sfT": 0.00038996276881775603, "roll-out": 0.14903556049964492, "sfb": 0.0489629042785073, "oneh-in": 0.012532171928427465, "dsfb": 0.0, "sft": 0.0, "unknown": 0.012376186820900362, "redirect": 0.044032953906400725, "oneh-out": 0.009001982652814095, "bad-redirect": 0.0018061433503138173, "dsfb-alt": 0.03519106123236445, "alternate": 0.2294664077861198, "roll-in": 0.3273347481456244, "sfR": 0.099723742164827}, "movie": {"dsfb-red": 0.02675502496476797, "sfT": 0.00048322726328213695, "roll-out": 0.1324663843191174, "sfb": 0.05822493729033997, "oneh-in": 0.013545628721175632, "dsfb": 0.0, "sft": 0.0, "unknown": 0.030282373430185833, "redirect": 0.03835261088137784, "oneh-out": 0.007127207339895767, "bad-redirect": 0.0014388907670824852, "dsfb-alt": 0.03644865335273787, "alternate": 0.23625615203445652, "roll-in": 0.3029417775630686, "sfR": 0.11567713207251198}, "dutch": {"dsfb-red": 0.02832834181860355, "sfT": 0.0002464587667579858, "roll-out": 0.13361593938588248, "sfb": 0.07785432513529053, "oneh-in": 0.008850944857822967, "dsfb": 0.0, "sft": 0.0, "unknown": 0.07360268279108878, "redirect": 0.0322197007142445, "oneh-out": 0.005027471949155153,