{"english-450k": {"bad-redirect": 0.0014164173440815388, "dsfb-alt": 0.02944598640824042, "sfT": 0.0001429572923128736, "sft": 0.0, "unknown": 0.00015377410175167997, "sfb": 0.025125109556738842, "roll-in": 0.21444792466355336, "redirect": 0.043564553841692194, "dsfb": 0.0, "sfR": 0.11369548401129392, "dsfb-red": 0.0241936945601973, "oneh-in": 0.02219463123742546, "alternate": 0.31744470710126466, "roll-out": 0.19459527884273004, "oneh-out": 0.013579481038717747}, "shai": {"bad-redirect": 0.0007163584840754352, "dsfb-alt": 0.028230471542741855, "sfT": 3.577805899308064e-05, "sft": 0.0, "unknown": 0.023260762136131256, "sfb": 0.014446215715531764, "roll-in": 0.21069670687040912, "redirect": 0.030624640632542457, "dsfb": 0.0, "sfR": 0.09823378925716947, "dsfb-red": 0.01925354599113893, "oneh-in": 0.024399091940167816, "alternate": 0.3473415400449525, "roll-out": 0.1898917346026623, "oneh-out": 0.012869364723484062}, "tr-quotes": {"bad-redirect": 0.000631053373708421, "dsfb-alt": 0.028792677007004, "sfT": 2.7738609833337187e-05, "sft": 0.0, "unknown": 0.013835787429786644, "sfb": 0.012944684588890686, "roll-in": 0.2186831094981623, "redirect": 0.030358752687177828, "dsfb": 0.0, "sfR": 0.09677191928064538, "dsfb-red": 0.0183259748965581, "oneh-in": 0.027583735928434387, "alternate": 0.35107140380481267, "roll-out": 0.1913975636254363, "oneh-out": 0.00957559926954994}, "gutenberg": {"bad-redirect": 0.0009255880970052698, "dsfb-alt": 0.034385237873867686, "sfT": 0.000169735353032485, "sft": 0.0, "unknown": 0.032975828246008664, "sfb": 0.012707040190527933, "roll-in": 0.21111762773627218, "redirect": 0.02899898196675536, "dsfb": 0.0, "sfR": 0.09863878308844841, "dsfb-red": 0.01593466401303628, "oneh-in": 0.01983914544311725, "alternate": 0.3502960707402394, "roll-out": 0.18410564813330893, "oneh-out": 0.00990564911838018}, "english-200": {"bad-redirect": 0.0, "dsfb-alt": 0.028953229398663696, "sfT": 0.0, "sft": 0.0, "unknown": 0.0, "sfb": 0.013363028953229399, "roll-in": 0.20044543429844097, "redirect": 0.015590200445434299, "dsfb": 0.0, "sfR": 0.10690423162583519, "dsfb-red": 0.008908685968819599, "oneh-in": 0.0378619153674833, "alternate": 0.37193763919821826, "roll-out": 0.21380846325167038, "oneh-out": 0.0022271714922048997}, "monkeyracer": {"bad-redirect": 0.0006353910881023507, "dsfb-alt": 0.028725542330731813, "sfT": 2.541564352409403e-05, "sft": 0.0, "unknown": 0.013436077701487402, "sfb": 0.012957090573533322, "roll-in": 0.2192939925238907, "redirect": 0.030372671536043293, "dsfb": 0.0, "sfR": 0.09690789370786869, "dsfb-red": 0.01827580274332546, "oneh-in": 0.027697186292756932, "alternate": 0.3508600262758653, "roll-out": 0.1913739305879225, "oneh-out": 0.009438978994948152}, "chained-bigrams": {"bad-redirect": 0.0021576394917502593, "dsfb-alt": 0.03976147142832098, "sfT": 4.155550029251176e-05, "sft": 0.0, "unknown": 0.022916559801936097, "sfb": 0.01522814294312935, "roll-in": 0.18523883699140775, "redirect": 0.03726424558261785, "dsfb": 0.0, "sfR": 0.11914286586209158, "dsfb-red": 0.017955871954517505, "oneh-in": 0.01717995284749326, "alternate": 0.3491369766685345, "roll-out": 0.18172415069323014, "oneh-out": 0.012251730234678194}, "english-5k": {"bad-redirect": 0.0003318538183929979, "dsfb-alt": 0.029991288837267184, "sfT": 0.0, "sft": 0.0, "unknown": 0.002157049819554486, "sfb": 0.015638611191770024, "roll-in": 0.22379391877877794, "redirect": 0.035052059567760405, "dsfb": 0.0, "sfR": 0.10644211224955408, "dsfb-red": 0.020035674285477246, "oneh-in": 0.025718670925457335, "alternate": 0.32700045629900026, "roll-out": 0.19384411166880988, "oneh-out": 0.019994192558178123}, "mt-quotes": {"bad-redirect": 0.0005707557882406378, "dsfb-alt": 0.028676743046341786, "sfT": 8.96475060063829e-06, "sft": 0.0, "unknown": 0.007977133909467972, "sfb": 0.012142754688564563, "roll-in": 0.22144428108676684, "redirect": 0.02986457250092636, "dsfb": 0.0, "sfR": 0.0964592223377679, "dsfb-red": 0.018337397353605622, "oneh-in": 0.02866628417064104, "alternate": 0.35467093388795257, "roll-out": 0.19218781750158379, "oneh-out": 0.008993138977540312}, "wordle": {"bad-redirect": 0.0024907438572871086, "dsfb-alt": 0.03475821833277235, "sfT": 0.0001795130707954673, "sft": 0.0, "unknown": 0.0, "sfb": 0.026455738808481993, "roll-in": 0.20011219566924718, "redirect": 0.038438236284079434, "dsfb": 0.0, "sfR": 0.13138112868843263, "dsfb-red": 0.021339616290811176, "oneh-in": 0.023718164478851115, "alternate": 0.31441714349826094, "roll-out": 0.1979131605520027, "oneh-out": 0.008796140468977897}, "english-1k": {"bad-redirect": 0.00035285815102328866, "dsfb-alt": 0.03387438249823571, "sfT": 0.0, "sft": 0.0, "unknown": 0.0, "sfb": 0.014467184191954835, "roll-in": 0.20959774170783346, "redirect": 0.03387438249823571, "dsfb": 0.0, "sfR": 0.10832745236414962, "dsfb-red": 0.010938602681721948, "oneh-in": 0.024347212420606917, "alternate": 0.3585038814396613, "roll-out": 0.19724770642201836, "oneh-out": 0.008468595624558928}, "english-10k": {"bad-redirect": 0.0005596186874047201, "dsfb-alt": 0.028405472684818897, "sfT": 7.718878446961657e-05, "sft": 0.0, "unknown": 0.0, "sfb": 0.015399162501688504, "roll-in": 0.2250631983172845, "redirect": 0.038285637096929816, "dsfb": 0.0, "sfR": 0.10567144593890508, "dsfb-red": 0.0223654503000714, "oneh-in": 0.022442639084541017, "alternate": 0.3213755041392486, "roll-out": 0.20155921344628625, "oneh-out": 0.018795469018351635}, "reddit": {"bad-redirect": 0.0006561789655273807, "dsfb-alt": 0.027648964855020147, "sfT": 6.154252998980972e-05, "sft": 0.0, "unknown": 0.039285409944231534, "sfb": 0.013360459992017825, "roll-in": 0.21347384358196253, "redirect": 0.0295126209944681, "dsfb": 0.0, "sfR": 0.10397777127267367, "dsfb-red": 0.018975775728982132, "oneh-in": 0.028513182293805835, "alternate": 0.3299217495908246, "roll-out": 0.18534310147756386, "oneh-out": 0.0092693987729326}, "akl": {"bad-redirect": 0.0011955267479189342, "dsfb-alt": 0.02251302356242955, "sfT": 0.00019089093463991745, "sft": 0.0, "unknown": 0.13277008071454782, "sfb": 0.016025128422086293, "roll-in": 0.1882388700343804, "redirect": 0.024367872675203028, "dsfb": 0.0, "sfR": 0.13064861186637447, "dsfb-red": 0.016589721840084837, "oneh-in": 0.025924624567366796, "alternate": 0.27315195597856395, "roll-out": 0.16075462749299396, "oneh-out": 0.007629065163410028}, "french": {"bad-redirect": 0.004101802610294684, "dsfb-alt": 0.017921469787857018, "sfT": 0.0003839695348512243, "sft": 0.0, "unknown": 0.15807953387545715, "sfb": 0.023321223962857147, "roll-in": 0.17646680399918602, "redirect": 0.0430582378664376, "dsfb": 0.0, "sfR": 0.10898279115633469, "dsfb-red": 0.01842659744937498, "oneh-in": 0.012843120990794514, "alternate": 0.2528915734545376, "roll-out": 0.16583597616707135, "oneh-out": 0.017686899144946033}, "keymash": {"bad-redirect": 0.0006937232413705344, "dsfb-alt": 0.029735687340166576, "sfT": 5.3363326259271875e-05, "sft": 0.0, "unknown": 0.01232282349464109, "sfb": 0.013993506093681371, "roll-in": 0.21997594545447083, "redirect": 0.030507403135300662, "dsfb": 0.0, "sfR": 0.099723742164827, "dsfb-red": 0.018447291400705217, "oneh-in": 0.02691153591967588, "alternate": 0.3467384745477458, "roll-out": 0.1910899664632019, "oneh-out": 0.009806537417953886}, "movie": {"bad-redirect": 0.0008705197022362026, "dsfb-alt": 0.030128140763364845, "sfT": 1.7239316854564252e-05, "sft": 0.0, "unknown": 0.030236445784519856, "sfb": 0.013268088879601006, "roll-in": 0.21576518418630886, "redirect": 0.032663636319371636, "dsfb": 0.0, "sfR": 0.11567713207251198, "dsfb-red": 0.020087357277209138, "oneh-in": 0.029367505256346668, "alternate": 0.3218268569869701, "roll-out": 0.18277373765102334, "oneh-out": 0.007318155803681818}, "dutch": {"bad-redirect": 0.0016222706776036382, "dsfb-alt": 0.015635347749285468, "sfT": 4.663799580483966e-05, "sft": 0.0, "unknown": 0.07290361491625476, "sfb": 0.032342741824284024, "roll-in": 0.19514501153290753, "redirect": 0.04892671824256413, "dsfb": 0.0,