{"english-450k": {"sfR": 0.11369548401129392, "sfb": 0.025125109556738842, "alternate": 0.31744470710126466, "dsfb-alt": 0.02944598640824042, "redirect": 0.043564553841692194, "dsfb-red": 0.0241936945601973, "bad-redirect": 0.0014164173440815388, "sfT": 0.0001429572923128736, "dsfb": 0.0, "roll-out": 0.19459527884273004, "sft": 0.0, "roll-in": 0.21444792466355336, "unknown": 0.00015377410175167997, "oneh-out": 0.013579481038717747, "oneh-in": 0.02219463123742546}, "shai": {"sfR": 0.09823378925716947, "sfb": 0.014446215715531764, "alternate": 0.3473415400449525, "dsfb-alt": 0.028230471542741855, "redirect": 0.030624640632542457, "dsfb-red": 0.01925354599113893, "bad-redirect": 0.0007163584840754352, "sfT": 3.577805899308064e-05, "dsfb": 0.0, "roll-out": 0.1898917346026623, "sft": 0.0, "roll-in": 0.21069670687040912, "unknown": 0.023260762136131256, "oneh-out": 0.012869364723484062, "oneh-in": 0.024399091940167816}, "tr-quotes": {"sfR": 0.09677191928064538, "sfb": 0.012944684588890686, "alternate": 0.35107140380481267, "dsfb-alt": 0.028792677007004, "redirect": 0.030358752687177828, "dsfb-red": 0.0183259748965581, "bad-redirect": 0.000631053373708421, "sfT": 2.7738609833337187e-05, "dsfb": 0.0, "roll-out": 0.1913975636254363, "sft": 0.0, "roll-in": 0.2186831094981623, "unknown": 0.013835787429786644, "oneh-out": 0.00957559926954994, "oneh-in": 0.027583735928434387}, "gutenberg": {"sfR": 0.09863878308844841, "sfb": 0.012707040190527933, "alternate": 0.3502960707402394, "dsfb-alt": 0.034385237873867686, "redirect": 0.02899898196675536, "dsfb-red": 0.01593466401303628, "bad-redirect": 0.0009255880970052698, "sfT": 0.000169735353032485, "dsfb": 0.0, "roll-out": 0.18410564813330893, "sft": 0.0, "roll-in": 0.21111762773627218, "unknown": 0.032975828246008664, "oneh-out": 0.00990564911838018, "oneh-in": 0.01983914544311725}, "english-200": {"sfR": 0.10690423162583519, "sfb": 0.013363028953229399, "alternate": 0.37193763919821826, "dsfb-alt": 0.028953229398663696, "redirect": 0.015590200445434299, "dsfb-red": 0.008908685968819599, "bad-redirect": 0.0, "sfT": 0.0, "dsfb": 0.0, "roll-out": 0.21380846325167038, "sft": 0.0, "roll-in": 0.20044543429844097, "unknown": 0.0, "oneh-out": 0.0022271714922048997, "oneh-in": 0.0378619153674833}, "monkeyracer": {"sfR": 0.09690789370786869, "sfb": 0.012957090573533322, "alternate": 0.3508600262758653, "dsfb-alt": 0.028725542330731813, "redirect": 0.030372671536043293, "dsfb-red": 0.01827580274332546, "bad-redirect": 0.0006353910881023507, "sfT": 2.541564352409403e-05, "dsfb": 0.0, "roll-out": 0.1913739305879225, "sft": 0.0, "roll-in": 0.2192939925238907, "unknown": 0.013436077701487402, "oneh-out": 0.009438978994948152, "oneh-in": 0.027697186292756932}, "chained-bigrams": {"sfR": 0.11914286586209158, "sfb": 0.01522814294312935, "alternate": 0.3491369766685345, "dsfb-alt": 0.03976147142832098, "redirect": 0.03726424558261785, "dsfb-red": 0.017955871954517505, "bad-redirect": 0.0021576394917502593, "sfT": 4.155550029251176e-05, "dsfb": 0.0, "roll-out": 0.18172415069323014, "sft": 0.0, "roll-in": 0.18523883699140775, "unknown": 0.022916559801936097, "oneh-out": 0.012251730234678194, "oneh-in": 0.01717995284749326}, "english-5k": {"sfR": 0.10644211224955408, "sfb": 0.015638611191770024, "alternate": 0.32700045629900026, "dsfb-alt": 0.029991288837267184, "redirect": 0.035052059567760405, "dsfb-red": 0.020035674285477246, "bad-redirect": 0.0003318538183929979, "sfT": 0.0, "dsfb": 0.0, "roll-out": 0.19384411166880988, "sft": 0.0, "roll-in": 0.22379391877877794, "unknown": 0.002157049819554486, "oneh-out": 0.019994192558178123, "oneh-in": 0.025718670925457335}, "mt-quotes": {"sfR": 0.0964592223377679, "sfb": 0.012142754688564563, "alternate": 0.35467093388795257, "dsfb-alt": 0.028676743046341786, "redirect": 0.02986457250092636, "dsfb-red": 0.018337397353605622, "bad-redirect": 0.0005707557882406378, "sfT": 8.96475060063829e-06, "dsfb": 0.0, "roll-out": 0.19218781750158379, "sft": 0.0, "roll-in": 0.22144428108676684, "unknown": 0.007977133909467972, "oneh-out": 0.008993138977540312, "oneh-in": 0.02866628417064104}, "wordle": {"sfR": 0.13138112868843263, "sfb": 0.026455738808481993, "alternate": 0.31441714349826094, "dsfb-alt": 0.03475821833277235, "redirect": 0.038438236284079434, "dsfb-red": 0.021339616290811176, "bad-redirect": 0.0024907438572871086, "sfT": 0.0001795130707954673, "dsfb": 0.0, "roll-out": 0.1979131605520027, "sft": 0.0, "roll-in": 0.20011219566924718, "unknown": 0.0, "oneh-out": 0.008796140468977897, "oneh-in": 0.023718164478851115}, "english-1k": {"sfR": 0.10832745236414962, "sfb": 0.014467184191954835, "alternate": 0.3585038814396613, "dsfb-alt": 0.03387438249823571, "redirect": 0.03387438249823571, "dsfb-red": 0.010938602681721948, "bad-redirect": 0.00035285815102328866, "sfT": 0.0, "dsfb": 0.0, "roll-out": 0.19724770642201836, "sft": 0.0, "roll-in": 0.20959774170783346, "unknown": 0.0, "oneh-out": 0.008468595624558928, "oneh-in": 0.024347212420606917}, "english-10k": {"sfR": 0.10567144593890508, "sfb": 0.015399162501688504, "alternate": 0.3213755041392486, "dsfb-alt": 0.028405472684818897, "redirect": 0.038285637096929816, "dsfb-red": 0.0223654503000714, "bad-redirect": 0.0005596186874047201, "sfT": 7.718878446961657e-05, "dsfb": 0.0, "roll-out": 0.20155921344628625, "sft": 0.0, "roll-in": 0.2250631983172845, "unknown": 0.0, "oneh-out": 0.018795469018351635, "oneh-in": 0.022442639084541017}, "reddit": {"sfR": 0.10397777127267367, "sfb": 0.013360459992017825, "alternate": 0.3299217495908246, "dsfb-alt": 0.027648964855020147, "redirect": 0.0295126209944681, "dsfb-red": 0.018975775728982132, "bad-redirect": 0.0006561789655273807, "sfT": 6.154252998980972e-05, "dsfb": 0.0, "roll-out": 0.18534310147756386, "sft": 0.0, "roll-in": 0.21347384358196253, "unknown": 0.039285409944231534, "oneh-out": 0.0092693987729326, "oneh-in": 0.028513182293805835}, "akl": {"sfR": 0.13064861186637447, "sfb": 0.016025128422086293, "alternate": 0.27315195597856395, "dsfb-alt": 0.02251302356242955, "redirect": 0.024367872675203028, "dsfb-red": 0.016589721840084837, "bad-redirect": 0.0011955267479189342, "sfT": 0.00019089093463991745, "dsfb": 0.0, "roll-out": 0.16075462749299396, "sft": 0.0, "roll-in": 0.1882388700343804, "unknown": 0.13277008071454782, "oneh-out": 0.007629065163410028, "oneh-in": 0.025924624567366796}, "french": {"sfR": 0.10898279115633469, "sfb": 0.023321223962857147, "alternate": 0.2528915734545376, "dsfb-alt": 0.017921469787857018, "redirect": 0.0430582378664376, "dsfb-red": 0.01842659744937498, "bad-redirect": 0.004101802610294684, "sfT": 0.0003839695348512243, "dsfb": 0.0, "roll-out": 0.16583597616707135, "sft": 0.0, "roll-in": 0.17646680399918602, "unknown": 0.15807953387545715, "oneh-out": 0.017686899144946033, "oneh-in": 0.012843120990794514}, "keymash": {"sfR": 0.099723742164827, "sfb": 0.013993506093681371, "alternate": 0.3467384745477458, "dsfb-alt": 0.029735687340166576, "redirect": 0.030507403135300662, "dsfb-red": 0.018447291400705217, "bad-redirect": 0.0006937232413705344, "sfT": 5.3363326259271875e-05, "dsfb": 0.0, "roll-out": 0.1910899664632019, "sft": 0.0, "roll-in": 0.21997594545447083, "unknown": 0.01232282349464109, "oneh-out": 0.009806537417953886, "oneh-in": 0.02691153591967588}, "movie": {"sfR": 0.11567713207251198, "sfb": 0.013268088879601006, "alternate": 0.3218268569869701, "dsfb-alt": 0.030128140763364845, "redirect": 0.032663636319371636, "dsfb-red": 0.020087357277209138, "bad-redirect": 0.0008705197022362026, "sfT": 1.7239316854564252e-05, "dsfb": 0.0, "roll-out": 0.18277373765102334, "sft": 0.0, "roll-in": 0.21576518418630886, "unknown": 0.030236445784519856, "oneh-out": 0.007318155803681818, "oneh-in": 0.029367505256346668}, "dutch": {"sfR": 0.18880787437283908, "sfb": 0.032342741824284024, "alternate": 0.25393391763575734, "dsfb-alt": 0.015635347749285468, "redirect": 0.04892671824256413, "dsfb-red": 0.021684050153292153, "bad-redirect": 0.0016222706776036382,