{"english-450k": {"dsfb-alt": 0.03492543125449848, "dsfb-red": 0.015136809251704816, "sfR": 0.11369548401129392, "sfb": 0.03301290240723709, "bad-redirect": 0.002642517311280295, "oneh-out": 0.014138446975123092, "sfT": 0.001730104817806924, "dsfb": 0.0, "redirect": 0.041707570772630084, "oneh-in": 0.017244917707467868, "unknown": 0.00015377410175167997, "alternate": 0.25801247850524556, "roll-out": 0.17836977233831938, "sft": 0.0, "roll-in": 0.2892297905456408}, "shai": {"dsfb-alt": 0.032620022151123675, "dsfb-red": 0.009955953199635995, "sfR": 0.09823378925716947, "sfb": 0.014109261795380466, "bad-redirect": 0.003807723663958103, "oneh-out": 0.01052058391773926, "sfT": 0.00017991595329871845, "dsfb": 0.0, "redirect": 0.040676390320510104, "oneh-in": 0.022033943175586823, "unknown": 0.024458529808185636, "alternate": 0.2461862694615766, "roll-out": 0.1665755133787647, "sft": 0.0, "roll-in": 0.33064210391707044}, "tr-quotes": {"dsfb-alt": 0.03216869697880308, "dsfb-red": 0.009804442800674973, "sfR": 0.09677191928064538, "sfb": 0.0139213148101061, "bad-redirect": 0.0044924990175909015, "oneh-out": 0.010077205797369456, "sfT": 0.00017336631145835742, "dsfb": 0.0, "redirect": 0.04434479092022838, "oneh-in": 0.02307505605510737, "unknown": 0.01482859850673817, "alternate": 0.2554171193453688, "roll-out": 0.1674267816277941, "sft": 0.0, "roll-in": 0.32749820854811496}, "gutenberg": {"dsfb-alt": 0.025950375899398463, "dsfb-red": 0.008848781334263848, "sfR": 0.09863878308844841, "sfb": 0.014370295100823936, "bad-redirect": 0.0031827273061370317, "oneh-out": 0.010641421563891532, "sfT": 6.933386072532311e-05, "dsfb": 0.0, "redirect": 0.04185188847629558, "oneh-in": 0.01942522608332263, "unknown": 0.03803056979172942, "alternate": 0.23650442922130496, "roll-out": 0.16171933577403677, "sft": 0.0, "roll-in": 0.3407668324996221}, "english-200": {"dsfb-alt": 0.015590200445434299, "dsfb-red": 0.008908685968819599, "sfR": 0.10690423162583519, "sfb": 0.011135857461024499, "bad-redirect": 0.0, "oneh-out": 0.004454342984409799, "sfT": 0.0, "dsfb": 0.0, "redirect": 0.04899777282850779, "oneh-in": 0.0200445434298441, "unknown": 0.0, "alternate": 0.267260579064588, "roll-out": 0.18930957683741648, "sft": 0.0, "roll-in": 0.3273942093541203}, "monkeyracer": {"dsfb-alt": 0.032039351236373304, "dsfb-red": 0.009897438103132771, "sfR": 0.09690789370786869, "sfb": 0.013868143641397001, "bad-redirect": 0.004537669893801711, "oneh-out": 0.010047976914775483, "sfT": 0.00016129158390290442, "dsfb": 0.0, "redirect": 0.044544825374978496, "oneh-in": 0.023226965606769165, "unknown": 0.014407737303908536, "alternate": 0.2552512629619782, "roll-out": 0.16772174171450022, "sft": 0.0, "roll-in": 0.32738770195661354}, "chained-bigrams": {"dsfb-alt": 0.040330262338574736, "dsfb-red": 0.017657191796165077, "sfR": 0.11914286586209158, "sfb": 0.015846930314672533, "bad-redirect": 0.005526232234211994, "oneh-out": 0.014015241778341663, "sfT": 5.648950821013318e-05, "dsfb": 0.0, "redirect": 0.03260483511231997, "oneh-in": 0.0347059850958601, "unknown": 0.023895061972886336, "alternate": 0.2648111270046471, "roll-out": 0.1429217022950973, "sft": 0.0, "roll-in": 0.2884860746869215}, "english-5k": {"dsfb-alt": 0.030986850292446178, "dsfb-red": 0.011365993279960178, "sfR": 0.10644211224955408, "sfb": 0.015804538100966523, "bad-redirect": 0.0014518604554693657, "oneh-out": 0.01182229228025055, "sfT": 0.0003733355456921226, "dsfb": 0.0, "redirect": 0.038038743933297384, "oneh-in": 0.020491973285767618, "unknown": 0.002157049819554486, "alternate": 0.2553615132534119, "roll-out": 0.1707387895631974, "sft": 0.0, "roll-in": 0.33496494794043224}, "mt-quotes": {"dsfb-alt": 0.03226114916149699, "dsfb-red": 0.009722272026392226, "sfR": 0.0964592223377679, "sfb": 0.01317668925783818, "bad-redirect": 0.004663164437432018, "oneh-out": 0.009701354274990736, "sfT": 0.00012849475860914883, "dsfb": 0.0, "redirect": 0.04498362438890283, "oneh-in": 0.023517529075674448, "unknown": 0.008887056095432758, "alternate": 0.2585224895710068, "roll-out": 0.1677723192407454, "sft": 0.0, "roll-in": 0.3302046353737106}, "wordle": {"dsfb-alt": 0.03738359699315606, "dsfb-red": 0.019454729047458767, "sfR": 0.13138112868843263, "sfb": 0.03451138786042859, "bad-redirect": 0.0048019746437787504, "oneh-out": 0.010950297318523506, "sfT": 0.0005161000785369685, "dsfb": 0.0, "redirect": 0.04586558958824189, "oneh-in": 0.024772803769774487, "unknown": 0.0, "alternate": 0.22737574329630877, "roll-out": 0.20145854370021318, "sft": 0.0, "roll-in": 0.2615281050151464}, "english-1k": {"dsfb-alt": 0.028228652081863093, "dsfb-red": 0.007410021171489062, "sfR": 0.10832745236414962, "sfb": 0.011644318983768526, "bad-redirect": 0.002117148906139732, "oneh-out": 0.014467184191954835, "sfT": 0.0, "dsfb": 0.0, "redirect": 0.053987297106563165, "oneh-in": 0.021524347212420608, "unknown": 0.0, "alternate": 0.21947776993648554, "roll-out": 0.19336626676076218, "sft": 0.0, "roll-in": 0.3394495412844037}, "english-10k": {"dsfb-alt": 0.033615715636518016, "dsfb-red": 0.012234422338434225, "sfR": 0.10567144593890508, "sfb": 0.018197255938712104, "bad-redirect": 0.004515543891472569, "oneh-out": 0.012195827946199417, "sfT": 0.00036664672623067866, "dsfb": 0.0, "redirect": 0.03788039597846433, "oneh-in": 0.018197255938712104, "unknown": 0.0, "alternate": 0.25059338878061016, "roll-out": 0.17448524729356824, "sft": 0.0, "roll-in": 0.33204685359217306}, "reddit": {"dsfb-alt": 0.03408935503391113, "dsfb-red": 0.010359184754383313, "sfR": 0.10397777127267367, "sfb": 0.013196021947796727, "bad-redirect": 0.0033340843544692406, "oneh-out": 0.00918987668457693, "sfT": 0.00020376832814641803, "dsfb": 0.0, "redirect": 0.038538658953436125, "oneh-in": 0.02151344056267028, "unknown": 0.04712745652739438, "alternate": 0.2526586429141718, "roll-out": 0.15925461245904735, "sft": 0.0, "roll-in": 0.30655712620732267}, "akl": {"dsfb-alt": 0.02956027410910378, "dsfb-red": 0.009399414276640596, "sfR": 0.13064861186637447, "sfb": 0.016793930172313537, "bad-redirect": 0.003951709189150111, "oneh-out": 0.00664703680614907, "sfT": 0.0002263957590092627, "dsfb": 0.0, "redirect": 0.03392193183404803, "oneh-in": 0.017145124030062926, "unknown": 0.1393782771700298, "alternate": 0.21519476521020375, "roll-out": 0.13950228462549935, "sft": 0.0, "roll-in": 0.25763024495141534}, "french": {"dsfb-alt": 0.0204058930581697, "dsfb-red": 0.00946865666829714, "sfR": 0.10898279115633469, "sfb": 0.018580371038110905, "bad-redirect": 0.0063963760251453975, "oneh-out": 0.015989516788221064, "sfT": 0.00013347319778335312, "dsfb": 0.0, "redirect": 0.05257666420170481, "oneh-in": 0.022123740606068996, "unknown": 0.15856935009819023, "alternate": 0.18810686838932938, "roll-out": 0.13802745191155746, "sft": 0.0, "roll-in": 0.2606388468610869}, "keymash": {"dsfb-alt": 0.031069770496648372, "dsfb-red": 0.00965876205292821, "sfR": 0.099723742164827, "sfb": 0.01469133420630262, "bad-redirect": 0.004507148633283117, "oneh-out": 0.010463316818068, "sfT": 0.0001518802362763892, "dsfb": 0.0, "redirect": 0.04401653442139787, "oneh-in": 0.023607114562851736, "unknown": 0.013447558217336513, "alternate": 0.2521622409313132, "roll-out": 0.16652231202768325, "sft": 0.0, "roll-in": 0.32997828523108375}, "movie": {"dsfb-alt": 0.03777858110947242, "dsfb-red": 0.010784179676319325, "sfR": 0.11567713207251198, "sfb": 0.013138465008595312, "bad-redirect": 0.0060492894440504555, "oneh-out": 0.009051299337839156, "sfT": 8.290663830820976e-05, "dsfb": 0.0, "redirect": 0.04160623584254003, "oneh-in": 0.02256073865340406, "unknown": 0.03049740429843284, "alternate": 0.2539729058474052, "roll-out": 0.1614592305290141, "sft": 0.0, "roll-in": 0.2973416315421069}, "dutch": {"dsfb-alt": 0.023402770573085038, "dsfb-red": 0.01734840203810014, "sfR": 0.18880787437283908, "sfb": 0.030761586457860896, "bad-redirect": 0.0035244589840074886, "oneh-out": 0.014938736393261622, "sfT": 0.0001352161193249888, "dsfb": 0.0,