{"english-450k": {"oneh-out": 0.005078345858419073, "sfb": 0.04996605860605823, "sfT": 0.00043734991676903657, "roll-in": 0.20696620068631194, "dsfb": 0.0, "bad-redirect": 0.0051917761844260165, "dsfb-red": 0.003923870710477279, "redirect": 0.01066917460727673, "sft": 0.0, "sfR": 0.11369548401129392, "oneh-in": 0.005180667028786161, "unknown": 0.00015377410175167997, "alternate": 0.3885333634255023, "roll-out": 0.14718286430283326, "dsfb-alt": 0.06302107056009439}, "shai": {"oneh-out": 0.005250643029718857, "sfb": 0.040894038889248405, "sfT": 0.00021562047452450479, "roll-in": 0.22918826999847972, "dsfb": 0.0, "bad-redirect": 0.00469992256086063, "dsfb-red": 0.011600927257059858, "redirect": 0.007055306284026699, "sft": 0.0, "sfR": 0.09823378925716947, "oneh-in": 0.003842646362605287, "unknown": 0.024458529808185636, "alternate": 0.3492284727088186, "roll-out": 0.16156708440246925, "dsfb-alt": 0.06376474896683307}, "tr-quotes": {"oneh-out": 0.004817271907722891, "sfb": 0.043986500543214443, "sfT": 0.000226531980305587, "roll-in": 0.23402602806222694, "dsfb": 0.0, "bad-redirect": 0.004856568271653453, "dsfb-red": 0.020827072883197337, "redirect": 0.007561082730403828, "sft": 0.0, "sfR": 0.09677191928064538, "oneh-in": 0.003065116386583759, "unknown": 0.01482859850673817, "alternate": 0.34154434710247106, "roll-out": 0.1605845912022376, "dsfb-alt": 0.06690437114259958}, "gutenberg": {"oneh-out": 0.004877239284792811, "sfb": 0.03394688116971906, "sfT": 9.888599808365755e-05, "roll-in": 0.24433745055226505, "dsfb": 0.0, "bad-redirect": 0.004488704453241888, "dsfb-red": 0.01105553036046409, "redirect": 0.006965969198337654, "sft": 0.0, "sfR": 0.09863878308844841, "oneh-in": 0.003812415156003081, "unknown": 0.03803056979172942, "alternate": 0.31856048507939105, "roll-out": 0.17298533039479003, "dsfb-alt": 0.062201755472733794}, "english-200": {"oneh-out": 0.0022271714922048997, "sfb": 0.0400890868596882, "sfT": 0.0, "roll-in": 0.2806236080178174, "dsfb": 0.0, "bad-redirect": 0.004454342984409799, "dsfb-red": 0.008908685968819599, "redirect": 0.004454342984409799, "sft": 0.0, "sfR": 0.10690423162583519, "oneh-in": 0.0022271714922048997, "unknown": 0.0, "alternate": 0.34743875278396436, "roll-out": 0.12249443207126949, "dsfb-alt": 0.0801781737193764}, "monkeyracer": {"oneh-out": 0.0048534103883510335, "sfb": 0.0438234121087946, "sfT": 0.00024633623723352676, "roll-in": 0.23412793061920328, "dsfb": 0.0, "bad-redirect": 0.004937477516930728, "dsfb-red": 0.02120251184759998, "redirect": 0.007604165037458748, "sft": 0.0, "sfR": 0.09690789370786869, "oneh-in": 0.0030567198961477704, "unknown": 0.014407737303908536, "alternate": 0.3409977790637659, "roll-out": 0.16101885449739586, "dsfb-alt": 0.06681577177534136}, "chained-bigrams": {"oneh-out": 0.0045646119852555895, "sfb": 0.034609238696741595, "sfT": 0.0003843883777057338, "roll-in": 0.20104486111047984, "dsfb": 0.0, "bad-redirect": 0.005404162952102741, "dsfb-red": 0.006602130108972807, "redirect": 0.01935901939408185, "sft": 0.0, "sfR": 0.11914286586209158, "oneh-in": 0.010908968131476408, "unknown": 0.023895061972886336, "alternate": 0.3573396428434611, "roll-out": 0.14488844620737884, "dsfb-alt": 0.07185660235736561}, "english-5k": {"oneh-out": 0.0022814950014518605, "sfb": 0.04193802629941511, "sfT": 0.00016592690919649896, "roll-in": 0.22093167959513835, "dsfb": 0.0, "bad-redirect": 0.004853362093997594, "dsfb-red": 0.005724478367279214, "redirect": 0.007674119550338076, "sft": 0.0, "sfR": 0.10644211224955408, "oneh-in": 0.005268179366988842, "unknown": 0.002157049819554486, "alternate": 0.38345708715310906, "roll-out": 0.15489276973493177, "dsfb-alt": 0.06421371385904509}, "mt-quotes": {"oneh-out": 0.004957507082152974, "sfb": 0.04409163170413932, "sfT": 0.0002435423913173402, "roll-in": 0.2372625835215931, "dsfb": 0.0, "bad-redirect": 0.005008307335556591, "dsfb-red": 0.022622548140710727, "redirect": 0.00742878999772893, "sft": 0.0, "sfR": 0.0964592223377679, "oneh-in": 0.002909061569907125, "unknown": 0.008887056095432758, "alternate": 0.34110726622918686, "roll-out": 0.161643418080109, "dsfb-alt": 0.06737906551439739}, "wordle": {"oneh-out": 0.00677661842252889, "sfb": 0.07600134634803096, "sfT": 0.002939526534275777, "roll-in": 0.17100863906653202, "dsfb": 0.0, "bad-redirect": 0.006260518343991922, "dsfb-red": 0.0077639403119039605, "redirect": 0.009177605744418265, "sft": 0.0, "sfR": 0.13138112868843263, "oneh-in": 0.00197464377875014, "unknown": 0.0, "alternate": 0.35422416694715586, "roll-out": 0.1578368674969146, "dsfb-alt": 0.07465499831706496}, "english-1k": {"oneh-out": 0.0024700070571630206, "sfb": 0.032815808045165845, "sfT": 0.0, "roll-in": 0.24417784050811575, "dsfb": 0.0, "bad-redirect": 0.0067043048694424845, "dsfb-red": 0.0077628793225123505, "redirect": 0.006351446718419196, "sft": 0.0, "sfR": 0.10832745236414962, "oneh-in": 0.0017642907551164433, "unknown": 0.0, "alternate": 0.35991531404375443, "roll-out": 0.15808045165843332, "dsfb-alt": 0.0716302046577276}, "english-10k": {"oneh-out": 0.006638235464387025, "sfb": 0.04187491557476699, "sfT": 0.00030875513787846626, "roll-in": 0.21630227127998303, "dsfb": 0.0, "bad-redirect": 0.005808456031338646, "dsfb-red": 0.005596186874047201, "redirect": 0.0073715289168483815, "sft": 0.0, "sfR": 0.10567144593890508, "oneh-in": 0.00405241118465487, "unknown": 0.0, "alternate": 0.3764111074660852, "roll-out": 0.16460508288145734, "dsfb-alt": 0.06535960324964783}, "reddit": {"oneh-out": 0.004279284720727828, "sfb": 0.04624432309491128, "sfT": 0.00029272968464416486, "roll-in": 0.22180770600125818, "dsfb": 0.0, "bad-redirect": 0.003741658468175339, "dsfb-red": 0.015916441500791193, "redirect": 0.008418965662227402, "sft": 0.0, "sfR": 0.10397777127267367, "oneh-in": 0.0034937278497927764, "unknown": 0.04712745652739438, "alternate": 0.33173086773656274, "roll-out": 0.14974357591316023, "dsfb-alt": 0.06322549156768077}, "akl": {"oneh-out": 0.0035462821445595848, "sfb": 0.050048633208801256, "sfT": 0.0004991923949605089, "roll-in": 0.18766501126555477, "dsfb": 0.0, "bad-redirect": 0.003372414747839277, "dsfb-red": 0.017332630023200686, "redirect": 0.010452551113049066, "sft": 0.0, "sfR": 0.13064861186637447, "oneh-in": 0.003514335214907836, "unknown": 0.1393782771700298, "alternate": 0.27980045053324315, "roll-out": 0.1191061095896307, "dsfb-alt": 0.0546355007278489}, "french": {"oneh-out": 0.006655501901097903, "sfb": 0.04301165933103425, "sfT": 0.00041104171673409765, "roll-in": 0.17627091646287246, "dsfb": 0.0, "bad-redirect": 0.0022732542588909306, "dsfb-red": 0.004831448101196565, "redirect": 0.004162119491457079, "sft": 0.0, "sfR": 0.10898279115633469, "oneh-in": 0.002409214441838953, "unknown": 0.15856935009819023, "alternate": 0.27535613590103464, "roll-out": 0.1773464926010768, "dsfb-alt": 0.03972007453824139}, "keymash": {"oneh-out": 0.004782175007080903, "sfb": 0.04239511027736615, "sfT": 0.00027502637379778585, "roll-in": 0.23512702524085333, "dsfb": 0.0, "bad-redirect": 0.00500794292587013, "dsfb-red": 0.020438153957301128, "redirect": 0.0077623115350987015, "sft": 0.0, "sfR": 0.099723742164827, "oneh-in": 0.0031730654768013203, "unknown": 0.013447558217336513, "alternate": 0.3375476678173989, "roll-out": 0.16311937376084198, "dsfb-alt": 0.06720084724542615}, "movie": {"oneh-out": 0.0036194669524269867, "sfb": 0.045953833635854834, "sfT": 0.0009260539901188447, "roll-in": 0.21133099501520547, "dsfb": 0.0, "bad-redirect": 0.0032570465049653837, "dsfb-red": 0.033555080077942764, "redirect": 0.00915973595683275, "sft": 0.0, "sfR": 0.11567713207251198, "oneh-in": 0.00253667993655405, "unknown": 0.03049740429843284, "alternate": 0.3288999776152077, "roll-out": 0.1442862389850964, "dsfb-alt": 0.07030035495885001}, "dutch": {"oneh-out": 0.005243735258421655, "sfb": 0.06281524801749071, "sfT": 0.0005094497258005014, "roll-in": 0.1654538038368959, "dsfb": 0.0, "bad-redirect": 0.00690652953099605, "dsfb-red": 0.009173735015638701,