{"english-450k": {"unknown": 0.00015377410175167997, "roll-in": 0.2299960650201339, "oneh-out": 0.004787753734576545, "oneh-in": 0.005757758429656534, "sfR": 0.11369548401129392, "dsfb-alt": 0.05085976094266448, "alternate": 0.39884470628269525, "bad-redirect": 0.004319122774295285, "roll-out": 0.1514695366488121, "sfb": 0.025652794449631967, "dsfb-red": 0.0033994016257956933, "sft": 0.0, "sfT": 0.00011343032600694264, "redirect": 0.010950411652685697, "dsfb": 0.0}, "shai": {"unknown": 0.023260762136131256, "roll-in": 0.2706322049595109, "oneh-out": 0.005265876958775192, "oneh-in": 0.012531377404181837, "sfR": 0.09823378925716947, "dsfb-alt": 0.04126567941310979, "alternate": 0.35731938427678933, "bad-redirect": 0.003831023524963982, "roll-out": 0.15688247317884108, "sfb": 0.015630378900636697, "dsfb-red": 0.003775560566788858, "sft": 0.0, "sfT": 5.937981188574677e-05, "redirect": 0.011312109611215888, "dsfb": 0.0}, "tr-quotes": {"unknown": 0.013835787429786644, "roll-in": 0.2761968054367675, "oneh-out": 0.0057869674764799706, "oneh-in": 0.021195765238898778, "sfR": 0.09677191928064538, "dsfb-alt": 0.03837405515360255, "alternate": 0.347352118536326, "bad-redirect": 0.0032026536603407224, "roll-out": 0.16526548161161322, "sfb": 0.014346640160883937, "dsfb-red": 0.005685259240424401, "sft": 0.0, "sfT": 2.8894385243059568e-05, "redirect": 0.011957652388987772, "dsfb": 0.0}, "gutenberg": {"unknown": 0.032975828246008664, "roll-in": 0.29624180164984276, "oneh-out": 0.0063163904867881105, "oneh-in": 0.013465923922947726, "sfR": 0.09863878308844841, "dsfb-alt": 0.03361423018765986, "alternate": 0.3214268529663716, "bad-redirect": 0.003992569531822158, "roll-out": 0.16041601074182305, "sfb": 0.015470922780643956, "dsfb-red": 0.004885385066244147, "sft": 0.0, "sfT": 4.925356226389074e-05, "redirect": 0.012506047769135671, "dsfb": 0.0}, "english-200": {"unknown": 0.0, "roll-in": 0.26948775055679286, "oneh-out": 0.0, "oneh-in": 0.011135857461024499, "sfR": 0.10690423162583519, "dsfb-alt": 0.0334075723830735, "alternate": 0.36971046770601335, "bad-redirect": 0.004454342984409799, "roll-out": 0.18040089086859687, "sfb": 0.011135857461024499, "dsfb-red": 0.0022271714922048997, "sft": 0.0, "sfT": 0.0, "redirect": 0.011135857461024499, "dsfb": 0.0}, "monkeyracer": {"unknown": 0.013436077701487402, "roll-in": 0.276322786492954, "oneh-out": 0.005769351079969345, "oneh-in": 0.02164728560927163, "sfR": 0.09690789370786869, "dsfb-alt": 0.03828768944429673, "alternate": 0.346757354896226, "bad-redirect": 0.0032111688067941882, "roll-out": 0.16569142280682547, "sfb": 0.014328557799083473, "dsfb-red": 0.00569701424840077, "sft": 0.0, "sfT": 2.7370693025947417e-05, "redirect": 0.011916026713796393, "dsfb": 0.0}, "chained-bigrams": {"unknown": 0.022916559801936097, "roll-in": 0.2585758540466941, "oneh-out": 0.005081458520143704, "oneh-in": 0.005214565982018156, "sfR": 0.11914286586209158, "dsfb-alt": 0.056889479900448604, "alternate": 0.35374639067754293, "bad-redirect": 0.005843092923942396, "roll-out": 0.13078100316276314, "sfb": 0.016605318195010873, "dsfb-red": 0.006657970312490869, "sft": 0.0, "sfT": 0.00011362832111233685, "redirect": 0.01843181229380518, "dsfb": 0.0}, "english-5k": {"unknown": 0.002157049819554486, "roll-in": 0.23905919442485585, "oneh-out": 0.0059318870037748375, "oneh-in": 0.0035259468204256023, "sfR": 0.10644211224955408, "dsfb-alt": 0.05110548803252168, "alternate": 0.3954453063425561, "bad-redirect": 0.005019289003194093, "roll-out": 0.1619861451030821, "sfb": 0.016634172646949018, "dsfb-red": 0.0021155680922553613, "sft": 0.0, "sfT": 4.148172729912474e-05, "redirect": 0.010536358733977683, "dsfb": 0.0}, "mt-quotes": {"unknown": 0.007977133909467972, "roll-in": 0.2812929560966281, "oneh-out": 0.005713534382806804, "oneh-in": 0.02339351669236562, "sfR": 0.0964592223377679, "dsfb-alt": 0.037720682277285714, "alternate": 0.34561055928090745, "bad-redirect": 0.0030823800815194657, "roll-out": 0.1672628225816091, "sfb": 0.013677221166373817, "dsfb-red": 0.005977994525525633, "sft": 0.0, "sfT": 1.942362630138296e-05, "redirect": 0.011812553041441054, "dsfb": 0.0}, "wordle": {"unknown": 0.0, "roll-in": 0.20688881409177606, "oneh-out": 0.004398070234488949, "oneh-in": 0.01335128464041288, "sfR": 0.13138112868843263, "dsfb-alt": 0.05183439919219118, "alternate": 0.3656008078088186, "bad-redirect": 0.004555144171434982, "roll-out": 0.16297542914843488, "sfb": 0.03904409289801414, "dsfb-red": 0.007045888028722092, "sft": 0.0, "sfT": 0.0003141478738920678, "redirect": 0.012610793223381577, "dsfb": 0.0}, "english-1k": {"unknown": 0.0, "roll-in": 0.22547635850388145, "oneh-out": 0.006351446718419196, "oneh-in": 0.0045871559633027525, "sfR": 0.10832745236414962, "dsfb-alt": 0.040931545518701484, "alternate": 0.38637967537050105, "bad-redirect": 0.0038814396612561752, "roll-out": 0.20042342978122796, "sfb": 0.01305575158786168, "dsfb-red": 0.0024700070571630206, "sft": 0.0, "sfT": 0.0, "redirect": 0.008115737473535639, "dsfb": 0.0}, "english-10k": {"unknown": 0.0, "roll-in": 0.25329499623704677, "oneh-out": 0.00582775322745605, "oneh-in": 0.007448717701317998, "sfR": 0.10567144593890508, "dsfb-alt": 0.048628934215858434, "alternate": 0.3905752494162598, "bad-redirect": 0.004206788753594102, "roll-out": 0.15410740819358948, "sfb": 0.017367476505663726, "dsfb-red": 0.0022770691418536886, "sft": 0.0, "sfT": 5.789158835221242e-05, "redirect": 0.010536269080102661, "dsfb": 0.0}, "reddit": {"unknown": 0.039285409944231534, "roll-in": 0.25931729744014165, "oneh-out": 0.005814589175519258, "oneh-in": 0.017411104662193127, "sfR": 0.10397777127267367, "dsfb-alt": 0.04092469617823885, "alternate": 0.3342575200907518, "bad-redirect": 0.0032476326446600617, "roll-out": 0.16163945104662567, "sfb": 0.01651355012560407, "dsfb-red": 0.005585911667553471, "sft": 0.0, "sfT": 8.847441012533813e-05, "redirect": 0.011936591341681468, "dsfb": 0.0}, "akl": {"unknown": 0.13277008071454782, "roll-in": 0.21284470162642485, "oneh-out": 0.0058431996759943875, "oneh-in": 0.018536087911427596, "sfR": 0.13064861186637447, "dsfb-alt": 0.03705683240188556, "alternate": 0.28053404395032755, "bad-redirect": 0.003166699251876042, "roll-out": 0.13868307936677282, "sfb": 0.020132767288755498, "dsfb-red": 0.007346904346222886, "sft": 0.0, "sfT": 0.00020134225037285626, "redirect": 0.012235649349017686, "dsfb": 0.0}, "french": {"unknown": 0.15807953387545715, "roll-in": 0.21219649585887757, "oneh-out": 0.0030288932393151063, "oneh-in": 0.0035395491991810388, "sfR": 0.10898279115633469, "dsfb-alt": 0.036922935356229085, "alternate": 0.27454976841598655, "bad-redirect": 0.004727504106784072, "roll-out": 0.1368837683362532, "sfb": 0.048604424529386375, "dsfb-red": 0.004863329453187021, "sft": 0.0, "sfT": 0.0007087608082539981, "redirect": 0.00691224566475413, "dsfb": 0.0}, "keymash": {"unknown": 0.01232282349464109, "roll-in": 0.2756010557728857, "oneh-out": 0.0063297114685997875, "oneh-in": 0.020347846789785438, "sfR": 0.099723742164827, "dsfb-alt": 0.037358433252741026, "alternate": 0.34719411525657495, "bad-redirect": 0.003316735970576283, "roll-out": 0.16596404953758626, "sfb": 0.014252112982476304, "dsfb-red": 0.00600132176854273, "sft": 0.0, "sfT": 1.2314613752139664e-05, "redirect": 0.011575736927011285, "dsfb": 0.0}, "movie": {"unknown": 0.030236445784519856, "roll-in": 0.24237426714808666, "oneh-out": 0.00927830560939735, "oneh-in": 0.029793224264167396, "sfR": 0.11567713207251198, "dsfb-alt": 0.04102207303706361, "alternate": 0.32723197501114965, "bad-redirect": 0.0024761449308051985, "roll-out": 0.16485234919907582, "sfb": 0.014752907292349467, "dsfb-red": 0.008474637609162053, "sft": 0.0, "sfT": 2.592477420113861e-05, "redirect": 0.01380461326750985, "dsfb": 0.0}, "dutch": {"unknown": 0.07290361491625476, "roll-in": 0.23578056638286643, "oneh-out": 0.003648396633758758, "oneh-in": 0.005393385667105696, "sfR": 0.18880787437283908, "dsfb-alt": 0.030583856425405082,